country,iso3,year,value
Africa Eastern and Southern,AFE,2023,73.370002746582
Africa Eastern and Southern,AFE,2022,73.0599975585938
Africa Eastern and Southern,AFE,2021,72.7200012207031
Africa Eastern and Southern,AFE,2020,72.9800033569336
Africa Eastern and Southern,AFE,2019,72.8000030517578
Africa Eastern and Southern,AFE,2018,71.6699981689453
Africa Eastern and Southern,AFE,2017,70.879997253418
Africa Eastern and Southern,AFE,2016,70.9599990844727
Africa Eastern and Southern,AFE,2015,70.2399978637695
Africa Eastern and Southern,AFE,2014,69.8300018310547
Africa Eastern and Southern,AFE,2013,69.370002746582
Africa Eastern and Southern,AFE,2012,68.5199966430664
Africa Eastern and Southern,AFE,2011,66.8300018310547
Africa Eastern and Southern,AFE,2010,64.7099990844727
Africa Eastern and Southern,AFE,2009,63.9599990844727
Africa Eastern and Southern,AFE,2008,63.2299995422363
Africa Eastern and Southern,AFE,2007,62.9700012207031
Africa Eastern and Southern,AFE,2006,61.9500007629395
Africa Eastern and Southern,AFE,2005,63.939998626709
Africa Eastern and Southern,AFE,2004,64.5699996948242
Africa Eastern and Southern,AFE,2003,64.3300018310547
Africa Eastern and Southern,AFE,2002,63.8400001525879
Africa Eastern and Southern,AFE,2001,63.1599998474121
Africa Eastern and Southern,AFE,2000,62.6699981689453
Africa Western and Central,AFW,2023,61.0299987792969
Africa Western and Central,AFW,2022,60.7799987792969
Africa Western and Central,AFW,2021,60.5099983215332
Africa Western and Central,AFW,2020,60.25
Africa Western and Central,AFW,2019,60.1399993896484
Africa Western and Central,AFW,2018,60.3499984741211
Africa Western and Central,AFW,2017,56.8800010681152
Africa Western and Central,AFW,2016,55.8699989318848
Africa Western and Central,AFW,2015,55.4099998474121
Africa Western and Central,AFW,2014,54.5400009155273
Africa Western and Central,AFW,2013,53.8400001525879
Africa Western and Central,AFW,2012,53.0
Africa Western and Central,AFW,2011,52.439998626709
Africa Western and Central,AFW,2010,51.3899993896484
Africa Western and Central,AFW,2009,50.8499984741211
Africa Western and Central,AFW,2008,50.75
Africa Western and Central,AFW,2007,50.2999992370605
Africa Western and Central,AFW,2006,52.2999992370605
Africa Western and Central,AFW,2005,51.6100006103516
Africa Western and Central,AFW,2004,51.4900016784668
Africa Western and Central,AFW,2003,50.1399993896484
Africa Western and Central,AFW,2002,49.560001373291
Africa Western and Central,AFW,2001,48.8199996948242
Africa Western and Central,AFW,2000,47.6199989318848
Arab World,ARB,2023,78.620002746582
Arab World,ARB,2022,78.2699966430664
Arab World,ARB,2021,77.870002746582
Arab World,ARB,2020,77.5599975585938
Arab World,ARB,2019,77.1500015258789
Arab World,ARB,2018,76.9100036621094
Arab World,ARB,2017,76.5899963378906
Arab World,ARB,2016,75.9199981689453
Arab World,ARB,2015,77.1500015258789
Arab World,ARB,2014,76.3099975585938
Arab World,ARB,2013,76.2200012207031
Arab World,ARB,2012,75.1699981689453
Arab World,ARB,2011,74.2900009155273
Arab World,ARB,2010,72.5599975585938
Arab World,ARB,2009,71.9499969482422
Arab World,ARB,2008,70.9000015258789
Arab World,ARB,2007,70.0400009155273
Arab World,ARB,2006,69.2099990844727
Arab World,ARB,2005,71.4300003051758
Arab World,ARB,2004,70.8600006103516
Arab World,ARB,2003,69.9899978637695
Arab World,ARB,2002,67.2900009155273
Arab World,ARB,2001,66.25
Arab World,ARB,2000,65.1600036621094
Caribbean small states,CSS,2023,
Caribbean small states,CSS,2022,
Caribbean small states,CSS,2021,
Caribbean small states,CSS,2020,
Caribbean small states,CSS,2019,
Caribbean small states,CSS,2018,
Caribbean small states,CSS,2017,
Caribbean small states,CSS,2016,
Caribbean small states,CSS,2015,
Caribbean small states,CSS,2014,
Caribbean small states,CSS,2013,
Caribbean small states,CSS,2012,
Caribbean small states,CSS,2011,
Caribbean small states,CSS,2010,
Caribbean small states,CSS,2009,
Caribbean small states,CSS,2008,91.0199966430664
Caribbean small states,CSS,2007,90.75
Caribbean small states,CSS,2006,90.1500015258789
Caribbean small states,CSS,2005,89.9499969482422
Caribbean small states,CSS,2004,89.6500015258789
Caribbean small states,CSS,2003,89.4100036621094
Caribbean small states,CSS,2002,89.1500015258789
Caribbean small states,CSS,2001,88.879997253418
Caribbean small states,CSS,2000,88.620002746582
Central Europe and the Baltics,CEB,2023,99.4899978637695
Central Europe and the Baltics,CEB,2022,99.4800033569336
Central Europe and the Baltics,CEB,2021,99.4700012207031
Central Europe and the Baltics,CEB,2020,99.4499969482422
Central Europe and the Baltics,CEB,2019,99.4400024414062
Central Europe and the Baltics,CEB,2018,99.4199981689453
Central Europe and the Baltics,CEB,2017,99.370002746582
Central Europe and the Baltics,CEB,2016,99.3499984741211
Central Europe and the Baltics,CEB,2015,99.3300018310547
Central Europe and the Baltics,CEB,2014,99.3099975585938
Central Europe and the Baltics,CEB,2013,
Central Europe and the Baltics,CEB,2012,
Central Europe and the Baltics,CEB,2011,
Central Europe and the Baltics,CEB,2010,
Central Europe and the Baltics,CEB,2009,
Central Europe and the Baltics,CEB,2008,
Central Europe and the Baltics,CEB,2007,
Central Europe and the Baltics,CEB,2006,
Central Europe and the Baltics,CEB,2005,
Central Europe and the Baltics,CEB,2004,
Central Europe and the Baltics,CEB,2003,
Central Europe and the Baltics,CEB,2002,
Central Europe and the Baltics,CEB,2001,
Central Europe and the Baltics,CEB,2000,
Early-demographic dividend,EAR,2023,81.6800003051758
Early-demographic dividend,EAR,2022,81.2399978637695
Early-demographic dividend,EAR,2021,80.7099990844727
Early-demographic dividend,EAR,2020,80.3000030517578
Early-demographic dividend,EAR,2019,79.7900009155273
Early-demographic dividend,EAR,2018,79.6800003051758
Early-demographic dividend,EAR,2017,79.3300018310547
Early-demographic dividend,EAR,2016,79.0800018310547
Early-demographic dividend,EAR,2015,78.4100036621094
Early-demographic dividend,EAR,2014,77.5
Early-demographic dividend,EAR,2013,76.7099990844727
Early-demographic dividend,EAR,2012,76.0299987792969
Early-demographic dividend,EAR,2011,75.7600021362305
Early-demographic dividend,EAR,2010,75.3499984741211
Early-demographic dividend,EAR,2009,73.879997253418
Early-demographic dividend,EAR,2008,73.129997253418
Early-demographic dividend,EAR,2007,72.2799987792969
Early-demographic dividend,EAR,2006,71.3000030517578
Early-demographic dividend,EAR,2005,71.2900009155273
Early-demographic dividend,EAR,2004,71.2799987792969
Early-demographic dividend,EAR,2003,70.6100006103516
Early-demographic dividend,EAR,2002,69.6699981689453
Early-demographic dividend,EAR,2001,69.0100021362305
Early-demographic dividend,EAR,2000,68.4400024414062
East Asia & Pacific,EAS,2023,96.4899978637695
East Asia & Pacific,EAS,2022,96.3600006103516
East Asia & Pacific,EAS,2021,96.2200012207031
East Asia & Pacific,EAS,2020,96.0899963378906
East Asia & Pacific,EAS,2019,95.870002746582
East Asia & Pacific,EAS,2018,95.7300033569336
East Asia & Pacific,EAS,2017,95.6900024414062
East Asia & Pacific,EAS,2016,95.5
East Asia & Pacific,EAS,2015,95.3000030517578
East Asia & Pacific,EAS,2014,95.0899963378906
East Asia & Pacific,EAS,2013,94.620002746582
East Asia & Pacific,EAS,2012,94.5400009155273
East Asia & Pacific,EAS,2011,94.3000030517578
East Asia & Pacific,EAS,2010,94.0800018310547
East Asia & Pacific,EAS,2009,94.0899963378906
East Asia & Pacific,EAS,2008,93.8199996948242
East Asia & Pacific,EAS,2007,93.5100021362305
East Asia & Pacific,EAS,2006,92.370002746582
East Asia & Pacific,EAS,2005,92.0199966430664
East Asia & Pacific,EAS,2004,91.6800003051758
East Asia & Pacific,EAS,2003,91.3499984741211
East Asia & Pacific,EAS,2002,90.9800033569336
East Asia & Pacific,EAS,2001,90.629997253418
East Asia & Pacific,EAS,2000,90.3099975585938
East Asia & Pacific (excluding high income),EAP,2023,96.7200012207031
East Asia & Pacific (excluding high income),EAP,2022,96.5899963378906
East Asia & Pacific (excluding high income),EAP,2021,96.4499969482422
East Asia & Pacific (excluding high income),EAP,2020,96.3099975585938
East Asia & Pacific (excluding high income),EAP,2019,96.0999984741211
East Asia & Pacific (excluding high income),EAP,2018,95.9499969482422
East Asia & Pacific (excluding high income),EAP,2017,95.9300003051758
East Asia & Pacific (excluding high income),EAP,2016,95.7399978637695
East Asia & Pacific (excluding high income),EAP,2015,95.5400009155273
East Asia & Pacific (excluding high income),EAP,2014,95.3399963378906
East Asia & Pacific (excluding high income),EAP,2013,94.9300003051758
East Asia & Pacific (excluding high income),EAP,2012,94.8600006103516
East Asia & Pacific (excluding high income),EAP,2011,94.629997253418
East Asia & Pacific (excluding high income),EAP,2010,94.4100036621094
East Asia & Pacific (excluding high income),EAP,2009,94.3600006103516
East Asia & Pacific (excluding high income),EAP,2008,94.0800018310547
East Asia & Pacific (excluding high income),EAP,2007,93.7799987792969
East Asia & Pacific (excluding high income),EAP,2006,92.5699996948242
East Asia & Pacific (excluding high income),EAP,2005,92.2200012207031
East Asia & Pacific (excluding high income),EAP,2004,91.9000015258789
East Asia & Pacific (excluding high income),EAP,2003,91.5800018310547
East Asia & Pacific (excluding high income),EAP,2002,91.2399978637695
East Asia & Pacific (excluding high income),EAP,2001,90.8899993896484
East Asia & Pacific (excluding high income),EAP,2000,90.5500030517578
East Asia & Pacific (IDA & IBRD countries),TEA,2023,96.6800003051758
East Asia & Pacific (IDA & IBRD countries),TEA,2022,96.5500030517578
East Asia & Pacific (IDA & IBRD countries),TEA,2021,96.4100036621094
East Asia & Pacific (IDA & IBRD countries),TEA,2020,96.2699966430664
East Asia & Pacific (IDA & IBRD countries),TEA,2019,96.0500030517578
East Asia & Pacific (IDA & IBRD countries),TEA,2018,95.9000015258789
East Asia & Pacific (IDA & IBRD countries),TEA,2017,95.879997253418
East Asia & Pacific (IDA & IBRD countries),TEA,2016,95.6900024414062
East Asia & Pacific (IDA & IBRD countries),TEA,2015,95.4899978637695
East Asia & Pacific (IDA & IBRD countries),TEA,2014,95.2799987792969
East Asia & Pacific (IDA & IBRD countries),TEA,2013,94.870002746582
East Asia & Pacific (IDA & IBRD countries),TEA,2012,94.7900009155273
East Asia & Pacific (IDA & IBRD countries),TEA,2011,94.5699996948242
East Asia & Pacific (IDA & IBRD countries),TEA,2010,94.3399963378906
East Asia & Pacific (IDA & IBRD countries),TEA,2009,94.2900009155273
East Asia & Pacific (IDA & IBRD countries),TEA,2008,94.0100021362305
East Asia & Pacific (IDA & IBRD countries),TEA,2007,93.6999969482422
East Asia & Pacific (IDA & IBRD countries),TEA,2006,92.4800033569336
East Asia & Pacific (IDA & IBRD countries),TEA,2005,92.120002746582
East Asia & Pacific (IDA & IBRD countries),TEA,2004,91.7900009155273
East Asia & Pacific (IDA & IBRD countries),TEA,2003,91.4700012207031
East Asia & Pacific (IDA & IBRD countries),TEA,2002,91.120002746582
East Asia & Pacific (IDA & IBRD countries),TEA,2001,90.7699966430664
East Asia & Pacific (IDA & IBRD countries),TEA,2000,90.4300003051758
Euro area,EMU,2023,
Euro area,EMU,2022,
Euro area,EMU,2021,
Euro area,EMU,2020,
Euro area,EMU,2019,
Euro area,EMU,2018,
Euro area,EMU,2017,
Euro area,EMU,2016,
Euro area,EMU,2015,
Euro area,EMU,2014,
Euro area,EMU,2013,
Euro area,EMU,2012,
Euro area,EMU,2011,
Euro area,EMU,2010,
Euro area,EMU,2009,
Euro area,EMU,2008,
Euro area,EMU,2007,
Euro area,EMU,2006,
Euro area,EMU,2005,
Euro area,EMU,2004,
Euro area,EMU,2003,
Euro area,EMU,2002,
Euro area,EMU,2001,
Euro area,EMU,2000,
Europe & Central Asia,ECS,2023,98.7699966430664
Europe & Central Asia,ECS,2022,98.75
Europe & Central Asia,ECS,2021,98.7399978637695
Europe & Central Asia,ECS,2020,98.6100006103516
Europe & Central Asia,ECS,2019,98.5699996948242
Europe & Central Asia,ECS,2018,98.5
Europe & Central Asia,ECS,2017,98.4100036621094
Europe & Central Asia,ECS,2016,98.3300018310547
Europe & Central Asia,ECS,2015,98.2699966430664
Europe & Central Asia,ECS,2014,98.2200012207031
Europe & Central Asia,ECS,2013,98.1800003051758
Europe & Central Asia,ECS,2012,98.120002746582
Europe & Central Asia,ECS,2011,98.0199966430664
Europe & Central Asia,ECS,2010,97.870002746582
Europe & Central Asia,ECS,2009,97.7099990844727
Europe & Central Asia,ECS,2008,97.4499969482422
Europe & Central Asia,ECS,2007,97.3300018310547
Europe & Central Asia,ECS,2006,97.25
Europe & Central Asia,ECS,2005,97.1900024414062
Europe & Central Asia,ECS,2004,97.0699996948242
Europe & Central Asia,ECS,2003,96.9899978637695
Europe & Central Asia,ECS,2002,96.9000015258789
Europe & Central Asia,ECS,2001,
Europe & Central Asia,ECS,2000,96.6399993896484
Europe & Central Asia (excluding high income),ECA,2023,98.9599990844727
Europe & Central Asia (excluding high income),ECA,2022,98.9100036621094
Europe & Central Asia (excluding high income),ECA,2021,98.870002746582
Europe & Central Asia (excluding high income),ECA,2020,98.8300018310547
Europe & Central Asia (excluding high income),ECA,2019,98.8000030517578
Europe & Central Asia (excluding high income),ECA,2018,98.6600036621094
Europe & Central Asia (excluding high income),ECA,2017,98.5899963378906
Europe & Central Asia (excluding high income),ECA,2016,98.4800033569336
Europe & Central Asia (excluding high income),ECA,2015,98.3600006103516
Europe & Central Asia (excluding high income),ECA,2014,98.2900009155273
Europe & Central Asia (excluding high income),ECA,2013,98.2099990844727
Europe & Central Asia (excluding high income),ECA,2012,98.129997253418
Europe & Central Asia (excluding high income),ECA,2011,97.870002746582
Europe & Central Asia (excluding high income),ECA,2010,97.4199981689453
Europe & Central Asia (excluding high income),ECA,2009,96.8499984741211
Europe & Central Asia (excluding high income),ECA,2008,96.0199966430664
Europe & Central Asia (excluding high income),ECA,2007,95.9000015258789
Europe & Central Asia (excluding high income),ECA,2006,95.7300033569336
Europe & Central Asia (excluding high income),ECA,2005,95.8399963378906
Europe & Central Asia (excluding high income),ECA,2004,95.5599975585938
Europe & Central Asia (excluding high income),ECA,2003,95.4599990844727
Europe & Central Asia (excluding high income),ECA,2002,95.3300018310547
Europe & Central Asia (excluding high income),ECA,2001,95.1800003051758
Europe & Central Asia (excluding high income),ECA,2000,95.0299987792969
Europe & Central Asia (IDA & IBRD countries),TEC,2023,99.3600006103516
Europe & Central Asia (IDA & IBRD countries),TEC,2022,99.3300018310547
Europe & Central Asia (IDA & IBRD countries),TEC,2021,99.3099975585938
Europe & Central Asia (IDA & IBRD countries),TEC,2020,99.2900009155273
Europe & Central Asia (IDA & IBRD countries),TEC,2019,99.2699966430664
Europe & Central Asia (IDA & IBRD countries),TEC,2018,99.1999969482422
Europe & Central Asia (IDA & IBRD countries),TEC,2017,99.0899963378906
Europe & Central Asia (IDA & IBRD countries),TEC,2016,99.0299987792969
Europe & Central Asia (IDA & IBRD countries),TEC,2015,98.9700012207031
Europe & Central Asia (IDA & IBRD countries),TEC,2014,98.9199981689453
Europe & Central Asia (IDA & IBRD countries),TEC,2013,98.879997253418
Europe & Central Asia (IDA & IBRD countries),TEC,2012,98.8399963378906
Europe & Central Asia (IDA & IBRD countries),TEC,2011,98.6999969482422
Europe & Central Asia (IDA & IBRD countries),TEC,2010,98.4800033569336
Europe & Central Asia (IDA & IBRD countries),TEC,2009,98.1999969482422
Europe & Central Asia (IDA & IBRD countries),TEC,2008,97.75
Europe & Central Asia (IDA & IBRD countries),TEC,2007,97.6500015258789
Europe & Central Asia (IDA & IBRD countries),TEC,2006,97.5699996948242
Europe & Central Asia (IDA & IBRD countries),TEC,2005,97.620002746582
Europe & Central Asia (IDA & IBRD countries),TEC,2004,97.4800033569336
Europe & Central Asia (IDA & IBRD countries),TEC,2003,97.4300003051758
Europe & Central Asia (IDA & IBRD countries),TEC,2002,97.3600006103516
Europe & Central Asia (IDA & IBRD countries),TEC,2001,97.2799987792969
Europe & Central Asia (IDA & IBRD countries),TEC,2000,97.2099990844727
European Union,EUU,2023,
European Union,EUU,2022,
European Union,EUU,2021,
European Union,EUU,2020,
European Union,EUU,2019,
European Union,EUU,2018,
European Union,EUU,2017,
European Union,EUU,2016,
European Union,EUU,2015,
European Union,EUU,2014,
European Union,EUU,2013,
European Union,EUU,2012,
European Union,EUU,2011,
European Union,EUU,2010,
European Union,EUU,2009,
European Union,EUU,2008,
European Union,EUU,2007,
European Union,EUU,2006,
European Union,EUU,2005,
European Union,EUU,2004,
European Union,EUU,2003,
European Union,EUU,2002,
European Union,EUU,2001,
European Union,EUU,2000,
Heavily indebted poor countries (HIPC),HPC,2023,66.3000030517578
Heavily indebted poor countries (HIPC),HPC,2022,65.870002746582
Heavily indebted poor countries (HIPC),HPC,2021,65.4199981689453
Heavily indebted poor countries (HIPC),HPC,2020,64.9599990844727
Heavily indebted poor countries (HIPC),HPC,2019,64.7099990844727
Heavily indebted poor countries (HIPC),HPC,2018,64.5400009155273
Heavily indebted poor countries (HIPC),HPC,2017,62.5800018310547
Heavily indebted poor countries (HIPC),HPC,2016,61.4599990844727
Heavily indebted poor countries (HIPC),HPC,2015,60.8499984741211
Heavily indebted poor countries (HIPC),HPC,2014,60.2700004577637
Heavily indebted poor countries (HIPC),HPC,2013,59.7400016784668
Heavily indebted poor countries (HIPC),HPC,2012,58.6699981689453
Heavily indebted poor countries (HIPC),HPC,2011,57.2900009155273
Heavily indebted poor countries (HIPC),HPC,2010,55.060001373291
Heavily indebted poor countries (HIPC),HPC,2009,54.0400009155273
Heavily indebted poor countries (HIPC),HPC,2008,53.8199996948242
Heavily indebted poor countries (HIPC),HPC,2007,53.5200004577637
Heavily indebted poor countries (HIPC),HPC,2006,52.1199989318848
Heavily indebted poor countries (HIPC),HPC,2005,53.7799987792969
Heavily indebted poor countries (HIPC),HPC,2004,53.5299987792969
Heavily indebted poor countries (HIPC),HPC,2003,52.9900016784668
Heavily indebted poor countries (HIPC),HPC,2002,52.4500007629395
Heavily indebted poor countries (HIPC),HPC,2001,51.7299995422363
Heavily indebted poor countries (HIPC),HPC,2000,50.9099998474121
IBRD only,IBD,2023,90.4400024414062
IBRD only,IBD,2022,90.1699981689453
IBRD only,IBD,2021,89.8600006103516
IBRD only,IBD,2020,89.6399993896484
IBRD only,IBD,2019,89.3399963378906
IBRD only,IBD,2018,89.2900009155273
IBRD only,IBD,2017,89.0599975585938
IBRD only,IBD,2016,88.870002746582
IBRD only,IBD,2015,88.6900024414062
IBRD only,IBD,2014,88.4100036621094
IBRD only,IBD,2013,88.0500030517578
IBRD only,IBD,2012,87.8000030517578
IBRD only,IBD,2011,87.4499969482422
IBRD only,IBD,2010,87.1600036621094
IBRD only,IBD,2009,86.620002746582
IBRD only,IBD,2008,86.1699981689453
IBRD only,IBD,2007,85.6999969482422
IBRD only,IBD,2006,84.8199996948242
IBRD only,IBD,2005,84.5299987792969
IBRD only,IBD,2004,84.5
IBRD only,IBD,2003,84.0999984741211
IBRD only,IBD,2002,83.5100021362305
IBRD only,IBD,2001,83.1100006103516
IBRD only,IBD,2000,82.7900009155273
IDA & IBRD total,IBT,2023,85.6100006103516
IDA & IBRD total,IBT,2022,85.379997253418
IDA & IBRD total,IBT,2021,85.0999984741211
IDA & IBRD total,IBT,2020,84.8899993896484
IDA & IBRD total,IBT,2019,84.6500015258789
IDA & IBRD total,IBT,2018,84.620002746582
IDA & IBRD total,IBT,2017,84.25
IDA & IBRD total,IBT,2016,84.0299987792969
IDA & IBRD total,IBT,2015,83.6399993896484
IDA & IBRD total,IBT,2014,83.1600036621094
IDA & IBRD total,IBT,2013,82.7799987792969
IDA & IBRD total,IBT,2012,82.4100036621094
IDA & IBRD total,IBT,2011,82.1699981689453
IDA & IBRD total,IBT,2010,81.7600021362305
IDA & IBRD total,IBT,2009,81.0400009155273
IDA & IBRD total,IBT,2008,80.6399993896484
IDA & IBRD total,IBT,2007,80.2200012207031
IDA & IBRD total,IBT,2006,79.5199966430664
IDA & IBRD total,IBT,2005,79.5800018310547
IDA & IBRD total,IBT,2004,79.5699996948242
IDA & IBRD total,IBT,2003,79.1600036621094
IDA & IBRD total,IBT,2002,78.5800018310547
IDA & IBRD total,IBT,2001,78.1500015258789
IDA & IBRD total,IBT,2000,77.7799987792969
IDA blend,IDB,2023,68.8600006103516
IDA blend,IDB,2022,68.5400009155273
IDA blend,IDB,2021,68.2099990844727
IDA blend,IDB,2020,67.870002746582
IDA blend,IDB,2019,67.5199966430664
IDA blend,IDB,2018,67.4300003051758
IDA blend,IDB,2017,65.0599975585938
IDA blend,IDB,2016,64.8499984741211
IDA blend,IDB,2015,64.129997253418
IDA blend,IDB,2014,63.4000015258789
IDA blend,IDB,2013,62.5099983215332
IDA blend,IDB,2012,62.6199989318848
IDA blend,IDB,2011,61.4199981689453
IDA blend,IDB,2010,61.2299995422363
IDA blend,IDB,2009,60.7599983215332
IDA blend,IDB,2008,60.5299987792969
IDA blend,IDB,2007,59.5800018310547
IDA blend,IDB,2006,61.0400009155273
IDA blend,IDB,2005,60.3499984741211
IDA blend,IDB,2004,60.7999992370605
IDA blend,IDB,2003,60.0800018310547
IDA blend,IDB,2002,58.9500007629395
IDA blend,IDB,2001,58.189998626709
IDA blend,IDB,2000,57.3899993896484
IDA only,IDX,2023,70.620002746582
IDA only,IDX,2022,70.2399978637695
IDA only,IDX,2021,69.8000030517578
IDA only,IDX,2020,69.3000030517578
IDA only,IDX,2019,69.0899963378906
IDA only,IDX,2018,68.8300018310547
IDA only,IDX,2017,67.4100036621094
IDA only,IDX,2016,66.6100006103516
IDA only,IDX,2015,64.879997253418
IDA only,IDX,2014,63.1199989318848
IDA only,IDX,2013,62.6199989318848
IDA only,IDX,2012,60.8499984741211
IDA only,IDX,2011,61.3800010681152
IDA only,IDX,2010,59.8699989318848
IDA only,IDX,2009,57.4900016784668
IDA only,IDX,2008,57.2799987792969
IDA only,IDX,2007,56.9099998474121
IDA only,IDX,2006,55.8300018310547
IDA only,IDX,2005,58.0699996948242
IDA only,IDX,2004,57.6699981689453
IDA only,IDX,2003,57.0800018310547
IDA only,IDX,2002,56.4599990844727
IDA only,IDX,2001,55.75
IDA only,IDX,2000,55.0499992370605
IDA total,IDA,2023,69.7300033569336
IDA total,IDA,2022,69.3600006103516
IDA total,IDA,2021,68.9400024414062
IDA total,IDA,2020,68.4800033569336
IDA total,IDA,2019,68.2099990844727
IDA total,IDA,2018,68.0
IDA total,IDA,2017,66.9100036621094
IDA total,IDA,2016,66.3199996948242
IDA total,IDA,2015,64.9199981689453
IDA total,IDA,2014,63.5099983215332
IDA total,IDA,2013,62.8800010681152
IDA total,IDA,2012,61.7599983215332
IDA total,IDA,2011,61.689998626709
IDA total,IDA,2010,60.6300010681152
IDA total,IDA,2009,58.8800010681152
IDA total,IDA,2008,58.4300003051758
IDA total,IDA,2007,57.8499984741211
IDA total,IDA,2006,57.6599998474121
IDA total,IDA,2005,58.9099998474121
IDA total,IDA,2004,58.8199996948242
IDA total,IDA,2003,58.1800003051758
IDA total,IDA,2002,57.3800010681152
IDA total,IDA,2001,56.6599998474121
IDA total,IDA,2000,55.9199981689453
Late-demographic dividend,LTE,2023,96.7300033569336
Late-demographic dividend,LTE,2022,96.6100006103516
Late-demographic dividend,LTE,2021,96.4800033569336
Late-demographic dividend,LTE,2020,96.3600006103516
Late-demographic dividend,LTE,2019,96.2300033569336
Late-demographic dividend,LTE,2018,96.0999984741211
Late-demographic dividend,LTE,2017,95.9499969482422
Late-demographic dividend,LTE,2016,95.7900009155273
Late-demographic dividend,LTE,2015,95.5699996948242
Late-demographic dividend,LTE,2014,95.4100036621094
Late-demographic dividend,LTE,2013,95.3199996948242
Late-demographic dividend,LTE,2012,95.2399978637695
Late-demographic dividend,LTE,2011,95.0500030517578
Late-demographic dividend,LTE,2010,94.6600036621094
Late-demographic dividend,LTE,2009,94.5299987792969
Late-demographic dividend,LTE,2008,94.2600021362305
Late-demographic dividend,LTE,2007,94.0400009155273
Late-demographic dividend,LTE,2006,93.0400009155273
Late-demographic dividend,LTE,2005,92.75
Late-demographic dividend,LTE,2004,92.4700012207031
Late-demographic dividend,LTE,2003,92.1999969482422
Late-demographic dividend,LTE,2002,91.8099975585938
Late-demographic dividend,LTE,2001,91.5100021362305
Late-demographic dividend,LTE,2000,91.1999969482422
Latin America & Caribbean,LCN,2023,94.8300018310547
Latin America & Caribbean,LCN,2022,94.6800003051758
Latin America & Caribbean,LCN,2021,94.5
Latin America & Caribbean,LCN,2020,94.3300018310547
Latin America & Caribbean,LCN,2019,94.2699966430664
Latin America & Caribbean,LCN,2018,94.0999984741211
Latin America & Caribbean,LCN,2017,93.9199981689453
Latin America & Caribbean,LCN,2016,93.8899993896484
Latin America & Caribbean,LCN,2015,93.4499969482422
Latin America & Caribbean,LCN,2014,93.3099975585938
Latin America & Caribbean,LCN,2013,92.8099975585938
Latin America & Caribbean,LCN,2012,92.8300018310547
Latin America & Caribbean,LCN,2011,92.5199966430664
Latin America & Caribbean,LCN,2010,91.8199996948242
Latin America & Caribbean,LCN,2009,91.9000015258789
Latin America & Caribbean,LCN,2008,91.7099990844727
Latin America & Caribbean,LCN,2007,91.4100036621094
Latin America & Caribbean,LCN,2006,90.5699996948242
Latin America & Caribbean,LCN,2005,90.3600006103516
Latin America & Caribbean,LCN,2004,90.379997253418
Latin America & Caribbean,LCN,2003,90.0999984741211
Latin America & Caribbean,LCN,2002,89.4000015258789
Latin America & Caribbean,LCN,2001,89.1100006103516
Latin America & Caribbean,LCN,2000,88.9199981689453
Latin America & Caribbean (excluding high income),LAC,2023,94.5800018310547
Latin America & Caribbean (excluding high income),LAC,2022,94.4300003051758
Latin America & Caribbean (excluding high income),LAC,2021,94.2399978637695
Latin America & Caribbean (excluding high income),LAC,2020,94.0500030517578
Latin America & Caribbean (excluding high income),LAC,2019,93.9899978637695
Latin America & Caribbean (excluding high income),LAC,2018,93.8099975585938
Latin America & Caribbean (excluding high income),LAC,2017,93.6100006103516
Latin America & Caribbean (excluding high income),LAC,2016,93.5599975585938
Latin America & Caribbean (excluding high income),LAC,2015,93.1100006103516
Latin America & Caribbean (excluding high income),LAC,2014,92.9800033569336
Latin America & Caribbean (excluding high income),LAC,2013,92.5100021362305
Latin America & Caribbean (excluding high income),LAC,2012,92.5199966430664
Latin America & Caribbean (excluding high income),LAC,2011,92.1900024414062
Latin America & Caribbean (excluding high income),LAC,2010,91.3600006103516
Latin America & Caribbean (excluding high income),LAC,2009,91.4100036621094
Latin America & Caribbean (excluding high income),LAC,2008,91.2099990844727
Latin America & Caribbean (excluding high income),LAC,2007,90.8899993896484
Latin America & Caribbean (excluding high income),LAC,2006,90.0599975585938
Latin America & Caribbean (excluding high income),LAC,2005,89.9100036621094
Latin America & Caribbean (excluding high income),LAC,2004,89.9499969482422
Latin America & Caribbean (excluding high income),LAC,2003,89.6600036621094
Latin America & Caribbean (excluding high income),LAC,2002,88.8899993896484
Latin America & Caribbean (excluding high income),LAC,2001,88.5999984741211
Latin America & Caribbean (excluding high income),LAC,2000,88.4100036621094
Latin America & the Caribbean (IDA & IBRD countries),TLA,2023,94.75
Latin America & the Caribbean (IDA & IBRD countries),TLA,2022,94.5999984741211
Latin America & the Caribbean (IDA & IBRD countries),TLA,2021,94.4100036621094
Latin America & the Caribbean (IDA & IBRD countries),TLA,2020,94.2300033569336
Latin America & the Caribbean (IDA & IBRD countries),TLA,2019,94.1699981689453
Latin America & the Caribbean (IDA & IBRD countries),TLA,2018,94.0
Latin America & the Caribbean (IDA & IBRD countries),TLA,2017,93.8099975585938
Latin America & the Caribbean (IDA & IBRD countries),TLA,2016,93.7799987792969
Latin America & the Caribbean (IDA & IBRD countries),TLA,2015,93.3300018310547
Latin America & the Caribbean (IDA & IBRD countries),TLA,2014,93.1800003051758
Latin America & the Caribbean (IDA & IBRD countries),TLA,2013,92.6699981689453
Latin America & the Caribbean (IDA & IBRD countries),TLA,2012,92.6900024414062
Latin America & the Caribbean (IDA & IBRD countries),TLA,2011,92.370002746582
Latin America & the Caribbean (IDA & IBRD countries),TLA,2010,91.6399993896484
Latin America & the Caribbean (IDA & IBRD countries),TLA,2009,91.7200012207031
Latin America & the Caribbean (IDA & IBRD countries),TLA,2008,91.5299987792969
Latin America & the Caribbean (IDA & IBRD countries),TLA,2007,91.2099990844727
Latin America & the Caribbean (IDA & IBRD countries),TLA,2006,90.3499984741211
Latin America & the Caribbean (IDA & IBRD countries),TLA,2005,90.129997253418
Latin America & the Caribbean (IDA & IBRD countries),TLA,2004,90.1500015258789
Latin America & the Caribbean (IDA & IBRD countries),TLA,2003,89.8600006103516
Latin America & the Caribbean (IDA & IBRD countries),TLA,2002,89.1399993896484
Latin America & the Caribbean (IDA & IBRD countries),TLA,2001,88.8399963378906
Latin America & the Caribbean (IDA & IBRD countries),TLA,2000,88.6500015258789
Least developed countries: UN classification,LDC,2023,67.9700012207031
Least developed countries: UN classification,LDC,2022,67.5500030517578
Least developed countries: UN classification,LDC,2021,67.0299987792969
Least developed countries: UN classification,LDC,2020,66.4499969482422
Least developed countries: UN classification,LDC,2019,66.2200012207031
Least developed countries: UN classification,LDC,2018,65.9499969482422
Least developed countries: UN classification,LDC,2017,65.4899978637695
Least developed countries: UN classification,LDC,2016,64.5999984741211
Least developed countries: UN classification,LDC,2015,62.7299995422363
Least developed countries: UN classification,LDC,2014,60.7999992370605
Least developed countries: UN classification,LDC,2013,60.2099990844727
Least developed countries: UN classification,LDC,2012,58.1800003051758
Least developed countries: UN classification,LDC,2011,58.7700004577637
Least developed countries: UN classification,LDC,2010,57.0800018310547
Least developed countries: UN classification,LDC,2009,54.6100006103516
Least developed countries: UN classification,LDC,2008,53.9799995422363
Least developed countries: UN classification,LDC,2007,53.6599998474121
Least developed countries: UN classification,LDC,2006,52.689998626709
Least developed countries: UN classification,LDC,2005,55.2400016784668
Least developed countries: UN classification,LDC,2004,54.8400001525879
Least developed countries: UN classification,LDC,2003,54.2099990844727
Least developed countries: UN classification,LDC,2002,53.5499992370605
Least developed countries: UN classification,LDC,2001,52.810001373291
Least developed countries: UN classification,LDC,2000,52.0800018310547
Low & middle income,LMY,2023,85.4499969482422
Low & middle income,LMY,2022,85.2200012207031
Low & middle income,LMY,2021,84.9300003051758
Low & middle income,LMY,2020,84.7200012207031
Low & middle income,LMY,2019,84.4700012207031
Low & middle income,LMY,2018,84.4300003051758
Low & middle income,LMY,2017,84.0599975585938
Low & middle income,LMY,2016,83.8300018310547
Low & middle income,LMY,2015,83.4400024414062
Low & middle income,LMY,2014,82.9499969482422
Low & middle income,LMY,2013,82.5699996948242
Low & middle income,LMY,2012,82.1900024414062
Low & middle income,LMY,2011,81.9400024414062
Low & middle income,LMY,2010,81.5299987792969
Low & middle income,LMY,2009,80.7799987792969
Low & middle income,LMY,2008,80.379997253418
Low & middle income,LMY,2007,79.9499969482422
Low & middle income,LMY,2006,79.25
Low & middle income,LMY,2005,79.3099975585938
Low & middle income,LMY,2004,79.3000030517578
Low & middle income,LMY,2003,78.879997253418
Low & middle income,LMY,2002,78.2900009155273
Low & middle income,LMY,2001,77.8499984741211
Low & middle income,LMY,2000,77.4700012207031
"Middle East, North Africa, Afghanistan & Pakistan",MEA,2023,75.0699996948242
"Middle East, North Africa, Afghanistan & Pakistan",MEA,2022,74.5199966430664
"Middle East, North Africa, Afghanistan & Pakistan",MEA,2021,73.9199981689453
"Middle East, North Africa, Afghanistan & Pakistan",MEA,2020,73.4499969482422
"Middle East, North Africa, Afghanistan & Pakistan",MEA,2019,72.9000015258789
"Middle East, North Africa, Afghanistan & Pakistan",MEA,2018,72.6600036621094
"Middle East, North Africa, Afghanistan & Pakistan",MEA,2017,72.7200012207031
"Middle East, North Africa, Afghanistan & Pakistan",MEA,2016,72.3499984741211
"Middle East, North Africa, Afghanistan & Pakistan",MEA,2015,72.75
"Middle East, North Africa, Afghanistan & Pakistan",MEA,2014,71.9300003051758
"Middle East, North Africa, Afghanistan & Pakistan",MEA,2013,71.5500030517578
"Middle East, North Africa, Afghanistan & Pakistan",MEA,2012,71.2600021362305
"Middle East, North Africa, Afghanistan & Pakistan",MEA,2011,70.2099990844727
"Middle East, North Africa, Afghanistan & Pakistan",MEA,2010,70.0400009155273
"Middle East, North Africa, Afghanistan & Pakistan",MEA,2009,69.5699996948242
"Middle East, North Africa, Afghanistan & Pakistan",MEA,2008,68.5899963378906
"Middle East, North Africa, Afghanistan & Pakistan",MEA,2007,67.0500030517578
"Middle East, North Africa, Afghanistan & Pakistan",MEA,2006,66.2699966430664
"Middle East, North Africa, Afghanistan & Pakistan",MEA,2005,66.6900024414062
"Middle East, North Africa, Afghanistan & Pakistan",MEA,2004,65.9700012207031
"Middle East, North Africa, Afghanistan & Pakistan",MEA,2003,65.129997253418
"Middle East, North Africa, Afghanistan & Pakistan",MEA,2002,62.8600006103516
"Middle East, North Africa, Afghanistan & Pakistan",MEA,2001,61.8800010681152
"Middle East, North Africa, Afghanistan & Pakistan",MEA,2000,60.8300018310547
"Middle East, North Africa, Afghanistan & Pakistan (excluding high income)",MNA,2023,
"Middle East, North Africa, Afghanistan & Pakistan (excluding high income)",MNA,2022,
"Middle East, North Africa, Afghanistan & Pakistan (excluding high income)",MNA,2021,
"Middle East, North Africa, Afghanistan & Pakistan (excluding high income)",MNA,2020,
"Middle East, North Africa, Afghanistan & Pakistan (excluding high income)",MNA,2019,
"Middle East, North Africa, Afghanistan & Pakistan (excluding high income)",MNA,2018,
"Middle East, North Africa, Afghanistan & Pakistan (excluding high income)",MNA,2017,
"Middle East, North Africa, Afghanistan & Pakistan (excluding high income)",MNA,2016,
"Middle East, North Africa, Afghanistan & Pakistan (excluding high income)",MNA,2015,
"Middle East, North Africa, Afghanistan & Pakistan (excluding high income)",MNA,2014,
"Middle East, North Africa, Afghanistan & Pakistan (excluding high income)",MNA,2013,
"Middle East, North Africa, Afghanistan & Pakistan (excluding high income)",MNA,2012,
"Middle East, North Africa, Afghanistan & Pakistan (excluding high income)",MNA,2011,
"Middle East, North Africa, Afghanistan & Pakistan (excluding high income)",MNA,2010,
"Middle East, North Africa, Afghanistan & Pakistan (excluding high income)",MNA,2009,
"Middle East, North Africa, Afghanistan & Pakistan (excluding high income)",MNA,2008,
"Middle East, North Africa, Afghanistan & Pakistan (excluding high income)",MNA,2007,
"Middle East, North Africa, Afghanistan & Pakistan (excluding high income)",MNA,2006,
"Middle East, North Africa, Afghanistan & Pakistan (excluding high income)",MNA,2005,
"Middle East, North Africa, Afghanistan & Pakistan (excluding high income)",MNA,2004,
"Middle East, North Africa, Afghanistan & Pakistan (excluding high income)",MNA,2003,
"Middle East, North Africa, Afghanistan & Pakistan (excluding high income)",MNA,2002,
"Middle East, North Africa, Afghanistan & Pakistan (excluding high income)",MNA,2001,
"Middle East, North Africa, Afghanistan & Pakistan (excluding high income)",MNA,2000,
"Middle East, North Africa, Afghanistan & Pakistan (IDA & IBRD)",TMN,2023,
"Middle East, North Africa, Afghanistan & Pakistan (IDA & IBRD)",TMN,2022,
"Middle East, North Africa, Afghanistan & Pakistan (IDA & IBRD)",TMN,2021,
"Middle East, North Africa, Afghanistan & Pakistan (IDA & IBRD)",TMN,2020,
"Middle East, North Africa, Afghanistan & Pakistan (IDA & IBRD)",TMN,2019,
"Middle East, North Africa, Afghanistan & Pakistan (IDA & IBRD)",TMN,2018,
"Middle East, North Africa, Afghanistan & Pakistan (IDA & IBRD)",TMN,2017,
"Middle East, North Africa, Afghanistan & Pakistan (IDA & IBRD)",TMN,2016,
"Middle East, North Africa, Afghanistan & Pakistan (IDA & IBRD)",TMN,2015,
"Middle East, North Africa, Afghanistan & Pakistan (IDA & IBRD)",TMN,2014,
"Middle East, North Africa, Afghanistan & Pakistan (IDA & IBRD)",TMN,2013,
"Middle East, North Africa, Afghanistan & Pakistan (IDA & IBRD)",TMN,2012,
"Middle East, North Africa, Afghanistan & Pakistan (IDA & IBRD)",TMN,2011,
"Middle East, North Africa, Afghanistan & Pakistan (IDA & IBRD)",TMN,2010,
"Middle East, North Africa, Afghanistan & Pakistan (IDA & IBRD)",TMN,2009,
"Middle East, North Africa, Afghanistan & Pakistan (IDA & IBRD)",TMN,2008,
"Middle East, North Africa, Afghanistan & Pakistan (IDA & IBRD)",TMN,2007,
"Middle East, North Africa, Afghanistan & Pakistan (IDA & IBRD)",TMN,2006,
"Middle East, North Africa, Afghanistan & Pakistan (IDA & IBRD)",TMN,2005,
"Middle East, North Africa, Afghanistan & Pakistan (IDA & IBRD)",TMN,2004,
"Middle East, North Africa, Afghanistan & Pakistan (IDA & IBRD)",TMN,2003,
"Middle East, North Africa, Afghanistan & Pakistan (IDA & IBRD)",TMN,2002,
"Middle East, North Africa, Afghanistan & Pakistan (IDA & IBRD)",TMN,2001,
"Middle East, North Africa, Afghanistan & Pakistan (IDA & IBRD)",TMN,2000,
Middle income,MIC,2023,87.5500030517578
Middle income,MIC,2022,87.3000030517578
Middle income,MIC,2021,86.9899978637695
Middle income,MIC,2020,86.75
Middle income,MIC,2019,86.4599990844727
Middle income,MIC,2018,86.370002746582
Middle income,MIC,2017,85.9599990844727
Middle income,MIC,2016,85.7600021362305
Middle income,MIC,2015,85.3600006103516
Middle income,MIC,2014,84.870002746582
Middle income,MIC,2013,84.4499969482422
Middle income,MIC,2012,84.0800018310547
Middle income,MIC,2011,83.8199996948242
Middle income,MIC,2010,83.5100021362305
Middle income,MIC,2009,82.7200012207031
Middle income,MIC,2008,82.3000030517578
Middle income,MIC,2007,81.870002746582
Middle income,MIC,2006,81.1699981689453
Middle income,MIC,2005,81.0800018310547
Middle income,MIC,2004,81.0800018310547
Middle income,MIC,2003,80.6500015258789
Middle income,MIC,2002,80.0100021362305
Middle income,MIC,2001,79.5699996948242
Middle income,MIC,2000,79.2099990844727
North America,NAC,2023,
North America,NAC,2022,98.7900009155273
North America,NAC,2021,98.7900009155273
North America,NAC,2020,98.7699966430664
North America,NAC,2019,98.7600021362305
North America,NAC,2018,98.7600021362305
North America,NAC,2017,98.75
North America,NAC,2016,
North America,NAC,2015,
North America,NAC,2014,
North America,NAC,2013,
North America,NAC,2012,
North America,NAC,2011,
North America,NAC,2010,
North America,NAC,2009,
North America,NAC,2008,98.6900024414062
North America,NAC,2007,98.6699981689453
North America,NAC,2006,98.6600036621094
North America,NAC,2005,98.6399993896484
North America,NAC,2004,98.629997253418
North America,NAC,2003,98.620002746582
North America,NAC,2002,
North America,NAC,2001,
North America,NAC,2000,
OECD members,OED,2023,
OECD members,OED,2022,
OECD members,OED,2021,
OECD members,OED,2020,97.2099990844727
OECD members,OED,2019,
OECD members,OED,2018,
OECD members,OED,2017,
OECD members,OED,2016,
OECD members,OED,2015,
OECD members,OED,2014,
OECD members,OED,2013,
OECD members,OED,2012,
OECD members,OED,2011,
OECD members,OED,2010,
OECD members,OED,2009,
OECD members,OED,2008,
OECD members,OED,2007,
OECD members,OED,2006,
OECD members,OED,2005,
OECD members,OED,2004,
OECD members,OED,2003,
OECD members,OED,2002,
OECD members,OED,2001,
OECD members,OED,2000,
Other small states,OSS,2023,87.0100021362305
Other small states,OSS,2022,86.8600006103516
Other small states,OSS,2021,86.7300033569336
Other small states,OSS,2020,86.5500030517578
Other small states,OSS,2019,86.7099990844727
Other small states,OSS,2018,86.5
Other small states,OSS,2017,86.2300033569336
Other small states,OSS,2016,85.870002746582
Other small states,OSS,2015,84.2200012207031
Other small states,OSS,2014,83.4199981689453
Other small states,OSS,2013,83.0
Other small states,OSS,2012,82.5599975585938
Other small states,OSS,2011,82.2099990844727
Other small states,OSS,2010,81.7300033569336
Other small states,OSS,2009,80.9100036621094
Other small states,OSS,2008,80.7900009155273
Other small states,OSS,2007,80.0
Other small states,OSS,2006,79.4199981689453
Other small states,OSS,2005,79.8499984741211
Other small states,OSS,2004,81.120002746582
Other small states,OSS,2003,80.5500030517578
Other small states,OSS,2002,79.9899978637695
Other small states,OSS,2001,79.3600006103516
Other small states,OSS,2000,78.9599990844727
Pacific island small states,PSS,2023,
Pacific island small states,PSS,2022,
Pacific island small states,PSS,2021,
Pacific island small states,PSS,2020,
Pacific island small states,PSS,2019,
Pacific island small states,PSS,2018,
Pacific island small states,PSS,2017,
Pacific island small states,PSS,2016,
Pacific island small states,PSS,2015,
Pacific island small states,PSS,2014,
Pacific island small states,PSS,2013,
Pacific island small states,PSS,2012,
Pacific island small states,PSS,2011,
Pacific island small states,PSS,2010,
Pacific island small states,PSS,2009,
Pacific island small states,PSS,2008,
Pacific island small states,PSS,2007,
Pacific island small states,PSS,2006,
Pacific island small states,PSS,2005,
Pacific island small states,PSS,2004,
Pacific island small states,PSS,2003,
Pacific island small states,PSS,2002,
Pacific island small states,PSS,2001,
Pacific island small states,PSS,2000,
Post-demographic dividend,PST,2023,
Post-demographic dividend,PST,2022,
Post-demographic dividend,PST,2021,
Post-demographic dividend,PST,2020,
Post-demographic dividend,PST,2019,
Post-demographic dividend,PST,2018,
Post-demographic dividend,PST,2017,
Post-demographic dividend,PST,2016,
Post-demographic dividend,PST,2015,
Post-demographic dividend,PST,2014,
Post-demographic dividend,PST,2013,
Post-demographic dividend,PST,2012,
Post-demographic dividend,PST,2011,
Post-demographic dividend,PST,2010,
Post-demographic dividend,PST,2009,
Post-demographic dividend,PST,2008,
Post-demographic dividend,PST,2007,
Post-demographic dividend,PST,2006,
Post-demographic dividend,PST,2005,
Post-demographic dividend,PST,2004,
Post-demographic dividend,PST,2003,
Post-demographic dividend,PST,2002,
Post-demographic dividend,PST,2001,
Post-demographic dividend,PST,2000,
Pre-demographic dividend,PRE,2023,67.3899993896484
Pre-demographic dividend,PRE,2022,66.9899978637695
Pre-demographic dividend,PRE,2021,66.5500030517578
Pre-demographic dividend,PRE,2020,66.1600036621094
Pre-demographic dividend,PRE,2019,65.9300003051758
Pre-demographic dividend,PRE,2018,65.7900009155273
Pre-demographic dividend,PRE,2017,63.8400001525879
Pre-demographic dividend,PRE,2016,62.6800003051758
Pre-demographic dividend,PRE,2015,62.0800018310547
Pre-demographic dividend,PRE,2014,61.4599990844727
Pre-demographic dividend,PRE,2013,60.8300018310547
Pre-demographic dividend,PRE,2012,59.7900009155273
Pre-demographic dividend,PRE,2011,58.5
Pre-demographic dividend,PRE,2010,56.5999984741211
Pre-demographic dividend,PRE,2009,55.8899993896484
Pre-demographic dividend,PRE,2008,55.6399993896484
Pre-demographic dividend,PRE,2007,55.3600006103516
Pre-demographic dividend,PRE,2006,56.5
Pre-demographic dividend,PRE,2005,57.6800003051758
Pre-demographic dividend,PRE,2004,58.0900001525879
Pre-demographic dividend,PRE,2003,57.5200004577637
Pre-demographic dividend,PRE,2002,57.0200004577637
Pre-demographic dividend,PRE,2001,56.1599998474121
Pre-demographic dividend,PRE,2000,55.25
Small states,SST,2023,87.9300003051758
Small states,SST,2022,87.8300018310547
Small states,SST,2021,87.7099990844727
Small states,SST,2020,87.5800018310547
Small states,SST,2019,87.7099990844727
Small states,SST,2018,87.5299987792969
Small states,SST,2017,87.3300018310547
Small states,SST,2016,87.0699996948242
Small states,SST,2015,85.8600006103516
Small states,SST,2014,85.3000030517578
Small states,SST,2013,84.9899978637695
Small states,SST,2012,84.6999969482422
Small states,SST,2011,84.4599990844727
Small states,SST,2010,84.1100006103516
Small states,SST,2009,83.5400009155273
Small states,SST,2008,83.4300003051758
Small states,SST,2007,82.8399963378906
Small states,SST,2006,82.3199996948242
Small states,SST,2005,82.5999984741211
Small states,SST,2004,83.4400024414062
Small states,SST,2003,82.9800033569336
Small states,SST,2002,82.5500030517578
Small states,SST,2001,82.0500030517578
Small states,SST,2000,81.7200012207031
South Asia,SAS,2023,77.5699996948242
South Asia,SAS,2022,76.9000015258789
South Asia,SAS,2021,76.0599975585938
South Asia,SAS,2020,75.2399978637695
South Asia,SAS,2019,74.5100021362305
South Asia,SAS,2018,74.7399978637695
South Asia,SAS,2017,74.0199966430664
South Asia,SAS,2016,73.3499984741211
South Asia,SAS,2015,71.9599990844727
South Asia,SAS,2014,70.5599975585938
South Asia,SAS,2013,69.8399963378906
South Asia,SAS,2012,68.5299987792969
South Asia,SAS,2011,68.6999969482422
South Asia,SAS,2010,67.9400024414062
South Asia,SAS,2009,65.0400009155273
South Asia,SAS,2008,64.2099990844727
South Asia,SAS,2007,63.3800010681152
South Asia,SAS,2006,62.5299987792969
South Asia,SAS,2005,62.439998626709
South Asia,SAS,2004,62.7400016784668
South Asia,SAS,2003,61.939998626709
South Asia,SAS,2002,61.1300010681152
South Asia,SAS,2001,60.310001373291
South Asia,SAS,2000,59.5200004577637
South Asia (IDA & IBRD),TSA,2023,77.5699996948242
South Asia (IDA & IBRD),TSA,2022,76.9000015258789
South Asia (IDA & IBRD),TSA,2021,76.0599975585938
South Asia (IDA & IBRD),TSA,2020,75.2399978637695
South Asia (IDA & IBRD),TSA,2019,74.5100021362305
South Asia (IDA & IBRD),TSA,2018,74.7399978637695
South Asia (IDA & IBRD),TSA,2017,74.0199966430664
South Asia (IDA & IBRD),TSA,2016,73.3499984741211
South Asia (IDA & IBRD),TSA,2015,71.9599990844727
South Asia (IDA & IBRD),TSA,2014,70.5599975585938
South Asia (IDA & IBRD),TSA,2013,69.8399963378906
South Asia (IDA & IBRD),TSA,2012,68.5299987792969
South Asia (IDA & IBRD),TSA,2011,68.6999969482422
South Asia (IDA & IBRD),TSA,2010,67.9400024414062
South Asia (IDA & IBRD),TSA,2009,65.0400009155273
South Asia (IDA & IBRD),TSA,2008,64.2099990844727
South Asia (IDA & IBRD),TSA,2007,63.3800010681152
South Asia (IDA & IBRD),TSA,2006,62.5299987792969
South Asia (IDA & IBRD),TSA,2005,62.439998626709
South Asia (IDA & IBRD),TSA,2004,62.7400016784668
South Asia (IDA & IBRD),TSA,2003,61.939998626709
South Asia (IDA & IBRD),TSA,2002,61.1300010681152
South Asia (IDA & IBRD),TSA,2001,60.310001373291
South Asia (IDA & IBRD),TSA,2000,59.5200004577637
Sub-Saharan Africa,SSF,2023,68.4400024414062
Sub-Saharan Africa,SSF,2022,68.1500015258789
Sub-Saharan Africa,SSF,2021,67.8399963378906
Sub-Saharan Africa,SSF,2020,67.8899993896484
Sub-Saharan Africa,SSF,2019,67.7300033569336
Sub-Saharan Africa,SSF,2018,67.129997253418
Sub-Saharan Africa,SSF,2017,65.25
Sub-Saharan Africa,SSF,2016,64.8899993896484
Sub-Saharan Africa,SSF,2015,64.2600021362305
Sub-Saharan Africa,SSF,2014,63.6699981689453
Sub-Saharan Africa,SSF,2013,63.1199989318848
Sub-Saharan Africa,SSF,2012,62.2400016784668
Sub-Saharan Africa,SSF,2011,61.0099983215332
Sub-Saharan Africa,SSF,2010,59.3199996948242
Sub-Saharan Africa,SSF,2009,58.6500015258789
Sub-Saharan Africa,SSF,2008,58.1699981689453
Sub-Saharan Africa,SSF,2007,57.8300018310547
Sub-Saharan Africa,SSF,2006,58.0299987792969
Sub-Saharan Africa,SSF,2005,58.939998626709
Sub-Saharan Africa,SSF,2004,59.2599983215332
Sub-Saharan Africa,SSF,2003,58.5800018310547
Sub-Saharan Africa,SSF,2002,58.0499992370605
Sub-Saharan Africa,SSF,2001,57.3400001525879
Sub-Saharan Africa,SSF,2000,56.5699996948242
Sub-Saharan Africa (excluding high income),SSA,2023,68.4400024414062
Sub-Saharan Africa (excluding high income),SSA,2022,68.1500015258789
Sub-Saharan Africa (excluding high income),SSA,2021,67.8300018310547
Sub-Saharan Africa (excluding high income),SSA,2020,67.879997253418
Sub-Saharan Africa (excluding high income),SSA,2019,67.7200012207031
Sub-Saharan Africa (excluding high income),SSA,2018,67.120002746582
Sub-Saharan Africa (excluding high income),SSA,2017,65.2399978637695
Sub-Saharan Africa (excluding high income),SSA,2016,64.8899993896484
Sub-Saharan Africa (excluding high income),SSA,2015,64.2600021362305
Sub-Saharan Africa (excluding high income),SSA,2014,63.6599998474121
Sub-Saharan Africa (excluding high income),SSA,2013,63.1199989318848
Sub-Saharan Africa (excluding high income),SSA,2012,62.2299995422363
Sub-Saharan Africa (excluding high income),SSA,2011,61.0
Sub-Saharan Africa (excluding high income),SSA,2010,59.310001373291
Sub-Saharan Africa (excluding high income),SSA,2009,58.6399993896484
Sub-Saharan Africa (excluding high income),SSA,2008,58.1599998474121
Sub-Saharan Africa (excluding high income),SSA,2007,57.8300018310547
Sub-Saharan Africa (excluding high income),SSA,2006,58.0299987792969
Sub-Saharan Africa (excluding high income),SSA,2005,58.9300003051758
Sub-Saharan Africa (excluding high income),SSA,2004,59.2599983215332
Sub-Saharan Africa (excluding high income),SSA,2003,58.5699996948242
Sub-Saharan Africa (excluding high income),SSA,2002,58.0400009155273
Sub-Saharan Africa (excluding high income),SSA,2001,57.3400001525879
Sub-Saharan Africa (excluding high income),SSA,2000,56.5699996948242
Sub-Saharan Africa (IDA & IBRD countries),TSS,2023,68.4400024414062
Sub-Saharan Africa (IDA & IBRD countries),TSS,2022,68.1500015258789
Sub-Saharan Africa (IDA & IBRD countries),TSS,2021,67.8399963378906
Sub-Saharan Africa (IDA & IBRD countries),TSS,2020,67.8899993896484
Sub-Saharan Africa (IDA & IBRD countries),TSS,2019,67.7300033569336
Sub-Saharan Africa (IDA & IBRD countries),TSS,2018,67.129997253418
Sub-Saharan Africa (IDA & IBRD countries),TSS,2017,65.25
Sub-Saharan Africa (IDA & IBRD countries),TSS,2016,64.8899993896484
Sub-Saharan Africa (IDA & IBRD countries),TSS,2015,64.2600021362305
Sub-Saharan Africa (IDA & IBRD countries),TSS,2014,63.6699981689453
Sub-Saharan Africa (IDA & IBRD countries),TSS,2013,63.1199989318848
Sub-Saharan Africa (IDA & IBRD countries),TSS,2012,62.2400016784668
Sub-Saharan Africa (IDA & IBRD countries),TSS,2011,61.0099983215332
Sub-Saharan Africa (IDA & IBRD countries),TSS,2010,59.3199996948242
Sub-Saharan Africa (IDA & IBRD countries),TSS,2009,58.6500015258789
Sub-Saharan Africa (IDA & IBRD countries),TSS,2008,58.1699981689453
Sub-Saharan Africa (IDA & IBRD countries),TSS,2007,57.8300018310547
Sub-Saharan Africa (IDA & IBRD countries),TSS,2006,58.0299987792969
Sub-Saharan Africa (IDA & IBRD countries),TSS,2005,58.939998626709
Sub-Saharan Africa (IDA & IBRD countries),TSS,2004,59.2599983215332
Sub-Saharan Africa (IDA & IBRD countries),TSS,2003,58.5800018310547
Sub-Saharan Africa (IDA & IBRD countries),TSS,2002,58.0499992370605
Sub-Saharan Africa (IDA & IBRD countries),TSS,2001,57.3400001525879
Sub-Saharan Africa (IDA & IBRD countries),TSS,2000,56.5699996948242
World,WLD,2023,87.5800018310547
World,WLD,2022,87.3899993896484
World,WLD,2021,87.1699981689453
World,WLD,2020,86.9800033569336
World,WLD,2019,86.7900009155273
World,WLD,2018,86.7600021362305
World,WLD,2017,86.4700012207031
World,WLD,2016,86.2799987792969
World,WLD,2015,85.9599990844727
World,WLD,2014,85.5599975585938
World,WLD,2013,85.2099990844727
World,WLD,2012,84.9100036621094
World,WLD,2011,84.7099990844727
World,WLD,2010,84.370002746582
World,WLD,2009,83.8000030517578
World,WLD,2008,83.4800033569336
World,WLD,2007,83.120002746582
World,WLD,2006,82.5299987792969
World,WLD,2005,82.5699996948242
World,WLD,2004,82.5599975585938
World,WLD,2003,82.2200012207031
World,WLD,2002,81.7399978637695
World,WLD,2001,81.370002746582
World,WLD,2000,81.120002746582
Afghanistan,AFG,2023,
Afghanistan,AFG,2022,
Afghanistan,AFG,2021,37.2700004577637
Afghanistan,AFG,2020,36.0149650316607
Afghanistan,AFG,2019,
Afghanistan,AFG,2018,
Afghanistan,AFG,2017,
Afghanistan,AFG,2016,
Afghanistan,AFG,2015,33.75
Afghanistan,AFG,2014,
Afghanistan,AFG,2013,
Afghanistan,AFG,2012,
Afghanistan,AFG,2011,31.4500007629394
Afghanistan,AFG,2010,
Afghanistan,AFG,2009,
Afghanistan,AFG,2008,
Afghanistan,AFG,2007,
Afghanistan,AFG,2006,
Afghanistan,AFG,2005,
Afghanistan,AFG,2004,
Afghanistan,AFG,2003,
Afghanistan,AFG,2002,
Afghanistan,AFG,2001,
Afghanistan,AFG,2000,
Albania,ALB,2023,97.6800003051758
Albania,ALB,2022,
Albania,ALB,2021,
Albania,ALB,2020,
Albania,ALB,2019,
Albania,ALB,2018,
Albania,ALB,2017,98.8099975585938
Albania,ALB,2016,
Albania,ALB,2015,
Albania,ALB,2014,
Albania,ALB,2013,
Albania,ALB,2012,97.25
Albania,ALB,2011,96.8499984741211
Albania,ALB,2010,
Albania,ALB,2009,
Albania,ALB,2008,95.9400024414062
Albania,ALB,2007,
Albania,ALB,2006,
Albania,ALB,2005,
Albania,ALB,2004,
Albania,ALB,2003,
Albania,ALB,2002,
Albania,ALB,2001,98.7099990844727
Albania,ALB,2000,
Algeria,DZA,2023,
Algeria,DZA,2022,
Algeria,DZA,2021,
Algeria,DZA,2020,
Algeria,DZA,2019,
Algeria,DZA,2018,
Algeria,DZA,2017,
Algeria,DZA,2016,
Algeria,DZA,2015,
Algeria,DZA,2014,
Algeria,DZA,2013,
Algeria,DZA,2012,
Algeria,DZA,2011,
Algeria,DZA,2010,
Algeria,DZA,2009,
Algeria,DZA,2008,75.1399993896484
Algeria,DZA,2007,
Algeria,DZA,2006,72.6500015258789
Algeria,DZA,2005,
Algeria,DZA,2004,
Algeria,DZA,2003,
Algeria,DZA,2002,69.870002746582
Algeria,DZA,2001,
Algeria,DZA,2000,
American Samoa,ASM,2023,
American Samoa,ASM,2022,
American Samoa,ASM,2021,
American Samoa,ASM,2020,
American Samoa,ASM,2019,
American Samoa,ASM,2018,
American Samoa,ASM,2017,
American Samoa,ASM,2016,
American Samoa,ASM,2015,
American Samoa,ASM,2014,
American Samoa,ASM,2013,
American Samoa,ASM,2012,
American Samoa,ASM,2011,
American Samoa,ASM,2010,
American Samoa,ASM,2009,
American Samoa,ASM,2008,
American Samoa,ASM,2007,
American Samoa,ASM,2006,
American Samoa,ASM,2005,
American Samoa,ASM,2004,
American Samoa,ASM,2003,
American Samoa,ASM,2002,
American Samoa,ASM,2001,
American Samoa,ASM,2000,
Andorra,AND,2023,
Andorra,AND,2022,
Andorra,AND,2021,
Andorra,AND,2020,
Andorra,AND,2019,
Andorra,AND,2018,
Andorra,AND,2017,
Andorra,AND,2016,
Andorra,AND,2015,
Andorra,AND,2014,
Andorra,AND,2013,
Andorra,AND,2012,
Andorra,AND,2011,
Andorra,AND,2010,
Andorra,AND,2009,
Andorra,AND,2008,
Andorra,AND,2007,
Andorra,AND,2006,
Andorra,AND,2005,
Andorra,AND,2004,
Andorra,AND,2003,
Andorra,AND,2002,
Andorra,AND,2001,
Andorra,AND,2000,
Angola,AGO,2023,68.1800003051758
Angola,AGO,2022,
Angola,AGO,2021,
Angola,AGO,2020,
Angola,AGO,2019,
Angola,AGO,2018,
Angola,AGO,2017,
Angola,AGO,2016,
Angola,AGO,2015,66.2399978637695
Angola,AGO,2014,66.0299987792969
Angola,AGO,2013,
Angola,AGO,2012,
Angola,AGO,2011,
Angola,AGO,2010,
Angola,AGO,2009,
Angola,AGO,2008,
Angola,AGO,2007,
Angola,AGO,2006,
Angola,AGO,2005,
Angola,AGO,2004,
Angola,AGO,2003,
Angola,AGO,2002,
Angola,AGO,2001,67.4100036621094
Angola,AGO,2000,
Antigua and Barbuda,ATG,2023,
Antigua and Barbuda,ATG,2022,
Antigua and Barbuda,ATG,2021,
Antigua and Barbuda,ATG,2020,
Antigua and Barbuda,ATG,2019,
Antigua and Barbuda,ATG,2018,
Antigua and Barbuda,ATG,2017,
Antigua and Barbuda,ATG,2016,
Antigua and Barbuda,ATG,2015,
Antigua and Barbuda,ATG,2014,
Antigua and Barbuda,ATG,2013,
Antigua and Barbuda,ATG,2012,
Antigua and Barbuda,ATG,2011,
Antigua and Barbuda,ATG,2010,
Antigua and Barbuda,ATG,2009,
Antigua and Barbuda,ATG,2008,
Antigua and Barbuda,ATG,2007,
Antigua and Barbuda,ATG,2006,
Antigua and Barbuda,ATG,2005,
Antigua and Barbuda,ATG,2004,
Antigua and Barbuda,ATG,2003,
Antigua and Barbuda,ATG,2002,
Antigua and Barbuda,ATG,2001,98.9499969482422
Antigua and Barbuda,ATG,2000,
Argentina,ARG,2023,
Argentina,ARG,2022,
Argentina,ARG,2021,
Argentina,ARG,2020,99.1399993896484
Argentina,ARG,2019,
Argentina,ARG,2018,
Argentina,ARG,2017,
Argentina,ARG,2016,
Argentina,ARG,2015,
Argentina,ARG,2014,
Argentina,ARG,2013,
Argentina,ARG,2012,
Argentina,ARG,2011,
Argentina,ARG,2010,
Argentina,ARG,2009,
Argentina,ARG,2008,
Argentina,ARG,2007,
Argentina,ARG,2006,
Argentina,ARG,2005,
Argentina,ARG,2004,
Argentina,ARG,2003,
Argentina,ARG,2002,
Argentina,ARG,2001,97.1900024414062
Argentina,ARG,2000,
Armenia,ARM,2023,99.8399963378906
Armenia,ARM,2022,99.8199996948242
Armenia,ARM,2021,
Armenia,ARM,2020,99.7900009155273
Armenia,ARM,2019,100.0
Armenia,ARM,2018,100.0
Armenia,ARM,2017,99.7399978637695
Armenia,ARM,2016,99.7399978637695
Armenia,ARM,2015,
Armenia,ARM,2014,
Armenia,ARM,2013,
Armenia,ARM,2012,
Armenia,ARM,2011,99.7399978637695
Armenia,ARM,2010,
Armenia,ARM,2009,
Armenia,ARM,2008,
Armenia,ARM,2007,
Armenia,ARM,2006,
Armenia,ARM,2005,
Armenia,ARM,2004,
Armenia,ARM,2003,
Armenia,ARM,2002,
Armenia,ARM,2001,99.4000015258789
Armenia,ARM,2000,
Aruba,ABW,2023,
Aruba,ABW,2022,
Aruba,ABW,2021,
Aruba,ABW,2020,
Aruba,ABW,2019,
Aruba,ABW,2018,
Aruba,ABW,2017,
Aruba,ABW,2016,
Aruba,ABW,2015,
Aruba,ABW,2014,
Aruba,ABW,2013,
Aruba,ABW,2012,
Aruba,ABW,2011,
Aruba,ABW,2010,96.8199996948242
Aruba,ABW,2009,
Aruba,ABW,2008,
Aruba,ABW,2007,
Aruba,ABW,2006,
Aruba,ABW,2005,
Aruba,ABW,2004,
Aruba,ABW,2003,
Aruba,ABW,2002,
Aruba,ABW,2001,
Aruba,ABW,2000,97.2900009155273
Australia,AUS,2023,
Australia,AUS,2022,
Australia,AUS,2021,
Australia,AUS,2020,
Australia,AUS,2019,
Australia,AUS,2018,
Australia,AUS,2017,
Australia,AUS,2016,
Australia,AUS,2015,
Australia,AUS,2014,
Australia,AUS,2013,
Australia,AUS,2012,
Australia,AUS,2011,
Australia,AUS,2010,
Australia,AUS,2009,
Australia,AUS,2008,
Australia,AUS,2007,
Australia,AUS,2006,
Australia,AUS,2005,
Australia,AUS,2004,
Australia,AUS,2003,
Australia,AUS,2002,
Australia,AUS,2001,
Australia,AUS,2000,
Austria,AUT,2023,
Austria,AUT,2022,
Austria,AUT,2021,
Austria,AUT,2020,
Austria,AUT,2019,
Austria,AUT,2018,
Austria,AUT,2017,
Austria,AUT,2016,
Austria,AUT,2015,
Austria,AUT,2014,
Austria,AUT,2013,
Austria,AUT,2012,
Austria,AUT,2011,
Austria,AUT,2010,
Austria,AUT,2009,
Austria,AUT,2008,
Austria,AUT,2007,
Austria,AUT,2006,
Austria,AUT,2005,
Austria,AUT,2004,
Austria,AUT,2003,
Austria,AUT,2002,
Austria,AUT,2001,
Austria,AUT,2000,
Azerbaijan,AZE,2023,99.7799987792969
Azerbaijan,AZE,2022,
Azerbaijan,AZE,2021,
Azerbaijan,AZE,2020,
Azerbaijan,AZE,2019,99.8000030517578
Azerbaijan,AZE,2018,
Azerbaijan,AZE,2017,99.7900009155273
Azerbaijan,AZE,2016,99.7900009155273
Azerbaijan,AZE,2015,99.7900009155273
Azerbaijan,AZE,2014,99.7900009155273
Azerbaijan,AZE,2013,99.7900009155273
Azerbaijan,AZE,2012,99.7799987792969
Azerbaijan,AZE,2011,99.7799987792969
Azerbaijan,AZE,2010,99.7699966430664
Azerbaijan,AZE,2009,99.7600021362305
Azerbaijan,AZE,2008,
Azerbaijan,AZE,2007,99.5899963378906
Azerbaijan,AZE,2006,
Azerbaijan,AZE,2005,
Azerbaijan,AZE,2004,
Azerbaijan,AZE,2003,
Azerbaijan,AZE,2002,
Azerbaijan,AZE,2001,
Azerbaijan,AZE,2000,
"Bahamas, The",BHS,2023,
"Bahamas, The",BHS,2022,
"Bahamas, The",BHS,2021,
"Bahamas, The",BHS,2020,
"Bahamas, The",BHS,2019,
"Bahamas, The",BHS,2018,
"Bahamas, The",BHS,2017,
"Bahamas, The",BHS,2016,
"Bahamas, The",BHS,2015,
"Bahamas, The",BHS,2014,
"Bahamas, The",BHS,2013,
"Bahamas, The",BHS,2012,
"Bahamas, The",BHS,2011,
"Bahamas, The",BHS,2010,
"Bahamas, The",BHS,2009,
"Bahamas, The",BHS,2008,
"Bahamas, The",BHS,2007,
"Bahamas, The",BHS,2006,
"Bahamas, The",BHS,2005,
"Bahamas, The",BHS,2004,
"Bahamas, The",BHS,2003,
"Bahamas, The",BHS,2002,
"Bahamas, The",BHS,2001,
"Bahamas, The",BHS,2000,
Bahrain,BHR,2023,97.8499984741211
Bahrain,BHR,2022,97.870002746582
Bahrain,BHR,2021,
Bahrain,BHR,2020,
Bahrain,BHR,2019,
Bahrain,BHR,2018,
Bahrain,BHR,2017,
Bahrain,BHR,2016,
Bahrain,BHR,2015,
Bahrain,BHR,2014,
Bahrain,BHR,2013,
Bahrain,BHR,2012,
Bahrain,BHR,2011,
Bahrain,BHR,2010,
Bahrain,BHR,2009,
Bahrain,BHR,2008,
Bahrain,BHR,2007,
Bahrain,BHR,2006,
Bahrain,BHR,2005,
Bahrain,BHR,2004,
Bahrain,BHR,2003,
Bahrain,BHR,2002,
Bahrain,BHR,2001,86.5500030517578
Bahrain,BHR,2000,
Bangladesh,BGD,2023,
Bangladesh,BGD,2022,79.0
Bangladesh,BGD,2021,76.3600006103516
Bangladesh,BGD,2020,74.9100036621094
Bangladesh,BGD,2019,74.6800003051758
Bangladesh,BGD,2018,73.9100036621094
Bangladesh,BGD,2017,72.8899993896484
Bangladesh,BGD,2016,72.7600021362305
Bangladesh,BGD,2015,65.1399993896484
Bangladesh,BGD,2014,61.0900001525879
Bangladesh,BGD,2013,61.0200004577637
Bangladesh,BGD,2012,57.8600006103516
Bangladesh,BGD,2011,58.7700004577637
Bangladesh,BGD,2010,
Bangladesh,BGD,2009,
Bangladesh,BGD,2008,
Bangladesh,BGD,2007,
Bangladesh,BGD,2006,
Bangladesh,BGD,2005,
Bangladesh,BGD,2004,
Bangladesh,BGD,2003,
Bangladesh,BGD,2002,
Bangladesh,BGD,2001,47.4900016784668
Bangladesh,BGD,2000,
Barbados,BRB,2023,
Barbados,BRB,2022,
Barbados,BRB,2021,
Barbados,BRB,2020,
Barbados,BRB,2019,
Barbados,BRB,2018,
Barbados,BRB,2017,
Barbados,BRB,2016,
Barbados,BRB,2015,
Barbados,BRB,2014,
Barbados,BRB,2013,
Barbados,BRB,2012,
Barbados,BRB,2011,
Barbados,BRB,2010,
Barbados,BRB,2009,
Barbados,BRB,2008,
Barbados,BRB,2007,
Barbados,BRB,2006,
Barbados,BRB,2005,
Barbados,BRB,2004,
Barbados,BRB,2003,
Barbados,BRB,2002,
Barbados,BRB,2001,
Barbados,BRB,2000,
Belarus,BLR,2023,
Belarus,BLR,2022,
Belarus,BLR,2021,
Belarus,BLR,2020,
Belarus,BLR,2019,99.870002746582
Belarus,BLR,2018,
Belarus,BLR,2017,
Belarus,BLR,2016,
Belarus,BLR,2015,
Belarus,BLR,2014,
Belarus,BLR,2013,
Belarus,BLR,2012,
Belarus,BLR,2011,
Belarus,BLR,2010,
Belarus,BLR,2009,99.620002746582
Belarus,BLR,2008,
Belarus,BLR,2007,
Belarus,BLR,2006,
Belarus,BLR,2005,
Belarus,BLR,2004,
Belarus,BLR,2003,
Belarus,BLR,2002,
Belarus,BLR,2001,
Belarus,BLR,2000,
Belgium,BEL,2023,
Belgium,BEL,2022,
Belgium,BEL,2021,
Belgium,BEL,2020,
Belgium,BEL,2019,
Belgium,BEL,2018,
Belgium,BEL,2017,
Belgium,BEL,2016,
Belgium,BEL,2015,
Belgium,BEL,2014,
Belgium,BEL,2013,
Belgium,BEL,2012,
Belgium,BEL,2011,
Belgium,BEL,2010,
Belgium,BEL,2009,
Belgium,BEL,2008,
Belgium,BEL,2007,
Belgium,BEL,2006,
Belgium,BEL,2005,
Belgium,BEL,2004,
Belgium,BEL,2003,
Belgium,BEL,2002,
Belgium,BEL,2001,
Belgium,BEL,2000,
Belize,BLZ,2023,
Belize,BLZ,2022,87.879997253418
Belize,BLZ,2021,
Belize,BLZ,2020,
Belize,BLZ,2019,
Belize,BLZ,2018,
Belize,BLZ,2017,
Belize,BLZ,2016,
Belize,BLZ,2015,90.9199981689453
Belize,BLZ,2014,
Belize,BLZ,2013,
Belize,BLZ,2012,
Belize,BLZ,2011,
Belize,BLZ,2010,
Belize,BLZ,2009,
Belize,BLZ,2008,
Belize,BLZ,2007,
Belize,BLZ,2006,
Belize,BLZ,2005,
Belize,BLZ,2004,
Belize,BLZ,2003,
Belize,BLZ,2002,
Belize,BLZ,2001,
Belize,BLZ,2000,76.9000015258789
Benin,BEN,2023,
Benin,BEN,2022,51.3800010681152
Benin,BEN,2021,43.8300018310547
Benin,BEN,2020,
Benin,BEN,2019,49.0
Benin,BEN,2018,
Benin,BEN,2017,38.8699989318848
Benin,BEN,2016,
Benin,BEN,2015,
Benin,BEN,2014,
Benin,BEN,2013,45.0800018310547
Benin,BEN,2012,
Benin,BEN,2011,44.6881229256471
Benin,BEN,2010,
Benin,BEN,2009,
Benin,BEN,2008,
Benin,BEN,2007,
Benin,BEN,2006,
Benin,BEN,2005,
Benin,BEN,2004,
Benin,BEN,2003,
Benin,BEN,2002,34.6599998474121
Benin,BEN,2001,
Benin,BEN,2000,
Bermuda,BMU,2023,
Bermuda,BMU,2022,
Bermuda,BMU,2021,
Bermuda,BMU,2020,
Bermuda,BMU,2019,
Bermuda,BMU,2018,
Bermuda,BMU,2017,
Bermuda,BMU,2016,
Bermuda,BMU,2015,
Bermuda,BMU,2014,
Bermuda,BMU,2013,
Bermuda,BMU,2012,
Bermuda,BMU,2011,
Bermuda,BMU,2010,
Bermuda,BMU,2009,
Bermuda,BMU,2008,
Bermuda,BMU,2007,
Bermuda,BMU,2006,
Bermuda,BMU,2005,
Bermuda,BMU,2004,
Bermuda,BMU,2003,
Bermuda,BMU,2002,
Bermuda,BMU,2001,
Bermuda,BMU,2000,
Bhutan,BTN,2023,
Bhutan,BTN,2022,64.9100036621094
Bhutan,BTN,2021,
Bhutan,BTN,2020,
Bhutan,BTN,2019,
Bhutan,BTN,2018,
Bhutan,BTN,2017,66.5599975585938
Bhutan,BTN,2016,
Bhutan,BTN,2015,
Bhutan,BTN,2014,
Bhutan,BTN,2013,
Bhutan,BTN,2012,55.3199996948242
Bhutan,BTN,2011,
Bhutan,BTN,2010,
Bhutan,BTN,2009,
Bhutan,BTN,2008,
Bhutan,BTN,2007,
Bhutan,BTN,2006,
Bhutan,BTN,2005,52.810001373291
Bhutan,BTN,2004,
Bhutan,BTN,2003,
Bhutan,BTN,2002,
Bhutan,BTN,2001,
Bhutan,BTN,2000,
Bolivia,BOL,2023,95.5500030517578
Bolivia,BOL,2022,
Bolivia,BOL,2021,
Bolivia,BOL,2020,93.8499984741211
Bolivia,BOL,2019,
Bolivia,BOL,2018,
Bolivia,BOL,2017,
Bolivia,BOL,2016,
Bolivia,BOL,2015,92.4599990844727
Bolivia,BOL,2014,
Bolivia,BOL,2013,
Bolivia,BOL,2012,94.4599990844727
Bolivia,BOL,2011,92.2300033569336
Bolivia,BOL,2010,
Bolivia,BOL,2009,91.1699981689453
Bolivia,BOL,2008,90.6999969482422
Bolivia,BOL,2007,90.2900009155273
Bolivia,BOL,2006,
Bolivia,BOL,2005,
Bolivia,BOL,2004,
Bolivia,BOL,2003,
Bolivia,BOL,2002,
Bolivia,BOL,2001,86.7200012207031
Bolivia,BOL,2000,
Bosnia and Herzegovina,BIH,2023,
Bosnia and Herzegovina,BIH,2022,
Bosnia and Herzegovina,BIH,2021,
Bosnia and Herzegovina,BIH,2020,
Bosnia and Herzegovina,BIH,2019,
Bosnia and Herzegovina,BIH,2018,
Bosnia and Herzegovina,BIH,2017,
Bosnia and Herzegovina,BIH,2016,
Bosnia and Herzegovina,BIH,2015,
Bosnia and Herzegovina,BIH,2014,
Bosnia and Herzegovina,BIH,2013,96.9899978637695
Bosnia and Herzegovina,BIH,2012,
Bosnia and Herzegovina,BIH,2011,
Bosnia and Herzegovina,BIH,2010,
Bosnia and Herzegovina,BIH,2009,
Bosnia and Herzegovina,BIH,2008,
Bosnia and Herzegovina,BIH,2007,
Bosnia and Herzegovina,BIH,2006,
Bosnia and Herzegovina,BIH,2005,
Bosnia and Herzegovina,BIH,2004,
Bosnia and Herzegovina,BIH,2003,
Bosnia and Herzegovina,BIH,2002,
Bosnia and Herzegovina,BIH,2001,
Bosnia and Herzegovina,BIH,2000,96.6600036621094
Botswana,BWA,2023,
Botswana,BWA,2022,
Botswana,BWA,2021,
Botswana,BWA,2020,
Botswana,BWA,2019,
Botswana,BWA,2018,
Botswana,BWA,2017,
Botswana,BWA,2016,
Botswana,BWA,2015,
Botswana,BWA,2014,
Botswana,BWA,2013,
Botswana,BWA,2012,
Botswana,BWA,2011,
Botswana,BWA,2010,
Botswana,BWA,2009,
Botswana,BWA,2008,
Botswana,BWA,2007,
Botswana,BWA,2006,
Botswana,BWA,2005,
Botswana,BWA,2004,
Botswana,BWA,2003,81.1900024414062
Botswana,BWA,2002,
Botswana,BWA,2001,
Botswana,BWA,2000,
Brazil,BRA,2023,94.5725490635077
Brazil,BRA,2022,94.376866160108
Brazil,BRA,2021,94.7726170886975
Brazil,BRA,2020,94.7444114331042
Brazil,BRA,2019,93.8926266999537
Brazil,BRA,2018,93.2300033569336
Brazil,BRA,2017,93.0800018310547
Brazil,BRA,2016,92.8099975585938
Brazil,BRA,2015,92.0500030517578
Brazil,BRA,2014,91.7300033569336
Brazil,BRA,2013,91.4800033569336
Brazil,BRA,2012,91.3399963378906
Brazil,BRA,2011,91.4100036621094
Brazil,BRA,2010,90.379997253418
Brazil,BRA,2009,90.3000030517578
Brazil,BRA,2008,90.0400009155273
Brazil,BRA,2007,90.0100021362305
Brazil,BRA,2006,89.620002746582
Brazil,BRA,2005,
Brazil,BRA,2004,88.620002746582
Brazil,BRA,2003,
Brazil,BRA,2002,
Brazil,BRA,2001,
Brazil,BRA,2000,86.370002746582
British Virgin Islands,VGB,2023,
British Virgin Islands,VGB,2022,
British Virgin Islands,VGB,2021,
British Virgin Islands,VGB,2020,
British Virgin Islands,VGB,2019,
British Virgin Islands,VGB,2018,
British Virgin Islands,VGB,2017,
British Virgin Islands,VGB,2016,
British Virgin Islands,VGB,2015,
British Virgin Islands,VGB,2014,
British Virgin Islands,VGB,2013,
British Virgin Islands,VGB,2012,
British Virgin Islands,VGB,2011,
British Virgin Islands,VGB,2010,
British Virgin Islands,VGB,2009,
British Virgin Islands,VGB,2008,
British Virgin Islands,VGB,2007,
British Virgin Islands,VGB,2006,
British Virgin Islands,VGB,2005,
British Virgin Islands,VGB,2004,
British Virgin Islands,VGB,2003,
British Virgin Islands,VGB,2002,
British Virgin Islands,VGB,2001,
British Virgin Islands,VGB,2000,
Brunei Darussalam,BRN,2023,
Brunei Darussalam,BRN,2022,
Brunei Darussalam,BRN,2021,
Brunei Darussalam,BRN,2020,
Brunei Darussalam,BRN,2019,
Brunei Darussalam,BRN,2018,
Brunei Darussalam,BRN,2017,
Brunei Darussalam,BRN,2016,
Brunei Darussalam,BRN,2015,
Brunei Darussalam,BRN,2014,
Brunei Darussalam,BRN,2013,
Brunei Darussalam,BRN,2012,
Brunei Darussalam,BRN,2011,96.0899963378906
Brunei Darussalam,BRN,2010,
Brunei Darussalam,BRN,2009,
Brunei Darussalam,BRN,2008,
Brunei Darussalam,BRN,2007,
Brunei Darussalam,BRN,2006,
Brunei Darussalam,BRN,2005,
Brunei Darussalam,BRN,2004,
Brunei Darussalam,BRN,2003,
Brunei Darussalam,BRN,2002,
Brunei Darussalam,BRN,2001,92.6699981689453
Brunei Darussalam,BRN,2000,
Bulgaria,BGR,2023,
Bulgaria,BGR,2022,
Bulgaria,BGR,2021,
Bulgaria,BGR,2020,
Bulgaria,BGR,2019,
Bulgaria,BGR,2018,
Bulgaria,BGR,2017,
Bulgaria,BGR,2016,
Bulgaria,BGR,2015,
Bulgaria,BGR,2014,
Bulgaria,BGR,2013,
Bulgaria,BGR,2012,
Bulgaria,BGR,2011,98.3499984741211
Bulgaria,BGR,2010,
Bulgaria,BGR,2009,
Bulgaria,BGR,2008,
Bulgaria,BGR,2007,
Bulgaria,BGR,2006,
Bulgaria,BGR,2005,
Bulgaria,BGR,2004,
Bulgaria,BGR,2003,
Bulgaria,BGR,2002,
Bulgaria,BGR,2001,98.1999969482422
Bulgaria,BGR,2000,
Burkina Faso,BFA,2023,41.5670909952631
Burkina Faso,BFA,2022,40.9199981689453
Burkina Faso,BFA,2021,36.9700012207031
Burkina Faso,BFA,2020,
Burkina Faso,BFA,2019,29.6599998474121
Burkina Faso,BFA,2018,39.3499984741211
Burkina Faso,BFA,2017,
Burkina Faso,BFA,2016,
Burkina Faso,BFA,2015,
Burkina Faso,BFA,2014,34.5999984741211
Burkina Faso,BFA,2013,
Burkina Faso,BFA,2012,
Burkina Faso,BFA,2011,
Burkina Faso,BFA,2010,
Burkina Faso,BFA,2009,
Burkina Faso,BFA,2008,
Burkina Faso,BFA,2007,27.8799991607666
Burkina Faso,BFA,2006,22.4699993133545
Burkina Faso,BFA,2005,23.5200004577637
Burkina Faso,BFA,2004,
Burkina Faso,BFA,2003,21.8199996948242
Burkina Faso,BFA,2002,
Burkina Faso,BFA,2001,
Burkina Faso,BFA,2000,
Burundi,BDI,2023,
Burundi,BDI,2022,
Burundi,BDI,2021,
Burundi,BDI,2020,71.3374789737041
Burundi,BDI,2019,
Burundi,BDI,2018,
Burundi,BDI,2017,68.379997253418
Burundi,BDI,2016,65.6900024414062
Burundi,BDI,2015,
Burundi,BDI,2014,61.2900009155273
Burundi,BDI,2013,
Burundi,BDI,2012,
Burundi,BDI,2011,
Burundi,BDI,2010,
Burundi,BDI,2009,
Burundi,BDI,2008,48.0800018310547
Burundi,BDI,2007,
Burundi,BDI,2006,
Burundi,BDI,2005,
Burundi,BDI,2004,
Burundi,BDI,2003,
Burundi,BDI,2002,
Burundi,BDI,2001,
Burundi,BDI,2000,59.2999992370605
Cabo Verde,CPV,2023,
Cabo Verde,CPV,2022,
Cabo Verde,CPV,2021,
Cabo Verde,CPV,2020,
Cabo Verde,CPV,2019,
Cabo Verde,CPV,2018,
Cabo Verde,CPV,2017,
Cabo Verde,CPV,2016,
Cabo Verde,CPV,2015,86.7900009155273
Cabo Verde,CPV,2014,
Cabo Verde,CPV,2013,
Cabo Verde,CPV,2012,85.3300018310547
Cabo Verde,CPV,2011,
Cabo Verde,CPV,2010,
Cabo Verde,CPV,2009,82.2189574366152
Cabo Verde,CPV,2008,
Cabo Verde,CPV,2007,
Cabo Verde,CPV,2006,
Cabo Verde,CPV,2005,
Cabo Verde,CPV,2004,
Cabo Verde,CPV,2003,
Cabo Verde,CPV,2002,
Cabo Verde,CPV,2001,
Cabo Verde,CPV,2000,
Cambodia,KHM,2023,
Cambodia,KHM,2022,
Cambodia,KHM,2021,71.9300003051758
Cambodia,KHM,2020,82.5510430822563
Cambodia,KHM,2019,87.6600036621094
Cambodia,KHM,2018,
Cambodia,KHM,2017,
Cambodia,KHM,2016,
Cambodia,KHM,2015,80.5299987792969
Cambodia,KHM,2014,78.0599975585938
Cambodia,KHM,2013,79.6500015258789
Cambodia,KHM,2012,
Cambodia,KHM,2011,
Cambodia,KHM,2010,
Cambodia,KHM,2009,76.1399993896484
Cambodia,KHM,2008,76.870002746582
Cambodia,KHM,2007,
Cambodia,KHM,2006,
Cambodia,KHM,2005,
Cambodia,KHM,2004,73.6100006103516
Cambodia,KHM,2003,
Cambodia,KHM,2002,
Cambodia,KHM,2001,
Cambodia,KHM,2000,
Cameroon,CMR,2023,
Cameroon,CMR,2022,
Cameroon,CMR,2021,
Cameroon,CMR,2020,
Cameroon,CMR,2019,
Cameroon,CMR,2018,72.5500030517578
Cameroon,CMR,2017,
Cameroon,CMR,2016,
Cameroon,CMR,2015,
Cameroon,CMR,2014,
Cameroon,CMR,2013,
Cameroon,CMR,2012,
Cameroon,CMR,2011,
Cameroon,CMR,2010,71.1900024414062
Cameroon,CMR,2009,
Cameroon,CMR,2008,
Cameroon,CMR,2007,70.6800003051758
Cameroon,CMR,2006,
Cameroon,CMR,2005,
Cameroon,CMR,2004,
Cameroon,CMR,2003,
Cameroon,CMR,2002,
Cameroon,CMR,2001,
Cameroon,CMR,2000,68.4100036621094
Canada,CAN,2023,
Canada,CAN,2022,
Canada,CAN,2021,
Canada,CAN,2020,
Canada,CAN,2019,
Canada,CAN,2018,
Canada,CAN,2017,
Canada,CAN,2016,
Canada,CAN,2015,
Canada,CAN,2014,
Canada,CAN,2013,
Canada,CAN,2012,
Canada,CAN,2011,
Canada,CAN,2010,
Canada,CAN,2009,
Canada,CAN,2008,
Canada,CAN,2007,
Canada,CAN,2006,
Canada,CAN,2005,
Canada,CAN,2004,
Canada,CAN,2003,
Canada,CAN,2002,
Canada,CAN,2001,
Canada,CAN,2000,
Cayman Islands,CYM,2023,
Cayman Islands,CYM,2022,
Cayman Islands,CYM,2021,
Cayman Islands,CYM,2020,
Cayman Islands,CYM,2019,
Cayman Islands,CYM,2018,
Cayman Islands,CYM,2017,98.870002746582
Cayman Islands,CYM,2016,
Cayman Islands,CYM,2015,
Cayman Islands,CYM,2014,
Cayman Islands,CYM,2013,
Cayman Islands,CYM,2012,
Cayman Islands,CYM,2011,
Cayman Islands,CYM,2010,
Cayman Islands,CYM,2009,
Cayman Islands,CYM,2008,
Cayman Islands,CYM,2007,98.870002746582
Cayman Islands,CYM,2006,
Cayman Islands,CYM,2005,
Cayman Islands,CYM,2004,
Cayman Islands,CYM,2003,
Cayman Islands,CYM,2002,
Cayman Islands,CYM,2001,
Cayman Islands,CYM,2000,
Central African Republic,CAF,2023,
Central African Republic,CAF,2022,
Central African Republic,CAF,2021,
Central African Republic,CAF,2020,
Central African Republic,CAF,2019,42.439998626709
Central African Republic,CAF,2018,
Central African Republic,CAF,2017,
Central African Republic,CAF,2016,
Central African Republic,CAF,2015,
Central African Republic,CAF,2014,
Central African Republic,CAF,2013,
Central African Republic,CAF,2012,
Central African Republic,CAF,2011,
Central African Republic,CAF,2010,
Central African Republic,CAF,2009,
Central African Republic,CAF,2008,
Central African Republic,CAF,2007,
Central African Republic,CAF,2006,
Central African Republic,CAF,2005,
Central African Republic,CAF,2004,
Central African Republic,CAF,2003,
Central African Republic,CAF,2002,
Central African Republic,CAF,2001,
Central African Republic,CAF,2000,50.6500015258789
Chad,TCD,2023,
Chad,TCD,2022,
Chad,TCD,2021,
Chad,TCD,2020,
Chad,TCD,2019,30.6299991607666
Chad,TCD,2018,
Chad,TCD,2017,
Chad,TCD,2016,22.3099994659424
Chad,TCD,2015,
Chad,TCD,2014,
Chad,TCD,2013,
Chad,TCD,2012,
Chad,TCD,2011,
Chad,TCD,2010,
Chad,TCD,2009,
Chad,TCD,2008,
Chad,TCD,2007,
Chad,TCD,2006,
Chad,TCD,2005,
Chad,TCD,2004,28.3799991607666
Chad,TCD,2003,
Chad,TCD,2002,
Chad,TCD,2001,
Chad,TCD,2000,25.6499996185303
Channel Islands,CHI,2023,
Channel Islands,CHI,2022,
Channel Islands,CHI,2021,
Channel Islands,CHI,2020,
Channel Islands,CHI,2019,
Channel Islands,CHI,2018,
Channel Islands,CHI,2017,
Channel Islands,CHI,2016,
Channel Islands,CHI,2015,
Channel Islands,CHI,2014,
Channel Islands,CHI,2013,
Channel Islands,CHI,2012,
Channel Islands,CHI,2011,
Channel Islands,CHI,2010,
Channel Islands,CHI,2009,
Channel Islands,CHI,2008,
Channel Islands,CHI,2007,
Channel Islands,CHI,2006,
Channel Islands,CHI,2005,
Channel Islands,CHI,2004,
Channel Islands,CHI,2003,
Channel Islands,CHI,2002,
Channel Islands,CHI,2001,
Channel Islands,CHI,2000,
Chile,CHL,2023,
Chile,CHL,2022,
Chile,CHL,2021,
Chile,CHL,2020,
Chile,CHL,2019,
Chile,CHL,2018,
Chile,CHL,2017,96.4000015258789
Chile,CHL,2016,
Chile,CHL,2015,96.870002746582
Chile,CHL,2014,
Chile,CHL,2013,96.2699966430664
Chile,CHL,2012,
Chile,CHL,2011,96.6999969482422
Chile,CHL,2010,
Chile,CHL,2009,
Chile,CHL,2008,
Chile,CHL,2007,
Chile,CHL,2006,
Chile,CHL,2005,
Chile,CHL,2004,
Chile,CHL,2003,
Chile,CHL,2002,95.7200012207031
Chile,CHL,2001,
Chile,CHL,2000,
China,CHN,2023,
China,CHN,2022,
China,CHN,2021,
China,CHN,2020,96.7399978637695
China,CHN,2019,
China,CHN,2018,
China,CHN,2017,
China,CHN,2016,
China,CHN,2015,
China,CHN,2014,
China,CHN,2013,
China,CHN,2012,
China,CHN,2011,
China,CHN,2010,95.120002746582
China,CHN,2009,
China,CHN,2008,
China,CHN,2007,
China,CHN,2006,
China,CHN,2005,
China,CHN,2004,
China,CHN,2003,
China,CHN,2002,
China,CHN,2001,
China,CHN,2000,90.9199981689453
Colombia,COL,2023,95.4566254983696
Colombia,COL,2022,95.31030793119
Colombia,COL,2021,95.6606500324449
Colombia,COL,2020,95.6399993896484
Colombia,COL,2019,95.25
Colombia,COL,2018,95.0899963378906
Colombia,COL,2017,94.8873885601748
Colombia,COL,2016,94.6500015258789
Colombia,COL,2015,94.25
Colombia,COL,2014,94.1900024414062
Colombia,COL,2013,
Colombia,COL,2012,
Colombia,COL,2011,93.5800018310547
Colombia,COL,2010,93.370002746582
Colombia,COL,2009,93.2399978637695
Colombia,COL,2008,93.379997253418
Colombia,COL,2007,92.6500015258789
Colombia,COL,2006,92.3000030517578
Colombia,COL,2005,92.8499984741211
Colombia,COL,2004,92.8000030517578
Colombia,COL,2003,
Colombia,COL,2002,
Colombia,COL,2001,
Colombia,COL,2000,
Comoros,COM,2023,
Comoros,COM,2022,
Comoros,COM,2021,75.6201980162165
Comoros,COM,2020,
Comoros,COM,2019,
Comoros,COM,2018,
Comoros,COM,2017,
Comoros,COM,2016,
Comoros,COM,2015,
Comoros,COM,2014,73.6494960644007
Comoros,COM,2013,
Comoros,COM,2012,
Comoros,COM,2011,
Comoros,COM,2010,
Comoros,COM,2009,
Comoros,COM,2008,
Comoros,COM,2007,
Comoros,COM,2006,
Comoros,COM,2005,
Comoros,COM,2004,
Comoros,COM,2003,
Comoros,COM,2002,
Comoros,COM,2001,
Comoros,COM,2000,68.25
"Congo, Dem. Rep.",COD,2023,68.5
"Congo, Dem. Rep.",COD,2022,
"Congo, Dem. Rep.",COD,2021,
"Congo, Dem. Rep.",COD,2020,65.6828744335957
"Congo, Dem. Rep.",COD,2019,
"Congo, Dem. Rep.",COD,2018,73.5500030517578
"Congo, Dem. Rep.",COD,2017,
"Congo, Dem. Rep.",COD,2016,77.0400009155273
"Congo, Dem. Rep.",COD,2015,
"Congo, Dem. Rep.",COD,2014,
"Congo, Dem. Rep.",COD,2013,
"Congo, Dem. Rep.",COD,2012,75.0199966430664
"Congo, Dem. Rep.",COD,2011,
"Congo, Dem. Rep.",COD,2010,
"Congo, Dem. Rep.",COD,2009,
"Congo, Dem. Rep.",COD,2008,
"Congo, Dem. Rep.",COD,2007,
"Congo, Dem. Rep.",COD,2006,
"Congo, Dem. Rep.",COD,2005,
"Congo, Dem. Rep.",COD,2004,
"Congo, Dem. Rep.",COD,2003,
"Congo, Dem. Rep.",COD,2002,
"Congo, Dem. Rep.",COD,2001,67.1699981689453
"Congo, Dem. Rep.",COD,2000,
"Congo, Rep.",COG,2023,
"Congo, Rep.",COG,2022,
"Congo, Rep.",COG,2021,
"Congo, Rep.",COG,2020,
"Congo, Rep.",COG,2019,
"Congo, Rep.",COG,2018,
"Congo, Rep.",COG,2017,
"Congo, Rep.",COG,2016,
"Congo, Rep.",COG,2015,
"Congo, Rep.",COG,2014,
"Congo, Rep.",COG,2013,
"Congo, Rep.",COG,2012,
"Congo, Rep.",COG,2011,
"Congo, Rep.",COG,2010,
"Congo, Rep.",COG,2009,
"Congo, Rep.",COG,2008,
"Congo, Rep.",COG,2007,
"Congo, Rep.",COG,2006,
"Congo, Rep.",COG,2005,76.1100006103516
"Congo, Rep.",COG,2004,
"Congo, Rep.",COG,2003,
"Congo, Rep.",COG,2002,
"Congo, Rep.",COG,2001,
"Congo, Rep.",COG,2000,
Costa Rica,CRI,2023,
Costa Rica,CRI,2022,
Costa Rica,CRI,2021,
Costa Rica,CRI,2020,
Costa Rica,CRI,2019,
Costa Rica,CRI,2018,
Costa Rica,CRI,2017,
Costa Rica,CRI,2016,
Costa Rica,CRI,2015,
Costa Rica,CRI,2014,
Costa Rica,CRI,2013,
Costa Rica,CRI,2012,
Costa Rica,CRI,2011,97.4100036621094
Costa Rica,CRI,2010,
Costa Rica,CRI,2009,
Costa Rica,CRI,2008,
Costa Rica,CRI,2007,
Costa Rica,CRI,2006,
Costa Rica,CRI,2005,
Costa Rica,CRI,2004,
Costa Rica,CRI,2003,
Costa Rica,CRI,2002,
Costa Rica,CRI,2001,
Costa Rica,CRI,2000,94.870002746582
Cote d'Ivoire,CIV,2023,
Cote d'Ivoire,CIV,2022,
Cote d'Ivoire,CIV,2021,50.0
Cote d'Ivoire,CIV,2020,
Cote d'Ivoire,CIV,2019,56.9592400560829
Cote d'Ivoire,CIV,2018,
Cote d'Ivoire,CIV,2017,
Cote d'Ivoire,CIV,2016,50.0400009155273
Cote d'Ivoire,CIV,2015,
Cote d'Ivoire,CIV,2014,43.9099998474121
Cote d'Ivoire,CIV,2013,
Cote d'Ivoire,CIV,2012,
Cote d'Ivoire,CIV,2011,
Cote d'Ivoire,CIV,2010,
Cote d'Ivoire,CIV,2009,
Cote d'Ivoire,CIV,2008,
Cote d'Ivoire,CIV,2007,
Cote d'Ivoire,CIV,2006,
Cote d'Ivoire,CIV,2005,
Cote d'Ivoire,CIV,2004,
Cote d'Ivoire,CIV,2003,
Cote d'Ivoire,CIV,2002,
Cote d'Ivoire,CIV,2001,
Cote d'Ivoire,CIV,2000,48.7400016784668
Croatia,HRV,2023,
Croatia,HRV,2022,
Croatia,HRV,2021,
Croatia,HRV,2020,
Croatia,HRV,2019,
Croatia,HRV,2018,
Croatia,HRV,2017,
Croatia,HRV,2016,
Croatia,HRV,2015,
Croatia,HRV,2014,
Croatia,HRV,2013,
Croatia,HRV,2012,
Croatia,HRV,2011,
Croatia,HRV,2010,
Croatia,HRV,2009,
Croatia,HRV,2008,
Croatia,HRV,2007,
Croatia,HRV,2006,
Croatia,HRV,2005,
Croatia,HRV,2004,
Croatia,HRV,2003,
Croatia,HRV,2002,
Croatia,HRV,2001,98.1500015258789
Croatia,HRV,2000,
Cuba,CUB,2023,
Cuba,CUB,2022,
Cuba,CUB,2021,
Cuba,CUB,2020,
Cuba,CUB,2019,97.6500015258789
Cuba,CUB,2018,
Cuba,CUB,2017,
Cuba,CUB,2016,
Cuba,CUB,2015,
Cuba,CUB,2014,
Cuba,CUB,2013,
Cuba,CUB,2012,99.6699981689453
Cuba,CUB,2011,
Cuba,CUB,2010,
Cuba,CUB,2009,
Cuba,CUB,2008,
Cuba,CUB,2007,
Cuba,CUB,2006,
Cuba,CUB,2005,
Cuba,CUB,2004,
Cuba,CUB,2003,
Cuba,CUB,2002,99.8000030517578
Cuba,CUB,2001,
Cuba,CUB,2000,
Curacao,CUW,2023,
Curacao,CUW,2022,
Curacao,CUW,2021,
Curacao,CUW,2020,
Curacao,CUW,2019,
Curacao,CUW,2018,
Curacao,CUW,2017,
Curacao,CUW,2016,
Curacao,CUW,2015,
Curacao,CUW,2014,
Curacao,CUW,2013,
Curacao,CUW,2012,
Curacao,CUW,2011,
Curacao,CUW,2010,
Curacao,CUW,2009,
Curacao,CUW,2008,
Curacao,CUW,2007,
Curacao,CUW,2006,
Curacao,CUW,2005,
Curacao,CUW,2004,
Curacao,CUW,2003,
Curacao,CUW,2002,
Curacao,CUW,2001,
Curacao,CUW,2000,
Cyprus,CYP,2023,
Cyprus,CYP,2022,
Cyprus,CYP,2021,
Cyprus,CYP,2020,
Cyprus,CYP,2019,
Cyprus,CYP,2018,
Cyprus,CYP,2017,
Cyprus,CYP,2016,
Cyprus,CYP,2015,
Cyprus,CYP,2014,
Cyprus,CYP,2013,
Cyprus,CYP,2012,
Cyprus,CYP,2011,98.6800003051758
Cyprus,CYP,2010,
Cyprus,CYP,2009,
Cyprus,CYP,2008,
Cyprus,CYP,2007,
Cyprus,CYP,2006,
Cyprus,CYP,2005,
Cyprus,CYP,2004,
Cyprus,CYP,2003,
Cyprus,CYP,2002,
Cyprus,CYP,2001,96.8000030517578
Cyprus,CYP,2000,
Czechia,CZE,2023,
Czechia,CZE,2022,
Czechia,CZE,2021,
Czechia,CZE,2020,
Czechia,CZE,2019,
Czechia,CZE,2018,
Czechia,CZE,2017,
Czechia,CZE,2016,
Czechia,CZE,2015,
Czechia,CZE,2014,
Czechia,CZE,2013,
Czechia,CZE,2012,
Czechia,CZE,2011,
Czechia,CZE,2010,
Czechia,CZE,2009,
Czechia,CZE,2008,
Czechia,CZE,2007,
Czechia,CZE,2006,
Czechia,CZE,2005,
Czechia,CZE,2004,
Czechia,CZE,2003,
Czechia,CZE,2002,
Czechia,CZE,2001,
Czechia,CZE,2000,
Denmark,DNK,2023,
Denmark,DNK,2022,
Denmark,DNK,2021,
Denmark,DNK,2020,
Denmark,DNK,2019,
Denmark,DNK,2018,
Denmark,DNK,2017,
Denmark,DNK,2016,
Denmark,DNK,2015,
Denmark,DNK,2014,
Denmark,DNK,2013,
Denmark,DNK,2012,
Denmark,DNK,2011,
Denmark,DNK,2010,
Denmark,DNK,2009,
Denmark,DNK,2008,
Denmark,DNK,2007,
Denmark,DNK,2006,
Denmark,DNK,2005,
Denmark,DNK,2004,
Denmark,DNK,2003,
Denmark,DNK,2002,
Denmark,DNK,2001,
Denmark,DNK,2000,
Djibouti,DJI,2023,
Djibouti,DJI,2022,
Djibouti,DJI,2021,
Djibouti,DJI,2020,
Djibouti,DJI,2019,
Djibouti,DJI,2018,
Djibouti,DJI,2017,
Djibouti,DJI,2016,
Djibouti,DJI,2015,
Djibouti,DJI,2014,
Djibouti,DJI,2013,
Djibouti,DJI,2012,
Djibouti,DJI,2011,
Djibouti,DJI,2010,
Djibouti,DJI,2009,
Djibouti,DJI,2008,
Djibouti,DJI,2007,
Djibouti,DJI,2006,
Djibouti,DJI,2005,
Djibouti,DJI,2004,
Djibouti,DJI,2003,
Djibouti,DJI,2002,
Djibouti,DJI,2001,
Djibouti,DJI,2000,
Dominica,DMA,2023,
Dominica,DMA,2022,
Dominica,DMA,2021,
Dominica,DMA,2020,
Dominica,DMA,2019,
Dominica,DMA,2018,
Dominica,DMA,2017,
Dominica,DMA,2016,
Dominica,DMA,2015,
Dominica,DMA,2014,
Dominica,DMA,2013,
Dominica,DMA,2012,
Dominica,DMA,2011,
Dominica,DMA,2010,
Dominica,DMA,2009,
Dominica,DMA,2008,
Dominica,DMA,2007,
Dominica,DMA,2006,
Dominica,DMA,2005,
Dominica,DMA,2004,
Dominica,DMA,2003,
Dominica,DMA,2002,
Dominica,DMA,2001,
Dominica,DMA,2000,
Dominican Republic,DOM,2023,94.3123758236054
Dominican Republic,DOM,2022,93.7022375646963
Dominican Republic,DOM,2021,93.7309714425844
Dominican Republic,DOM,2020,93.6926372060753
Dominican Republic,DOM,2019,93.6726916249429
Dominican Republic,DOM,2018,93.4360584896058
Dominican Republic,DOM,2017,93.2332153385684
Dominican Republic,DOM,2016,93.7799987792969
Dominican Republic,DOM,2015,91.9899978637695
Dominican Republic,DOM,2014,91.7600021362305
Dominican Republic,DOM,2013,90.8600006103516
Dominican Republic,DOM,2012,90.1600036621094
Dominican Republic,DOM,2011,90.1100006103516
Dominican Republic,DOM,2010,89.5400009155273
Dominican Republic,DOM,2009,
Dominican Republic,DOM,2008,
Dominican Republic,DOM,2007,88.2399978637695
Dominican Republic,DOM,2006,
Dominican Republic,DOM,2005,
Dominican Republic,DOM,2004,
Dominican Republic,DOM,2003,
Dominican Republic,DOM,2002,87.0
Dominican Republic,DOM,2001,
Dominican Republic,DOM,2000,
Ecuador,ECU,2023,
Ecuador,ECU,2022,96.2600021362305
Ecuador,ECU,2021,94.4800033569336
Ecuador,ECU,2020,93.629997253418
Ecuador,ECU,2019,
Ecuador,ECU,2018,
Ecuador,ECU,2017,92.8300018310547
Ecuador,ECU,2016,94.3499984741211
Ecuador,ECU,2015,94.4599990844727
Ecuador,ECU,2014,94.2200012207031
Ecuador,ECU,2013,93.2900009155273
Ecuador,ECU,2012,92.0599975585938
Ecuador,ECU,2011,91.5899963378906
Ecuador,ECU,2010,91.8499984741211
Ecuador,ECU,2009,92.25
Ecuador,ECU,2008,92.3899993896484
Ecuador,ECU,2007,92.0999984741211
Ecuador,ECU,2006,
Ecuador,ECU,2005,
Ecuador,ECU,2004,
Ecuador,ECU,2003,
Ecuador,ECU,2002,
Ecuador,ECU,2001,90.9800033569336
Ecuador,ECU,2000,
"Egypt, Arab Rep.",EGY,2023,
"Egypt, Arab Rep.",EGY,2022,79.4531619498685
"Egypt, Arab Rep.",EGY,2021,82.0803858167894
"Egypt, Arab Rep.",EGY,2020,
"Egypt, Arab Rep.",EGY,2019,
"Egypt, Arab Rep.",EGY,2018,
"Egypt, Arab Rep.",EGY,2017,71.1699981689453
"Egypt, Arab Rep.",EGY,2016,
"Egypt, Arab Rep.",EGY,2015,
"Egypt, Arab Rep.",EGY,2014,
"Egypt, Arab Rep.",EGY,2013,72.4400024414062
"Egypt, Arab Rep.",EGY,2012,73.870002746582
"Egypt, Arab Rep.",EGY,2011,
"Egypt, Arab Rep.",EGY,2010,72.0500030517578
"Egypt, Arab Rep.",EGY,2009,
"Egypt, Arab Rep.",EGY,2008,
"Egypt, Arab Rep.",EGY,2007,
"Egypt, Arab Rep.",EGY,2006,66.370002746582
"Egypt, Arab Rep.",EGY,2005,67.3300018310547
"Egypt, Arab Rep.",EGY,2004,
"Egypt, Arab Rep.",EGY,2003,
"Egypt, Arab Rep.",EGY,2002,
"Egypt, Arab Rep.",EGY,2001,
"Egypt, Arab Rep.",EGY,2000,
El Salvador,SLV,2023,89.8499984741211
El Salvador,SLV,2022,89.3537151570456
El Salvador,SLV,2021,89.0586486323527
El Salvador,SLV,2020,89.9800033569336
El Salvador,SLV,2019,89.1399993896484
El Salvador,SLV,2018,89.0100021362305
El Salvador,SLV,2017,88.4800033569336
El Salvador,SLV,2016,88.1399993896484
El Salvador,SLV,2015,87.9700012207031
El Salvador,SLV,2014,87.4125334516516
El Salvador,SLV,2013,86.7699966430664
El Salvador,SLV,2012,85.4624559924635
El Salvador,SLV,2011,85.4899978637695
El Salvador,SLV,2010,84.4899978637695
El Salvador,SLV,2009,84.0999984741211
El Salvador,SLV,2008,83.9499969482422
El Salvador,SLV,2007,82.0299987792969
El Salvador,SLV,2006,83.5599975585938
El Salvador,SLV,2005,
El Salvador,SLV,2004,
El Salvador,SLV,2003,
El Salvador,SLV,2002,
El Salvador,SLV,2001,
El Salvador,SLV,2000,
Equatorial Guinea,GNQ,2023,
Equatorial Guinea,GNQ,2022,
Equatorial Guinea,GNQ,2021,
Equatorial Guinea,GNQ,2020,
Equatorial Guinea,GNQ,2019,
Equatorial Guinea,GNQ,2018,
Equatorial Guinea,GNQ,2017,
Equatorial Guinea,GNQ,2016,
Equatorial Guinea,GNQ,2015,
Equatorial Guinea,GNQ,2014,
Equatorial Guinea,GNQ,2013,
Equatorial Guinea,GNQ,2012,
Equatorial Guinea,GNQ,2011,
Equatorial Guinea,GNQ,2010,
Equatorial Guinea,GNQ,2009,
Equatorial Guinea,GNQ,2008,
Equatorial Guinea,GNQ,2007,
Equatorial Guinea,GNQ,2006,
Equatorial Guinea,GNQ,2005,
Equatorial Guinea,GNQ,2004,
Equatorial Guinea,GNQ,2003,
Equatorial Guinea,GNQ,2002,
Equatorial Guinea,GNQ,2001,
Equatorial Guinea,GNQ,2000,88.3099975585938
Eritrea,ERI,2023,
Eritrea,ERI,2022,
Eritrea,ERI,2021,
Eritrea,ERI,2020,
Eritrea,ERI,2019,
Eritrea,ERI,2018,
Eritrea,ERI,2017,
Eritrea,ERI,2016,
Eritrea,ERI,2015,
Eritrea,ERI,2014,
Eritrea,ERI,2013,
Eritrea,ERI,2012,
Eritrea,ERI,2011,
Eritrea,ERI,2010,
Eritrea,ERI,2009,
Eritrea,ERI,2008,64.6600036621094
Eritrea,ERI,2007,
Eritrea,ERI,2006,
Eritrea,ERI,2005,
Eritrea,ERI,2004,
Eritrea,ERI,2003,
Eritrea,ERI,2002,52.5099983215332
Eritrea,ERI,2001,
Eritrea,ERI,2000,
Estonia,EST,2023,
Estonia,EST,2022,
Estonia,EST,2021,
Estonia,EST,2020,
Estonia,EST,2019,
Estonia,EST,2018,
Estonia,EST,2017,
Estonia,EST,2016,
Estonia,EST,2015,
Estonia,EST,2014,
Estonia,EST,2013,
Estonia,EST,2012,
Estonia,EST,2011,99.8899993896484
Estonia,EST,2010,
Estonia,EST,2009,
Estonia,EST,2008,
Estonia,EST,2007,
Estonia,EST,2006,
Estonia,EST,2005,
Estonia,EST,2004,
Estonia,EST,2003,
Estonia,EST,2002,
Estonia,EST,2001,
Estonia,EST,2000,99.7699966430664
Eswatini,SWZ,2023,
Eswatini,SWZ,2022,90.75
Eswatini,SWZ,2021,
Eswatini,SWZ,2020,
Eswatini,SWZ,2019,
Eswatini,SWZ,2018,
Eswatini,SWZ,2017,
Eswatini,SWZ,2016,
Eswatini,SWZ,2015,
Eswatini,SWZ,2014,
Eswatini,SWZ,2013,
Eswatini,SWZ,2012,
Eswatini,SWZ,2011,
Eswatini,SWZ,2010,
Eswatini,SWZ,2009,
Eswatini,SWZ,2008,
Eswatini,SWZ,2007,
Eswatini,SWZ,2006,
Eswatini,SWZ,2005,
Eswatini,SWZ,2004,
Eswatini,SWZ,2003,
Eswatini,SWZ,2002,
Eswatini,SWZ,2001,
Eswatini,SWZ,2000,81.6600036621094
Ethiopia,ETH,2023,
Ethiopia,ETH,2022,60.4599990844727
Ethiopia,ETH,2021,54.8853699463392
Ethiopia,ETH,2020,
Ethiopia,ETH,2019,55.0499992370605
Ethiopia,ETH,2018,
Ethiopia,ETH,2017,
Ethiopia,ETH,2016,47.4900016784668
Ethiopia,ETH,2015,
Ethiopia,ETH,2014,
Ethiopia,ETH,2013,48.3549726348554
Ethiopia,ETH,2012,
Ethiopia,ETH,2011,
Ethiopia,ETH,2010,
Ethiopia,ETH,2009,
Ethiopia,ETH,2008,
Ethiopia,ETH,2007,39.0
Ethiopia,ETH,2006,
Ethiopia,ETH,2005,
Ethiopia,ETH,2004,35.9000015258789
Ethiopia,ETH,2003,
Ethiopia,ETH,2002,
Ethiopia,ETH,2001,
Ethiopia,ETH,2000,
Faroe Islands,FRO,2023,
Faroe Islands,FRO,2022,
Faroe Islands,FRO,2021,
Faroe Islands,FRO,2020,
Faroe Islands,FRO,2019,
Faroe Islands,FRO,2018,
Faroe Islands,FRO,2017,
Faroe Islands,FRO,2016,
Faroe Islands,FRO,2015,
Faroe Islands,FRO,2014,
Faroe Islands,FRO,2013,
Faroe Islands,FRO,2012,
Faroe Islands,FRO,2011,
Faroe Islands,FRO,2010,
Faroe Islands,FRO,2009,
Faroe Islands,FRO,2008,
Faroe Islands,FRO,2007,
Faroe Islands,FRO,2006,
Faroe Islands,FRO,2005,
Faroe Islands,FRO,2004,
Faroe Islands,FRO,2003,
Faroe Islands,FRO,2002,
Faroe Islands,FRO,2001,
Faroe Islands,FRO,2000,
Fiji,FJI,2023,
Fiji,FJI,2022,
Fiji,FJI,2021,
Fiji,FJI,2020,
Fiji,FJI,2019,
Fiji,FJI,2018,
Fiji,FJI,2017,
Fiji,FJI,2016,
Fiji,FJI,2015,
Fiji,FJI,2014,
Fiji,FJI,2013,
Fiji,FJI,2012,
Fiji,FJI,2011,
Fiji,FJI,2010,
Fiji,FJI,2009,
Fiji,FJI,2008,
Fiji,FJI,2007,
Fiji,FJI,2006,
Fiji,FJI,2005,
Fiji,FJI,2004,
Fiji,FJI,2003,
Fiji,FJI,2002,
Fiji,FJI,2001,
Fiji,FJI,2000,
Finland,FIN,2023,
Finland,FIN,2022,
Finland,FIN,2021,
Finland,FIN,2020,
Finland,FIN,2019,
Finland,FIN,2018,
Finland,FIN,2017,
Finland,FIN,2016,
Finland,FIN,2015,
Finland,FIN,2014,
Finland,FIN,2013,
Finland,FIN,2012,
Finland,FIN,2011,
Finland,FIN,2010,
Finland,FIN,2009,
Finland,FIN,2008,
Finland,FIN,2007,
Finland,FIN,2006,
Finland,FIN,2005,
Finland,FIN,2004,
Finland,FIN,2003,
Finland,FIN,2002,
Finland,FIN,2001,
Finland,FIN,2000,
France,FRA,2023,
France,FRA,2022,
France,FRA,2021,
France,FRA,2020,
France,FRA,2019,
France,FRA,2018,
France,FRA,2017,
France,FRA,2016,
France,FRA,2015,
France,FRA,2014,
France,FRA,2013,
France,FRA,2012,
France,FRA,2011,
France,FRA,2010,
France,FRA,2009,
France,FRA,2008,
France,FRA,2007,
France,FRA,2006,
France,FRA,2005,
France,FRA,2004,
France,FRA,2003,
France,FRA,2002,
France,FRA,2001,
France,FRA,2000,
French Polynesia,PYF,2023,
French Polynesia,PYF,2022,
French Polynesia,PYF,2021,
French Polynesia,PYF,2020,
French Polynesia,PYF,2019,
French Polynesia,PYF,2018,
French Polynesia,PYF,2017,
French Polynesia,PYF,2016,
French Polynesia,PYF,2015,
French Polynesia,PYF,2014,
French Polynesia,PYF,2013,
French Polynesia,PYF,2012,
French Polynesia,PYF,2011,
French Polynesia,PYF,2010,
French Polynesia,PYF,2009,
French Polynesia,PYF,2008,
French Polynesia,PYF,2007,
French Polynesia,PYF,2006,
French Polynesia,PYF,2005,
French Polynesia,PYF,2004,
French Polynesia,PYF,2003,
French Polynesia,PYF,2002,
French Polynesia,PYF,2001,
French Polynesia,PYF,2000,
Gabon,GAB,2023,
Gabon,GAB,2022,
Gabon,GAB,2021,88.8600006103516
Gabon,GAB,2020,
Gabon,GAB,2019,
Gabon,GAB,2018,
Gabon,GAB,2017,
Gabon,GAB,2016,
Gabon,GAB,2015,
Gabon,GAB,2014,
Gabon,GAB,2013,
Gabon,GAB,2012,
Gabon,GAB,2011,
Gabon,GAB,2010,
Gabon,GAB,2009,
Gabon,GAB,2008,
Gabon,GAB,2007,
Gabon,GAB,2006,
Gabon,GAB,2005,
Gabon,GAB,2004,
Gabon,GAB,2003,
Gabon,GAB,2002,
Gabon,GAB,2001,
Gabon,GAB,2000,
"Gambia, The",GMB,2023,
"Gambia, The",GMB,2022,
"Gambia, The",GMB,2021,51.6399993896484
"Gambia, The",GMB,2020,
"Gambia, The",GMB,2019,
"Gambia, The",GMB,2018,53.1599998474121
"Gambia, The",GMB,2017,
"Gambia, The",GMB,2016,
"Gambia, The",GMB,2015,50.7799987792969
"Gambia, The",GMB,2014,
"Gambia, The",GMB,2013,
"Gambia, The",GMB,2012,
"Gambia, The",GMB,2011,
"Gambia, The",GMB,2010,
"Gambia, The",GMB,2009,
"Gambia, The",GMB,2008,
"Gambia, The",GMB,2007,
"Gambia, The",GMB,2006,
"Gambia, The",GMB,2005,
"Gambia, The",GMB,2004,
"Gambia, The",GMB,2003,
"Gambia, The",GMB,2002,
"Gambia, The",GMB,2001,
"Gambia, The",GMB,2000,36.8199996948242
Georgia,GEO,2023,99.5599975585938
Georgia,GEO,2022,99.5699996948242
Georgia,GEO,2021,99.9180842054209
Georgia,GEO,2020,99.8930662080586
Georgia,GEO,2019,99.8757151699707
Georgia,GEO,2018,99.6500015258789
Georgia,GEO,2017,99.3600006103516
Georgia,GEO,2016,
Georgia,GEO,2015,
Georgia,GEO,2014,99.5899963378906
Georgia,GEO,2013,
Georgia,GEO,2012,
Georgia,GEO,2011,
Georgia,GEO,2010,
Georgia,GEO,2009,
Georgia,GEO,2008,
Georgia,GEO,2007,
Georgia,GEO,2006,
Georgia,GEO,2005,
Georgia,GEO,2004,
Georgia,GEO,2003,
Georgia,GEO,2002,99.6500015258789
Georgia,GEO,2001,
Georgia,GEO,2000,
Germany,DEU,2023,
Germany,DEU,2022,
Germany,DEU,2021,
Germany,DEU,2020,
Germany,DEU,2019,
Germany,DEU,2018,
Germany,DEU,2017,
Germany,DEU,2016,
Germany,DEU,2015,
Germany,DEU,2014,
Germany,DEU,2013,
Germany,DEU,2012,
Germany,DEU,2011,
Germany,DEU,2010,
Germany,DEU,2009,
Germany,DEU,2008,
Germany,DEU,2007,
Germany,DEU,2006,
Germany,DEU,2005,
Germany,DEU,2004,
Germany,DEU,2003,
Germany,DEU,2002,
Germany,DEU,2001,
Germany,DEU,2000,
Ghana,GHA,2023,
Ghana,GHA,2022,
Ghana,GHA,2021,76.4899978637695
Ghana,GHA,2020,
Ghana,GHA,2019,
Ghana,GHA,2018,
Ghana,GHA,2017,64.4899978637695
Ghana,GHA,2016,
Ghana,GHA,2015,60.1981035367761
Ghana,GHA,2014,
Ghana,GHA,2013,
Ghana,GHA,2012,
Ghana,GHA,2011,
Ghana,GHA,2010,71.5
Ghana,GHA,2009,
Ghana,GHA,2008,
Ghana,GHA,2007,
Ghana,GHA,2006,
Ghana,GHA,2005,
Ghana,GHA,2004,
Ghana,GHA,2003,
Ghana,GHA,2002,
Ghana,GHA,2001,
Ghana,GHA,2000,57.9000015258789
Gibraltar,GIB,2023,
Gibraltar,GIB,2022,
Gibraltar,GIB,2021,
Gibraltar,GIB,2020,
Gibraltar,GIB,2019,
Gibraltar,GIB,2018,
Gibraltar,GIB,2017,
Gibraltar,GIB,2016,
Gibraltar,GIB,2015,
Gibraltar,GIB,2014,
Gibraltar,GIB,2013,
Gibraltar,GIB,2012,
Gibraltar,GIB,2011,
Gibraltar,GIB,2010,
Gibraltar,GIB,2009,
Gibraltar,GIB,2008,
Gibraltar,GIB,2007,
Gibraltar,GIB,2006,
Gibraltar,GIB,2005,
Gibraltar,GIB,2004,
Gibraltar,GIB,2003,
Gibraltar,GIB,2002,
Gibraltar,GIB,2001,
Gibraltar,GIB,2000,
Greece,GRC,2023,
Greece,GRC,2022,
Greece,GRC,2021,
Greece,GRC,2020,
Greece,GRC,2019,
Greece,GRC,2018,
Greece,GRC,2017,
Greece,GRC,2016,
Greece,GRC,2015,
Greece,GRC,2014,
Greece,GRC,2013,
Greece,GRC,2012,
Greece,GRC,2011,
Greece,GRC,2010,
Greece,GRC,2009,93.9100036621094
Greece,GRC,2008,
Greece,GRC,2007,
Greece,GRC,2006,
Greece,GRC,2005,
Greece,GRC,2004,
Greece,GRC,2003,
Greece,GRC,2002,
Greece,GRC,2001,95.9899978637695
Greece,GRC,2000,
Greenland,GRL,2023,
Greenland,GRL,2022,
Greenland,GRL,2021,
Greenland,GRL,2020,
Greenland,GRL,2019,
Greenland,GRL,2018,
Greenland,GRL,2017,
Greenland,GRL,2016,
Greenland,GRL,2015,
Greenland,GRL,2014,
Greenland,GRL,2013,
Greenland,GRL,2012,
Greenland,GRL,2011,
Greenland,GRL,2010,
Greenland,GRL,2009,
Greenland,GRL,2008,
Greenland,GRL,2007,
Greenland,GRL,2006,
Greenland,GRL,2005,
Greenland,GRL,2004,
Greenland,GRL,2003,
Greenland,GRL,2002,
Greenland,GRL,2001,
Greenland,GRL,2000,
Grenada,GRD,2023,
Grenada,GRD,2022,
Grenada,GRD,2021,
Grenada,GRD,2020,
Grenada,GRD,2019,
Grenada,GRD,2018,
Grenada,GRD,2017,
Grenada,GRD,2016,
Grenada,GRD,2015,
Grenada,GRD,2014,
Grenada,GRD,2013,
Grenada,GRD,2012,
Grenada,GRD,2011,
Grenada,GRD,2010,
Grenada,GRD,2009,
Grenada,GRD,2008,
Grenada,GRD,2007,
Grenada,GRD,2006,
Grenada,GRD,2005,
Grenada,GRD,2004,
Grenada,GRD,2003,
Grenada,GRD,2002,
Grenada,GRD,2001,
Grenada,GRD,2000,
Guam,GUM,2023,
Guam,GUM,2022,
Guam,GUM,2021,
Guam,GUM,2020,
Guam,GUM,2019,
Guam,GUM,2018,
Guam,GUM,2017,
Guam,GUM,2016,
Guam,GUM,2015,
Guam,GUM,2014,
Guam,GUM,2013,
Guam,GUM,2012,
Guam,GUM,2011,
Guam,GUM,2010,
Guam,GUM,2009,
Guam,GUM,2008,
Guam,GUM,2007,
Guam,GUM,2006,
Guam,GUM,2005,
Guam,GUM,2004,
Guam,GUM,2003,
Guam,GUM,2002,
Guam,GUM,2001,
Guam,GUM,2000,
Guatemala,GTM,2023,83.0195796057608
Guatemala,GTM,2022,83.0299987792969
Guatemala,GTM,2021,
Guatemala,GTM,2020,
Guatemala,GTM,2019,
Guatemala,GTM,2018,80.8099975585938
Guatemala,GTM,2017,
Guatemala,GTM,2016,
Guatemala,GTM,2015,80.1999969482422
Guatemala,GTM,2014,81.2900009155273
Guatemala,GTM,2013,77.0400009155273
Guatemala,GTM,2012,78.2600021362305
Guatemala,GTM,2011,
Guatemala,GTM,2010,
Guatemala,GTM,2009,
Guatemala,GTM,2008,
Guatemala,GTM,2007,
Guatemala,GTM,2006,
Guatemala,GTM,2005,
Guatemala,GTM,2004,
Guatemala,GTM,2003,
Guatemala,GTM,2002,69.0999984741211
Guatemala,GTM,2001,
Guatemala,GTM,2000,
Guinea,GIN,2023,
Guinea,GIN,2022,
Guinea,GIN,2021,
Guinea,GIN,2020,
Guinea,GIN,2019,
Guinea,GIN,2018,39.6199989318848
Guinea,GIN,2017,
Guinea,GIN,2016,
Guinea,GIN,2015,
Guinea,GIN,2014,32.0
Guinea,GIN,2013,
Guinea,GIN,2012,
Guinea,GIN,2011,
Guinea,GIN,2010,25.3099994659424
Guinea,GIN,2009,
Guinea,GIN,2008,
Guinea,GIN,2007,
Guinea,GIN,2006,
Guinea,GIN,2005,
Guinea,GIN,2004,
Guinea,GIN,2003,29.7000007629394
Guinea,GIN,2002,
Guinea,GIN,2001,
Guinea,GIN,2000,
Guinea-Bissau,GNB,2023,
Guinea-Bissau,GNB,2022,63.9300003051758
Guinea-Bissau,GNB,2021,
Guinea-Bissau,GNB,2020,
Guinea-Bissau,GNB,2019,54.8800010681152
Guinea-Bissau,GNB,2018,
Guinea-Bissau,GNB,2017,
Guinea-Bissau,GNB,2016,
Guinea-Bissau,GNB,2015,
Guinea-Bissau,GNB,2014,
Guinea-Bissau,GNB,2013,
Guinea-Bissau,GNB,2012,
Guinea-Bissau,GNB,2011,
Guinea-Bissau,GNB,2010,
Guinea-Bissau,GNB,2009,
Guinea-Bissau,GNB,2008,
Guinea-Bissau,GNB,2007,
Guinea-Bissau,GNB,2006,
Guinea-Bissau,GNB,2005,
Guinea-Bissau,GNB,2004,
Guinea-Bissau,GNB,2003,
Guinea-Bissau,GNB,2002,
Guinea-Bissau,GNB,2001,
Guinea-Bissau,GNB,2000,41.3600006103516
Guyana,GUY,2023,
Guyana,GUY,2022,
Guyana,GUY,2021,
Guyana,GUY,2020,85.6399993896484
Guyana,GUY,2019,
Guyana,GUY,2018,
Guyana,GUY,2017,
Guyana,GUY,2016,
Guyana,GUY,2015,
Guyana,GUY,2014,
Guyana,GUY,2013,
Guyana,GUY,2012,
Guyana,GUY,2011,
Guyana,GUY,2010,
Guyana,GUY,2009,
Guyana,GUY,2008,
Guyana,GUY,2007,
Guyana,GUY,2006,
Guyana,GUY,2005,
Guyana,GUY,2004,
Guyana,GUY,2003,
Guyana,GUY,2002,
Guyana,GUY,2001,
Guyana,GUY,2000,
Haiti,HTI,2023,
Haiti,HTI,2022,
Haiti,HTI,2021,
Haiti,HTI,2020,
Haiti,HTI,2019,
Haiti,HTI,2018,
Haiti,HTI,2017,68.0100021362305
Haiti,HTI,2016,
Haiti,HTI,2015,
Haiti,HTI,2014,
Haiti,HTI,2013,
Haiti,HTI,2012,73.953334886651
Haiti,HTI,2011,
Haiti,HTI,2010,
Haiti,HTI,2009,
Haiti,HTI,2008,
Haiti,HTI,2007,
Haiti,HTI,2006,
Haiti,HTI,2005,
Haiti,HTI,2004,
Haiti,HTI,2003,58.7400016784668
Haiti,HTI,2002,
Haiti,HTI,2001,
Haiti,HTI,2000,
Honduras,HND,2023,87.0899963378906
Honduras,HND,2022,88.2192789618317
Honduras,HND,2021,
Honduras,HND,2020,
Honduras,HND,2019,88.5100021362305
Honduras,HND,2018,87.2099990844727
Honduras,HND,2017,
Honduras,HND,2016,88.9899978637695
Honduras,HND,2015,87.9100036621094
Honduras,HND,2014,87.1999969482422
Honduras,HND,2013,85.4599990844727
Honduras,HND,2012,85.3600006103516
Honduras,HND,2011,85.120002746582
Honduras,HND,2010,84.7600021362305
Honduras,HND,2009,
Honduras,HND,2008,
Honduras,HND,2007,83.5899963378906
Honduras,HND,2006,
Honduras,HND,2005,
Honduras,HND,2004,
Honduras,HND,2003,
Honduras,HND,2002,
Honduras,HND,2001,80.0100021362305
Honduras,HND,2000,
"Hong Kong SAR, China",HKG,2023,
"Hong Kong SAR, China",HKG,2022,
"Hong Kong SAR, China",HKG,2021,
"Hong Kong SAR, China",HKG,2020,
"Hong Kong SAR, China",HKG,2019,
"Hong Kong SAR, China",HKG,2018,
"Hong Kong SAR, China",HKG,2017,
"Hong Kong SAR, China",HKG,2016,
"Hong Kong SAR, China",HKG,2015,
"Hong Kong SAR, China",HKG,2014,
"Hong Kong SAR, China",HKG,2013,
"Hong Kong SAR, China",HKG,2012,
"Hong Kong SAR, China",HKG,2011,
"Hong Kong SAR, China",HKG,2010,
"Hong Kong SAR, China",HKG,2009,
"Hong Kong SAR, China",HKG,2008,
"Hong Kong SAR, China",HKG,2007,
"Hong Kong SAR, China",HKG,2006,
"Hong Kong SAR, China",HKG,2005,
"Hong Kong SAR, China",HKG,2004,
"Hong Kong SAR, China",HKG,2003,
"Hong Kong SAR, China",HKG,2002,
"Hong Kong SAR, China",HKG,2001,
"Hong Kong SAR, China",HKG,2000,
Hungary,HUN,2023,
Hungary,HUN,2022,
Hungary,HUN,2021,
Hungary,HUN,2020,
Hungary,HUN,2019,
Hungary,HUN,2018,
Hungary,HUN,2017,
Hungary,HUN,2016,
Hungary,HUN,2015,
Hungary,HUN,2014,
Hungary,HUN,2013,
Hungary,HUN,2012,
Hungary,HUN,2011,
Hungary,HUN,2010,
Hungary,HUN,2009,
Hungary,HUN,2008,
Hungary,HUN,2007,
Hungary,HUN,2006,
Hungary,HUN,2005,
Hungary,HUN,2004,
Hungary,HUN,2003,
Hungary,HUN,2002,
Hungary,HUN,2001,
Hungary,HUN,2000,
Iceland,ISL,2023,
Iceland,ISL,2022,
Iceland,ISL,2021,
Iceland,ISL,2020,
Iceland,ISL,2019,
Iceland,ISL,2018,
Iceland,ISL,2017,
Iceland,ISL,2016,
Iceland,ISL,2015,
Iceland,ISL,2014,
Iceland,ISL,2013,
Iceland,ISL,2012,
Iceland,ISL,2011,
Iceland,ISL,2010,
Iceland,ISL,2009,
Iceland,ISL,2008,
Iceland,ISL,2007,
Iceland,ISL,2006,
Iceland,ISL,2005,
Iceland,ISL,2004,
Iceland,ISL,2003,
Iceland,ISL,2002,
Iceland,ISL,2001,
Iceland,ISL,2000,
India,IND,2023,81.6999969482422
India,IND,2022,76.3199996948242
India,IND,2021,76.0596617430205
India,IND,2020,75.5270629470344
India,IND,2019,74.8938629973395
India,IND,2018,73.6883524760717
India,IND,2017,
India,IND,2016,
India,IND,2015,
India,IND,2014,
India,IND,2013,
India,IND,2012,69.8279300354369
India,IND,2011,69.3000030517578
India,IND,2010,68.325817300837
India,IND,2009,
India,IND,2008,
India,IND,2007,
India,IND,2006,62.75
India,IND,2005,
India,IND,2004,
India,IND,2003,
India,IND,2002,
India,IND,2001,61.0099983215332
India,IND,2000,
Indonesia,IDN,2023,
Indonesia,IDN,2022,
Indonesia,IDN,2021,
Indonesia,IDN,2020,96.0
Indonesia,IDN,2019,
Indonesia,IDN,2018,95.6600036621094
Indonesia,IDN,2017,
Indonesia,IDN,2016,95.379997253418
Indonesia,IDN,2015,95.2200012207031
Indonesia,IDN,2014,95.120002746582
Indonesia,IDN,2013,
Indonesia,IDN,2012,
Indonesia,IDN,2011,92.8099975585938
Indonesia,IDN,2010,92.3199996948242
Indonesia,IDN,2009,92.5800018310547
Indonesia,IDN,2008,92.1900024414062
Indonesia,IDN,2007,
Indonesia,IDN,2006,91.9800033569336
Indonesia,IDN,2005,
Indonesia,IDN,2004,90.379997253418
Indonesia,IDN,2003,
Indonesia,IDN,2002,
Indonesia,IDN,2001,
Indonesia,IDN,2000,
"Iran, Islamic Rep.",IRN,2023,88.9168161136597
"Iran, Islamic Rep.",IRN,2022,88.5942297159365
"Iran, Islamic Rep.",IRN,2021,88.4555944977134
"Iran, Islamic Rep.",IRN,2020,87.9028264049083
"Iran, Islamic Rep.",IRN,2019,87.3788306734933
"Iran, Islamic Rep.",IRN,2018,86.8688350894209
"Iran, Islamic Rep.",IRN,2017,85.9467906933665
"Iran, Islamic Rep.",IRN,2016,85.5400009155273
"Iran, Islamic Rep.",IRN,2015,85.283432659187
"Iran, Islamic Rep.",IRN,2014,84.7099990844727
"Iran, Islamic Rep.",IRN,2013,84.629997253418
"Iran, Islamic Rep.",IRN,2012,83.629997253418
"Iran, Islamic Rep.",IRN,2011,83.5199966430664
"Iran, Islamic Rep.",IRN,2010,83.6646682357838
"Iran, Islamic Rep.",IRN,2009,83.222239914938
"Iran, Islamic Rep.",IRN,2008,82.9599990844727
"Iran, Islamic Rep.",IRN,2007,
"Iran, Islamic Rep.",IRN,2006,82.3300018310547
"Iran, Islamic Rep.",IRN,2005,82.4400024414062
"Iran, Islamic Rep.",IRN,2004,
"Iran, Islamic Rep.",IRN,2003,
"Iran, Islamic Rep.",IRN,2002,77.0
"Iran, Islamic Rep.",IRN,2001,
"Iran, Islamic Rep.",IRN,2000,
Iraq,IRQ,2023,
Iraq,IRQ,2022,
Iraq,IRQ,2021,84.0648941705243
Iraq,IRQ,2020,
Iraq,IRQ,2019,
Iraq,IRQ,2018,
Iraq,IRQ,2017,85.5999984741211
Iraq,IRQ,2016,83.3000030517578
Iraq,IRQ,2015,
Iraq,IRQ,2014,82.1999969482422
Iraq,IRQ,2013,
Iraq,IRQ,2012,77.1999969482422
Iraq,IRQ,2011,
Iraq,IRQ,2010,
Iraq,IRQ,2009,
Iraq,IRQ,2008,
Iraq,IRQ,2007,
Iraq,IRQ,2006,
Iraq,IRQ,2005,
Iraq,IRQ,2004,
Iraq,IRQ,2003,
Iraq,IRQ,2002,
Iraq,IRQ,2001,
Iraq,IRQ,2000,74.0500030517578
Ireland,IRL,2023,
Ireland,IRL,2022,
Ireland,IRL,2021,
Ireland,IRL,2020,
Ireland,IRL,2019,
Ireland,IRL,2018,
Ireland,IRL,2017,
Ireland,IRL,2016,
Ireland,IRL,2015,
Ireland,IRL,2014,
Ireland,IRL,2013,
Ireland,IRL,2012,
Ireland,IRL,2011,
Ireland,IRL,2010,
Ireland,IRL,2009,
Ireland,IRL,2008,
Ireland,IRL,2007,
Ireland,IRL,2006,
Ireland,IRL,2005,
Ireland,IRL,2004,
Ireland,IRL,2003,
Ireland,IRL,2002,
Ireland,IRL,2001,
Ireland,IRL,2000,
Isle of Man,IMN,2023,
Isle of Man,IMN,2022,
Isle of Man,IMN,2021,
Isle of Man,IMN,2020,
Isle of Man,IMN,2019,
Isle of Man,IMN,2018,
Isle of Man,IMN,2017,
Isle of Man,IMN,2016,
Isle of Man,IMN,2015,
Isle of Man,IMN,2014,
Isle of Man,IMN,2013,
Isle of Man,IMN,2012,
Isle of Man,IMN,2011,
Isle of Man,IMN,2010,
Isle of Man,IMN,2009,
Isle of Man,IMN,2008,
Isle of Man,IMN,2007,
Isle of Man,IMN,2006,
Isle of Man,IMN,2005,
Isle of Man,IMN,2004,
Isle of Man,IMN,2003,
Isle of Man,IMN,2002,
Isle of Man,IMN,2001,
Isle of Man,IMN,2000,
Israel,ISR,2023,
Israel,ISR,2022,
Israel,ISR,2021,
Israel,ISR,2020,
Israel,ISR,2019,
Israel,ISR,2018,
Israel,ISR,2017,
Israel,ISR,2016,
Israel,ISR,2015,
Israel,ISR,2014,
Israel,ISR,2013,
Israel,ISR,2012,
Israel,ISR,2011,
Israel,ISR,2010,
Israel,ISR,2009,
Israel,ISR,2008,
Israel,ISR,2007,
Israel,ISR,2006,
Israel,ISR,2005,
Israel,ISR,2004,
Israel,ISR,2003,
Israel,ISR,2002,
Israel,ISR,2001,
Israel,ISR,2000,
Italy,ITA,2023,
Italy,ITA,2022,
Italy,ITA,2021,
Italy,ITA,2020,
Italy,ITA,2019,99.3499984741211
Italy,ITA,2018,
Italy,ITA,2017,
Italy,ITA,2016,
Italy,ITA,2015,
Italy,ITA,2014,
Italy,ITA,2013,
Italy,ITA,2012,
Italy,ITA,2011,98.8499984741211
Italy,ITA,2010,
Italy,ITA,2009,
Italy,ITA,2008,
Italy,ITA,2007,
Italy,ITA,2006,
Italy,ITA,2005,
Italy,ITA,2004,
Italy,ITA,2003,
Italy,ITA,2002,
Italy,ITA,2001,98.4199981689453
Italy,ITA,2000,
Jamaica,JAM,2023,
Jamaica,JAM,2022,
Jamaica,JAM,2021,
Jamaica,JAM,2020,
Jamaica,JAM,2019,
Jamaica,JAM,2018,
Jamaica,JAM,2017,
Jamaica,JAM,2016,
Jamaica,JAM,2015,
Jamaica,JAM,2014,
Jamaica,JAM,2013,
Jamaica,JAM,2012,
Jamaica,JAM,2011,
Jamaica,JAM,2010,
Jamaica,JAM,2009,
Jamaica,JAM,2008,
Jamaica,JAM,2007,
Jamaica,JAM,2006,
Jamaica,JAM,2005,
Jamaica,JAM,2004,
Jamaica,JAM,2003,
Jamaica,JAM,2002,
Jamaica,JAM,2001,
Jamaica,JAM,2000,
Japan,JPN,2023,
Japan,JPN,2022,
Japan,JPN,2021,
Japan,JPN,2020,
Japan,JPN,2019,
Japan,JPN,2018,
Japan,JPN,2017,
Japan,JPN,2016,
Japan,JPN,2015,
Japan,JPN,2014,
Japan,JPN,2013,
Japan,JPN,2012,
Japan,JPN,2011,
Japan,JPN,2010,
Japan,JPN,2009,
Japan,JPN,2008,
Japan,JPN,2007,
Japan,JPN,2006,
Japan,JPN,2005,
Japan,JPN,2004,
Japan,JPN,2003,
Japan,JPN,2002,
Japan,JPN,2001,
Japan,JPN,2000,
Jordan,JOR,2023,94.8499984741211
Jordan,JOR,2022,
Jordan,JOR,2021,
Jordan,JOR,2020,
Jordan,JOR,2019,
Jordan,JOR,2018,95.4300003051758
Jordan,JOR,2017,
Jordan,JOR,2016,
Jordan,JOR,2015,
Jordan,JOR,2014,
Jordan,JOR,2013,
Jordan,JOR,2012,97.8899993896484
Jordan,JOR,2011,95.9000015258789
Jordan,JOR,2010,92.5500030517578
Jordan,JOR,2009,
Jordan,JOR,2008,
Jordan,JOR,2007,92.1999969482422
Jordan,JOR,2006,
Jordan,JOR,2005,91.129997253418
Jordan,JOR,2004,
Jordan,JOR,2003,89.8899993896484
Jordan,JOR,2002,
Jordan,JOR,2001,
Jordan,JOR,2000,
Kazakhstan,KAZ,2023,
Kazakhstan,KAZ,2022,
Kazakhstan,KAZ,2021,
Kazakhstan,KAZ,2020,
Kazakhstan,KAZ,2019,
Kazakhstan,KAZ,2018,
Kazakhstan,KAZ,2017,
Kazakhstan,KAZ,2016,
Kazakhstan,KAZ,2015,
Kazakhstan,KAZ,2014,
Kazakhstan,KAZ,2013,
Kazakhstan,KAZ,2012,
Kazakhstan,KAZ,2011,
Kazakhstan,KAZ,2010,
Kazakhstan,KAZ,2009,99.7300033569336
Kazakhstan,KAZ,2008,
Kazakhstan,KAZ,2007,
Kazakhstan,KAZ,2006,
Kazakhstan,KAZ,2005,
Kazakhstan,KAZ,2004,
Kazakhstan,KAZ,2003,
Kazakhstan,KAZ,2002,
Kazakhstan,KAZ,2001,
Kazakhstan,KAZ,2000,
Kenya,KEN,2023,
Kenya,KEN,2022,
Kenya,KEN,2021,
Kenya,KEN,2020,
Kenya,KEN,2019,
Kenya,KEN,2018,
Kenya,KEN,2017,
Kenya,KEN,2016,
Kenya,KEN,2015,
Kenya,KEN,2014,
Kenya,KEN,2013,
Kenya,KEN,2012,
Kenya,KEN,2011,
Kenya,KEN,2010,
Kenya,KEN,2009,
Kenya,KEN,2008,
Kenya,KEN,2007,
Kenya,KEN,2006,
Kenya,KEN,2005,
Kenya,KEN,2004,
Kenya,KEN,2003,
Kenya,KEN,2002,
Kenya,KEN,2001,
Kenya,KEN,2000,82.2300033569336
Kiribati,KIR,2023,
Kiribati,KIR,2022,
Kiribati,KIR,2021,
Kiribati,KIR,2020,98.6079816424987
Kiribati,KIR,2019,
Kiribati,KIR,2018,97.9599990844727
Kiribati,KIR,2017,
Kiribati,KIR,2016,
Kiribati,KIR,2015,
Kiribati,KIR,2014,
Kiribati,KIR,2013,
Kiribati,KIR,2012,
Kiribati,KIR,2011,
Kiribati,KIR,2010,
Kiribati,KIR,2009,
Kiribati,KIR,2008,
Kiribati,KIR,2007,
Kiribati,KIR,2006,
Kiribati,KIR,2005,
Kiribati,KIR,2004,
Kiribati,KIR,2003,
Kiribati,KIR,2002,
Kiribati,KIR,2001,
Kiribati,KIR,2000,
"Korea, Dem. People's Rep.",PRK,2023,
"Korea, Dem. People's Rep.",PRK,2022,
"Korea, Dem. People's Rep.",PRK,2021,
"Korea, Dem. People's Rep.",PRK,2020,
"Korea, Dem. People's Rep.",PRK,2019,
"Korea, Dem. People's Rep.",PRK,2018,
"Korea, Dem. People's Rep.",PRK,2017,
"Korea, Dem. People's Rep.",PRK,2016,
"Korea, Dem. People's Rep.",PRK,2015,
"Korea, Dem. People's Rep.",PRK,2014,
"Korea, Dem. People's Rep.",PRK,2013,
"Korea, Dem. People's Rep.",PRK,2012,
"Korea, Dem. People's Rep.",PRK,2011,
"Korea, Dem. People's Rep.",PRK,2010,
"Korea, Dem. People's Rep.",PRK,2009,
"Korea, Dem. People's Rep.",PRK,2008,100.0
"Korea, Dem. People's Rep.",PRK,2007,
"Korea, Dem. People's Rep.",PRK,2006,
"Korea, Dem. People's Rep.",PRK,2005,
"Korea, Dem. People's Rep.",PRK,2004,
"Korea, Dem. People's Rep.",PRK,2003,
"Korea, Dem. People's Rep.",PRK,2002,
"Korea, Dem. People's Rep.",PRK,2001,
"Korea, Dem. People's Rep.",PRK,2000,
"Korea, Rep.",KOR,2023,
"Korea, Rep.",KOR,2022,
"Korea, Rep.",KOR,2021,
"Korea, Rep.",KOR,2020,
"Korea, Rep.",KOR,2019,
"Korea, Rep.",KOR,2018,
"Korea, Rep.",KOR,2017,
"Korea, Rep.",KOR,2016,
"Korea, Rep.",KOR,2015,
"Korea, Rep.",KOR,2014,
"Korea, Rep.",KOR,2013,
"Korea, Rep.",KOR,2012,
"Korea, Rep.",KOR,2011,
"Korea, Rep.",KOR,2010,
"Korea, Rep.",KOR,2009,
"Korea, Rep.",KOR,2008,97.9700012207031
"Korea, Rep.",KOR,2007,
"Korea, Rep.",KOR,2006,
"Korea, Rep.",KOR,2005,
"Korea, Rep.",KOR,2004,
"Korea, Rep.",KOR,2003,
"Korea, Rep.",KOR,2002,
"Korea, Rep.",KOR,2001,
"Korea, Rep.",KOR,2000,
Kosovo,XKX,2023,
Kosovo,XKX,2022,
Kosovo,XKX,2021,
Kosovo,XKX,2020,
Kosovo,XKX,2019,
Kosovo,XKX,2018,
Kosovo,XKX,2017,
Kosovo,XKX,2016,
Kosovo,XKX,2015,
Kosovo,XKX,2014,
Kosovo,XKX,2013,
Kosovo,XKX,2012,
Kosovo,XKX,2011,
Kosovo,XKX,2010,
Kosovo,XKX,2009,
Kosovo,XKX,2008,
Kosovo,XKX,2007,
Kosovo,XKX,2006,
Kosovo,XKX,2005,
Kosovo,XKX,2004,
Kosovo,XKX,2003,
Kosovo,XKX,2002,
Kosovo,XKX,2001,
Kosovo,XKX,2000,
Kuwait,KWT,2023,
Kuwait,KWT,2022,
Kuwait,KWT,2021,
Kuwait,KWT,2020,96.4599990844727
Kuwait,KWT,2019,
Kuwait,KWT,2018,96.0599975585938
Kuwait,KWT,2017,96.0400009155273
Kuwait,KWT,2016,
Kuwait,KWT,2015,95.6900024414062
Kuwait,KWT,2014,
Kuwait,KWT,2013,95.5899963378906
Kuwait,KWT,2012,95.5100021362305
Kuwait,KWT,2011,
Kuwait,KWT,2010,94.4700012207031
Kuwait,KWT,2009,
Kuwait,KWT,2008,93.9000015258789
Kuwait,KWT,2007,93.6600036621094
Kuwait,KWT,2006,93.2799987792969
Kuwait,KWT,2005,93.2699966430664
Kuwait,KWT,2004,
Kuwait,KWT,2003,
Kuwait,KWT,2002,
Kuwait,KWT,2001,
Kuwait,KWT,2000,
Kyrgyz Republic,KGZ,2023,
Kyrgyz Republic,KGZ,2022,
Kyrgyz Republic,KGZ,2021,
Kyrgyz Republic,KGZ,2020,
Kyrgyz Republic,KGZ,2019,
Kyrgyz Republic,KGZ,2018,
Kyrgyz Republic,KGZ,2017,
Kyrgyz Republic,KGZ,2016,
Kyrgyz Republic,KGZ,2015,
Kyrgyz Republic,KGZ,2014,
Kyrgyz Republic,KGZ,2013,
Kyrgyz Republic,KGZ,2012,
Kyrgyz Republic,KGZ,2011,
Kyrgyz Republic,KGZ,2010,
Kyrgyz Republic,KGZ,2009,99.2399978637695
Kyrgyz Republic,KGZ,2008,
Kyrgyz Republic,KGZ,2007,
Kyrgyz Republic,KGZ,2006,
Kyrgyz Republic,KGZ,2005,
Kyrgyz Republic,KGZ,2004,
Kyrgyz Republic,KGZ,2003,
Kyrgyz Republic,KGZ,2002,
Kyrgyz Republic,KGZ,2001,
Kyrgyz Republic,KGZ,2000,
Lao PDR,LAO,2023,75.6399993896484
Lao PDR,LAO,2022,
Lao PDR,LAO,2021,
Lao PDR,LAO,2020,
Lao PDR,LAO,2019,
Lao PDR,LAO,2018,
Lao PDR,LAO,2017,73.7200012207031
Lao PDR,LAO,2016,
Lao PDR,LAO,2015,84.6600036621094
Lao PDR,LAO,2014,
Lao PDR,LAO,2013,
Lao PDR,LAO,2012,
Lao PDR,LAO,2011,
Lao PDR,LAO,2010,
Lao PDR,LAO,2009,
Lao PDR,LAO,2008,
Lao PDR,LAO,2007,
Lao PDR,LAO,2006,
Lao PDR,LAO,2005,72.6999969482422
Lao PDR,LAO,2004,
Lao PDR,LAO,2003,
Lao PDR,LAO,2002,
Lao PDR,LAO,2001,68.7300033569336
Lao PDR,LAO,2000,69.5800018310547
Latvia,LVA,2023,
Latvia,LVA,2022,
Latvia,LVA,2021,
Latvia,LVA,2020,
Latvia,LVA,2019,
Latvia,LVA,2018,
Latvia,LVA,2017,
Latvia,LVA,2016,
Latvia,LVA,2015,
Latvia,LVA,2014,
Latvia,LVA,2013,
Latvia,LVA,2012,
Latvia,LVA,2011,99.9000015258789
Latvia,LVA,2010,
Latvia,LVA,2009,
Latvia,LVA,2008,
Latvia,LVA,2007,
Latvia,LVA,2006,
Latvia,LVA,2005,
Latvia,LVA,2004,
Latvia,LVA,2003,
Latvia,LVA,2002,
Latvia,LVA,2001,
Latvia,LVA,2000,99.75
Lebanon,LBN,2023,
Lebanon,LBN,2022,
Lebanon,LBN,2021,
Lebanon,LBN,2020,
Lebanon,LBN,2019,92.0099744752418
Lebanon,LBN,2018,92.6699981689453
Lebanon,LBN,2017,
Lebanon,LBN,2016,
Lebanon,LBN,2015,
Lebanon,LBN,2014,
Lebanon,LBN,2013,
Lebanon,LBN,2012,
Lebanon,LBN,2011,
Lebanon,LBN,2010,
Lebanon,LBN,2009,91.1800003051758
Lebanon,LBN,2008,
Lebanon,LBN,2007,89.6100006103516
Lebanon,LBN,2006,
Lebanon,LBN,2005,
Lebanon,LBN,2004,
Lebanon,LBN,2003,
Lebanon,LBN,2002,
Lebanon,LBN,2001,
Lebanon,LBN,2000,
Lesotho,LSO,2023,
Lesotho,LSO,2022,
Lesotho,LSO,2021,
Lesotho,LSO,2020,
Lesotho,LSO,2019,92.3961659464955
Lesotho,LSO,2018,86.2399978637695
Lesotho,LSO,2017,
Lesotho,LSO,2016,97.2699966430664
Lesotho,LSO,2015,
Lesotho,LSO,2014,
Lesotho,LSO,2013,
Lesotho,LSO,2012,
Lesotho,LSO,2011,
Lesotho,LSO,2010,
Lesotho,LSO,2009,
Lesotho,LSO,2008,
Lesotho,LSO,2007,
Lesotho,LSO,2006,66.0999984741211
Lesotho,LSO,2005,
Lesotho,LSO,2004,
Lesotho,LSO,2003,
Lesotho,LSO,2002,
Lesotho,LSO,2001,
Lesotho,LSO,2000,86.25
Liberia,LBR,2023,
Liberia,LBR,2022,
Liberia,LBR,2021,
Liberia,LBR,2020,
Liberia,LBR,2019,
Liberia,LBR,2018,
Liberia,LBR,2017,
Liberia,LBR,2016,
Liberia,LBR,2015,
Liberia,LBR,2014,
Liberia,LBR,2013,
Liberia,LBR,2012,
Liberia,LBR,2011,
Liberia,LBR,2010,59.4030316392756
Liberia,LBR,2009,
Liberia,LBR,2008,
Liberia,LBR,2007,
Liberia,LBR,2006,
Liberia,LBR,2005,
Liberia,LBR,2004,
Liberia,LBR,2003,
Liberia,LBR,2002,
Liberia,LBR,2001,
Liberia,LBR,2000,
Libya,LBY,2023,
Libya,LBY,2022,
Libya,LBY,2021,
Libya,LBY,2020,
Libya,LBY,2019,
Libya,LBY,2018,
Libya,LBY,2017,
Libya,LBY,2016,
Libya,LBY,2015,
Libya,LBY,2014,
Libya,LBY,2013,
Libya,LBY,2012,
Libya,LBY,2011,
Libya,LBY,2010,
Libya,LBY,2009,
Libya,LBY,2008,
Libya,LBY,2007,
Libya,LBY,2006,
Libya,LBY,2005,
Libya,LBY,2004,
Libya,LBY,2003,
Libya,LBY,2002,
Libya,LBY,2001,
Libya,LBY,2000,
Liechtenstein,LIE,2023,
Liechtenstein,LIE,2022,
Liechtenstein,LIE,2021,
Liechtenstein,LIE,2020,
Liechtenstein,LIE,2019,
Liechtenstein,LIE,2018,
Liechtenstein,LIE,2017,
Liechtenstein,LIE,2016,
Liechtenstein,LIE,2015,
Liechtenstein,LIE,2014,
Liechtenstein,LIE,2013,
Liechtenstein,LIE,2012,
Liechtenstein,LIE,2011,
Liechtenstein,LIE,2010,
Liechtenstein,LIE,2009,
Liechtenstein,LIE,2008,
Liechtenstein,LIE,2007,
Liechtenstein,LIE,2006,
Liechtenstein,LIE,2005,
Liechtenstein,LIE,2004,
Liechtenstein,LIE,2003,
Liechtenstein,LIE,2002,
Liechtenstein,LIE,2001,
Liechtenstein,LIE,2000,
Lithuania,LTU,2023,
Lithuania,LTU,2022,
Lithuania,LTU,2021,
Lithuania,LTU,2020,
Lithuania,LTU,2019,
Lithuania,LTU,2018,
Lithuania,LTU,2017,
Lithuania,LTU,2016,
Lithuania,LTU,2015,
Lithuania,LTU,2014,
Lithuania,LTU,2013,
Lithuania,LTU,2012,
Lithuania,LTU,2011,99.8199996948242
Lithuania,LTU,2010,
Lithuania,LTU,2009,
Lithuania,LTU,2008,
Lithuania,LTU,2007,
Lithuania,LTU,2006,
Lithuania,LTU,2005,
Lithuania,LTU,2004,
Lithuania,LTU,2003,
Lithuania,LTU,2002,
Lithuania,LTU,2001,99.6500015258789
Lithuania,LTU,2000,
Luxembourg,LUX,2023,
Luxembourg,LUX,2022,
Luxembourg,LUX,2021,
Luxembourg,LUX,2020,
Luxembourg,LUX,2019,
Luxembourg,LUX,2018,
Luxembourg,LUX,2017,
Luxembourg,LUX,2016,
Luxembourg,LUX,2015,
Luxembourg,LUX,2014,
Luxembourg,LUX,2013,
Luxembourg,LUX,2012,
Luxembourg,LUX,2011,
Luxembourg,LUX,2010,
Luxembourg,LUX,2009,
Luxembourg,LUX,2008,
Luxembourg,LUX,2007,
Luxembourg,LUX,2006,
Luxembourg,LUX,2005,
Luxembourg,LUX,2004,
Luxembourg,LUX,2003,
Luxembourg,LUX,2002,
Luxembourg,LUX,2001,
Luxembourg,LUX,2000,
"Macao SAR, China",MAC,2023,
"Macao SAR, China",MAC,2022,
"Macao SAR, China",MAC,2021,
"Macao SAR, China",MAC,2020,
"Macao SAR, China",MAC,2019,
"Macao SAR, China",MAC,2018,
"Macao SAR, China",MAC,2017,
"Macao SAR, China",MAC,2016,96.5400009155273
"Macao SAR, China",MAC,2015,
"Macao SAR, China",MAC,2014,
"Macao SAR, China",MAC,2013,
"Macao SAR, China",MAC,2012,
"Macao SAR, China",MAC,2011,95.6399993896484
"Macao SAR, China",MAC,2010,
"Macao SAR, China",MAC,2009,
"Macao SAR, China",MAC,2008,
"Macao SAR, China",MAC,2007,
"Macao SAR, China",MAC,2006,93.5
"Macao SAR, China",MAC,2005,
"Macao SAR, China",MAC,2004,
"Macao SAR, China",MAC,2003,
"Macao SAR, China",MAC,2002,
"Macao SAR, China",MAC,2001,91.3000030517578
"Macao SAR, China",MAC,2000,
Madagascar,MDG,2023,
Madagascar,MDG,2022,
Madagascar,MDG,2021,74.6900024414062
Madagascar,MDG,2020,
Madagascar,MDG,2019,
Madagascar,MDG,2018,76.6800003051758
Madagascar,MDG,2017,
Madagascar,MDG,2016,
Madagascar,MDG,2015,
Madagascar,MDG,2014,
Madagascar,MDG,2013,
Madagascar,MDG,2012,71.5699996948242
Madagascar,MDG,2011,
Madagascar,MDG,2010,
Madagascar,MDG,2009,
Madagascar,MDG,2008,
Madagascar,MDG,2007,
Madagascar,MDG,2006,
Madagascar,MDG,2005,
Madagascar,MDG,2004,
Madagascar,MDG,2003,
Madagascar,MDG,2002,
Madagascar,MDG,2001,
Madagascar,MDG,2000,70.6900024414062
Malawi,MWI,2023,
Malawi,MWI,2022,
Malawi,MWI,2021,
Malawi,MWI,2020,70.1500015258789
Malawi,MWI,2019,
Malawi,MWI,2018,76.7200012207031
Malawi,MWI,2017,72.8266778164735
Malawi,MWI,2016,
Malawi,MWI,2015,
Malawi,MWI,2014,
Malawi,MWI,2013,
Malawi,MWI,2012,
Malawi,MWI,2011,
Malawi,MWI,2010,
Malawi,MWI,2009,
Malawi,MWI,2008,
Malawi,MWI,2007,
Malawi,MWI,2006,
Malawi,MWI,2005,
Malawi,MWI,2004,
Malawi,MWI,2003,
Malawi,MWI,2002,
Malawi,MWI,2001,
Malawi,MWI,2000,
Malaysia,MYS,2023,
Malaysia,MYS,2022,95.7699966430664
Malaysia,MYS,2021,
Malaysia,MYS,2020,
Malaysia,MYS,2019,94.9700012207031
Malaysia,MYS,2018,94.8499984741211
Malaysia,MYS,2017,95.0800018310547
Malaysia,MYS,2016,94.879997253418
Malaysia,MYS,2015,
Malaysia,MYS,2014,
Malaysia,MYS,2013,
Malaysia,MYS,2012,
Malaysia,MYS,2011,
Malaysia,MYS,2010,93.120002746582
Malaysia,MYS,2009,
Malaysia,MYS,2008,
Malaysia,MYS,2007,
Malaysia,MYS,2006,
Malaysia,MYS,2005,
Malaysia,MYS,2004,
Malaysia,MYS,2003,
Malaysia,MYS,2002,
Malaysia,MYS,2001,
Malaysia,MYS,2000,88.6900024414062
Maldives,MDV,2023,
Maldives,MDV,2022,
Maldives,MDV,2021,
Maldives,MDV,2020,
Maldives,MDV,2019,98.2099990844727
Maldives,MDV,2018,
Maldives,MDV,2017,94.5100021362305
Maldives,MDV,2016,97.7300033569336
Maldives,MDV,2015,
Maldives,MDV,2014,98.6100006103516
Maldives,MDV,2013,
Maldives,MDV,2012,
Maldives,MDV,2011,
Maldives,MDV,2010,
Maldives,MDV,2009,
Maldives,MDV,2008,
Maldives,MDV,2007,
Maldives,MDV,2006,98.4000015258789
Maldives,MDV,2005,
Maldives,MDV,2004,
Maldives,MDV,2003,
Maldives,MDV,2002,
Maldives,MDV,2001,
Maldives,MDV,2000,96.3300018310547
Mali,MLI,2023,
Mali,MLI,2022,
Mali,MLI,2021,
Mali,MLI,2020,
Mali,MLI,2019,
Mali,MLI,2018,35.4700012207031
Mali,MLI,2017,
Mali,MLI,2016,
Mali,MLI,2015,33.0699996948242
Mali,MLI,2014,
Mali,MLI,2013,
Mali,MLI,2012,
Mali,MLI,2011,30.6200008392334
Mali,MLI,2010,31.1000003814697
Mali,MLI,2009,
Mali,MLI,2008,
Mali,MLI,2007,
Mali,MLI,2006,26.1800003051758
Mali,MLI,2005,
Mali,MLI,2004,
Mali,MLI,2003,24.0
Mali,MLI,2002,
Mali,MLI,2001,
Mali,MLI,2000,
Malta,MLT,2023,
Malta,MLT,2022,
Malta,MLT,2021,
Malta,MLT,2020,
Malta,MLT,2019,
Malta,MLT,2018,
Malta,MLT,2017,
Malta,MLT,2016,
Malta,MLT,2015,
Malta,MLT,2014,
Malta,MLT,2013,
Malta,MLT,2012,
Malta,MLT,2011,93.3099975585938
Malta,MLT,2010,
Malta,MLT,2009,
Malta,MLT,2008,
Malta,MLT,2007,
Malta,MLT,2006,
Malta,MLT,2005,92.3600006103516
Malta,MLT,2004,
Malta,MLT,2003,
Malta,MLT,2002,
Malta,MLT,2001,
Malta,MLT,2000,
Marshall Islands,MHL,2023,
Marshall Islands,MHL,2022,
Marshall Islands,MHL,2021,95.7629302411191
Marshall Islands,MHL,2020,
Marshall Islands,MHL,2019,98.1800003051758
Marshall Islands,MHL,2018,
Marshall Islands,MHL,2017,
Marshall Islands,MHL,2016,
Marshall Islands,MHL,2015,
Marshall Islands,MHL,2014,
Marshall Islands,MHL,2013,
Marshall Islands,MHL,2012,
Marshall Islands,MHL,2011,98.2699966430664
Marshall Islands,MHL,2010,
Marshall Islands,MHL,2009,
Marshall Islands,MHL,2008,
Marshall Islands,MHL,2007,
Marshall Islands,MHL,2006,
Marshall Islands,MHL,2005,
Marshall Islands,MHL,2004,
Marshall Islands,MHL,2003,
Marshall Islands,MHL,2002,
Marshall Islands,MHL,2001,
Marshall Islands,MHL,2000,
Mauritania,MRT,2023,
Mauritania,MRT,2022,
Mauritania,MRT,2021,
Mauritania,MRT,2020,59.5299987792969
Mauritania,MRT,2019,
Mauritania,MRT,2018,
Mauritania,MRT,2017,
Mauritania,MRT,2016,
Mauritania,MRT,2015,65.1100006103516
Mauritania,MRT,2014,
Mauritania,MRT,2013,62.0699996948242
Mauritania,MRT,2012,
Mauritania,MRT,2011,
Mauritania,MRT,2010,
Mauritania,MRT,2009,
Mauritania,MRT,2008,
Mauritania,MRT,2007,
Mauritania,MRT,2006,
Mauritania,MRT,2005,
Mauritania,MRT,2004,
Mauritania,MRT,2003,
Mauritania,MRT,2002,
Mauritania,MRT,2001,
Mauritania,MRT,2000,51.2099990844727
Mauritius,MUS,2023,94.2877776512134
Mauritius,MUS,2022,
Mauritius,MUS,2021,92.9800213334339
Mauritius,MUS,2020,
Mauritius,MUS,2019,
Mauritius,MUS,2018,
Mauritius,MUS,2017,
Mauritius,MUS,2016,93.1600036621094
Mauritius,MUS,2015,92.7099990844727
Mauritius,MUS,2014,92.4700012207031
Mauritius,MUS,2013,91.4899978637695
Mauritius,MUS,2012,91.7699966430664
Mauritius,MUS,2011,89.25
Mauritius,MUS,2010,
Mauritius,MUS,2009,
Mauritius,MUS,2008,
Mauritius,MUS,2007,
Mauritius,MUS,2006,
Mauritius,MUS,2005,
Mauritius,MUS,2004,
Mauritius,MUS,2003,
Mauritius,MUS,2002,
Mauritius,MUS,2001,
Mauritius,MUS,2000,84.3000030517578
Mexico,MEX,2023,95.8346901734281
Mexico,MEX,2022,95.120002746582
Mexico,MEX,2021,95.6890981310362
Mexico,MEX,2020,95.25
Mexico,MEX,2019,95.3889403219417
Mexico,MEX,2018,95.379997253418
Mexico,MEX,2017,94.9700012207031
Mexico,MEX,2016,94.8600006103516
Mexico,MEX,2015,94.4700012207031
Mexico,MEX,2014,94.5599975585938
Mexico,MEX,2013,93.9599990844727
Mexico,MEX,2012,94.2300033569336
Mexico,MEX,2011,93.5199966430664
Mexico,MEX,2010,93.0699996948242
Mexico,MEX,2009,93.4400024414062
Mexico,MEX,2008,92.9300003051758
Mexico,MEX,2007,92.8000030517578
Mexico,MEX,2006,91.7300033569336
Mexico,MEX,2005,91.629997253418
Mexico,MEX,2004,90.9499969482422
Mexico,MEX,2003,
Mexico,MEX,2002,90.2699966430664
Mexico,MEX,2001,
Mexico,MEX,2000,90.5400009155273
"Micronesia, Fed. Sts.",FSM,2023,
"Micronesia, Fed. Sts.",FSM,2022,
"Micronesia, Fed. Sts.",FSM,2021,
"Micronesia, Fed. Sts.",FSM,2020,
"Micronesia, Fed. Sts.",FSM,2019,
"Micronesia, Fed. Sts.",FSM,2018,
"Micronesia, Fed. Sts.",FSM,2017,
"Micronesia, Fed. Sts.",FSM,2016,
"Micronesia, Fed. Sts.",FSM,2015,
"Micronesia, Fed. Sts.",FSM,2014,
"Micronesia, Fed. Sts.",FSM,2013,
"Micronesia, Fed. Sts.",FSM,2012,
"Micronesia, Fed. Sts.",FSM,2011,
"Micronesia, Fed. Sts.",FSM,2010,
"Micronesia, Fed. Sts.",FSM,2009,
"Micronesia, Fed. Sts.",FSM,2008,
"Micronesia, Fed. Sts.",FSM,2007,
"Micronesia, Fed. Sts.",FSM,2006,
"Micronesia, Fed. Sts.",FSM,2005,
"Micronesia, Fed. Sts.",FSM,2004,
"Micronesia, Fed. Sts.",FSM,2003,
"Micronesia, Fed. Sts.",FSM,2002,
"Micronesia, Fed. Sts.",FSM,2001,
"Micronesia, Fed. Sts.",FSM,2000,
Moldova,MDA,2023,
Moldova,MDA,2022,
Moldova,MDA,2021,
Moldova,MDA,2020,
Moldova,MDA,2019,
Moldova,MDA,2018,
Moldova,MDA,2017,
Moldova,MDA,2016,
Moldova,MDA,2015,
Moldova,MDA,2014,99.3600006103516
Moldova,MDA,2013,
Moldova,MDA,2012,
Moldova,MDA,2011,
Moldova,MDA,2010,
Moldova,MDA,2009,
Moldova,MDA,2008,
Moldova,MDA,2007,
Moldova,MDA,2006,
Moldova,MDA,2005,
Moldova,MDA,2004,
Moldova,MDA,2003,
Moldova,MDA,2002,
Moldova,MDA,2001,
Moldova,MDA,2000,96.6500015258789
Monaco,MCO,2023,
Monaco,MCO,2022,
Monaco,MCO,2021,
Monaco,MCO,2020,
Monaco,MCO,2019,
Monaco,MCO,2018,
Monaco,MCO,2017,
Monaco,MCO,2016,
Monaco,MCO,2015,
Monaco,MCO,2014,
Monaco,MCO,2013,
Monaco,MCO,2012,
Monaco,MCO,2011,
Monaco,MCO,2010,
Monaco,MCO,2009,
Monaco,MCO,2008,
Monaco,MCO,2007,
Monaco,MCO,2006,
Monaco,MCO,2005,
Monaco,MCO,2004,
Monaco,MCO,2003,
Monaco,MCO,2002,
Monaco,MCO,2001,
Monaco,MCO,2000,
Mongolia,MNG,2023,98.6399993896484
Mongolia,MNG,2022,98.7300033569336
Mongolia,MNG,2021,99.2143568969301
Mongolia,MNG,2020,99.1800003051758
Mongolia,MNG,2019,98.4599990844727
Mongolia,MNG,2018,96.9000015258789
Mongolia,MNG,2017,
Mongolia,MNG,2016,
Mongolia,MNG,2015,
Mongolia,MNG,2014,
Mongolia,MNG,2013,
Mongolia,MNG,2012,
Mongolia,MNG,2011,
Mongolia,MNG,2010,98.2600021362305
Mongolia,MNG,2009,
Mongolia,MNG,2008,
Mongolia,MNG,2007,
Mongolia,MNG,2006,
Mongolia,MNG,2005,
Mongolia,MNG,2004,
Mongolia,MNG,2003,
Mongolia,MNG,2002,
Mongolia,MNG,2001,
Mongolia,MNG,2000,97.7699966430664
Montenegro,MNE,2023,
Montenegro,MNE,2022,
Montenegro,MNE,2021,
Montenegro,MNE,2020,
Montenegro,MNE,2019,
Montenegro,MNE,2018,98.5299987792969
Montenegro,MNE,2017,
Montenegro,MNE,2016,
Montenegro,MNE,2015,
Montenegro,MNE,2014,
Montenegro,MNE,2013,
Montenegro,MNE,2012,
Montenegro,MNE,2011,98.4400024414062
Montenegro,MNE,2010,
Montenegro,MNE,2009,
Montenegro,MNE,2008,
Montenegro,MNE,2007,
Montenegro,MNE,2006,
Montenegro,MNE,2005,
Montenegro,MNE,2004,
Montenegro,MNE,2003,97.7699966430664
Montenegro,MNE,2002,
Montenegro,MNE,2001,
Montenegro,MNE,2000,
Morocco,MAR,2023,
Morocco,MAR,2022,
Morocco,MAR,2021,
Morocco,MAR,2020,
Morocco,MAR,2019,
Morocco,MAR,2018,
Morocco,MAR,2017,
Morocco,MAR,2016,
Morocco,MAR,2015,
Morocco,MAR,2014,64.2600021362305
Morocco,MAR,2013,
Morocco,MAR,2012,69.1600036621094
Morocco,MAR,2011,67.0800018310547
Morocco,MAR,2010,
Morocco,MAR,2009,56.0800018310547
Morocco,MAR,2008,55.1500015258789
Morocco,MAR,2007,
Morocco,MAR,2006,
Morocco,MAR,2005,
Morocco,MAR,2004,52.310001373291
Morocco,MAR,2003,
Morocco,MAR,2002,
Morocco,MAR,2001,
Morocco,MAR,2000,
Mozambique,MOZ,2023,
Mozambique,MOZ,2022,61.6653441678133
Mozambique,MOZ,2021,
Mozambique,MOZ,2020,59.7799987792969
Mozambique,MOZ,2019,
Mozambique,MOZ,2018,
Mozambique,MOZ,2017,60.6599998474121
Mozambique,MOZ,2016,
Mozambique,MOZ,2015,56.0400009155273
Mozambique,MOZ,2014,
Mozambique,MOZ,2013,
Mozambique,MOZ,2012,
Mozambique,MOZ,2011,
Mozambique,MOZ,2010,
Mozambique,MOZ,2009,50.5800018310547
Mozambique,MOZ,2008,
Mozambique,MOZ,2007,
Mozambique,MOZ,2006,
Mozambique,MOZ,2005,
Mozambique,MOZ,2004,
Mozambique,MOZ,2003,48.1599998474121
Mozambique,MOZ,2002,
Mozambique,MOZ,2001,
Mozambique,MOZ,2000,
Myanmar,MMR,2023,
Myanmar,MMR,2022,
Myanmar,MMR,2021,
Myanmar,MMR,2020,93.527395549521
Myanmar,MMR,2019,89.0699996948242
Myanmar,MMR,2018,95.8142859113662
Myanmar,MMR,2017,
Myanmar,MMR,2016,84.7799987792969
Myanmar,MMR,2015,
Myanmar,MMR,2014,90.3600006103516
Myanmar,MMR,2013,
Myanmar,MMR,2012,
Myanmar,MMR,2011,
Myanmar,MMR,2010,
Myanmar,MMR,2009,
Myanmar,MMR,2008,
Myanmar,MMR,2007,
Myanmar,MMR,2006,
Myanmar,MMR,2005,
Myanmar,MMR,2004,
Myanmar,MMR,2003,
Myanmar,MMR,2002,
Myanmar,MMR,2001,
Myanmar,MMR,2000,89.9400024414062
Namibia,NAM,2023,87.6399993896484
Namibia,NAM,2022,
Namibia,NAM,2021,
Namibia,NAM,2020,
Namibia,NAM,2019,
Namibia,NAM,2018,88.2832376600657
Namibia,NAM,2017,
Namibia,NAM,2016,88.1304979203867
Namibia,NAM,2015,
Namibia,NAM,2014,
Namibia,NAM,2013,
Namibia,NAM,2012,
Namibia,NAM,2011,88.2699966430664
Namibia,NAM,2010,
Namibia,NAM,2009,
Namibia,NAM,2008,
Namibia,NAM,2007,
Namibia,NAM,2006,
Namibia,NAM,2005,
Namibia,NAM,2004,
Namibia,NAM,2003,
Namibia,NAM,2002,
Namibia,NAM,2001,84.9400024414062
Namibia,NAM,2000,
Naoero,NRU,2023,96.5899963378906
Naoero,NRU,2022,
Naoero,NRU,2021,94.6337926033357
Naoero,NRU,2020,
Naoero,NRU,2019,
Naoero,NRU,2018,
Naoero,NRU,2017,
Naoero,NRU,2016,
Naoero,NRU,2015,
Naoero,NRU,2014,
Naoero,NRU,2013,
Naoero,NRU,2012,
Naoero,NRU,2011,
Naoero,NRU,2010,
Naoero,NRU,2009,
Naoero,NRU,2008,
Naoero,NRU,2007,
Naoero,NRU,2006,
Naoero,NRU,2005,
Naoero,NRU,2004,
Naoero,NRU,2003,
Naoero,NRU,2002,
Naoero,NRU,2001,
Naoero,NRU,2000,
Nepal,NPL,2023,
Nepal,NPL,2022,
Nepal,NPL,2021,
Nepal,NPL,2020,
Nepal,NPL,2019,68.7099990844727
Nepal,NPL,2018,
Nepal,NPL,2017,66.8653947551556
Nepal,NPL,2016,65.5
Nepal,NPL,2015,
Nepal,NPL,2014,
Nepal,NPL,2013,
Nepal,NPL,2012,
Nepal,NPL,2011,59.6300010681152
Nepal,NPL,2010,
Nepal,NPL,2009,
Nepal,NPL,2008,55.5600725155626
Nepal,NPL,2007,
Nepal,NPL,2006,
Nepal,NPL,2005,
Nepal,NPL,2004,
Nepal,NPL,2003,
Nepal,NPL,2002,
Nepal,NPL,2001,48.6100006103516
Nepal,NPL,2000,
Netherlands,NLD,2023,
Netherlands,NLD,2022,
Netherlands,NLD,2021,
Netherlands,NLD,2020,
Netherlands,NLD,2019,
Netherlands,NLD,2018,
Netherlands,NLD,2017,
Netherlands,NLD,2016,
Netherlands,NLD,2015,
Netherlands,NLD,2014,
Netherlands,NLD,2013,
Netherlands,NLD,2012,
Netherlands,NLD,2011,
Netherlands,NLD,2010,
Netherlands,NLD,2009,
Netherlands,NLD,2008,
Netherlands,NLD,2007,
Netherlands,NLD,2006,
Netherlands,NLD,2005,
Netherlands,NLD,2004,
Netherlands,NLD,2003,
Netherlands,NLD,2002,
Netherlands,NLD,2001,
Netherlands,NLD,2000,
New Caledonia,NCL,2023,
New Caledonia,NCL,2022,
New Caledonia,NCL,2021,
New Caledonia,NCL,2020,
New Caledonia,NCL,2019,
New Caledonia,NCL,2018,
New Caledonia,NCL,2017,
New Caledonia,NCL,2016,
New Caledonia,NCL,2015,
New Caledonia,NCL,2014,
New Caledonia,NCL,2013,
New Caledonia,NCL,2012,
New Caledonia,NCL,2011,
New Caledonia,NCL,2010,
New Caledonia,NCL,2009,
New Caledonia,NCL,2008,
New Caledonia,NCL,2007,
New Caledonia,NCL,2006,
New Caledonia,NCL,2005,
New Caledonia,NCL,2004,
New Caledonia,NCL,2003,
New Caledonia,NCL,2002,
New Caledonia,NCL,2001,
New Caledonia,NCL,2000,
New Zealand,NZL,2023,
New Zealand,NZL,2022,
New Zealand,NZL,2021,
New Zealand,NZL,2020,
New Zealand,NZL,2019,
New Zealand,NZL,2018,
New Zealand,NZL,2017,
New Zealand,NZL,2016,
New Zealand,NZL,2015,
New Zealand,NZL,2014,
New Zealand,NZL,2013,
New Zealand,NZL,2012,
New Zealand,NZL,2011,
New Zealand,NZL,2010,
New Zealand,NZL,2009,
New Zealand,NZL,2008,
New Zealand,NZL,2007,
New Zealand,NZL,2006,
New Zealand,NZL,2005,
New Zealand,NZL,2004,
New Zealand,NZL,2003,
New Zealand,NZL,2002,
New Zealand,NZL,2001,
New Zealand,NZL,2000,
Nicaragua,NIC,2023,
Nicaragua,NIC,2022,
Nicaragua,NIC,2021,
Nicaragua,NIC,2020,
Nicaragua,NIC,2019,
Nicaragua,NIC,2018,
Nicaragua,NIC,2017,
Nicaragua,NIC,2016,
Nicaragua,NIC,2015,
Nicaragua,NIC,2014,87.327180649097
Nicaragua,NIC,2013,
Nicaragua,NIC,2012,85.6105708963441
Nicaragua,NIC,2011,
Nicaragua,NIC,2010,
Nicaragua,NIC,2009,
Nicaragua,NIC,2008,
Nicaragua,NIC,2007,
Nicaragua,NIC,2006,
Nicaragua,NIC,2005,78.0
Nicaragua,NIC,2004,
Nicaragua,NIC,2003,
Nicaragua,NIC,2002,
Nicaragua,NIC,2001,76.6800003051758
Nicaragua,NIC,2000,
Niger,NER,2023,
Niger,NER,2022,35.6100006103516
Niger,NER,2021,
Niger,NER,2020,
Niger,NER,2019,
Niger,NER,2018,33.0499992370605
Niger,NER,2017,
Niger,NER,2016,
Niger,NER,2015,
Niger,NER,2014,29.0437067944143
Niger,NER,2013,
Niger,NER,2012,30.5599994659424
Niger,NER,2011,
Niger,NER,2010,
Niger,NER,2009,
Niger,NER,2008,
Niger,NER,2007,
Niger,NER,2006,
Niger,NER,2005,28.6700000762939
Niger,NER,2004,
Niger,NER,2003,
Niger,NER,2002,
Niger,NER,2001,14.3800001144409
Niger,NER,2000,
Nigeria,NGA,2023,
Nigeria,NGA,2022,
Nigeria,NGA,2021,63.1599998474121
Nigeria,NGA,2020,
Nigeria,NGA,2019,
Nigeria,NGA,2018,
Nigeria,NGA,2017,
Nigeria,NGA,2016,58.2200012207031
Nigeria,NGA,2015,
Nigeria,NGA,2014,
Nigeria,NGA,2013,
Nigeria,NGA,2012,
Nigeria,NGA,2011,
Nigeria,NGA,2010,
Nigeria,NGA,2009,
Nigeria,NGA,2008,
Nigeria,NGA,2007,
Nigeria,NGA,2006,70.1999969482422
Nigeria,NGA,2005,
Nigeria,NGA,2004,
Nigeria,NGA,2003,54.7700004577637
Nigeria,NGA,2002,
Nigeria,NGA,2001,
Nigeria,NGA,2000,
North Macedonia,MKD,2023,
North Macedonia,MKD,2022,
North Macedonia,MKD,2021,
North Macedonia,MKD,2020,
North Macedonia,MKD,2019,
North Macedonia,MKD,2018,
North Macedonia,MKD,2017,
North Macedonia,MKD,2016,
North Macedonia,MKD,2015,
North Macedonia,MKD,2014,
North Macedonia,MKD,2013,
North Macedonia,MKD,2012,
North Macedonia,MKD,2011,
North Macedonia,MKD,2010,
North Macedonia,MKD,2009,
North Macedonia,MKD,2008,
North Macedonia,MKD,2007,
North Macedonia,MKD,2006,
North Macedonia,MKD,2005,
North Macedonia,MKD,2004,
North Macedonia,MKD,2003,
North Macedonia,MKD,2002,96.129997253418
North Macedonia,MKD,2001,
North Macedonia,MKD,2000,
Northern Mariana Islands,MNP,2023,
Northern Mariana Islands,MNP,2022,
Northern Mariana Islands,MNP,2021,
Northern Mariana Islands,MNP,2020,
Northern Mariana Islands,MNP,2019,
Northern Mariana Islands,MNP,2018,
Northern Mariana Islands,MNP,2017,
Northern Mariana Islands,MNP,2016,
Northern Mariana Islands,MNP,2015,
Northern Mariana Islands,MNP,2014,
Northern Mariana Islands,MNP,2013,
Northern Mariana Islands,MNP,2012,
Northern Mariana Islands,MNP,2011,
Northern Mariana Islands,MNP,2010,
Northern Mariana Islands,MNP,2009,
Northern Mariana Islands,MNP,2008,
Northern Mariana Islands,MNP,2007,
Northern Mariana Islands,MNP,2006,
Northern Mariana Islands,MNP,2005,
Northern Mariana Islands,MNP,2004,
Northern Mariana Islands,MNP,2003,
Northern Mariana Islands,MNP,2002,
Northern Mariana Islands,MNP,2001,
Northern Mariana Islands,MNP,2000,
Norway,NOR,2023,
Norway,NOR,2022,
Norway,NOR,2021,
Norway,NOR,2020,
Norway,NOR,2019,
Norway,NOR,2018,
Norway,NOR,2017,
Norway,NOR,2016,
Norway,NOR,2015,
Norway,NOR,2014,
Norway,NOR,2013,
Norway,NOR,2012,
Norway,NOR,2011,
Norway,NOR,2010,
Norway,NOR,2009,
Norway,NOR,2008,
Norway,NOR,2007,
Norway,NOR,2006,
Norway,NOR,2005,
Norway,NOR,2004,
Norway,NOR,2003,
Norway,NOR,2002,
Norway,NOR,2001,
Norway,NOR,2000,
Oman,OMN,2023,
Oman,OMN,2022,97.3399963378906
Oman,OMN,2021,
Oman,OMN,2020,96.9000015258789
Oman,OMN,2019,
Oman,OMN,2018,95.6500015258789
Oman,OMN,2017,95.5800018310547
Oman,OMN,2016,
Oman,OMN,2015,93.0400009155273
Oman,OMN,2014,
Oman,OMN,2013,
Oman,OMN,2012,
Oman,OMN,2011,
Oman,OMN,2010,86.9400024414062
Oman,OMN,2009,
Oman,OMN,2008,86.620002746582
Oman,OMN,2007,
Oman,OMN,2006,
Oman,OMN,2005,
Oman,OMN,2004,
Oman,OMN,2003,66.0999984741211
Oman,OMN,2002,
Oman,OMN,2001,
Oman,OMN,2000,
Pakistan,PAK,2023,
Pakistan,PAK,2022,
Pakistan,PAK,2021,58.8600006103516
Pakistan,PAK,2020,
Pakistan,PAK,2019,58.0
Pakistan,PAK,2018,57.0099983215332
Pakistan,PAK,2017,59.1300010681152
Pakistan,PAK,2016,
Pakistan,PAK,2015,
Pakistan,PAK,2014,56.9799995422363
Pakistan,PAK,2013,55.5900001525879
Pakistan,PAK,2012,56.7599983215332
Pakistan,PAK,2011,54.7400016784668
Pakistan,PAK,2010,55.3800010681152
Pakistan,PAK,2009,54.8899993896484
Pakistan,PAK,2008,55.5299987792969
Pakistan,PAK,2007,52.1399993896484
Pakistan,PAK,2006,54.1500015258789
Pakistan,PAK,2005,49.8699989318848
Pakistan,PAK,2004,
Pakistan,PAK,2003,
Pakistan,PAK,2002,
Pakistan,PAK,2001,
Pakistan,PAK,2000,
Palau,PLW,2023,
Palau,PLW,2022,
Palau,PLW,2021,
Palau,PLW,2020,99.8448081264108
Palau,PLW,2019,
Palau,PLW,2018,
Palau,PLW,2017,
Palau,PLW,2016,
Palau,PLW,2015,96.5899963378906
Palau,PLW,2014,
Palau,PLW,2013,99.5
Palau,PLW,2012,
Palau,PLW,2011,
Palau,PLW,2010,
Palau,PLW,2009,
Palau,PLW,2008,
Palau,PLW,2007,
Palau,PLW,2006,
Palau,PLW,2005,
Palau,PLW,2004,
Palau,PLW,2003,
Palau,PLW,2002,
Palau,PLW,2001,
Palau,PLW,2000,
Panama,PAN,2023,96.0893871402691
Panama,PAN,2022,
Panama,PAN,2021,96.2119100135584
Panama,PAN,2020,
Panama,PAN,2019,95.7399978637695
Panama,PAN,2018,95.4100036621094
Panama,PAN,2017,
Panama,PAN,2016,
Panama,PAN,2015,
Panama,PAN,2014,
Panama,PAN,2013,
Panama,PAN,2012,
Panama,PAN,2011,
Panama,PAN,2010,94.0899963378906
Panama,PAN,2009,
Panama,PAN,2008,
Panama,PAN,2007,
Panama,PAN,2006,
Panama,PAN,2005,
Panama,PAN,2004,
Panama,PAN,2003,
Panama,PAN,2002,
Panama,PAN,2001,
Panama,PAN,2000,91.9000015258789
Papua New Guinea,PNG,2023,
Papua New Guinea,PNG,2022,87.0046890533686
Papua New Guinea,PNG,2021,
Papua New Guinea,PNG,2020,
Papua New Guinea,PNG,2019,
Papua New Guinea,PNG,2018,
Papua New Guinea,PNG,2017,70.0599975585938
Papua New Guinea,PNG,2016,
Papua New Guinea,PNG,2015,
Papua New Guinea,PNG,2014,
Papua New Guinea,PNG,2013,
Papua New Guinea,PNG,2012,
Papua New Guinea,PNG,2011,
Papua New Guinea,PNG,2010,68.9689096424639
Papua New Guinea,PNG,2009,
Papua New Guinea,PNG,2008,
Papua New Guinea,PNG,2007,
Papua New Guinea,PNG,2006,
Papua New Guinea,PNG,2005,
Papua New Guinea,PNG,2004,
Papua New Guinea,PNG,2003,
Papua New Guinea,PNG,2002,
Papua New Guinea,PNG,2001,
Papua New Guinea,PNG,2000,57.3400001525879
Paraguay,PRY,2023,
Paraguay,PRY,2022,
Paraguay,PRY,2021,
Paraguay,PRY,2020,94.5400009155273
Paraguay,PRY,2019,93.2099990844727
Paraguay,PRY,2018,94.0199966430664
Paraguay,PRY,2017,
Paraguay,PRY,2016,94.6500015258789
Paraguay,PRY,2015,95.5500030517578
Paraguay,PRY,2014,95.0299987792969
Paraguay,PRY,2013,95.0599975585938
Paraguay,PRY,2012,94.1999969482422
Paraguay,PRY,2011,
Paraguay,PRY,2010,93.870002746582
Paraguay,PRY,2009,93.75
Paraguay,PRY,2008,93.2900009155273
Paraguay,PRY,2007,94.5599975585938
Paraguay,PRY,2006,
Paraguay,PRY,2005,
Paraguay,PRY,2004,
Paraguay,PRY,2003,
Paraguay,PRY,2002,
Paraguay,PRY,2001,
Paraguay,PRY,2000,
Peru,PER,2023,
Peru,PER,2022,
Peru,PER,2021,
Peru,PER,2020,94.5
Peru,PER,2019,
Peru,PER,2018,94.4100036621094
Peru,PER,2017,94.1500015258789
Peru,PER,2016,94.1699981689453
Peru,PER,2015,94.1600036621094
Peru,PER,2014,93.7099990844727
Peru,PER,2013,
Peru,PER,2012,93.8399963378906
Peru,PER,2011,
Peru,PER,2010,
Peru,PER,2009,
Peru,PER,2008,
Peru,PER,2007,89.5899963378906
Peru,PER,2006,88.6999969482422
Peru,PER,2005,87.9100036621094
Peru,PER,2004,87.6699981689453
Peru,PER,2003,
Peru,PER,2002,
Peru,PER,2001,
Peru,PER,2000,
Philippines,PHL,2023,
Philippines,PHL,2022,
Philippines,PHL,2021,
Philippines,PHL,2020,98.4700012207031
Philippines,PHL,2019,96.2799987792969
Philippines,PHL,2018,
Philippines,PHL,2017,
Philippines,PHL,2016,
Philippines,PHL,2015,98.1800003051758
Philippines,PHL,2014,
Philippines,PHL,2013,96.4000015258789
Philippines,PHL,2012,
Philippines,PHL,2011,
Philippines,PHL,2010,97.0899963378906
Philippines,PHL,2009,
Philippines,PHL,2008,95.4199981689453
Philippines,PHL,2007,
Philippines,PHL,2006,
Philippines,PHL,2005,
Philippines,PHL,2004,
Philippines,PHL,2003,92.5899963378906
Philippines,PHL,2002,
Philippines,PHL,2001,
Philippines,PHL,2000,92.5999984741211
Poland,POL,2023,
Poland,POL,2022,
Poland,POL,2021,
Poland,POL,2020,
Poland,POL,2019,
Poland,POL,2018,
Poland,POL,2017,
Poland,POL,2016,
Poland,POL,2015,
Poland,POL,2014,
Poland,POL,2013,
Poland,POL,2012,
Poland,POL,2011,
Poland,POL,2010,
Poland,POL,2009,
Poland,POL,2008,
Poland,POL,2007,
Poland,POL,2006,
Poland,POL,2005,
Poland,POL,2004,
Poland,POL,2003,
Poland,POL,2002,
Poland,POL,2001,
Poland,POL,2000,
Portugal,PRT,2023,
Portugal,PRT,2022,
Portugal,PRT,2021,
Portugal,PRT,2020,
Portugal,PRT,2019,
Portugal,PRT,2018,
Portugal,PRT,2017,
Portugal,PRT,2016,
Portugal,PRT,2015,
Portugal,PRT,2014,
Portugal,PRT,2013,
Portugal,PRT,2012,
Portugal,PRT,2011,94.4800033569336
Portugal,PRT,2010,
Portugal,PRT,2009,
Portugal,PRT,2008,
Portugal,PRT,2007,
Portugal,PRT,2006,
Portugal,PRT,2005,
Portugal,PRT,2004,
Portugal,PRT,2003,
Portugal,PRT,2002,
Portugal,PRT,2001,
Portugal,PRT,2000,
Puerto Rico (US),PRI,2023,
Puerto Rico (US),PRI,2022,
Puerto Rico (US),PRI,2021,
Puerto Rico (US),PRI,2020,
Puerto Rico (US),PRI,2019,
Puerto Rico (US),PRI,2018,
Puerto Rico (US),PRI,2017,92.3899993896484
Puerto Rico (US),PRI,2016,
Puerto Rico (US),PRI,2015,
Puerto Rico (US),PRI,2014,
Puerto Rico (US),PRI,2013,
Puerto Rico (US),PRI,2012,
Puerto Rico (US),PRI,2011,
Puerto Rico (US),PRI,2010,91.9700012207031
Puerto Rico (US),PRI,2009,
Puerto Rico (US),PRI,2008,
Puerto Rico (US),PRI,2007,
Puerto Rico (US),PRI,2006,
Puerto Rico (US),PRI,2005,
Puerto Rico (US),PRI,2004,
Puerto Rico (US),PRI,2003,
Puerto Rico (US),PRI,2002,
Puerto Rico (US),PRI,2001,
Puerto Rico (US),PRI,2000,
Qatar,QAT,2023,
Qatar,QAT,2022,
Qatar,QAT,2021,
Qatar,QAT,2020,
Qatar,QAT,2019,
Qatar,QAT,2018,
Qatar,QAT,2017,
Qatar,QAT,2016,
Qatar,QAT,2015,
Qatar,QAT,2014,97.75
Qatar,QAT,2013,97.4800033569336
Qatar,QAT,2012,96.6800003051758
Qatar,QAT,2011,96.4100036621094
Qatar,QAT,2010,96.2799987792969
Qatar,QAT,2009,94.7200012207031
Qatar,QAT,2008,93.9899978637695
Qatar,QAT,2007,93.0800018310547
Qatar,QAT,2006,
Qatar,QAT,2005,
Qatar,QAT,2004,88.9599990844727
Qatar,QAT,2003,
Qatar,QAT,2002,
Qatar,QAT,2001,
Qatar,QAT,2000,
Romania,ROU,2023,
Romania,ROU,2022,
Romania,ROU,2021,99.1600036621094
Romania,ROU,2020,
Romania,ROU,2019,
Romania,ROU,2018,
Romania,ROU,2017,
Romania,ROU,2016,
Romania,ROU,2015,
Romania,ROU,2014,
Romania,ROU,2013,
Romania,ROU,2012,
Romania,ROU,2011,98.5999984741211
Romania,ROU,2010,
Romania,ROU,2009,
Romania,ROU,2008,
Romania,ROU,2007,
Romania,ROU,2006,
Romania,ROU,2005,
Romania,ROU,2004,
Romania,ROU,2003,
Romania,ROU,2002,97.3000030517578
Romania,ROU,2001,
Romania,ROU,2000,
Russian Federation,RUS,2023,
Russian Federation,RUS,2022,
Russian Federation,RUS,2021,99.9300003051758
Russian Federation,RUS,2020,
Russian Federation,RUS,2019,
Russian Federation,RUS,2018,
Russian Federation,RUS,2017,
Russian Federation,RUS,2016,
Russian Federation,RUS,2015,
Russian Federation,RUS,2014,
Russian Federation,RUS,2013,
Russian Federation,RUS,2012,
Russian Federation,RUS,2011,
Russian Federation,RUS,2010,99.6800003051758
Russian Federation,RUS,2009,
Russian Federation,RUS,2008,
Russian Federation,RUS,2007,
Russian Federation,RUS,2006,
Russian Federation,RUS,2005,
Russian Federation,RUS,2004,
Russian Federation,RUS,2003,
Russian Federation,RUS,2002,99.4400024414062
Russian Federation,RUS,2001,
Russian Federation,RUS,2000,
Rwanda,RWA,2023,
Rwanda,RWA,2022,78.7600021362305
Rwanda,RWA,2021,
Rwanda,RWA,2020,80.0500030517578
Rwanda,RWA,2019,
Rwanda,RWA,2018,73.2200012207031
Rwanda,RWA,2017,
Rwanda,RWA,2016,
Rwanda,RWA,2015,
Rwanda,RWA,2014,70.8000030517578
Rwanda,RWA,2013,
Rwanda,RWA,2012,68.3300018310547
Rwanda,RWA,2011,
Rwanda,RWA,2010,
Rwanda,RWA,2009,
Rwanda,RWA,2008,
Rwanda,RWA,2007,
Rwanda,RWA,2006,
Rwanda,RWA,2005,
Rwanda,RWA,2004,
Rwanda,RWA,2003,
Rwanda,RWA,2002,
Rwanda,RWA,2001,
Rwanda,RWA,2000,64.8899993896484
Samoa,WSM,2023,
Samoa,WSM,2022,
Samoa,WSM,2021,
Samoa,WSM,2020,
Samoa,WSM,2019,97.9899978637695
Samoa,WSM,2018,
Samoa,WSM,2017,99.7071903264793
Samoa,WSM,2016,99.4000015258789
Samoa,WSM,2015,
Samoa,WSM,2014,
Samoa,WSM,2013,
Samoa,WSM,2012,
Samoa,WSM,2011,98.9700012207031
Samoa,WSM,2010,
Samoa,WSM,2009,
Samoa,WSM,2008,
Samoa,WSM,2007,
Samoa,WSM,2006,
Samoa,WSM,2005,
Samoa,WSM,2004,
Samoa,WSM,2003,
Samoa,WSM,2002,
Samoa,WSM,2001,
Samoa,WSM,2000,
San Marino,SMR,2023,
San Marino,SMR,2022,99.9100036621094
San Marino,SMR,2021,
San Marino,SMR,2020,
San Marino,SMR,2019,
San Marino,SMR,2018,
San Marino,SMR,2017,
San Marino,SMR,2016,
San Marino,SMR,2015,
San Marino,SMR,2014,
San Marino,SMR,2013,
San Marino,SMR,2012,
San Marino,SMR,2011,
San Marino,SMR,2010,
San Marino,SMR,2009,
San Marino,SMR,2008,
San Marino,SMR,2007,
San Marino,SMR,2006,
San Marino,SMR,2005,
San Marino,SMR,2004,
San Marino,SMR,2003,
San Marino,SMR,2002,
San Marino,SMR,2001,
San Marino,SMR,2000,
Sao Tome and Principe,STP,2023,
Sao Tome and Principe,STP,2022,
Sao Tome and Principe,STP,2021,
Sao Tome and Principe,STP,2020,
Sao Tome and Principe,STP,2019,87.4400024414062
Sao Tome and Principe,STP,2018,
Sao Tome and Principe,STP,2017,
Sao Tome and Principe,STP,2016,
Sao Tome and Principe,STP,2015,
Sao Tome and Principe,STP,2014,
Sao Tome and Principe,STP,2013,
Sao Tome and Principe,STP,2012,90.1399993896484
Sao Tome and Principe,STP,2011,
Sao Tome and Principe,STP,2010,
Sao Tome and Principe,STP,2009,
Sao Tome and Principe,STP,2008,
Sao Tome and Principe,STP,2007,
Sao Tome and Principe,STP,2006,
Sao Tome and Principe,STP,2005,
Sao Tome and Principe,STP,2004,
Sao Tome and Principe,STP,2003,
Sao Tome and Principe,STP,2002,
Sao Tome and Principe,STP,2001,84.9100036621094
Sao Tome and Principe,STP,2000,
Saudi Arabia,SAU,2023,
Saudi Arabia,SAU,2022,
Saudi Arabia,SAU,2021,
Saudi Arabia,SAU,2020,97.5899963378906
Saudi Arabia,SAU,2019,
Saudi Arabia,SAU,2018,
Saudi Arabia,SAU,2017,95.3300018310547
Saudi Arabia,SAU,2016,
Saudi Arabia,SAU,2015,
Saudi Arabia,SAU,2014,
Saudi Arabia,SAU,2013,94.4300003051758
Saudi Arabia,SAU,2012,
Saudi Arabia,SAU,2011,
Saudi Arabia,SAU,2010,
Saudi Arabia,SAU,2009,
Saudi Arabia,SAU,2008,
Saudi Arabia,SAU,2007,
Saudi Arabia,SAU,2006,
Saudi Arabia,SAU,2005,
Saudi Arabia,SAU,2004,82.8600006103516
Saudi Arabia,SAU,2003,
Saudi Arabia,SAU,2002,
Saudi Arabia,SAU,2001,
Saudi Arabia,SAU,2000,79.3499984741211
Senegal,SEN,2023,50.3600006103516
Senegal,SEN,2022,
Senegal,SEN,2021,
Senegal,SEN,2020,
Senegal,SEN,2019,46.8300018310547
Senegal,SEN,2018,46.6100006103516
Senegal,SEN,2017,51.9000015258789
Senegal,SEN,2016,46.0999984741211
Senegal,SEN,2015,43.5900001525879
Senegal,SEN,2014,
Senegal,SEN,2013,43.5299987792969
Senegal,SEN,2012,
Senegal,SEN,2011,51.810001373291
Senegal,SEN,2010,
Senegal,SEN,2009,48.0400009155273
Senegal,SEN,2008,
Senegal,SEN,2007,
Senegal,SEN,2006,41.8899993896484
Senegal,SEN,2005,
Senegal,SEN,2004,
Senegal,SEN,2003,
Senegal,SEN,2002,39.2799987792969
Senegal,SEN,2001,
Senegal,SEN,2000,
Serbia,SRB,2023,
Serbia,SRB,2022,99.3399963378906
Serbia,SRB,2021,
Serbia,SRB,2020,
Serbia,SRB,2019,99.4800033569336
Serbia,SRB,2018,
Serbia,SRB,2017,
Serbia,SRB,2016,98.8399963378906
Serbia,SRB,2015,
Serbia,SRB,2014,
Serbia,SRB,2013,
Serbia,SRB,2012,
Serbia,SRB,2011,97.9599990844727
Serbia,SRB,2010,
Serbia,SRB,2009,
Serbia,SRB,2008,
Serbia,SRB,2007,
Serbia,SRB,2006,
Serbia,SRB,2005,
Serbia,SRB,2004,
Serbia,SRB,2003,96.4000015258789
Serbia,SRB,2002,
Serbia,SRB,2001,
Serbia,SRB,2000,
Seychelles,SYC,2023,
Seychelles,SYC,2022,
Seychelles,SYC,2021,
Seychelles,SYC,2020,
Seychelles,SYC,2019,
Seychelles,SYC,2018,
Seychelles,SYC,2017,
Seychelles,SYC,2016,
Seychelles,SYC,2015,
Seychelles,SYC,2014,
Seychelles,SYC,2013,
Seychelles,SYC,2012,
Seychelles,SYC,2011,
Seychelles,SYC,2010,93.9499969482422
Seychelles,SYC,2009,
Seychelles,SYC,2008,
Seychelles,SYC,2007,
Seychelles,SYC,2006,
Seychelles,SYC,2005,
Seychelles,SYC,2004,
Seychelles,SYC,2003,
Seychelles,SYC,2002,91.8399963378906
Seychelles,SYC,2001,
Seychelles,SYC,2000,
Sierra Leone,SLE,2023,
Sierra Leone,SLE,2022,
Sierra Leone,SLE,2021,
Sierra Leone,SLE,2020,
Sierra Leone,SLE,2019,43.5800018310547
Sierra Leone,SLE,2018,48.8143667728528
Sierra Leone,SLE,2017,44.8300018310547
Sierra Leone,SLE,2016,
Sierra Leone,SLE,2015,49.4000015258789
Sierra Leone,SLE,2014,44.3698913332904
Sierra Leone,SLE,2013,
Sierra Leone,SLE,2012,
Sierra Leone,SLE,2011,
Sierra Leone,SLE,2010,
Sierra Leone,SLE,2009,
Sierra Leone,SLE,2008,
Sierra Leone,SLE,2007,
Sierra Leone,SLE,2006,
Sierra Leone,SLE,2005,
Sierra Leone,SLE,2004,34.8300018310547
Sierra Leone,SLE,2003,
Sierra Leone,SLE,2002,
Sierra Leone,SLE,2001,
Sierra Leone,SLE,2000,
Singapore,SGP,2023,
Singapore,SGP,2022,
Singapore,SGP,2021,97.6500015258789
Singapore,SGP,2020,97.129997253418
Singapore,SGP,2019,97.4800033569336
Singapore,SGP,2018,97.3399963378906
Singapore,SGP,2017,97.1999969482422
Singapore,SGP,2016,97.0500030517578
Singapore,SGP,2015,96.8300018310547
Singapore,SGP,2014,96.7200012207031
Singapore,SGP,2013,96.5500030517578
Singapore,SGP,2012,96.370002746582
Singapore,SGP,2011,96.1900024414062
Singapore,SGP,2010,95.8600006103516
Singapore,SGP,2009,
Singapore,SGP,2008,
Singapore,SGP,2007,
Singapore,SGP,2006,
Singapore,SGP,2005,
Singapore,SGP,2004,
Singapore,SGP,2003,
Singapore,SGP,2002,
Singapore,SGP,2001,
Singapore,SGP,2000,92.5500030517578
Sint Maarten (Dutch part),SXM,2023,
Sint Maarten (Dutch part),SXM,2022,
Sint Maarten (Dutch part),SXM,2021,
Sint Maarten (Dutch part),SXM,2020,
Sint Maarten (Dutch part),SXM,2019,
Sint Maarten (Dutch part),SXM,2018,
Sint Maarten (Dutch part),SXM,2017,
Sint Maarten (Dutch part),SXM,2016,
Sint Maarten (Dutch part),SXM,2015,
Sint Maarten (Dutch part),SXM,2014,
Sint Maarten (Dutch part),SXM,2013,
Sint Maarten (Dutch part),SXM,2012,
Sint Maarten (Dutch part),SXM,2011,
Sint Maarten (Dutch part),SXM,2010,
Sint Maarten (Dutch part),SXM,2009,
Sint Maarten (Dutch part),SXM,2008,
Sint Maarten (Dutch part),SXM,2007,
Sint Maarten (Dutch part),SXM,2006,
Sint Maarten (Dutch part),SXM,2005,
Sint Maarten (Dutch part),SXM,2004,
Sint Maarten (Dutch part),SXM,2003,
Sint Maarten (Dutch part),SXM,2002,
Sint Maarten (Dutch part),SXM,2001,
Sint Maarten (Dutch part),SXM,2000,
Slovak Republic,SVK,2023,
Slovak Republic,SVK,2022,
Slovak Republic,SVK,2021,
Slovak Republic,SVK,2020,
Slovak Republic,SVK,2019,
Slovak Republic,SVK,2018,
Slovak Republic,SVK,2017,
Slovak Republic,SVK,2016,
Slovak Republic,SVK,2015,
Slovak Republic,SVK,2014,
Slovak Republic,SVK,2013,
Slovak Republic,SVK,2012,
Slovak Republic,SVK,2011,
Slovak Republic,SVK,2010,
Slovak Republic,SVK,2009,
Slovak Republic,SVK,2008,
Slovak Republic,SVK,2007,
Slovak Republic,SVK,2006,
Slovak Republic,SVK,2005,
Slovak Republic,SVK,2004,
Slovak Republic,SVK,2003,
Slovak Republic,SVK,2002,
Slovak Republic,SVK,2001,
Slovak Republic,SVK,2000,
Slovenia,SVN,2023,
Slovenia,SVN,2022,
Slovenia,SVN,2021,
Slovenia,SVN,2020,
Slovenia,SVN,2019,
Slovenia,SVN,2018,
Slovenia,SVN,2017,
Slovenia,SVN,2016,
Slovenia,SVN,2015,
Slovenia,SVN,2014,
Slovenia,SVN,2013,
Slovenia,SVN,2012,
Slovenia,SVN,2011,
Slovenia,SVN,2010,
Slovenia,SVN,2009,
Slovenia,SVN,2008,
Slovenia,SVN,2007,
Slovenia,SVN,2006,
Slovenia,SVN,2005,
Slovenia,SVN,2004,
Slovenia,SVN,2003,
Slovenia,SVN,2002,
Slovenia,SVN,2001,
Slovenia,SVN,2000,
Solomon Islands,SLB,2023,
Solomon Islands,SLB,2022,
Solomon Islands,SLB,2021,
Solomon Islands,SLB,2020,
Solomon Islands,SLB,2019,
Solomon Islands,SLB,2018,
Solomon Islands,SLB,2017,
Solomon Islands,SLB,2016,
Solomon Islands,SLB,2015,
Solomon Islands,SLB,2014,
Solomon Islands,SLB,2013,
Solomon Islands,SLB,2012,
Solomon Islands,SLB,2011,
Solomon Islands,SLB,2010,
Solomon Islands,SLB,2009,
Solomon Islands,SLB,2008,
Solomon Islands,SLB,2007,
Solomon Islands,SLB,2006,
Solomon Islands,SLB,2005,
Solomon Islands,SLB,2004,
Solomon Islands,SLB,2003,
Solomon Islands,SLB,2002,
Solomon Islands,SLB,2001,
Solomon Islands,SLB,2000,
"Somalia, Fed. Rep.",SOM,2023,
"Somalia, Fed. Rep.",SOM,2022,54.1199989318848
"Somalia, Fed. Rep.",SOM,2021,
"Somalia, Fed. Rep.",SOM,2020,
"Somalia, Fed. Rep.",SOM,2019,63.6579378279423
"Somalia, Fed. Rep.",SOM,2018,
"Somalia, Fed. Rep.",SOM,2017,
"Somalia, Fed. Rep.",SOM,2016,
"Somalia, Fed. Rep.",SOM,2015,
"Somalia, Fed. Rep.",SOM,2014,
"Somalia, Fed. Rep.",SOM,2013,
"Somalia, Fed. Rep.",SOM,2012,
"Somalia, Fed. Rep.",SOM,2011,
"Somalia, Fed. Rep.",SOM,2010,
"Somalia, Fed. Rep.",SOM,2009,
"Somalia, Fed. Rep.",SOM,2008,
"Somalia, Fed. Rep.",SOM,2007,
"Somalia, Fed. Rep.",SOM,2006,
"Somalia, Fed. Rep.",SOM,2005,
"Somalia, Fed. Rep.",SOM,2004,
"Somalia, Fed. Rep.",SOM,2003,
"Somalia, Fed. Rep.",SOM,2002,
"Somalia, Fed. Rep.",SOM,2001,
"Somalia, Fed. Rep.",SOM,2000,
South Africa,ZAF,2023,
South Africa,ZAF,2022,
South Africa,ZAF,2021,90.0
South Africa,ZAF,2020,
South Africa,ZAF,2019,95.0199966430664
South Africa,ZAF,2018,
South Africa,ZAF,2017,
South Africa,ZAF,2016,91.7399978637695
South Africa,ZAF,2015,94.370002746582
South Africa,ZAF,2014,94.1399993896484
South Africa,ZAF,2013,
South Africa,ZAF,2012,93.7300033569336
South Africa,ZAF,2011,93.0999984741211
South Africa,ZAF,2010,92.879997253418
South Africa,ZAF,2009,92.8899993896484
South Africa,ZAF,2008,
South Africa,ZAF,2007,88.7200012207031
South Africa,ZAF,2006,
South Africa,ZAF,2005,
South Africa,ZAF,2004,
South Africa,ZAF,2003,
South Africa,ZAF,2002,
South Africa,ZAF,2001,
South Africa,ZAF,2000,
South Sudan,SSD,2023,
South Sudan,SSD,2022,
South Sudan,SSD,2021,
South Sudan,SSD,2020,
South Sudan,SSD,2019,
South Sudan,SSD,2018,
South Sudan,SSD,2017,
South Sudan,SSD,2016,
South Sudan,SSD,2015,
South Sudan,SSD,2014,
South Sudan,SSD,2013,
South Sudan,SSD,2012,
South Sudan,SSD,2011,
South Sudan,SSD,2010,
South Sudan,SSD,2009,
South Sudan,SSD,2008,26.8299999237061
South Sudan,SSD,2007,
South Sudan,SSD,2006,
South Sudan,SSD,2005,
South Sudan,SSD,2004,
South Sudan,SSD,2003,
South Sudan,SSD,2002,
South Sudan,SSD,2001,
South Sudan,SSD,2000,
Spain,ESP,2023,
Spain,ESP,2022,
Spain,ESP,2021,99.6999969482422
Spain,ESP,2020,98.5899963378906
Spain,ESP,2019,
Spain,ESP,2018,98.4400024414062
Spain,ESP,2017,
Spain,ESP,2016,98.25
Spain,ESP,2015,98.1399993896484
Spain,ESP,2014,98.0899963378906
Spain,ESP,2013,98.0800018310547
Spain,ESP,2012,97.8899993896484
Spain,ESP,2011,97.7799987792969
Spain,ESP,2010,97.75
Spain,ESP,2009,97.6800003051758
Spain,ESP,2008,97.629997253418
Spain,ESP,2007,97.9400024414062
Spain,ESP,2006,97.75
Spain,ESP,2005,97.75
Spain,ESP,2004,97.1699981689453
Spain,ESP,2003,
Spain,ESP,2002,
Spain,ESP,2001,
Spain,ESP,2000,
Sri Lanka,LKA,2023,92.6600036621094
Sri Lanka,LKA,2022,92.4899978637695
Sri Lanka,LKA,2021,92.4300003051758
Sri Lanka,LKA,2020,92.379997253418
Sri Lanka,LKA,2019,92.25
Sri Lanka,LKA,2018,91.7099990844727
Sri Lanka,LKA,2017,91.9000015258789
Sri Lanka,LKA,2016,92.3899993896484
Sri Lanka,LKA,2015,92.5537849020454
Sri Lanka,LKA,2014,92.5346618196112
Sri Lanka,LKA,2013,
Sri Lanka,LKA,2012,
Sri Lanka,LKA,2011,
Sri Lanka,LKA,2010,91.1800003051758
Sri Lanka,LKA,2009,
Sri Lanka,LKA,2008,90.5599975585938
Sri Lanka,LKA,2007,
Sri Lanka,LKA,2006,90.8099975585938
Sri Lanka,LKA,2005,
Sri Lanka,LKA,2004,
Sri Lanka,LKA,2003,
Sri Lanka,LKA,2002,
Sri Lanka,LKA,2001,90.6800003051758
Sri Lanka,LKA,2000,
St. Kitts and Nevis,KNA,2023,
St. Kitts and Nevis,KNA,2022,
St. Kitts and Nevis,KNA,2021,
St. Kitts and Nevis,KNA,2020,
St. Kitts and Nevis,KNA,2019,
St. Kitts and Nevis,KNA,2018,
St. Kitts and Nevis,KNA,2017,
St. Kitts and Nevis,KNA,2016,
St. Kitts and Nevis,KNA,2015,
St. Kitts and Nevis,KNA,2014,
St. Kitts and Nevis,KNA,2013,
St. Kitts and Nevis,KNA,2012,
St. Kitts and Nevis,KNA,2011,
St. Kitts and Nevis,KNA,2010,
St. Kitts and Nevis,KNA,2009,
St. Kitts and Nevis,KNA,2008,
St. Kitts and Nevis,KNA,2007,
St. Kitts and Nevis,KNA,2006,
St. Kitts and Nevis,KNA,2005,
St. Kitts and Nevis,KNA,2004,
St. Kitts and Nevis,KNA,2003,
St. Kitts and Nevis,KNA,2002,
St. Kitts and Nevis,KNA,2001,
St. Kitts and Nevis,KNA,2000,
St. Lucia,LCA,2023,
St. Lucia,LCA,2022,
St. Lucia,LCA,2021,
St. Lucia,LCA,2020,
St. Lucia,LCA,2019,
St. Lucia,LCA,2018,
St. Lucia,LCA,2017,
St. Lucia,LCA,2016,
St. Lucia,LCA,2015,
St. Lucia,LCA,2014,
St. Lucia,LCA,2013,
St. Lucia,LCA,2012,
St. Lucia,LCA,2011,
St. Lucia,LCA,2010,
St. Lucia,LCA,2009,
St. Lucia,LCA,2008,
St. Lucia,LCA,2007,
St. Lucia,LCA,2006,
St. Lucia,LCA,2005,
St. Lucia,LCA,2004,
St. Lucia,LCA,2003,
St. Lucia,LCA,2002,
St. Lucia,LCA,2001,
St. Lucia,LCA,2000,
St. Martin (French part),MAF,2023,
St. Martin (French part),MAF,2022,
St. Martin (French part),MAF,2021,
St. Martin (French part),MAF,2020,
St. Martin (French part),MAF,2019,
St. Martin (French part),MAF,2018,
St. Martin (French part),MAF,2017,
St. Martin (French part),MAF,2016,
St. Martin (French part),MAF,2015,
St. Martin (French part),MAF,2014,
St. Martin (French part),MAF,2013,
St. Martin (French part),MAF,2012,
St. Martin (French part),MAF,2011,
St. Martin (French part),MAF,2010,
St. Martin (French part),MAF,2009,
St. Martin (French part),MAF,2008,
St. Martin (French part),MAF,2007,
St. Martin (French part),MAF,2006,
St. Martin (French part),MAF,2005,
St. Martin (French part),MAF,2004,
St. Martin (French part),MAF,2003,
St. Martin (French part),MAF,2002,
St. Martin (French part),MAF,2001,
St. Martin (French part),MAF,2000,
St. Vincent and the Grenadines,VCT,2023,
St. Vincent and the Grenadines,VCT,2022,
St. Vincent and the Grenadines,VCT,2021,
St. Vincent and the Grenadines,VCT,2020,
St. Vincent and the Grenadines,VCT,2019,
St. Vincent and the Grenadines,VCT,2018,
St. Vincent and the Grenadines,VCT,2017,
St. Vincent and the Grenadines,VCT,2016,
St. Vincent and the Grenadines,VCT,2015,
St. Vincent and the Grenadines,VCT,2014,
St. Vincent and the Grenadines,VCT,2013,
St. Vincent and the Grenadines,VCT,2012,
St. Vincent and the Grenadines,VCT,2011,
St. Vincent and the Grenadines,VCT,2010,
St. Vincent and the Grenadines,VCT,2009,
St. Vincent and the Grenadines,VCT,2008,
St. Vincent and the Grenadines,VCT,2007,
St. Vincent and the Grenadines,VCT,2006,
St. Vincent and the Grenadines,VCT,2005,
St. Vincent and the Grenadines,VCT,2004,
St. Vincent and the Grenadines,VCT,2003,
St. Vincent and the Grenadines,VCT,2002,
St. Vincent and the Grenadines,VCT,2001,
St. Vincent and the Grenadines,VCT,2000,
Sudan,SDN,2023,
Sudan,SDN,2022,
Sudan,SDN,2021,
Sudan,SDN,2020,
Sudan,SDN,2019,
Sudan,SDN,2018,
Sudan,SDN,2017,
Sudan,SDN,2016,
Sudan,SDN,2015,
Sudan,SDN,2014,
Sudan,SDN,2013,
Sudan,SDN,2012,
Sudan,SDN,2011,
Sudan,SDN,2010,
Sudan,SDN,2009,
Sudan,SDN,2008,53.5200004577637
Sudan,SDN,2007,
Sudan,SDN,2006,
Sudan,SDN,2005,
Sudan,SDN,2004,
Sudan,SDN,2003,
Sudan,SDN,2002,
Sudan,SDN,2001,
Sudan,SDN,2000,61.3499984741211
Suriname,SUR,2023,
Suriname,SUR,2022,
Suriname,SUR,2021,
Suriname,SUR,2020,
Suriname,SUR,2019,
Suriname,SUR,2018,
Suriname,SUR,2017,
Suriname,SUR,2016,
Suriname,SUR,2015,
Suriname,SUR,2014,
Suriname,SUR,2013,
Suriname,SUR,2012,92.870002746582
Suriname,SUR,2011,
Suriname,SUR,2010,94.6800003051758
Suriname,SUR,2009,
Suriname,SUR,2008,94.620002746582
Suriname,SUR,2007,
Suriname,SUR,2006,
Suriname,SUR,2005,
Suriname,SUR,2004,89.5999984741211
Suriname,SUR,2003,
Suriname,SUR,2002,
Suriname,SUR,2001,
Suriname,SUR,2000,
Sweden,SWE,2023,
Sweden,SWE,2022,
Sweden,SWE,2021,
Sweden,SWE,2020,
Sweden,SWE,2019,
Sweden,SWE,2018,
Sweden,SWE,2017,
Sweden,SWE,2016,
Sweden,SWE,2015,
Sweden,SWE,2014,
Sweden,SWE,2013,
Sweden,SWE,2012,
Sweden,SWE,2011,
Sweden,SWE,2010,
Sweden,SWE,2009,
Sweden,SWE,2008,
Sweden,SWE,2007,
Sweden,SWE,2006,
Sweden,SWE,2005,
Sweden,SWE,2004,
Sweden,SWE,2003,
Sweden,SWE,2002,
Sweden,SWE,2001,
Sweden,SWE,2000,
Switzerland,CHE,2023,
Switzerland,CHE,2022,
Switzerland,CHE,2021,
Switzerland,CHE,2020,
Switzerland,CHE,2019,
Switzerland,CHE,2018,
Switzerland,CHE,2017,
Switzerland,CHE,2016,
Switzerland,CHE,2015,
Switzerland,CHE,2014,
Switzerland,CHE,2013,
Switzerland,CHE,2012,
Switzerland,CHE,2011,
Switzerland,CHE,2010,
Switzerland,CHE,2009,
Switzerland,CHE,2008,
Switzerland,CHE,2007,
Switzerland,CHE,2006,
Switzerland,CHE,2005,
Switzerland,CHE,2004,
Switzerland,CHE,2003,
Switzerland,CHE,2002,
Switzerland,CHE,2001,
Switzerland,CHE,2000,
Syrian Arab Republic,SYR,2023,
Syrian Arab Republic,SYR,2022,
Syrian Arab Republic,SYR,2021,94.4199981689453
Syrian Arab Republic,SYR,2020,
Syrian Arab Republic,SYR,2019,
Syrian Arab Republic,SYR,2018,
Syrian Arab Republic,SYR,2017,
Syrian Arab Republic,SYR,2016,
Syrian Arab Republic,SYR,2015,
Syrian Arab Republic,SYR,2014,
Syrian Arab Republic,SYR,2013,
Syrian Arab Republic,SYR,2012,
Syrian Arab Republic,SYR,2011,
Syrian Arab Republic,SYR,2010,
Syrian Arab Republic,SYR,2009,
Syrian Arab Republic,SYR,2008,
Syrian Arab Republic,SYR,2007,
Syrian Arab Republic,SYR,2006,
Syrian Arab Republic,SYR,2005,
Syrian Arab Republic,SYR,2004,80.8399963378906
Syrian Arab Republic,SYR,2003,
Syrian Arab Republic,SYR,2002,82.8899993896484
Syrian Arab Republic,SYR,2001,
Syrian Arab Republic,SYR,2000,
Tajikistan,TJK,2023,
Tajikistan,TJK,2022,
Tajikistan,TJK,2021,
Tajikistan,TJK,2020,
Tajikistan,TJK,2019,
Tajikistan,TJK,2018,
Tajikistan,TJK,2017,
Tajikistan,TJK,2016,
Tajikistan,TJK,2015,
Tajikistan,TJK,2014,
Tajikistan,TJK,2013,
Tajikistan,TJK,2012,
Tajikistan,TJK,2011,
Tajikistan,TJK,2010,
Tajikistan,TJK,2009,99.7298704511844
Tajikistan,TJK,2008,
Tajikistan,TJK,2007,98.0293057466938
Tajikistan,TJK,2006,
Tajikistan,TJK,2005,
Tajikistan,TJK,2004,
Tajikistan,TJK,2003,97.3502368564513
Tajikistan,TJK,2002,
Tajikistan,TJK,2001,
Tajikistan,TJK,2000,99.4499969482422
Tanzania,TZA,2023,
Tanzania,TZA,2022,78.2099990844727
Tanzania,TZA,2021,
Tanzania,TZA,2020,82.2361019196766
Tanzania,TZA,2019,
Tanzania,TZA,2018,
Tanzania,TZA,2017,
Tanzania,TZA,2016,
Tanzania,TZA,2015,77.8899993896484
Tanzania,TZA,2014,79.8949432291161
Tanzania,TZA,2013,
Tanzania,TZA,2012,78.0999984741211
Tanzania,TZA,2011,
Tanzania,TZA,2010,
Tanzania,TZA,2009,
Tanzania,TZA,2008,
Tanzania,TZA,2007,
Tanzania,TZA,2006,
Tanzania,TZA,2005,
Tanzania,TZA,2004,
Tanzania,TZA,2003,
Tanzania,TZA,2002,69.4300003051758
Tanzania,TZA,2001,
Tanzania,TZA,2000,
Thailand,THA,2023,
Thailand,THA,2022,91.0999984741211
Thailand,THA,2021,
Thailand,THA,2020,
Thailand,THA,2019,91.2699966430664
Thailand,THA,2018,93.7699966430664
Thailand,THA,2017,
Thailand,THA,2016,91.9800033569336
Thailand,THA,2015,92.870002746582
Thailand,THA,2014,
Thailand,THA,2013,93.6999969482422
Thailand,THA,2012,
Thailand,THA,2011,
Thailand,THA,2010,96.4300003051758
Thailand,THA,2009,
Thailand,THA,2008,
Thailand,THA,2007,
Thailand,THA,2006,
Thailand,THA,2005,93.5100021362305
Thailand,THA,2004,
Thailand,THA,2003,
Thailand,THA,2002,
Thailand,THA,2001,
Thailand,THA,2000,92.6500015258789
Timor-Leste,TLS,2023,
Timor-Leste,TLS,2022,69.4000015258789
Timor-Leste,TLS,2021,
Timor-Leste,TLS,2020,
Timor-Leste,TLS,2019,
Timor-Leste,TLS,2018,
Timor-Leste,TLS,2017,
Timor-Leste,TLS,2016,65.7799987792969
Timor-Leste,TLS,2015,64.4499969482422
Timor-Leste,TLS,2014,
Timor-Leste,TLS,2013,
Timor-Leste,TLS,2012,
Timor-Leste,TLS,2011,
Timor-Leste,TLS,2010,58.310001373291
Timor-Leste,TLS,2009,
Timor-Leste,TLS,2008,
Timor-Leste,TLS,2007,50.5999984741211
Timor-Leste,TLS,2006,
Timor-Leste,TLS,2005,
Timor-Leste,TLS,2004,
Timor-Leste,TLS,2003,
Timor-Leste,TLS,2002,
Timor-Leste,TLS,2001,37.5999984741211
Timor-Leste,TLS,2000,
Togo,TGO,2023,
Togo,TGO,2022,72.5999984741211
Togo,TGO,2021,
Togo,TGO,2020,
Togo,TGO,2019,66.5400009155273
Togo,TGO,2018,
Togo,TGO,2017,60.9537021917226
Togo,TGO,2016,
Togo,TGO,2015,63.75
Togo,TGO,2014,
Togo,TGO,2013,
Togo,TGO,2012,
Togo,TGO,2011,60.4099998474121
Togo,TGO,2010,57.2000007629395
Togo,TGO,2009,57.0900001525879
Togo,TGO,2008,
Togo,TGO,2007,
Togo,TGO,2006,56.8899993896484
Togo,TGO,2005,
Togo,TGO,2004,
Togo,TGO,2003,
Togo,TGO,2002,
Togo,TGO,2001,
Togo,TGO,2000,53.1800003051758
Tonga,TON,2023,99.4800033569336
Tonga,TON,2022,
Tonga,TON,2021,
Tonga,TON,2020,
Tonga,TON,2019,91.0500030517578
Tonga,TON,2018,
Tonga,TON,2017,
Tonga,TON,2016,97.1500015258789
Tonga,TON,2015,
Tonga,TON,2014,
Tonga,TON,2013,
Tonga,TON,2012,
Tonga,TON,2011,99.3899993896484
Tonga,TON,2010,
Tonga,TON,2009,
Tonga,TON,2008,
Tonga,TON,2007,
Tonga,TON,2006,99.0199966430664
Tonga,TON,2005,
Tonga,TON,2004,
Tonga,TON,2003,
Tonga,TON,2002,
Tonga,TON,2001,
Tonga,TON,2000,
Trinidad and Tobago,TTO,2023,
Trinidad and Tobago,TTO,2022,
Trinidad and Tobago,TTO,2021,
Trinidad and Tobago,TTO,2020,
Trinidad and Tobago,TTO,2019,
Trinidad and Tobago,TTO,2018,
Trinidad and Tobago,TTO,2017,
Trinidad and Tobago,TTO,2016,
Trinidad and Tobago,TTO,2015,
Trinidad and Tobago,TTO,2014,
Trinidad and Tobago,TTO,2013,
Trinidad and Tobago,TTO,2012,
Trinidad and Tobago,TTO,2011,
Trinidad and Tobago,TTO,2010,
Trinidad and Tobago,TTO,2009,
Trinidad and Tobago,TTO,2008,
Trinidad and Tobago,TTO,2007,
Trinidad and Tobago,TTO,2006,
Trinidad and Tobago,TTO,2005,
Trinidad and Tobago,TTO,2004,
Trinidad and Tobago,TTO,2003,
Trinidad and Tobago,TTO,2002,
Trinidad and Tobago,TTO,2001,
Trinidad and Tobago,TTO,2000,
Tunisia,TUN,2023,86.25
Tunisia,TUN,2022,
Tunisia,TUN,2021,83.6800003051758
Tunisia,TUN,2020,
Tunisia,TUN,2019,80.5500030517578
Tunisia,TUN,2018,79.4800033569336
Tunisia,TUN,2017,
Tunisia,TUN,2016,
Tunisia,TUN,2015,
Tunisia,TUN,2014,79.0400009155273
Tunisia,TUN,2013,
Tunisia,TUN,2012,80.2200012207031
Tunisia,TUN,2011,79.6500015258789
Tunisia,TUN,2010,79.129997253418
Tunisia,TUN,2009,
Tunisia,TUN,2008,77.7099990844727
Tunisia,TUN,2007,77.1900024414062
Tunisia,TUN,2006,
Tunisia,TUN,2005,
Tunisia,TUN,2004,74.3000030517578
Tunisia,TUN,2003,
Tunisia,TUN,2002,
Tunisia,TUN,2001,
Tunisia,TUN,2000,
Turkiye,TUR,2023,
Turkiye,TUR,2022,
Turkiye,TUR,2021,97.2600021362305
Turkiye,TUR,2020,
Turkiye,TUR,2019,96.7399978637695
Turkiye,TUR,2018,
Turkiye,TUR,2017,96.1500015258789
Turkiye,TUR,2016,95.8600006103516
Turkiye,TUR,2015,95.5999984741211
Turkiye,TUR,2014,95.4400024414062
Turkiye,TUR,2013,95.2600021362305
Turkiye,TUR,2012,94.9199981689453
Turkiye,TUR,2011,94.1100006103516
Turkiye,TUR,2010,92.6600036621094
Turkiye,TUR,2009,90.8199996948242
Turkiye,TUR,2008,
Turkiye,TUR,2007,88.6600036621094
Turkiye,TUR,2006,88.120002746582
Turkiye,TUR,2005,88.2300033569336
Turkiye,TUR,2004,87.370002746582
Turkiye,TUR,2003,
Turkiye,TUR,2002,
Turkiye,TUR,2001,
Turkiye,TUR,2000,
Turkmenistan,TKM,2023,
Turkmenistan,TKM,2022,99.9000015258789
Turkmenistan,TKM,2021,
Turkmenistan,TKM,2020,
Turkmenistan,TKM,2019,
Turkmenistan,TKM,2018,
Turkmenistan,TKM,2017,
Turkmenistan,TKM,2016,
Turkmenistan,TKM,2015,
Turkmenistan,TKM,2014,
Turkmenistan,TKM,2013,
Turkmenistan,TKM,2012,
Turkmenistan,TKM,2011,
Turkmenistan,TKM,2010,
Turkmenistan,TKM,2009,
Turkmenistan,TKM,2008,
Turkmenistan,TKM,2007,
Turkmenistan,TKM,2006,
Turkmenistan,TKM,2005,
Turkmenistan,TKM,2004,
Turkmenistan,TKM,2003,
Turkmenistan,TKM,2002,
Turkmenistan,TKM,2001,
Turkmenistan,TKM,2000,
Turks and Caicos Islands,TCA,2023,
Turks and Caicos Islands,TCA,2022,
Turks and Caicos Islands,TCA,2021,
Turks and Caicos Islands,TCA,2020,
Turks and Caicos Islands,TCA,2019,
Turks and Caicos Islands,TCA,2018,
Turks and Caicos Islands,TCA,2017,
Turks and Caicos Islands,TCA,2016,
Turks and Caicos Islands,TCA,2015,
Turks and Caicos Islands,TCA,2014,
Turks and Caicos Islands,TCA,2013,
Turks and Caicos Islands,TCA,2012,
Turks and Caicos Islands,TCA,2011,
Turks and Caicos Islands,TCA,2010,
Turks and Caicos Islands,TCA,2009,
Turks and Caicos Islands,TCA,2008,
Turks and Caicos Islands,TCA,2007,
Turks and Caicos Islands,TCA,2006,
Turks and Caicos Islands,TCA,2005,
Turks and Caicos Islands,TCA,2004,
Turks and Caicos Islands,TCA,2003,
Turks and Caicos Islands,TCA,2002,
Turks and Caicos Islands,TCA,2001,
Turks and Caicos Islands,TCA,2000,
Tuvalu,TUV,2023,
Tuvalu,TUV,2022,100.0
Tuvalu,TUV,2021,
Tuvalu,TUV,2020,
Tuvalu,TUV,2019,
Tuvalu,TUV,2018,
Tuvalu,TUV,2017,
Tuvalu,TUV,2016,
Tuvalu,TUV,2015,
Tuvalu,TUV,2014,
Tuvalu,TUV,2013,
Tuvalu,TUV,2012,
Tuvalu,TUV,2011,
Tuvalu,TUV,2010,
Tuvalu,TUV,2009,
Tuvalu,TUV,2008,
Tuvalu,TUV,2007,
Tuvalu,TUV,2006,
Tuvalu,TUV,2005,
Tuvalu,TUV,2004,
Tuvalu,TUV,2003,
Tuvalu,TUV,2002,
Tuvalu,TUV,2001,
Tuvalu,TUV,2000,
Uganda,UGA,2023,80.5100021362305
Uganda,UGA,2022,
Uganda,UGA,2021,79.0476540680567
Uganda,UGA,2020,
Uganda,UGA,2019,
Uganda,UGA,2018,
Uganda,UGA,2017,
Uganda,UGA,2016,69.0999984741211
Uganda,UGA,2015,
Uganda,UGA,2014,68.5100021362305
Uganda,UGA,2013,
Uganda,UGA,2012,70.1999969482422
Uganda,UGA,2011,
Uganda,UGA,2010,73.2099990844727
Uganda,UGA,2009,
Uganda,UGA,2008,
Uganda,UGA,2007,
Uganda,UGA,2006,71.370002746582
Uganda,UGA,2005,
Uganda,UGA,2004,
Uganda,UGA,2003,
Uganda,UGA,2002,68.1399993896484
Uganda,UGA,2001,
Uganda,UGA,2000,
Ukraine,UKR,2023,
Ukraine,UKR,2022,
Ukraine,UKR,2021,
Ukraine,UKR,2020,
Ukraine,UKR,2019,
Ukraine,UKR,2018,
Ukraine,UKR,2017,
Ukraine,UKR,2016,
Ukraine,UKR,2015,
Ukraine,UKR,2014,
Ukraine,UKR,2013,
Ukraine,UKR,2012,
Ukraine,UKR,2011,
Ukraine,UKR,2010,
Ukraine,UKR,2009,
Ukraine,UKR,2008,
Ukraine,UKR,2007,
Ukraine,UKR,2006,
Ukraine,UKR,2005,
Ukraine,UKR,2004,
Ukraine,UKR,2003,
Ukraine,UKR,2002,
Ukraine,UKR,2001,99.4300003051758
Ukraine,UKR,2000,
United Arab Emirates,ARE,2023,98.0599975585938
United Arab Emirates,ARE,2022,98.2900009155273
United Arab Emirates,ARE,2021,98.129997253418
United Arab Emirates,ARE,2020,
United Arab Emirates,ARE,2019,97.7799987792969
United Arab Emirates,ARE,2018,
United Arab Emirates,ARE,2017,
United Arab Emirates,ARE,2016,
United Arab Emirates,ARE,2015,
United Arab Emirates,ARE,2014,
United Arab Emirates,ARE,2013,
United Arab Emirates,ARE,2012,
United Arab Emirates,ARE,2011,
United Arab Emirates,ARE,2010,
United Arab Emirates,ARE,2009,
United Arab Emirates,ARE,2008,
United Arab Emirates,ARE,2007,
United Arab Emirates,ARE,2006,
United Arab Emirates,ARE,2005,90.0299987792969
United Arab Emirates,ARE,2004,
United Arab Emirates,ARE,2003,
United Arab Emirates,ARE,2002,
United Arab Emirates,ARE,2001,
United Arab Emirates,ARE,2000,
United Kingdom,GBR,2023,
United Kingdom,GBR,2022,
United Kingdom,GBR,2021,
United Kingdom,GBR,2020,
United Kingdom,GBR,2019,
United Kingdom,GBR,2018,
United Kingdom,GBR,2017,
United Kingdom,GBR,2016,
United Kingdom,GBR,2015,
United Kingdom,GBR,2014,
United Kingdom,GBR,2013,
United Kingdom,GBR,2012,
United Kingdom,GBR,2011,
United Kingdom,GBR,2010,
United Kingdom,GBR,2009,
United Kingdom,GBR,2008,
United Kingdom,GBR,2007,
United Kingdom,GBR,2006,
United Kingdom,GBR,2005,
United Kingdom,GBR,2004,
United Kingdom,GBR,2003,
United Kingdom,GBR,2002,
United Kingdom,GBR,2001,
United Kingdom,GBR,2000,
United States,USA,2023,
United States,USA,2022,
United States,USA,2021,
United States,USA,2020,
United States,USA,2019,
United States,USA,2018,
United States,USA,2017,
United States,USA,2016,
United States,USA,2015,
United States,USA,2014,
United States,USA,2013,
United States,USA,2012,
United States,USA,2011,
United States,USA,2010,
United States,USA,2009,
United States,USA,2008,
United States,USA,2007,
United States,USA,2006,
United States,USA,2005,
United States,USA,2004,
United States,USA,2003,
United States,USA,2002,
United States,USA,2001,
United States,USA,2000,
Uruguay,URY,2023,98.8254937778285
Uruguay,URY,2022,98.8499984741211
Uruguay,URY,2021,
Uruguay,URY,2020,98.9596198051761
Uruguay,URY,2019,98.7699966430664
Uruguay,URY,2018,98.6999969482422
Uruguay,URY,2017,98.620002746582
Uruguay,URY,2016,98.5599975585938
Uruguay,URY,2015,98.5199966430664
Uruguay,URY,2014,98.4400024414062
Uruguay,URY,2013,98.3600006103516
Uruguay,URY,2012,98.4000015258789
Uruguay,URY,2011,98.3399963378906
Uruguay,URY,2010,98.0699996948242
Uruguay,URY,2009,98.2600021362305
Uruguay,URY,2008,98.1600036621094
Uruguay,URY,2007,97.8600006103516
Uruguay,URY,2006,97.7900009155273
Uruguay,URY,2005,
Uruguay,URY,2004,
Uruguay,URY,2003,
Uruguay,URY,2002,
Uruguay,URY,2001,
Uruguay,URY,2000,
Uzbekistan,UZB,2023,
Uzbekistan,UZB,2022,100.0
Uzbekistan,UZB,2021,100.0
Uzbekistan,UZB,2020,
Uzbekistan,UZB,2019,100.0
Uzbekistan,UZB,2018,99.9899978637695
Uzbekistan,UZB,2017,
Uzbekistan,UZB,2016,99.9899978637695
Uzbekistan,UZB,2015,99.9800033569336
Uzbekistan,UZB,2014,99.9800033569336
Uzbekistan,UZB,2013,99.9899978637695
Uzbekistan,UZB,2012,
Uzbekistan,UZB,2011,
Uzbekistan,UZB,2010,
Uzbekistan,UZB,2009,
Uzbekistan,UZB,2008,
Uzbekistan,UZB,2007,
Uzbekistan,UZB,2006,
Uzbekistan,UZB,2005,
Uzbekistan,UZB,2004,
Uzbekistan,UZB,2003,
Uzbekistan,UZB,2002,
Uzbekistan,UZB,2001,
Uzbekistan,UZB,2000,98.6399993896484
Vanuatu,VUT,2023,87.9599990844727
Vanuatu,VUT,2022,
Vanuatu,VUT,2021,
Vanuatu,VUT,2020,89.7930993872856
Vanuatu,VUT,2019,92.4744486976738
Vanuatu,VUT,2018,
Vanuatu,VUT,2017,
Vanuatu,VUT,2016,
Vanuatu,VUT,2015,
Vanuatu,VUT,2014,
Vanuatu,VUT,2013,
Vanuatu,VUT,2012,
Vanuatu,VUT,2011,
Vanuatu,VUT,2010,
Vanuatu,VUT,2009,
Vanuatu,VUT,2008,
Vanuatu,VUT,2007,
Vanuatu,VUT,2006,
Vanuatu,VUT,2005,
Vanuatu,VUT,2004,
Vanuatu,VUT,2003,
Vanuatu,VUT,2002,
Vanuatu,VUT,2001,
Vanuatu,VUT,2000,
"Venezuela, RB",VEN,2023,
"Venezuela, RB",VEN,2022,
"Venezuela, RB",VEN,2021,
"Venezuela, RB",VEN,2020,
"Venezuela, RB",VEN,2019,
"Venezuela, RB",VEN,2018,
"Venezuela, RB",VEN,2017,97.1837183128414
"Venezuela, RB",VEN,2016,97.129997253418
"Venezuela, RB",VEN,2015,96.6100006103516
"Venezuela, RB",VEN,2014,
"Venezuela, RB",VEN,2013,
"Venezuela, RB",VEN,2012,95.9871889937429
"Venezuela, RB",VEN,2011,94.7699966430664
"Venezuela, RB",VEN,2010,95.3924213233743
"Venezuela, RB",VEN,2009,95.5100021362305
"Venezuela, RB",VEN,2008,95.3116995541662
"Venezuela, RB",VEN,2007,95.1500015258789
"Venezuela, RB",VEN,2006,94.6620701964151
"Venezuela, RB",VEN,2005,94.3707013803128
"Venezuela, RB",VEN,2004,
"Venezuela, RB",VEN,2003,
"Venezuela, RB",VEN,2002,
"Venezuela, RB",VEN,2001,92.9800033569336
"Venezuela, RB",VEN,2000,
Viet Nam,VNM,2023,
Viet Nam,VNM,2022,96.129997253418
Viet Nam,VNM,2021,
Viet Nam,VNM,2020,
Viet Nam,VNM,2019,95.75
Viet Nam,VNM,2018,
Viet Nam,VNM,2017,
Viet Nam,VNM,2016,
Viet Nam,VNM,2015,
Viet Nam,VNM,2014,
Viet Nam,VNM,2013,
Viet Nam,VNM,2012,
Viet Nam,VNM,2011,
Viet Nam,VNM,2010,
Viet Nam,VNM,2009,93.5199966430664
Viet Nam,VNM,2008,
Viet Nam,VNM,2007,
Viet Nam,VNM,2006,
Viet Nam,VNM,2005,
Viet Nam,VNM,2004,
Viet Nam,VNM,2003,
Viet Nam,VNM,2002,
Viet Nam,VNM,2001,
Viet Nam,VNM,2000,90.1600036621094
Virgin Islands (U.S.),VIR,2023,
Virgin Islands (U.S.),VIR,2022,
Virgin Islands (U.S.),VIR,2021,
Virgin Islands (U.S.),VIR,2020,
Virgin Islands (U.S.),VIR,2019,
Virgin Islands (U.S.),VIR,2018,
Virgin Islands (U.S.),VIR,2017,
Virgin Islands (U.S.),VIR,2016,
Virgin Islands (U.S.),VIR,2015,
Virgin Islands (U.S.),VIR,2014,
Virgin Islands (U.S.),VIR,2013,
Virgin Islands (U.S.),VIR,2012,
Virgin Islands (U.S.),VIR,2011,
Virgin Islands (U.S.),VIR,2010,
Virgin Islands (U.S.),VIR,2009,
Virgin Islands (U.S.),VIR,2008,
Virgin Islands (U.S.),VIR,2007,
Virgin Islands (U.S.),VIR,2006,
Virgin Islands (U.S.),VIR,2005,
Virgin Islands (U.S.),VIR,2004,
Virgin Islands (U.S.),VIR,2003,
Virgin Islands (U.S.),VIR,2002,
Virgin Islands (U.S.),VIR,2001,
Virgin Islands (U.S.),VIR,2000,
West Bank and Gaza,PSE,2023,
West Bank and Gaza,PSE,2022,97.8399963378906
West Bank and Gaza,PSE,2021,97.6840000894857
West Bank and Gaza,PSE,2020,97.5100021362305
West Bank and Gaza,PSE,2019,97.379997253418
West Bank and Gaza,PSE,2018,97.2200012207031
West Bank and Gaza,PSE,2017,96.9199981689453
West Bank and Gaza,PSE,2016,96.7200012207031
West Bank and Gaza,PSE,2015,96.4800033569336
West Bank and Gaza,PSE,2014,96.2099990844727
West Bank and Gaza,PSE,2013,96.0500030517578
West Bank and Gaza,PSE,2012,95.6699981689453
West Bank and Gaza,PSE,2011,95.0299987792969
West Bank and Gaza,PSE,2010,94.7200012207031
West Bank and Gaza,PSE,2009,94.4300003051758
West Bank and Gaza,PSE,2008,94.0100021362305
West Bank and Gaza,PSE,2007,93.7600021362305
West Bank and Gaza,PSE,2006,93.4499969482422
West Bank and Gaza,PSE,2005,
West Bank and Gaza,PSE,2004,92.4800033569336
West Bank and Gaza,PSE,2003,
West Bank and Gaza,PSE,2002,
West Bank and Gaza,PSE,2001,
West Bank and Gaza,PSE,2000,
"Yemen, Rep.",YEM,2023,
"Yemen, Rep.",YEM,2022,
"Yemen, Rep.",YEM,2021,
"Yemen, Rep.",YEM,2020,
"Yemen, Rep.",YEM,2019,
"Yemen, Rep.",YEM,2018,
"Yemen, Rep.",YEM,2017,
"Yemen, Rep.",YEM,2016,
"Yemen, Rep.",YEM,2015,
"Yemen, Rep.",YEM,2014,
"Yemen, Rep.",YEM,2013,
"Yemen, Rep.",YEM,2012,
"Yemen, Rep.",YEM,2011,
"Yemen, Rep.",YEM,2010,
"Yemen, Rep.",YEM,2009,
"Yemen, Rep.",YEM,2008,
"Yemen, Rep.",YEM,2007,
"Yemen, Rep.",YEM,2006,
"Yemen, Rep.",YEM,2005,
"Yemen, Rep.",YEM,2004,
"Yemen, Rep.",YEM,2003,
"Yemen, Rep.",YEM,2002,
"Yemen, Rep.",YEM,2001,
"Yemen, Rep.",YEM,2000,
Zambia,ZMB,2023,
Zambia,ZMB,2022,79.9841479741156
Zambia,ZMB,2021,79.9494621864846
Zambia,ZMB,2020,81.7530087399265
Zambia,ZMB,2019,
Zambia,ZMB,2018,71.129997253418
Zambia,ZMB,2017,
Zambia,ZMB,2016,
Zambia,ZMB,2015,
Zambia,ZMB,2014,
Zambia,ZMB,2013,
Zambia,ZMB,2012,
Zambia,ZMB,2011,
Zambia,ZMB,2010,83.1399993896484
Zambia,ZMB,2009,
Zambia,ZMB,2008,
Zambia,ZMB,2007,
Zambia,ZMB,2006,
Zambia,ZMB,2005,
Zambia,ZMB,2004,
Zambia,ZMB,2003,
Zambia,ZMB,2002,69.1500015258789
Zambia,ZMB,2001,
Zambia,ZMB,2000,
Zimbabwe,ZWE,2023,
Zimbabwe,ZWE,2022,
Zimbabwe,ZWE,2021,
Zimbabwe,ZWE,2020,
Zimbabwe,ZWE,2019,93.2300033569336
Zimbabwe,ZWE,2018,
Zimbabwe,ZWE,2017,
Zimbabwe,ZWE,2016,
Zimbabwe,ZWE,2015,
Zimbabwe,ZWE,2014,
Zimbabwe,ZWE,2013,
Zimbabwe,ZWE,2012,
Zimbabwe,ZWE,2011,
Zimbabwe,ZWE,2010,
Zimbabwe,ZWE,2009,
Zimbabwe,ZWE,2008,
Zimbabwe,ZWE,2007,
Zimbabwe,ZWE,2006,
Zimbabwe,ZWE,2005,
Zimbabwe,ZWE,2004,
Zimbabwe,ZWE,2003,
Zimbabwe,ZWE,2002,
Zimbabwe,ZWE,2001,
Zimbabwe,ZWE,2000,
