country,iso3,year,value
Africa Eastern and Southern,AFE,2023,59.3756488709871
Africa Eastern and Southern,AFE,2022,63.2067883145526
Africa Eastern and Southern,AFE,2021,63.1054754572995
Africa Eastern and Southern,AFE,2020,60.6228105603126
Africa Eastern and Southern,AFE,2019,61.4916357499261
Africa Eastern and Southern,AFE,2018,63.4229471071232
Africa Eastern and Southern,AFE,2017,67.7377996223608
Africa Eastern and Southern,AFE,2016,68.3630285644492
Africa Eastern and Southern,AFE,2015,69.7257641113397
Africa Eastern and Southern,AFE,2014,70.8075544059449
Africa Eastern and Southern,AFE,2013,71.3718833965859
Africa Eastern and Southern,AFE,2012,75.1809855113981
Africa Eastern and Southern,AFE,2011,83.5500388786075
Africa Eastern and Southern,AFE,2010,81.9293217658242
Africa Eastern and Southern,AFE,2009,85.0921790428166
Africa Eastern and Southern,AFE,2008,89.6062041509218
Africa Eastern and Southern,AFE,2007,94.6953490064832
Africa Eastern and Southern,AFE,2006,99.9110205751859
Africa Eastern and Southern,AFE,2005,106.324608181285
Africa Eastern and Southern,AFE,2004,116.029119197957
Africa Eastern and Southern,AFE,2003,121.162607864068
Africa Eastern and Southern,AFE,2002,127.205825419527
Africa Eastern and Southern,AFE,2001,135.625994096863
Africa Eastern and Southern,AFE,2000,138.905542047276
Africa Western and Central,AFW,2023,93.1384625037946
Africa Western and Central,AFW,2022,99.2832976933984
Africa Western and Central,AFW,2021,97.2224382375747
Africa Western and Central,AFW,2020,97.6133123185047
Africa Western and Central,AFW,2019,100.836050788105
Africa Western and Central,AFW,2018,100.218415291562
Africa Western and Central,AFW,2017,102.05803690267
Africa Western and Central,AFW,2016,103.14513535298
Africa Western and Central,AFW,2015,104.792583996923
Africa Western and Central,AFW,2014,107.620975614798
Africa Western and Central,AFW,2013,108.913498765347
Africa Western and Central,AFW,2012,111.214049041921
Africa Western and Central,AFW,2011,114.067745131608
Africa Western and Central,AFW,2010,117.476014195508
Africa Western and Central,AFW,2009,125.445488444603
Africa Western and Central,AFW,2008,124.411471397873
Africa Western and Central,AFW,2007,128.649851237291
Africa Western and Central,AFW,2006,133.167260085583
Africa Western and Central,AFW,2005,138.055291695204
Africa Western and Central,AFW,2004,143.427087874789
Africa Western and Central,AFW,2003,149.038744531491
Africa Western and Central,AFW,2002,154.90808166529
Africa Western and Central,AFW,2001,160.781319027226
Africa Western and Central,AFW,2000,166.597181522611
Arab World,ARB,2023,35.0658387461088
Arab World,ARB,2022,36.0409343939478
Arab World,ARB,2021,34.347184058652
Arab World,ARB,2020,34.9116184492469
Arab World,ARB,2019,35.8477618830257
Arab World,ARB,2018,37.4834560622083
Arab World,ARB,2017,38.7097264210473
Arab World,ARB,2016,37.4469516814555
Arab World,ARB,2015,38.3264086280594
Arab World,ARB,2014,38.966473325527
Arab World,ARB,2013,40.0651107724651
Arab World,ARB,2012,43.2379757279856
Arab World,ARB,2011,53.8937199604241
Arab World,ARB,2010,44.917359877498
Arab World,ARB,2009,44.8441745490491
Arab World,ARB,2008,46.471239953465
Arab World,ARB,2007,48.3025318536282
Arab World,ARB,2006,50.2836850846917
Arab World,ARB,2005,53.7749415860122
Arab World,ARB,2004,55.4712517987444
Arab World,ARB,2003,55.5366067565137
Arab World,ARB,2002,57.3667985701484
Arab World,ARB,2001,59.1626436484532
Arab World,ARB,2000,61.0175247448248
Caribbean small states,CSS,2023,18.6734280753062
Caribbean small states,CSS,2022,19.2519055409131
Caribbean small states,CSS,2021,19.8300013620473
Caribbean small states,CSS,2020,20.2340787930087
Caribbean small states,CSS,2019,21.4825706165536
Caribbean small states,CSS,2018,21.0948856500277
Caribbean small states,CSS,2017,21.6186888425685
Caribbean small states,CSS,2016,22.1309816388208
Caribbean small states,CSS,2015,22.5926085426782
Caribbean small states,CSS,2014,23.084774339181
Caribbean small states,CSS,2013,23.5459317439355
Caribbean small states,CSS,2012,23.9873976108028
Caribbean small states,CSS,2011,24.46797830169
Caribbean small states,CSS,2010,24.8751909030545
Caribbean small states,CSS,2009,25.2608405148904
Caribbean small states,CSS,2008,25.7292304129259
Caribbean small states,CSS,2007,26.2060322483835
Caribbean small states,CSS,2006,26.6642978373939
Caribbean small states,CSS,2005,27.1256315760631
Caribbean small states,CSS,2004,27.6420531157027
Caribbean small states,CSS,2003,28.2168081676518
Caribbean small states,CSS,2002,28.9147169910643
Caribbean small states,CSS,2001,29.6129024405868
Caribbean small states,CSS,2000,30.3365542135221
Central Europe and the Baltics,CEB,2023,4.75243694513347
Central Europe and the Baltics,CEB,2022,4.693924319098
Central Europe and the Baltics,CEB,2021,4.67541577377201
Central Europe and the Baltics,CEB,2020,4.73289141291711
Central Europe and the Baltics,CEB,2019,4.86801997531672
Central Europe and the Baltics,CEB,2018,5.04437891013553
Central Europe and the Baltics,CEB,2017,5.27542081196346
Central Europe and the Baltics,CEB,2016,5.53686433246911
Central Europe and the Baltics,CEB,2015,5.80488075204549
Central Europe and the Baltics,CEB,2014,6.03769013915952
Central Europe and the Baltics,CEB,2013,6.31738620589922
Central Europe and the Baltics,CEB,2012,6.62399998855631
Central Europe and the Baltics,CEB,2011,6.95384740981372
Central Europe and the Baltics,CEB,2010,7.33253040004125
Central Europe and the Baltics,CEB,2009,7.75034641571448
Central Europe and the Baltics,CEB,2008,8.20550739414213
Central Europe and the Baltics,CEB,2007,8.72351795707887
Central Europe and the Baltics,CEB,2006,9.38021929512148
Central Europe and the Baltics,CEB,2005,10.0262533068436
Central Europe and the Baltics,CEB,2004,10.5387676882167
Central Europe and the Baltics,CEB,2003,10.9999607669708
Central Europe and the Baltics,CEB,2002,11.3072685436924
Central Europe and the Baltics,CEB,2001,11.7091399740953
Central Europe and the Baltics,CEB,2000,12.3188834146514
Early-demographic dividend,EAR,2023,30.8785826584925
Early-demographic dividend,EAR,2022,32.7176454900784
Early-demographic dividend,EAR,2021,33.8312680253746
Early-demographic dividend,EAR,2020,33.7001179805719
Early-demographic dividend,EAR,2019,34.9101641822264
Early-demographic dividend,EAR,2018,36.1562766486784
Early-demographic dividend,EAR,2017,37.4716956775527
Early-demographic dividend,EAR,2016,38.9997656937306
Early-demographic dividend,EAR,2015,40.6812813482926
Early-demographic dividend,EAR,2014,42.4666258953891
Early-demographic dividend,EAR,2013,44.4942970063474
Early-demographic dividend,EAR,2012,46.6221417500773
Early-demographic dividend,EAR,2011,48.8209534205075
Early-demographic dividend,EAR,2010,51.4346564632238
Early-demographic dividend,EAR,2009,53.6283446316316
Early-demographic dividend,EAR,2008,56.6146245609075
Early-demographic dividend,EAR,2007,58.7468522161505
Early-demographic dividend,EAR,2006,61.445917265839
Early-demographic dividend,EAR,2005,64.2700700599399
Early-demographic dividend,EAR,2004,67.6212725586949
Early-demographic dividend,EAR,2003,70.169723758267
Early-demographic dividend,EAR,2002,73.2051028865653
Early-demographic dividend,EAR,2001,76.2893190449641
Early-demographic dividend,EAR,2000,79.4553717655462
East Asia & Pacific,EAS,2023,13.7
East Asia & Pacific,EAS,2022,14.0
East Asia & Pacific,EAS,2021,14.2
East Asia & Pacific,EAS,2020,14.4
East Asia & Pacific,EAS,2019,14.3
East Asia & Pacific,EAS,2018,14.8
East Asia & Pacific,EAS,2017,15.0
East Asia & Pacific,EAS,2016,15.7
East Asia & Pacific,EAS,2015,16.6
East Asia & Pacific,EAS,2014,17.2
East Asia & Pacific,EAS,2013,18.2
East Asia & Pacific,EAS,2012,19.1
East Asia & Pacific,EAS,2011,20.3
East Asia & Pacific,EAS,2010,21.4
East Asia & Pacific,EAS,2009,22.5
East Asia & Pacific,EAS,2008,24.9
East Asia & Pacific,EAS,2007,25.4
East Asia & Pacific,EAS,2006,27.0
East Asia & Pacific,EAS,2005,28.7
East Asia & Pacific,EAS,2004,31.5
East Asia & Pacific,EAS,2003,32.6
East Asia & Pacific,EAS,2002,35.5
East Asia & Pacific,EAS,2001,37.5
East Asia & Pacific,EAS,2000,39.6
East Asia & Pacific (excluding high income),EAP,2023,14.4749594363851
East Asia & Pacific (excluding high income),EAP,2022,14.8448601956501
East Asia & Pacific (excluding high income),EAP,2021,15.0122967009999
East Asia & Pacific (excluding high income),EAP,2020,15.1823948934567
East Asia & Pacific (excluding high income),EAP,2019,15.0180940327798
East Asia & Pacific (excluding high income),EAP,2018,15.5381715461795
East Asia & Pacific (excluding high income),EAP,2017,15.6474834443702
East Asia & Pacific (excluding high income),EAP,2016,16.4720341830735
East Asia & Pacific (excluding high income),EAP,2015,17.4865557526411
East Asia & Pacific (excluding high income),EAP,2014,18.0713618055203
East Asia & Pacific (excluding high income),EAP,2013,19.1365596950918
East Asia & Pacific (excluding high income),EAP,2012,19.9737241800297
East Asia & Pacific (excluding high income),EAP,2011,21.3685026814193
East Asia & Pacific (excluding high income),EAP,2010,22.4399493451171
East Asia & Pacific (excluding high income),EAP,2009,23.7274578501377
East Asia & Pacific (excluding high income),EAP,2008,26.206449057273
East Asia & Pacific (excluding high income),EAP,2007,26.7559837962097
East Asia & Pacific (excluding high income),EAP,2006,28.4224115469992
East Asia & Pacific (excluding high income),EAP,2005,30.2907051058504
East Asia & Pacific (excluding high income),EAP,2004,33.2761577425412
East Asia & Pacific (excluding high income),EAP,2003,34.4812187182369
East Asia & Pacific (excluding high income),EAP,2002,37.5572527592659
East Asia & Pacific (excluding high income),EAP,2001,39.884236685369
East Asia & Pacific (excluding high income),EAP,2000,41.9695455382353
East Asia & Pacific (IDA & IBRD countries),TEA,2023,14.4130483778755
East Asia & Pacific (IDA & IBRD countries),TEA,2022,14.7957069398733
East Asia & Pacific (IDA & IBRD countries),TEA,2021,14.9730901463221
East Asia & Pacific (IDA & IBRD countries),TEA,2020,15.1483633261233
East Asia & Pacific (IDA & IBRD countries),TEA,2019,14.9817931210967
East Asia & Pacific (IDA & IBRD countries),TEA,2018,15.5008395354015
East Asia & Pacific (IDA & IBRD countries),TEA,2017,15.6073305916676
East Asia & Pacific (IDA & IBRD countries),TEA,2016,16.4248379117084
East Asia & Pacific (IDA & IBRD countries),TEA,2015,17.441339920976
East Asia & Pacific (IDA & IBRD countries),TEA,2014,18.0215972955504
East Asia & Pacific (IDA & IBRD countries),TEA,2013,19.0818008875774
East Asia & Pacific (IDA & IBRD countries),TEA,2012,19.913184008335
East Asia & Pacific (IDA & IBRD countries),TEA,2011,21.3043803830477
East Asia & Pacific (IDA & IBRD countries),TEA,2010,22.3711112891205
East Asia & Pacific (IDA & IBRD countries),TEA,2009,23.658345642277
East Asia & Pacific (IDA & IBRD countries),TEA,2008,26.1511049620741
East Asia & Pacific (IDA & IBRD countries),TEA,2007,26.6902316996262
East Asia & Pacific (IDA & IBRD countries),TEA,2006,28.3702187955748
East Asia & Pacific (IDA & IBRD countries),TEA,2005,30.254824557307
East Asia & Pacific (IDA & IBRD countries),TEA,2004,33.2695203962365
East Asia & Pacific (IDA & IBRD countries),TEA,2003,34.4808837104115
East Asia & Pacific (IDA & IBRD countries),TEA,2002,36.7362169899143
East Asia & Pacific (IDA & IBRD countries),TEA,2001,39.0471957374983
East Asia & Pacific (IDA & IBRD countries),TEA,2000,41.1463906897658
Euro area,EMU,2023,3.71794577885785
Euro area,EMU,2022,3.73314047472177
Euro area,EMU,2021,3.74819456597552
Euro area,EMU,2020,3.74912764856254
Euro area,EMU,2019,3.77135271572648
Euro area,EMU,2018,3.8222190835292
Euro area,EMU,2017,3.85374210654639
Euro area,EMU,2016,3.9272951450282
Euro area,EMU,2015,3.96175287599302
Euro area,EMU,2014,4.01071564239057
Euro area,EMU,2013,4.06495297338017
Euro area,EMU,2012,4.12530026975936
Euro area,EMU,2011,4.23648831888596
Euro area,EMU,2010,4.33053771112197
Euro area,EMU,2009,4.47859369402051
Euro area,EMU,2008,4.58145952343906
Euro area,EMU,2007,4.70739923768855
Euro area,EMU,2006,4.84284913293961
Euro area,EMU,2005,5.02231068390932
Euro area,EMU,2004,5.22998909546917
Euro area,EMU,2003,5.41755462289396
Euro area,EMU,2002,5.62625734966375
Euro area,EMU,2001,5.81608962539807
Euro area,EMU,2000,6.07803458003328
Europe & Central Asia,ECS,2023,8.4
Europe & Central Asia,ECS,2022,8.0
Europe & Central Asia,ECS,2021,8.1
Europe & Central Asia,ECS,2020,8.3
Europe & Central Asia,ECS,2019,8.5
Europe & Central Asia,ECS,2018,8.6
Europe & Central Asia,ECS,2017,8.8
Europe & Central Asia,ECS,2016,9.2
Europe & Central Asia,ECS,2015,9.6
Europe & Central Asia,ECS,2014,10.0
Europe & Central Asia,ECS,2013,10.4
Europe & Central Asia,ECS,2012,10.8
Europe & Central Asia,ECS,2011,11.2
Europe & Central Asia,ECS,2010,11.7
Europe & Central Asia,ECS,2009,12.3
Europe & Central Asia,ECS,2008,13.0
Europe & Central Asia,ECS,2007,13.8
Europe & Central Asia,ECS,2006,14.6
Europe & Central Asia,ECS,2005,15.5
Europe & Central Asia,ECS,2004,16.4
Europe & Central Asia,ECS,2003,17.4
Europe & Central Asia,ECS,2002,18.5
Europe & Central Asia,ECS,2001,19.7
Europe & Central Asia,ECS,2000,20.9
Europe & Central Asia (excluding high income),ECA,2023,14.9318910217203
Europe & Central Asia (excluding high income),ECA,2022,14.1403721981144
Europe & Central Asia (excluding high income),ECA,2021,14.2754006870893
Europe & Central Asia (excluding high income),ECA,2020,14.5690548624348
Europe & Central Asia (excluding high income),ECA,2019,14.9067668723198
Europe & Central Asia (excluding high income),ECA,2018,15.2052863202675
Europe & Central Asia (excluding high income),ECA,2017,15.5904334752804
Europe & Central Asia (excluding high income),ECA,2016,16.0721474728614
Europe & Central Asia (excluding high income),ECA,2015,16.8078244064144
Europe & Central Asia (excluding high income),ECA,2014,17.5388657418696
Europe & Central Asia (excluding high income),ECA,2013,18.4040261785443
Europe & Central Asia (excluding high income),ECA,2012,19.3782248485954
Europe & Central Asia (excluding high income),ECA,2011,20.6052052466506
Europe & Central Asia (excluding high income),ECA,2010,21.8327619264082
Europe & Central Asia (excluding high income),ECA,2009,23.1662750310061
Europe & Central Asia (excluding high income),ECA,2008,24.7537658738244
Europe & Central Asia (excluding high income),ECA,2007,26.4596456532286
Europe & Central Asia (excluding high income),ECA,2006,28.2285287698445
Europe & Central Asia (excluding high income),ECA,2005,30.1880663905664
Europe & Central Asia (excluding high income),ECA,2004,32.3195945196954
Europe & Central Asia (excluding high income),ECA,2003,34.358834558628
Europe & Central Asia (excluding high income),ECA,2002,36.8517204276354
Europe & Central Asia (excluding high income),ECA,2001,39.354758701548
Europe & Central Asia (excluding high income),ECA,2000,41.9047834514985
Europe & Central Asia (IDA & IBRD countries),TEC,2023,11.6608918220628
Europe & Central Asia (IDA & IBRD countries),TEC,2022,11.1412663683546
Europe & Central Asia (IDA & IBRD countries),TEC,2021,11.2390654205607
Europe & Central Asia (IDA & IBRD countries),TEC,2020,11.4402376555719
Europe & Central Asia (IDA & IBRD countries),TEC,2019,11.7213148178318
Europe & Central Asia (IDA & IBRD countries),TEC,2018,11.9395431519003
Europe & Central Asia (IDA & IBRD countries),TEC,2017,12.2525480085223
Europe & Central Asia (IDA & IBRD countries),TEC,2016,12.6684363631334
Europe & Central Asia (IDA & IBRD countries),TEC,2015,13.343577725526
Europe & Central Asia (IDA & IBRD countries),TEC,2014,14.0220051709822
Europe & Central Asia (IDA & IBRD countries),TEC,2013,14.7303815259107
Europe & Central Asia (IDA & IBRD countries),TEC,2012,15.4101584121496
Europe & Central Asia (IDA & IBRD countries),TEC,2011,16.2944506822689
Europe & Central Asia (IDA & IBRD countries),TEC,2010,17.0847676839038
Europe & Central Asia (IDA & IBRD countries),TEC,2009,18.0517614978236
Europe & Central Asia (IDA & IBRD countries),TEC,2008,19.2850177301123
Europe & Central Asia (IDA & IBRD countries),TEC,2007,20.705915778817
Europe & Central Asia (IDA & IBRD countries),TEC,2006,22.2317109209457
Europe & Central Asia (IDA & IBRD countries),TEC,2005,23.7961221368325
Europe & Central Asia (IDA & IBRD countries),TEC,2004,25.4008816088789
Europe & Central Asia (IDA & IBRD countries),TEC,2003,26.9579816601548
Europe & Central Asia (IDA & IBRD countries),TEC,2002,28.9894127783
Europe & Central Asia (IDA & IBRD countries),TEC,2001,31.0677739056348
Europe & Central Asia (IDA & IBRD countries),TEC,2000,33.1505941426176
European Union,EUU,2023,3.86580979903847
European Union,EUU,2022,3.86039705868669
European Union,EUU,2021,3.86836841377716
European Union,EUU,2020,3.88832143169013
European Union,EUU,2019,3.93757961783439
European Union,EUU,2018,4.01789187486254
European Union,EUU,2017,4.09574635146789
European Union,EUU,2016,4.19492071938833
European Union,EUU,2015,4.27261915574541
European Union,EUU,2014,4.34862512103113
European Union,EUU,2013,4.4371936775856
European Union,EUU,2012,4.5453050026796
European Union,EUU,2011,4.69181003554849
European Union,EUU,2010,4.85554870459093
European Union,EUU,2009,5.06570514065573
European Union,EUU,2008,5.23785001849768
European Union,EUU,2007,5.42348341235373
European Union,EUU,2006,5.65147207409268
European Union,EUU,2005,5.91993705430458
European Union,EUU,2004,6.15534521246253
European Union,EUU,2003,6.37822473171958
European Union,EUU,2002,6.60518227697341
European Union,EUU,2001,6.83733219005194
European Union,EUU,2000,7.16598936295681
Heavily indebted poor countries (HIPC),HPC,2023,64.7737608743439
Heavily indebted poor countries (HIPC),HPC,2022,70.9810827482135
Heavily indebted poor countries (HIPC),HPC,2021,69.7824667658958
Heavily indebted poor countries (HIPC),HPC,2020,68.146309212661
Heavily indebted poor countries (HIPC),HPC,2019,70.6505060809458
Heavily indebted poor countries (HIPC),HPC,2018,71.5972927454548
Heavily indebted poor countries (HIPC),HPC,2017,74.0985605574823
Heavily indebted poor countries (HIPC),HPC,2016,75.0531588355873
Heavily indebted poor countries (HIPC),HPC,2015,77.2252196182014
Heavily indebted poor countries (HIPC),HPC,2014,80.1013664951844
Heavily indebted poor countries (HIPC),HPC,2013,82.2392532979546
Heavily indebted poor countries (HIPC),HPC,2012,85.8956616008329
Heavily indebted poor countries (HIPC),HPC,2011,93.139476228705
Heavily indebted poor countries (HIPC),HPC,2010,93.2212751268281
Heavily indebted poor countries (HIPC),HPC,2009,98.2895969280398
Heavily indebted poor countries (HIPC),HPC,2008,99.6378865309757
Heavily indebted poor countries (HIPC),HPC,2007,104.102383459321
Heavily indebted poor countries (HIPC),HPC,2006,108.918038437956
Heavily indebted poor countries (HIPC),HPC,2005,114.699593733073
Heavily indebted poor countries (HIPC),HPC,2004,123.326110509051
Heavily indebted poor countries (HIPC),HPC,2003,128.471888328471
Heavily indebted poor countries (HIPC),HPC,2002,134.415315047831
Heavily indebted poor countries (HIPC),HPC,2001,142.316579600629
Heavily indebted poor countries (HIPC),HPC,2000,146.100097583984
IBRD only,IBD,2023,20.4507037715747
IBRD only,IBD,2022,21.0193519897855
IBRD only,IBD,2021,21.5924267168741
IBRD only,IBD,2020,22.1850623203202
IBRD only,IBD,2019,22.5844615647677
IBRD only,IBD,2018,23.4442956099547
IBRD only,IBD,2017,23.854318818368
IBRD only,IBD,2016,25.1089807081947
IBRD only,IBD,2015,26.3413290893219
IBRD only,IBD,2014,27.4123864989869
IBRD only,IBD,2013,29.168083341983
IBRD only,IBD,2012,30.5995012213551
IBRD only,IBD,2011,32.6633578025476
IBRD only,IBD,2010,34.4513038342427
IBRD only,IBD,2009,36.4255085372224
IBRD only,IBD,2008,38.5641990306494
IBRD only,IBD,2007,40.935527044949
IBRD only,IBD,2006,43.3899001810369
IBRD only,IBD,2005,45.9221457752169
IBRD only,IBD,2004,48.8462625179564
IBRD only,IBD,2003,51.0596649636807
IBRD only,IBD,2002,53.6325324452846
IBRD only,IBD,2001,56.1688158230713
IBRD only,IBD,2000,58.3614429812875
IDA & IBRD total,IBT,2023,41.382706913428
IDA & IBRD total,IBT,2022,43.1834698029139
IDA & IBRD total,IBT,2021,42.9382742931704
IDA & IBRD total,IBT,2020,42.4922083281563
IDA & IBRD total,IBT,2019,42.7794421008687
IDA & IBRD total,IBT,2018,43.3739482895554
IDA & IBRD total,IBT,2017,44.1583028931606
IDA & IBRD total,IBT,2016,45.0167897925032
IDA & IBRD total,IBT,2015,46.3869965708754
IDA & IBRD total,IBT,2014,47.43517108688
IDA & IBRD total,IBT,2013,48.7798966691799
IDA & IBRD total,IBT,2012,50.4019591519664
IDA & IBRD total,IBT,2011,53.5375021107104
IDA & IBRD total,IBT,2010,54.8743175277049
IDA & IBRD total,IBT,2009,57.2665099336567
IDA & IBRD total,IBT,2008,59.3783854885707
IDA & IBRD total,IBT,2007,61.8548777157548
IDA & IBRD total,IBT,2006,64.6848752006473
IDA & IBRD total,IBT,2005,67.7155522211802
IDA & IBRD total,IBT,2004,71.5345625751571
IDA & IBRD total,IBT,2003,74.3042022287337
IDA & IBRD total,IBT,2002,77.388816003674
IDA & IBRD total,IBT,2001,80.8212518784276
IDA & IBRD total,IBT,2000,83.2518339608636
IDA blend,IDB,2023,77.1942653568078
IDA blend,IDB,2022,78.3794185953685
IDA blend,IDB,2021,79.4387739493454
IDA blend,IDB,2020,80.4458118967861
IDA blend,IDB,2019,81.79549064533
IDA blend,IDB,2018,82.9417022338448
IDA blend,IDB,2017,84.3590132998074
IDA blend,IDB,2016,85.7706738523369
IDA blend,IDB,2015,87.3420837922888
IDA blend,IDB,2014,89.0200242810528
IDA blend,IDB,2013,90.870695521886
IDA blend,IDB,2012,93.0603666172748
IDA blend,IDB,2011,95.4071007579972
IDA blend,IDB,2010,97.7581338926115
IDA blend,IDB,2009,100.274455807164
IDA blend,IDB,2008,102.989146998811
IDA blend,IDB,2007,106.195180936754
IDA blend,IDB,2006,109.504672853843
IDA blend,IDB,2005,113.096678219845
IDA blend,IDB,2004,116.719834111149
IDA blend,IDB,2003,120.432492409236
IDA blend,IDB,2002,124.427727125497
IDA blend,IDB,2001,128.523722514361
IDA blend,IDB,2000,132.632143378455
IDA only,IDX,2023,57.7865752666587
IDA only,IDX,2022,62.9267579403154
IDA only,IDX,2021,61.9200563226145
IDA only,IDX,2020,60.5473011270219
IDA only,IDX,2019,62.7277314334513
IDA only,IDX,2018,64.0090692798865
IDA only,IDX,2017,67.7482970229584
IDA only,IDX,2016,68.6289269814824
IDA only,IDX,2015,70.2706407758469
IDA only,IDX,2014,72.0297513904006
IDA only,IDX,2013,72.6386136365906
IDA only,IDX,2012,75.6643702725594
IDA only,IDX,2011,81.4248111380107
IDA only,IDX,2010,81.5360914415985
IDA only,IDX,2009,85.8050310556144
IDA only,IDX,2008,87.9667991827962
IDA only,IDX,2007,90.7663707698683
IDA only,IDX,2006,95.0277688116048
IDA only,IDX,2005,99.9397845776829
IDA only,IDX,2004,107.197583983109
IDA only,IDX,2003,111.460926785655
IDA only,IDX,2002,116.615942171355
IDA only,IDX,2001,123.420744238808
IDA only,IDX,2000,127.327180927315
IDA total,IDA,2023,64.4912684750639
IDA total,IDA,2022,68.2791646728512
IDA total,IDA,2021,68.0064112201956
IDA total,IDA,2020,67.4648126783118
IDA total,IDA,2019,69.4074968502149
IDA total,IDA,2018,70.7073225986315
IDA total,IDA,2017,73.6820694866744
IDA total,IDA,2016,74.8022236414607
IDA total,IDA,2015,76.4932195987004
IDA total,IDA,2014,78.2696531874441
IDA total,IDA,2013,79.356290736495
IDA total,IDA,2012,82.0984677269542
IDA total,IDA,2011,86.6153118509758
IDA total,IDA,2010,87.54883055336
IDA total,IDA,2009,91.1394377544346
IDA total,IDA,2008,93.4632287880326
IDA total,IDA,2007,96.3474817288562
IDA total,IDA,2006,100.221727189192
IDA total,IDA,2005,104.623943899033
IDA total,IDA,2004,110.573176866386
IDA total,IDA,2003,114.646346006639
IDA total,IDA,2002,119.384292046139
IDA total,IDA,2001,125.226254418226
IDA total,IDA,2000,129.199281249144
Late-demographic dividend,LTE,2023,9.32457678981666
Late-demographic dividend,LTE,2022,9.62694958591045
Late-demographic dividend,LTE,2021,9.79989082006787
Late-demographic dividend,LTE,2020,10.0462731195544
Late-demographic dividend,LTE,2019,10.209210734269
Late-demographic dividend,LTE,2018,10.622397482105
Late-demographic dividend,LTE,2017,11.0144899278281
Late-demographic dividend,LTE,2016,11.7039737633974
Late-demographic dividend,LTE,2015,12.2863199817925
Late-demographic dividend,LTE,2014,12.963930913128
Late-demographic dividend,LTE,2013,13.7165601776572
Late-demographic dividend,LTE,2012,14.4920222605257
Late-demographic dividend,LTE,2011,15.4370950892919
Late-demographic dividend,LTE,2010,16.3195349532003
Late-demographic dividend,LTE,2009,17.5377591257261
Late-demographic dividend,LTE,2008,18.5911842714602
Late-demographic dividend,LTE,2007,19.9410205907095
Late-demographic dividend,LTE,2006,21.4230637555318
Late-demographic dividend,LTE,2005,23.0666406183677
Late-demographic dividend,LTE,2004,25.0262330776091
Late-demographic dividend,LTE,2003,26.7275133876914
Late-demographic dividend,LTE,2002,29.6246246696328
Late-demographic dividend,LTE,2001,31.8291593637484
Late-demographic dividend,LTE,2000,34.0143921184361
Latin America & Caribbean,LCN,2023,15.7
Latin America & Caribbean,LCN,2022,16.0
Latin America & Caribbean,LCN,2021,16.4
Latin America & Caribbean,LCN,2020,16.7
Latin America & Caribbean,LCN,2019,17.0
Latin America & Caribbean,LCN,2018,17.4
Latin America & Caribbean,LCN,2017,17.8
Latin America & Caribbean,LCN,2016,18.5
Latin America & Caribbean,LCN,2015,18.3
Latin America & Caribbean,LCN,2014,18.7
Latin America & Caribbean,LCN,2013,19.2
Latin America & Caribbean,LCN,2012,19.8
Latin America & Caribbean,LCN,2011,20.4
Latin America & Caribbean,LCN,2010,22.7
Latin America & Caribbean,LCN,2009,21.8
Latin America & Caribbean,LCN,2008,22.7
Latin America & Caribbean,LCN,2007,23.6
Latin America & Caribbean,LCN,2006,24.6
Latin America & Caribbean,LCN,2005,25.6
Latin America & Caribbean,LCN,2004,26.8
Latin America & Caribbean,LCN,2003,28.1
Latin America & Caribbean,LCN,2002,29.5
Latin America & Caribbean,LCN,2001,31.0
Latin America & Caribbean,LCN,2000,32.7
Latin America & Caribbean (excluding high income),LAC,2023,15.9236740042292
Latin America & Caribbean (excluding high income),LAC,2022,16.2946960724099
Latin America & Caribbean (excluding high income),LAC,2021,16.6106091323366
Latin America & Caribbean (excluding high income),LAC,2020,16.9935152165814
Latin America & Caribbean (excluding high income),LAC,2019,17.2871498011787
Latin America & Caribbean (excluding high income),LAC,2018,17.6665057888331
Latin America & Caribbean (excluding high income),LAC,2017,18.0910253911405
Latin America & Caribbean (excluding high income),LAC,2016,18.8642166926167
Latin America & Caribbean (excluding high income),LAC,2015,18.6401025520998
Latin America & Caribbean (excluding high income),LAC,2014,19.0550458732845
Latin America & Caribbean (excluding high income),LAC,2013,19.5785825323383
Latin America & Caribbean (excluding high income),LAC,2012,20.167814815645
Latin America & Caribbean (excluding high income),LAC,2011,20.8103918479881
Latin America & Caribbean (excluding high income),LAC,2010,23.0719253457918
Latin America & Caribbean (excluding high income),LAC,2009,22.2837116620653
Latin America & Caribbean (excluding high income),LAC,2008,23.0910646876721
Latin America & Caribbean (excluding high income),LAC,2007,24.048301894126
Latin America & Caribbean (excluding high income),LAC,2006,25.0465562706623
Latin America & Caribbean (excluding high income),LAC,2005,26.1516836669544
Latin America & Caribbean (excluding high income),LAC,2004,27.4105780846698
Latin America & Caribbean (excluding high income),LAC,2003,28.727058048678
Latin America & Caribbean (excluding high income),LAC,2002,30.1389272816993
Latin America & Caribbean (excluding high income),LAC,2001,31.7424656108912
Latin America & Caribbean (excluding high income),LAC,2000,33.4441328098718
Latin America & the Caribbean (IDA & IBRD countries),TLA,2023,15.7828276819354
Latin America & the Caribbean (IDA & IBRD countries),TLA,2022,16.1341844487967
Latin America & the Caribbean (IDA & IBRD countries),TLA,2021,16.4595146278329
Latin America & the Caribbean (IDA & IBRD countries),TLA,2020,16.821924099218
Latin America & the Caribbean (IDA & IBRD countries),TLA,2019,17.1079513892396
Latin America & the Caribbean (IDA & IBRD countries),TLA,2018,17.4813311235823
Latin America & the Caribbean (IDA & IBRD countries),TLA,2017,17.9065504935804
Latin America & the Caribbean (IDA & IBRD countries),TLA,2016,18.6490115909887
Latin America & the Caribbean (IDA & IBRD countries),TLA,2015,18.4493213611046
Latin America & the Caribbean (IDA & IBRD countries),TLA,2014,18.8600456464094
Latin America & the Caribbean (IDA & IBRD countries),TLA,2013,19.3845279132999
Latin America & the Caribbean (IDA & IBRD countries),TLA,2012,19.9629412397373
Latin America & the Caribbean (IDA & IBRD countries),TLA,2011,20.6057385360394
Latin America & the Caribbean (IDA & IBRD countries),TLA,2010,22.7976936225879
Latin America & the Caribbean (IDA & IBRD countries),TLA,2009,22.0443480318613
Latin America & the Caribbean (IDA & IBRD countries),TLA,2008,22.8256789691668
Latin America & the Caribbean (IDA & IBRD countries),TLA,2007,23.757604702919
Latin America & the Caribbean (IDA & IBRD countries),TLA,2006,24.7433305825058
Latin America & the Caribbean (IDA & IBRD countries),TLA,2005,25.8328234546759
Latin America & the Caribbean (IDA & IBRD countries),TLA,2004,27.0789600673904
Latin America & the Caribbean (IDA & IBRD countries),TLA,2003,28.3790639608657
Latin America & the Caribbean (IDA & IBRD countries),TLA,2002,29.7668335025765
Latin America & the Caribbean (IDA & IBRD countries),TLA,2001,31.3212168603687
Latin America & the Caribbean (IDA & IBRD countries),TLA,2000,32.9939652238696
Least developed countries: UN classification,LDC,2023,59.9142356695817
Least developed countries: UN classification,LDC,2022,65.2073899956534
Least developed countries: UN classification,LDC,2021,64.1944650254906
Least developed countries: UN classification,LDC,2020,62.7609575491969
Least developed countries: UN classification,LDC,2019,64.9894842046459
Least developed countries: UN classification,LDC,2018,66.2088432218734
Least developed countries: UN classification,LDC,2017,70.079615665245
Least developed countries: UN classification,LDC,2016,71.054277919873
Least developed countries: UN classification,LDC,2015,72.8100125948255
Least developed countries: UN classification,LDC,2014,74.8025837290209
Least developed countries: UN classification,LDC,2013,75.6025193182824
Least developed countries: UN classification,LDC,2012,78.9683107630127
Least developed countries: UN classification,LDC,2011,85.405630660543
Least developed countries: UN classification,LDC,2010,85.6899688374813
Least developed countries: UN classification,LDC,2009,90.199391714479
Least developed countries: UN classification,LDC,2008,92.8247276095734
Least developed countries: UN classification,LDC,2007,95.873261787209
Least developed countries: UN classification,LDC,2006,100.457635767686
Least developed countries: UN classification,LDC,2005,105.839816864822
Least developed countries: UN classification,LDC,2004,113.52081394987
Least developed countries: UN classification,LDC,2003,118.420245030386
Least developed countries: UN classification,LDC,2002,124.038280132838
Least developed countries: UN classification,LDC,2001,131.328415459567
Least developed countries: UN classification,LDC,2000,135.451790803909
Low & middle income,LMY,2023,41.9595483512666
Low & middle income,LMY,2022,43.7631591536405
Low & middle income,LMY,2021,43.5403455174506
Low & middle income,LMY,2020,43.1040813833532
Low & middle income,LMY,2019,43.400655270482
Low & middle income,LMY,2018,44.0386420740122
Low & middle income,LMY,2017,44.8467778578483
Low & middle income,LMY,2016,45.7645870534782
Low & middle income,LMY,2015,47.1646714262583
Low & middle income,LMY,2014,48.2266301414437
Low & middle income,LMY,2013,49.5783672586212
Low & middle income,LMY,2012,51.2347363369315
Low & middle income,LMY,2011,54.4087946827606
Low & middle income,LMY,2010,55.791137924775
Low & middle income,LMY,2009,58.2281330024569
Low & middle income,LMY,2008,60.3603110479709
Low & middle income,LMY,2007,62.8298769735926
Low & middle income,LMY,2006,65.6410044716513
Low & middle income,LMY,2005,68.6974672801333
Low & middle income,LMY,2004,72.572476781959
Low & middle income,LMY,2003,75.3561562889379
Low & middle income,LMY,2002,78.6329056767441
Low & middle income,LMY,2001,82.0840254828627
Low & middle income,LMY,2000,84.5290508109652
"Middle East, North Africa, Afghanistan & Pakistan",MEA,2023,37.8
"Middle East, North Africa, Afghanistan & Pakistan",MEA,2022,38.7
"Middle East, North Africa, Afghanistan & Pakistan",MEA,2021,39.8
"Middle East, North Africa, Afghanistan & Pakistan",MEA,2020,40.8
"Middle East, North Africa, Afghanistan & Pakistan",MEA,2019,41.9
"Middle East, North Africa, Afghanistan & Pakistan",MEA,2018,42.7
"Middle East, North Africa, Afghanistan & Pakistan",MEA,2017,43.5
"Middle East, North Africa, Afghanistan & Pakistan",MEA,2016,44.6
"Middle East, North Africa, Afghanistan & Pakistan",MEA,2015,46.2
"Middle East, North Africa, Afghanistan & Pakistan",MEA,2014,47.6
"Middle East, North Africa, Afghanistan & Pakistan",MEA,2013,49.4
"Middle East, North Africa, Afghanistan & Pakistan",MEA,2012,51.1
"Middle East, North Africa, Afghanistan & Pakistan",MEA,2011,52.5
"Middle East, North Africa, Afghanistan & Pakistan",MEA,2010,54.2
"Middle East, North Africa, Afghanistan & Pakistan",MEA,2009,55.9
"Middle East, North Africa, Afghanistan & Pakistan",MEA,2008,57.6
"Middle East, North Africa, Afghanistan & Pakistan",MEA,2007,59.4
"Middle East, North Africa, Afghanistan & Pakistan",MEA,2006,61.3
"Middle East, North Africa, Afghanistan & Pakistan",MEA,2005,63.2
"Middle East, North Africa, Afghanistan & Pakistan",MEA,2004,65.4
"Middle East, North Africa, Afghanistan & Pakistan",MEA,2003,67.7
"Middle East, North Africa, Afghanistan & Pakistan",MEA,2002,69.9
"Middle East, North Africa, Afghanistan & Pakistan",MEA,2001,72.4
"Middle East, North Africa, Afghanistan & Pakistan",MEA,2000,75.0
"Middle East, North Africa, Afghanistan & Pakistan (excluding high income)",MNA,2023,39.6509729252887
"Middle East, North Africa, Afghanistan & Pakistan (excluding high income)",MNA,2022,40.5260963028876
"Middle East, North Africa, Afghanistan & Pakistan (excluding high income)",MNA,2021,41.7122880124507
"Middle East, North Africa, Afghanistan & Pakistan (excluding high income)",MNA,2020,42.7294271759822
"Middle East, North Africa, Afghanistan & Pakistan (excluding high income)",MNA,2019,43.9889081854891
"Middle East, North Africa, Afghanistan & Pakistan (excluding high income)",MNA,2018,45.0311073861595
"Middle East, North Africa, Afghanistan & Pakistan (excluding high income)",MNA,2017,45.7708991752807
"Middle East, North Africa, Afghanistan & Pakistan (excluding high income)",MNA,2016,46.8492727969889
"Middle East, North Africa, Afghanistan & Pakistan (excluding high income)",MNA,2015,48.3695161809907
"Middle East, North Africa, Afghanistan & Pakistan (excluding high income)",MNA,2014,49.8162056878113
"Middle East, North Africa, Afghanistan & Pakistan (excluding high income)",MNA,2013,51.5708395126252
"Middle East, North Africa, Afghanistan & Pakistan (excluding high income)",MNA,2012,53.3649585528709
"Middle East, North Africa, Afghanistan & Pakistan (excluding high income)",MNA,2011,54.8421887091685
"Middle East, North Africa, Afghanistan & Pakistan (excluding high income)",MNA,2010,56.606004469962
"Middle East, North Africa, Afghanistan & Pakistan (excluding high income)",MNA,2009,58.3663299864853
"Middle East, North Africa, Afghanistan & Pakistan (excluding high income)",MNA,2008,60.0605390860058
"Middle East, North Africa, Afghanistan & Pakistan (excluding high income)",MNA,2007,61.8559491743971
"Middle East, North Africa, Afghanistan & Pakistan (excluding high income)",MNA,2006,63.8828983214164
"Middle East, North Africa, Afghanistan & Pakistan (excluding high income)",MNA,2005,65.7828528420864
"Middle East, North Africa, Afghanistan & Pakistan (excluding high income)",MNA,2004,68.0443557108093
"Middle East, North Africa, Afghanistan & Pakistan (excluding high income)",MNA,2003,70.5468743633933
"Middle East, North Africa, Afghanistan & Pakistan (excluding high income)",MNA,2002,72.8426609226077
"Middle East, North Africa, Afghanistan & Pakistan (excluding high income)",MNA,2001,75.3720938075077
"Middle East, North Africa, Afghanistan & Pakistan (excluding high income)",MNA,2000,78.1540605481908
"Middle East, North Africa, Afghanistan & Pakistan (IDA & IBRD)",TMN,2023,39.6318090767822
"Middle East, North Africa, Afghanistan & Pakistan (IDA & IBRD)",TMN,2022,40.7524339713697
"Middle East, North Africa, Afghanistan & Pakistan (IDA & IBRD)",TMN,2021,41.9458905749115
"Middle East, North Africa, Afghanistan & Pakistan (IDA & IBRD)",TMN,2020,42.9669015197404
"Middle East, North Africa, Afghanistan & Pakistan (IDA & IBRD)",TMN,2019,44.2347877125154
"Middle East, North Africa, Afghanistan & Pakistan (IDA & IBRD)",TMN,2018,45.2801998035535
"Middle East, North Africa, Afghanistan & Pakistan (IDA & IBRD)",TMN,2017,46.0187377454325
"Middle East, North Africa, Afghanistan & Pakistan (IDA & IBRD)",TMN,2016,47.1020419286366
"Middle East, North Africa, Afghanistan & Pakistan (IDA & IBRD)",TMN,2015,48.6252139870489
"Middle East, North Africa, Afghanistan & Pakistan (IDA & IBRD)",TMN,2014,50.0469399717172
"Middle East, North Africa, Afghanistan & Pakistan (IDA & IBRD)",TMN,2013,51.8315892558468
"Middle East, North Africa, Afghanistan & Pakistan (IDA & IBRD)",TMN,2012,53.6353878519067
"Middle East, North Africa, Afghanistan & Pakistan (IDA & IBRD)",TMN,2011,55.1226592914287
"Middle East, North Africa, Afghanistan & Pakistan (IDA & IBRD)",TMN,2010,56.8962811424056
"Middle East, North Africa, Afghanistan & Pakistan (IDA & IBRD)",TMN,2009,58.6599411220299
"Middle East, North Africa, Afghanistan & Pakistan (IDA & IBRD)",TMN,2008,60.3605083500064
"Middle East, North Africa, Afghanistan & Pakistan (IDA & IBRD)",TMN,2007,62.1665400488655
"Middle East, North Africa, Afghanistan & Pakistan (IDA & IBRD)",TMN,2006,64.2122839401497
"Middle East, North Africa, Afghanistan & Pakistan (IDA & IBRD)",TMN,2005,66.1292380683344
"Middle East, North Africa, Afghanistan & Pakistan (IDA & IBRD)",TMN,2004,68.407279328452
"Middle East, North Africa, Afghanistan & Pakistan (IDA & IBRD)",TMN,2003,70.9241555681423
"Middle East, North Africa, Afghanistan & Pakistan (IDA & IBRD)",TMN,2002,73.2391042558439
"Middle East, North Africa, Afghanistan & Pakistan (IDA & IBRD)",TMN,2001,75.781776903931
"Middle East, North Africa, Afghanistan & Pakistan (IDA & IBRD)",TMN,2000,78.576267719972
Middle income,MIC,2023,35.1714651787478
Middle income,MIC,2022,35.6871665968619
Middle income,MIC,2021,36.1471358530293
Middle income,MIC,2020,36.5137939030937
Middle income,MIC,2019,36.6238785213717
Middle income,MIC,2018,37.3739192546255
Middle income,MIC,2017,37.6468384094244
Middle income,MIC,2016,38.8439677609959
Middle income,MIC,2015,40.2919351330772
Middle income,MIC,2014,41.3874477917751
Middle income,MIC,2013,43.1106066708463
Middle income,MIC,2012,44.5499933253951
Middle income,MIC,2011,46.8370771092161
Middle income,MIC,2010,48.8928891337214
Middle income,MIC,2009,50.7596649438918
Middle income,MIC,2008,53.2555633962478
Middle income,MIC,2007,55.3796396069672
Middle income,MIC,2006,57.8840436729488
Middle income,MIC,2005,60.5324100373271
Middle income,MIC,2004,63.6029873309403
Middle income,MIC,2003,66.1764540223491
Middle income,MIC,2002,69.001171971917
Middle income,MIC,2001,71.8526615134036
Middle income,MIC,2000,74.3804034384576
North America,NAC,2023,6.4
North America,NAC,2022,6.4
North America,NAC,2021,6.4
North America,NAC,2020,6.4
North America,NAC,2019,6.4
North America,NAC,2018,6.4
North America,NAC,2017,6.5
North America,NAC,2016,6.6
North America,NAC,2015,6.6
North America,NAC,2014,6.7
North America,NAC,2013,6.8
North America,NAC,2012,6.9
North America,NAC,2011,7.0
North America,NAC,2010,7.2
North America,NAC,2009,7.3
North America,NAC,2008,7.5
North America,NAC,2007,7.6
North America,NAC,2006,7.7
North America,NAC,2005,7.8
North America,NAC,2004,7.9
North America,NAC,2003,8.0
North America,NAC,2002,8.1
North America,NAC,2001,8.2
North America,NAC,2000,8.3
OECD members,OED,2023,7.1165633495838
OECD members,OED,2022,6.88348262804695
OECD members,OED,2021,6.96683223067391
OECD members,OED,2020,7.09705176462164
OECD members,OED,2019,7.21198030537372
OECD members,OED,2018,7.31724142421779
OECD members,OED,2017,7.45157408345812
OECD members,OED,2016,7.61012730966197
OECD members,OED,2015,7.81948408324089
OECD members,OED,2014,8.01901609332278
OECD members,OED,2013,8.24204327810092
OECD members,OED,2012,8.42946117167397
OECD members,OED,2011,8.69271975908628
OECD members,OED,2010,8.92189627668077
OECD members,OED,2009,9.28419539882045
OECD members,OED,2008,9.56241048704293
OECD members,OED,2007,9.94498031482296
OECD members,OED,2006,10.3626086722289
OECD members,OED,2005,10.8427954935279
OECD members,OED,2004,11.2946887986361
OECD members,OED,2003,11.7513656136049
OECD members,OED,2002,12.3321619381513
OECD members,OED,2001,12.9132733677358
OECD members,OED,2000,13.490642257495
Other small states,OSS,2023,29.517920526929
Other small states,OSS,2022,30.2201997769141
Other small states,OSS,2021,30.5945761092755
Other small states,OSS,2020,31.6722970550828
Other small states,OSS,2019,32.4535817474853
Other small states,OSS,2018,32.9009289232935
Other small states,OSS,2017,34.0687697615638
Other small states,OSS,2016,34.8615275003077
Other small states,OSS,2015,36.3627671239323
Other small states,OSS,2014,37.7056726380277
Other small states,OSS,2013,38.6929656208662
Other small states,OSS,2012,39.8702260901179
Other small states,OSS,2011,41.7939032990082
Other small states,OSS,2010,44.9563981042654
Other small states,OSS,2009,47.7621627153638
Other small states,OSS,2008,50.0340991815804
Other small states,OSS,2007,52.1729947304819
Other small states,OSS,2006,54.8443961077682
Other small states,OSS,2005,58.337564960843
Other small states,OSS,2004,60.2848616488809
Other small states,OSS,2003,62.1832522663445
Other small states,OSS,2002,63.6084448510669
Other small states,OSS,2001,64.8970344255496
Other small states,OSS,2000,65.4295252718068
Pacific island small states,PSS,2023,23.5465315516911
Pacific island small states,PSS,2022,23.9466811196837
Pacific island small states,PSS,2021,24.1984298176051
Pacific island small states,PSS,2020,24.2955926184286
Pacific island small states,PSS,2019,24.5015472120248
Pacific island small states,PSS,2018,24.1138361240092
Pacific island small states,PSS,2017,23.940274908752
Pacific island small states,PSS,2016,23.8342089864802
Pacific island small states,PSS,2015,23.827468127215
Pacific island small states,PSS,2014,23.9384676739014
Pacific island small states,PSS,2013,24.2277773480407
Pacific island small states,PSS,2012,24.6122514542364
Pacific island small states,PSS,2011,25.1378193645706
Pacific island small states,PSS,2010,25.6275626351767
Pacific island small states,PSS,2009,26.6762424299923
Pacific island small states,PSS,2008,26.509661866396
Pacific island small states,PSS,2007,26.8676522210876
Pacific island small states,PSS,2006,27.0895257234727
Pacific island small states,PSS,2005,27.1694637786972
Pacific island small states,PSS,2004,27.2757536191673
Pacific island small states,PSS,2003,27.3746144507153
Pacific island small states,PSS,2002,27.8911392196313
Pacific island small states,PSS,2001,28.0132959949626
Pacific island small states,PSS,2000,28.4177811069496
Post-demographic dividend,PST,2023,4.86367907455807
Post-demographic dividend,PST,2022,4.86397469797607
Post-demographic dividend,PST,2021,4.84143434776053
Post-demographic dividend,PST,2020,4.85821344234638
Post-demographic dividend,PST,2019,4.88668719285686
Post-demographic dividend,PST,2018,4.90667244185543
Post-demographic dividend,PST,2017,4.97408120426222
Post-demographic dividend,PST,2016,5.06126925886041
Post-demographic dividend,PST,2015,5.15157604406349
Post-demographic dividend,PST,2014,5.21094423525424
Post-demographic dividend,PST,2013,5.3092283245699
Post-demographic dividend,PST,2012,5.41281926487336
Post-demographic dividend,PST,2011,5.57377640570646
Post-demographic dividend,PST,2010,5.68148348144133
Post-demographic dividend,PST,2009,5.89017464140797
Post-demographic dividend,PST,2008,6.02057201286674
Post-demographic dividend,PST,2007,6.16199940978813
Post-demographic dividend,PST,2006,6.33282296175081
Post-demographic dividend,PST,2005,6.46866845764791
Post-demographic dividend,PST,2004,6.62696457306662
Post-demographic dividend,PST,2003,6.74820146782253
Post-demographic dividend,PST,2002,6.90266318680496
Post-demographic dividend,PST,2001,7.06995955372854
Post-demographic dividend,PST,2000,7.27625064934182
Pre-demographic dividend,PRE,2023,76.0732942575731
Pre-demographic dividend,PRE,2022,79.7149340894285
Pre-demographic dividend,PRE,2021,78.5546084126998
Pre-demographic dividend,PRE,2020,79.2919052506055
Pre-demographic dividend,PRE,2019,81.3480106523881
Pre-demographic dividend,PRE,2018,82.3130203380837
Pre-demographic dividend,PRE,2017,85.8918608835943
Pre-demographic dividend,PRE,2016,86.6216026727294
Pre-demographic dividend,PRE,2015,88.0082711512247
Pre-demographic dividend,PRE,2014,89.7347559293146
Pre-demographic dividend,PRE,2013,90.3645430472991
Pre-demographic dividend,PRE,2012,93.5323319667408
Pre-demographic dividend,PRE,2011,99.7290060999196
Pre-demographic dividend,PRE,2010,99.6869369057198
Pre-demographic dividend,PRE,2009,104.898559682785
Pre-demographic dividend,PRE,2008,106.675489316872
Pre-demographic dividend,PRE,2007,111.105326355607
Pre-demographic dividend,PRE,2006,115.833179292551
Pre-demographic dividend,PRE,2005,121.591205491695
Pre-demographic dividend,PRE,2004,129.769509536453
Pre-demographic dividend,PRE,2003,135.117497902469
Pre-demographic dividend,PRE,2002,141.182276925255
Pre-demographic dividend,PRE,2001,148.83645252239
Pre-demographic dividend,PRE,2000,153.006629359386
Small states,SST,2023,26.1930611919865
Small states,SST,2022,26.8196916083767
Small states,SST,2021,27.2395662382228
Small states,SST,2020,27.9736535191704
Small states,SST,2019,28.7067565761136
Small states,SST,2018,28.85209966852
Small states,SST,2017,29.6415589548415
Small states,SST,2016,30.2151314953627
Small states,SST,2015,31.214093957807
Small states,SST,2014,32.1764169270094
Small states,SST,2013,32.9662179630421
Small states,SST,2012,33.9150940110932
Small states,SST,2011,35.3309977435495
Small states,SST,2010,37.495316150762
Small states,SST,2009,39.5042885017229
Small states,SST,2008,40.9811635523341
Small states,SST,2007,42.4416089620418
Small states,SST,2006,44.2304415855355
Small states,SST,2005,46.5517688795085
Small states,SST,2004,47.9166995410659
Small states,SST,2003,49.1659153194765
Small states,SST,2002,50.1315566581818
Small states,SST,2001,50.8844184201196
Small states,SST,2000,51.3808380358797
South Asia,SAS,2023,28.0
South Asia,SAS,2022,29.3
South Asia,SAS,2021,30.8
South Asia,SAS,2020,32.4
South Asia,SAS,2019,34.1
South Asia,SAS,2018,36.0
South Asia,SAS,2017,38.1
South Asia,SAS,2016,40.3
South Asia,SAS,2015,42.6
South Asia,SAS,2014,45.1
South Asia,SAS,2013,47.7
South Asia,SAS,2012,50.5
South Asia,SAS,2011,53.4
South Asia,SAS,2010,56.3
South Asia,SAS,2009,59.4
South Asia,SAS,2008,62.4
South Asia,SAS,2007,65.5
South Asia,SAS,2006,68.7
South Asia,SAS,2005,72.0
South Asia,SAS,2004,75.6
South Asia,SAS,2003,78.9
South Asia,SAS,2002,82.4
South Asia,SAS,2001,86.1
South Asia,SAS,2000,90.0
South Asia (IDA & IBRD),TSA,2023,28.0237503925087
South Asia (IDA & IBRD),TSA,2022,29.3184600470079
South Asia (IDA & IBRD),TSA,2021,30.8005662263949
South Asia (IDA & IBRD),TSA,2020,32.4133413201353
South Asia (IDA & IBRD),TSA,2019,34.1788860217225
South Asia (IDA & IBRD),TSA,2018,36.0717212654035
South Asia (IDA & IBRD),TSA,2017,38.066424155829
South Asia (IDA & IBRD),TSA,2016,40.284023817824
South Asia (IDA & IBRD),TSA,2015,42.5754112311521
South Asia (IDA & IBRD),TSA,2014,45.1433866579388
South Asia (IDA & IBRD),TSA,2013,47.7460345372687
South Asia (IDA & IBRD),TSA,2012,50.524216556331
South Asia (IDA & IBRD),TSA,2011,53.3929226830985
South Asia (IDA & IBRD),TSA,2010,56.3382415270381
South Asia (IDA & IBRD),TSA,2009,59.4037799378435
South Asia (IDA & IBRD),TSA,2008,62.4016925335458
South Asia (IDA & IBRD),TSA,2007,65.5676010587084
South Asia (IDA & IBRD),TSA,2006,68.7185869960036
South Asia (IDA & IBRD),TSA,2005,72.0002867368244
South Asia (IDA & IBRD),TSA,2004,75.5748395041314
South Asia (IDA & IBRD),TSA,2003,78.8434660131983
South Asia (IDA & IBRD),TSA,2002,82.4355822752928
South Asia (IDA & IBRD),TSA,2001,86.0929783503114
South Asia (IDA & IBRD),TSA,2000,89.9785139558652
Sub-Saharan Africa,SSF,2023,73.2
Sub-Saharan Africa,SSF,2022,78.3
Sub-Saharan Africa,SSF,2021,77.1
Sub-Saharan Africa,SSF,2020,75.9
Sub-Saharan Africa,SSF,2019,78.0
Sub-Saharan Africa,SSF,2018,79.0
Sub-Saharan Africa,SSF,2017,82.5
Sub-Saharan Africa,SSF,2016,83.4
Sub-Saharan Africa,SSF,2015,85.0
Sub-Saharan Africa,SSF,2014,86.8
Sub-Saharan Africa,SSF,2013,87.6
Sub-Saharan Africa,SSF,2012,90.7
Sub-Saharan Africa,SSF,2011,97.1
Sub-Saharan Africa,SSF,2010,97.2
Sub-Saharan Africa,SSF,2009,102.8
Sub-Saharan Africa,SSF,2008,104.5
Sub-Saharan Africa,SSF,2007,109.1
Sub-Saharan Africa,SSF,2006,114.0
Sub-Saharan Africa,SSF,2005,119.8
Sub-Saharan Africa,SSF,2004,127.7
Sub-Saharan Africa,SSF,2003,133.0
Sub-Saharan Africa,SSF,2002,138.9
Sub-Saharan Africa,SSF,2001,146.3
Sub-Saharan Africa,SSF,2000,150.4
Sub-Saharan Africa (excluding high income),SSA,2023,73.1417645901684
Sub-Saharan Africa (excluding high income),SSA,2022,77.9091743780286
Sub-Saharan Africa (excluding high income),SSA,2021,77.0284601519672
Sub-Saharan Africa (excluding high income),SSA,2020,75.7402568059746
Sub-Saharan Africa (excluding high income),SSA,2019,77.7187475707302
Sub-Saharan Africa (excluding high income),SSA,2018,78.7784543306569
Sub-Saharan Africa (excluding high income),SSA,2017,82.2310952069213
Sub-Saharan Africa (excluding high income),SSA,2016,83.1958037176412
Sub-Saharan Africa (excluding high income),SSA,2015,84.7814528552198
Sub-Saharan Africa (excluding high income),SSA,2014,86.6642219799093
Sub-Saharan Africa (excluding high income),SSA,2013,87.5694826672545
Sub-Saharan Africa (excluding high income),SSA,2012,90.7321819475296
Sub-Saharan Africa (excluding high income),SSA,2011,96.6890782678114
Sub-Saharan Africa (excluding high income),SSA,2010,97.1681832204319
Sub-Saharan Africa (excluding high income),SSA,2009,102.315252031653
Sub-Saharan Africa (excluding high income),SSA,2008,104.385931483501
Sub-Saharan Africa (excluding high income),SSA,2007,109.094655424529
Sub-Saharan Africa (excluding high income),SSA,2006,113.983222128896
Sub-Saharan Africa (excluding high income),SSA,2005,119.719264250144
Sub-Saharan Africa (excluding high income),SSA,2004,127.56659869252
Sub-Saharan Africa (excluding high income),SSA,2003,132.900213459488
Sub-Saharan Africa (excluding high income),SSA,2002,138.834747366966
Sub-Saharan Africa (excluding high income),SSA,2001,146.15393268813
Sub-Saharan Africa (excluding high income),SSA,2000,150.457003524654
Sub-Saharan Africa (IDA & IBRD countries),TSS,2023,73.1393067892689
Sub-Saharan Africa (IDA & IBRD countries),TSS,2022,77.9064871983318
Sub-Saharan Africa (IDA & IBRD countries),TSS,2021,77.0257501994801
Sub-Saharan Africa (IDA & IBRD countries),TSS,2020,75.7375422540307
Sub-Saharan Africa (IDA & IBRD countries),TSS,2019,77.7158849260533
Sub-Saharan Africa (IDA & IBRD countries),TSS,2018,78.775492858211
Sub-Saharan Africa (IDA & IBRD countries),TSS,2017,82.2279275355716
Sub-Saharan Africa (IDA & IBRD countries),TSS,2016,83.1926115111527
Sub-Saharan Africa (IDA & IBRD countries),TSS,2015,84.7782950529979
Sub-Saharan Africa (IDA & IBRD countries),TSS,2014,86.6610642084607
Sub-Saharan Africa (IDA & IBRD countries),TSS,2013,87.5662468113281
Sub-Saharan Africa (IDA & IBRD countries),TSS,2012,90.7284635079696
Sub-Saharan Africa (IDA & IBRD countries),TSS,2011,96.6851412592745
Sub-Saharan Africa (IDA & IBRD countries),TSS,2010,97.1644504215407
Sub-Saharan Africa (IDA & IBRD countries),TSS,2009,102.310889811034
Sub-Saharan Africa (IDA & IBRD countries),TSS,2008,104.381473735647
Sub-Saharan Africa (IDA & IBRD countries),TSS,2007,109.090045419842
Sub-Saharan Africa (IDA & IBRD countries),TSS,2006,113.978539820994
Sub-Saharan Africa (IDA & IBRD countries),TSS,2005,119.714010800218
Sub-Saharan Africa (IDA & IBRD countries),TSS,2004,127.561205229801
Sub-Saharan Africa (IDA & IBRD countries),TSS,2003,132.894415586813
Sub-Saharan Africa (IDA & IBRD countries),TSS,2002,138.828602023297
Sub-Saharan Africa (IDA & IBRD countries),TSS,2001,146.147484835286
Sub-Saharan Africa (IDA & IBRD countries),TSS,2000,150.449975195054
World,WLD,2023,38.3
World,WLD,2022,40.0
World,WLD,2021,39.6
World,WLD,2020,39.2
World,WLD,2019,39.6
World,WLD,2018,40.0
World,WLD,2017,40.9
World,WLD,2016,41.7
World,WLD,2015,42.9
World,WLD,2014,43.9
World,WLD,2013,45.1
World,WLD,2012,46.7
World,WLD,2011,49.5
World,WLD,2010,50.6
World,WLD,2009,52.9
World,WLD,2008,54.7
World,WLD,2007,57.0
World,WLD,2006,59.6
World,WLD,2005,62.3
World,WLD,2004,65.8
World,WLD,2003,68.3
World,WLD,2002,71.3
World,WLD,2001,74.3
World,WLD,2000,76.7
Afghanistan,AFG,2023,54.9
Afghanistan,AFG,2022,56.8
Afghanistan,AFG,2021,58.7
Afghanistan,AFG,2020,60.7
Afghanistan,AFG,2019,62.7
Afghanistan,AFG,2018,64.8
Afghanistan,AFG,2017,67.1
Afghanistan,AFG,2016,69.4
Afghanistan,AFG,2015,71.9
Afghanistan,AFG,2014,74.6
Afghanistan,AFG,2013,77.6
Afghanistan,AFG,2012,80.8
Afghanistan,AFG,2011,84.3
Afghanistan,AFG,2010,88.0
Afghanistan,AFG,2009,91.9
Afghanistan,AFG,2008,96.1
Afghanistan,AFG,2007,100.4
Afghanistan,AFG,2006,104.8
Afghanistan,AFG,2005,109.3
Afghanistan,AFG,2004,113.9
Afghanistan,AFG,2003,118.5
Afghanistan,AFG,2002,123.1
Afghanistan,AFG,2001,127.5
Afghanistan,AFG,2000,131.7
Albania,ALB,2023,9.4
Albania,ALB,2022,9.4
Albania,ALB,2021,9.5
Albania,ALB,2020,9.4
Albania,ALB,2019,9.4
Albania,ALB,2018,9.3
Albania,ALB,2017,9.3
Albania,ALB,2016,9.4
Albania,ALB,2015,9.6
Albania,ALB,2014,9.9
Albania,ALB,2013,10.5
Albania,ALB,2012,11.2
Albania,ALB,2011,12.2
Albania,ALB,2010,13.3
Albania,ALB,2009,14.5
Albania,ALB,2008,15.8
Albania,ALB,2007,17.1
Albania,ALB,2006,18.5
Albania,ALB,2005,20.0
Albania,ALB,2004,21.4
Albania,ALB,2003,22.9
Albania,ALB,2002,24.3
Albania,ALB,2001,25.6
Albania,ALB,2000,27.0
Algeria,DZA,2023,22.0
Algeria,DZA,2022,22.3
Algeria,DZA,2021,22.6
Algeria,DZA,2020,22.9
Algeria,DZA,2019,23.3
Algeria,DZA,2018,23.7
Algeria,DZA,2017,24.0
Algeria,DZA,2016,24.5
Algeria,DZA,2015,24.9
Algeria,DZA,2014,25.4
Algeria,DZA,2013,25.9
Algeria,DZA,2012,26.6
Algeria,DZA,2011,27.3
Algeria,DZA,2010,28.1
Algeria,DZA,2009,29.0
Algeria,DZA,2008,30.1
Algeria,DZA,2007,31.2
Algeria,DZA,2006,32.5
Algeria,DZA,2005,33.9
Algeria,DZA,2004,35.4
Algeria,DZA,2003,37.0
Algeria,DZA,2002,38.6
Algeria,DZA,2001,40.2
Algeria,DZA,2000,41.7
American Samoa,ASM,2023,
American Samoa,ASM,2022,
American Samoa,ASM,2021,
American Samoa,ASM,2020,
American Samoa,ASM,2019,
American Samoa,ASM,2018,
American Samoa,ASM,2017,
American Samoa,ASM,2016,
American Samoa,ASM,2015,
American Samoa,ASM,2014,
American Samoa,ASM,2013,
American Samoa,ASM,2012,
American Samoa,ASM,2011,
American Samoa,ASM,2010,
American Samoa,ASM,2009,
American Samoa,ASM,2008,
American Samoa,ASM,2007,
American Samoa,ASM,2006,
American Samoa,ASM,2005,
American Samoa,ASM,2004,
American Samoa,ASM,2003,
American Samoa,ASM,2002,
American Samoa,ASM,2001,
American Samoa,ASM,2000,
Andorra,AND,2023,2.6
Andorra,AND,2022,2.7
Andorra,AND,2021,2.8
Andorra,AND,2020,2.9
Andorra,AND,2019,3.0
Andorra,AND,2018,3.1
Andorra,AND,2017,3.2
Andorra,AND,2016,3.4
Andorra,AND,2015,3.5
Andorra,AND,2014,3.7
Andorra,AND,2013,3.9
Andorra,AND,2012,4.1
Andorra,AND,2011,4.3
Andorra,AND,2010,4.5
Andorra,AND,2009,4.8
Andorra,AND,2008,5.0
Andorra,AND,2007,5.3
Andorra,AND,2006,5.6
Andorra,AND,2005,5.9
Andorra,AND,2004,6.2
Andorra,AND,2003,6.5
Andorra,AND,2002,6.8
Andorra,AND,2001,7.2
Andorra,AND,2000,7.6
Angola,AGO,2023,50.5
Angola,AGO,2022,51.9
Angola,AGO,2021,53.2
Angola,AGO,2020,54.2
Angola,AGO,2019,55.3
Angola,AGO,2018,56.5
Angola,AGO,2017,57.9
Angola,AGO,2016,59.6
Angola,AGO,2015,61.8
Angola,AGO,2014,64.5
Angola,AGO,2013,67.9
Angola,AGO,2012,72.0
Angola,AGO,2011,77.2
Angola,AGO,2010,83.4
Angola,AGO,2009,90.7
Angola,AGO,2008,99.2
Angola,AGO,2007,109.0
Angola,AGO,2006,119.8
Angola,AGO,2005,131.5
Angola,AGO,2004,143.7
Angola,AGO,2003,155.5
Angola,AGO,2002,166.4
Angola,AGO,2001,176.3
Angola,AGO,2000,185.0
Antigua and Barbuda,ATG,2023,9.3
Antigua and Barbuda,ATG,2022,9.6
Antigua and Barbuda,ATG,2021,9.8
Antigua and Barbuda,ATG,2020,10.1
Antigua and Barbuda,ATG,2019,10.3
Antigua and Barbuda,ATG,2018,10.5
Antigua and Barbuda,ATG,2017,10.7
Antigua and Barbuda,ATG,2016,10.8
Antigua and Barbuda,ATG,2015,11.0
Antigua and Barbuda,ATG,2014,11.2
Antigua and Barbuda,ATG,2013,11.4
Antigua and Barbuda,ATG,2012,11.6
Antigua and Barbuda,ATG,2011,11.8
Antigua and Barbuda,ATG,2010,12.0
Antigua and Barbuda,ATG,2009,12.2
Antigua and Barbuda,ATG,2008,12.5
Antigua and Barbuda,ATG,2007,12.7
Antigua and Barbuda,ATG,2006,13.0
Antigua and Barbuda,ATG,2005,13.3
Antigua and Barbuda,ATG,2004,13.6
Antigua and Barbuda,ATG,2003,13.9
Antigua and Barbuda,ATG,2002,14.3
Antigua and Barbuda,ATG,2001,14.6
Antigua and Barbuda,ATG,2000,14.9
Argentina,ARG,2023,9.7
Argentina,ARG,2022,9.9
Argentina,ARG,2021,10.1
Argentina,ARG,2020,10.3
Argentina,ARG,2019,10.5
Argentina,ARG,2018,10.7
Argentina,ARG,2017,11.0
Argentina,ARG,2016,11.4
Argentina,ARG,2015,11.7
Argentina,ARG,2014,12.2
Argentina,ARG,2013,12.7
Argentina,ARG,2012,13.3
Argentina,ARG,2011,13.9
Argentina,ARG,2010,14.4
Argentina,ARG,2009,15.0
Argentina,ARG,2008,15.4
Argentina,ARG,2007,15.8
Argentina,ARG,2006,16.2
Argentina,ARG,2005,16.7
Argentina,ARG,2004,17.3
Argentina,ARG,2003,17.8
Argentina,ARG,2002,18.3
Argentina,ARG,2001,18.8
Argentina,ARG,2000,19.4
Armenia,ARM,2023,10.0
Armenia,ARM,2022,10.5
Armenia,ARM,2021,11.0
Armenia,ARM,2020,11.6
Armenia,ARM,2019,12.1
Armenia,ARM,2018,12.7
Armenia,ARM,2017,13.3
Armenia,ARM,2016,14.0
Armenia,ARM,2015,14.7
Armenia,ARM,2014,15.4
Armenia,ARM,2013,16.1
Armenia,ARM,2012,16.9
Armenia,ARM,2011,17.8
Armenia,ARM,2010,18.7
Armenia,ARM,2009,19.6
Armenia,ARM,2008,20.6
Armenia,ARM,2007,21.6
Armenia,ARM,2006,22.7
Armenia,ARM,2005,23.9
Armenia,ARM,2004,25.1
Armenia,ARM,2003,26.4
Armenia,ARM,2002,27.7
Armenia,ARM,2001,29.1
Armenia,ARM,2000,30.6
Aruba,ABW,2023,
Aruba,ABW,2022,
Aruba,ABW,2021,
Aruba,ABW,2020,
Aruba,ABW,2019,
Aruba,ABW,2018,
Aruba,ABW,2017,
Aruba,ABW,2016,
Aruba,ABW,2015,
Aruba,ABW,2014,
Aruba,ABW,2013,
Aruba,ABW,2012,
Aruba,ABW,2011,
Aruba,ABW,2010,
Aruba,ABW,2009,
Aruba,ABW,2008,
Aruba,ABW,2007,
Aruba,ABW,2006,
Aruba,ABW,2005,
Aruba,ABW,2004,
Aruba,ABW,2003,
Aruba,ABW,2002,
Aruba,ABW,2001,
Aruba,ABW,2000,
Australia,AUS,2023,3.7
Australia,AUS,2022,3.7
Australia,AUS,2021,3.7
Australia,AUS,2020,3.8
Australia,AUS,2019,3.8
Australia,AUS,2018,3.8
Australia,AUS,2017,3.8
Australia,AUS,2016,3.8
Australia,AUS,2015,3.9
Australia,AUS,2014,4.0
Australia,AUS,2013,4.1
Australia,AUS,2012,4.3
Australia,AUS,2011,4.5
Australia,AUS,2010,4.8
Australia,AUS,2009,5.0
Australia,AUS,2008,5.2
Australia,AUS,2007,5.4
Australia,AUS,2006,5.6
Australia,AUS,2005,5.7
Australia,AUS,2004,5.8
Australia,AUS,2003,5.9
Australia,AUS,2002,6.0
Australia,AUS,2001,6.1
Australia,AUS,2000,6.2
Austria,AUT,2023,3.3
Austria,AUT,2022,3.3
Austria,AUT,2021,3.4
Austria,AUT,2020,3.4
Austria,AUT,2019,3.5
Austria,AUT,2018,3.5
Austria,AUT,2017,3.6
Austria,AUT,2016,3.6
Austria,AUT,2015,3.7
Austria,AUT,2014,3.8
Austria,AUT,2013,3.9
Austria,AUT,2012,4.0
Austria,AUT,2011,4.2
Austria,AUT,2010,4.3
Austria,AUT,2009,4.4
Austria,AUT,2008,4.5
Austria,AUT,2007,4.6
Austria,AUT,2006,4.8
Austria,AUT,2005,4.9
Austria,AUT,2004,5.0
Austria,AUT,2003,5.2
Austria,AUT,2002,5.3
Austria,AUT,2001,5.4
Austria,AUT,2000,5.5
Azerbaijan,AZE,2023,18.7
Azerbaijan,AZE,2022,19.6
Azerbaijan,AZE,2021,20.5
Azerbaijan,AZE,2020,21.5
Azerbaijan,AZE,2019,22.7
Azerbaijan,AZE,2018,23.8
Azerbaijan,AZE,2017,25.1
Azerbaijan,AZE,2016,26.5
Azerbaijan,AZE,2015,27.9
Azerbaijan,AZE,2014,29.6
Azerbaijan,AZE,2013,31.4
Azerbaijan,AZE,2012,33.4
Azerbaijan,AZE,2011,35.5
Azerbaijan,AZE,2010,37.8
Azerbaijan,AZE,2009,40.2
Azerbaijan,AZE,2008,42.9
Azerbaijan,AZE,2007,45.7
Azerbaijan,AZE,2006,48.7
Azerbaijan,AZE,2005,52.1
Azerbaijan,AZE,2004,55.8
Azerbaijan,AZE,2003,59.9
Azerbaijan,AZE,2002,64.4
Azerbaijan,AZE,2001,69.3
Azerbaijan,AZE,2000,74.3
"Bahamas, The",BHS,2023,12.7
"Bahamas, The",BHS,2022,12.9
"Bahamas, The",BHS,2021,13.1
"Bahamas, The",BHS,2020,13.3
"Bahamas, The",BHS,2019,24.3
"Bahamas, The",BHS,2018,13.5
"Bahamas, The",BHS,2017,13.7
"Bahamas, The",BHS,2016,13.8
"Bahamas, The",BHS,2015,14.0
"Bahamas, The",BHS,2014,14.2
"Bahamas, The",BHS,2013,14.4
"Bahamas, The",BHS,2012,14.7
"Bahamas, The",BHS,2011,15.1
"Bahamas, The",BHS,2010,15.4
"Bahamas, The",BHS,2009,15.8
"Bahamas, The",BHS,2008,16.2
"Bahamas, The",BHS,2007,16.5
"Bahamas, The",BHS,2006,16.8
"Bahamas, The",BHS,2005,16.9
"Bahamas, The",BHS,2004,16.8
"Bahamas, The",BHS,2003,16.7
"Bahamas, The",BHS,2002,16.5
"Bahamas, The",BHS,2001,16.3
"Bahamas, The",BHS,2000,16.2
Bahrain,BHR,2023,8.6
Bahrain,BHR,2022,8.4
Bahrain,BHR,2021,8.2
Bahrain,BHR,2020,8.0
Bahrain,BHR,2019,7.8
Bahrain,BHR,2018,7.7
Bahrain,BHR,2017,7.7
Bahrain,BHR,2016,7.6
Bahrain,BHR,2015,7.7
Bahrain,BHR,2014,7.8
Bahrain,BHR,2013,7.9
Bahrain,BHR,2012,8.1
Bahrain,BHR,2011,8.3
Bahrain,BHR,2010,8.6
Bahrain,BHR,2009,9.0
Bahrain,BHR,2008,9.4
Bahrain,BHR,2007,9.8
Bahrain,BHR,2006,10.3
Bahrain,BHR,2005,10.6
Bahrain,BHR,2004,11.0
Bahrain,BHR,2003,11.3
Bahrain,BHR,2002,11.6
Bahrain,BHR,2001,12.0
Bahrain,BHR,2000,12.5
Bangladesh,BGD,2023,30.6
Bangladesh,BGD,2022,30.7
Bangladesh,BGD,2021,30.9
Bangladesh,BGD,2020,31.4
Bangladesh,BGD,2019,32.3
Bangladesh,BGD,2018,33.5
Bangladesh,BGD,2017,35.0
Bangladesh,BGD,2016,36.7
Bangladesh,BGD,2015,38.5
Bangladesh,BGD,2014,40.5
Bangladesh,BGD,2013,42.4
Bangladesh,BGD,2012,44.4
Bangladesh,BGD,2011,46.5
Bangladesh,BGD,2010,48.7
Bangladesh,BGD,2009,51.1
Bangladesh,BGD,2008,53.6
Bangladesh,BGD,2007,56.5
Bangladesh,BGD,2006,59.6
Bangladesh,BGD,2005,63.0
Bangladesh,BGD,2004,66.8
Bangladesh,BGD,2003,70.8
Bangladesh,BGD,2002,75.3
Bangladesh,BGD,2001,80.2
Bangladesh,BGD,2000,85.5
Barbados,BRB,2023,10.1
Barbados,BRB,2022,10.4
Barbados,BRB,2021,10.7
Barbados,BRB,2020,11.1
Barbados,BRB,2019,11.4
Barbados,BRB,2018,11.8
Barbados,BRB,2017,12.1
Barbados,BRB,2016,12.4
Barbados,BRB,2015,12.8
Barbados,BRB,2014,13.1
Barbados,BRB,2013,13.3
Barbados,BRB,2012,13.5
Barbados,BRB,2011,13.7
Barbados,BRB,2010,13.9
Barbados,BRB,2009,14.1
Barbados,BRB,2008,14.3
Barbados,BRB,2007,14.5
Barbados,BRB,2006,14.7
Barbados,BRB,2005,14.8
Barbados,BRB,2004,14.9
Barbados,BRB,2003,14.8
Barbados,BRB,2002,14.7
Barbados,BRB,2001,14.5
Barbados,BRB,2000,14.4
Belarus,BLR,2023,2.4
Belarus,BLR,2022,2.6
Belarus,BLR,2021,2.7
Belarus,BLR,2020,2.9
Belarus,BLR,2019,3.1
Belarus,BLR,2018,3.4
Belarus,BLR,2017,3.6
Belarus,BLR,2016,3.9
Belarus,BLR,2015,4.1
Belarus,BLR,2014,4.3
Belarus,BLR,2013,4.6
Belarus,BLR,2012,4.9
Belarus,BLR,2011,5.2
Belarus,BLR,2010,5.6
Belarus,BLR,2009,6.1
Belarus,BLR,2008,6.6
Belarus,BLR,2007,7.3
Belarus,BLR,2006,8.0
Belarus,BLR,2005,8.7
Belarus,BLR,2004,9.4
Belarus,BLR,2003,10.1
Belarus,BLR,2002,10.9
Belarus,BLR,2001,11.8
Belarus,BLR,2000,12.8
Belgium,BEL,2023,3.7
Belgium,BEL,2022,3.8
Belgium,BEL,2021,3.8
Belgium,BEL,2020,3.9
Belgium,BEL,2019,3.9
Belgium,BEL,2018,4.0
Belgium,BEL,2017,4.0
Belgium,BEL,2016,4.1
Belgium,BEL,2015,4.1
Belgium,BEL,2014,4.1
Belgium,BEL,2013,4.2
Belgium,BEL,2012,4.3
Belgium,BEL,2011,4.4
Belgium,BEL,2010,4.5
Belgium,BEL,2009,4.6
Belgium,BEL,2008,4.7
Belgium,BEL,2007,4.8
Belgium,BEL,2006,4.9
Belgium,BEL,2005,5.0
Belgium,BEL,2004,5.2
Belgium,BEL,2003,5.3
Belgium,BEL,2002,5.5
Belgium,BEL,2001,5.7
Belgium,BEL,2000,5.9
Belize,BLZ,2023,12.8
Belize,BLZ,2022,12.8
Belize,BLZ,2021,13.0
Belize,BLZ,2020,13.2
Belize,BLZ,2019,13.5
Belize,BLZ,2018,13.9
Belize,BLZ,2017,14.4
Belize,BLZ,2016,15.0
Belize,BLZ,2015,15.6
Belize,BLZ,2014,16.3
Belize,BLZ,2013,17.0
Belize,BLZ,2012,17.7
Belize,BLZ,2011,18.3
Belize,BLZ,2010,18.8
Belize,BLZ,2009,19.3
Belize,BLZ,2008,19.7
Belize,BLZ,2007,20.2
Belize,BLZ,2006,20.6
Belize,BLZ,2005,21.0
Belize,BLZ,2004,21.5
Belize,BLZ,2003,22.1
Belize,BLZ,2002,22.8
Belize,BLZ,2001,23.6
Belize,BLZ,2000,24.5
Benin,BEN,2023,77.2
Benin,BEN,2022,79.6
Benin,BEN,2021,82.2
Benin,BEN,2020,84.6
Benin,BEN,2019,87.0
Benin,BEN,2018,89.4
Benin,BEN,2017,91.8
Benin,BEN,2016,94.0
Benin,BEN,2015,96.1
Benin,BEN,2014,98.4
Benin,BEN,2013,100.6
Benin,BEN,2012,102.9
Benin,BEN,2011,105.1
Benin,BEN,2010,107.4
Benin,BEN,2009,109.7
Benin,BEN,2008,112.0
Benin,BEN,2007,114.4
Benin,BEN,2006,117.0
Benin,BEN,2005,119.7
Benin,BEN,2004,122.5
Benin,BEN,2003,125.4
Benin,BEN,2002,128.5
Benin,BEN,2001,131.7
Benin,BEN,2000,135.0
Bermuda,BMU,2023,
Bermuda,BMU,2022,
Bermuda,BMU,2021,
Bermuda,BMU,2020,
Bermuda,BMU,2019,
Bermuda,BMU,2018,
Bermuda,BMU,2017,
Bermuda,BMU,2016,
Bermuda,BMU,2015,
Bermuda,BMU,2014,
Bermuda,BMU,2013,
Bermuda,BMU,2012,
Bermuda,BMU,2011,
Bermuda,BMU,2010,
Bermuda,BMU,2009,
Bermuda,BMU,2008,
Bermuda,BMU,2007,
Bermuda,BMU,2006,
Bermuda,BMU,2005,
Bermuda,BMU,2004,
Bermuda,BMU,2003,
Bermuda,BMU,2002,
Bermuda,BMU,2001,
Bermuda,BMU,2000,
Bhutan,BTN,2023,18.0
Bhutan,BTN,2022,19.0
Bhutan,BTN,2021,20.0
Bhutan,BTN,2020,21.3
Bhutan,BTN,2019,22.7
Bhutan,BTN,2018,24.2
Bhutan,BTN,2017,25.8
Bhutan,BTN,2016,27.4
Bhutan,BTN,2015,29.2
Bhutan,BTN,2014,31.2
Bhutan,BTN,2013,33.2
Bhutan,BTN,2012,35.5
Bhutan,BTN,2011,37.9
Bhutan,BTN,2010,40.5
Bhutan,BTN,2009,43.3
Bhutan,BTN,2008,46.2
Bhutan,BTN,2007,49.5
Bhutan,BTN,2006,52.9
Bhutan,BTN,2005,56.7
Bhutan,BTN,2004,60.6
Bhutan,BTN,2003,64.6
Bhutan,BTN,2002,68.8
Bhutan,BTN,2001,73.2
Bhutan,BTN,2000,77.7
Bolivia,BOL,2023,16.4
Bolivia,BOL,2022,17.3
Bolivia,BOL,2021,18.2
Bolivia,BOL,2020,19.3
Bolivia,BOL,2019,20.6
Bolivia,BOL,2018,22.0
Bolivia,BOL,2017,23.4
Bolivia,BOL,2016,25.0
Bolivia,BOL,2015,26.7
Bolivia,BOL,2014,28.4
Bolivia,BOL,2013,30.3
Bolivia,BOL,2012,32.3
Bolivia,BOL,2011,34.4
Bolivia,BOL,2010,36.7
Bolivia,BOL,2009,39.1
Bolivia,BOL,2008,41.8
Bolivia,BOL,2007,44.7
Bolivia,BOL,2006,47.7
Bolivia,BOL,2005,51.0
Bolivia,BOL,2004,54.5
Bolivia,BOL,2003,58.2
Bolivia,BOL,2002,62.1
Bolivia,BOL,2001,66.3
Bolivia,BOL,2000,70.7
Bosnia and Herzegovina,BIH,2023,6.0
Bosnia and Herzegovina,BIH,2022,6.2
Bosnia and Herzegovina,BIH,2021,6.4
Bosnia and Herzegovina,BIH,2020,6.6
Bosnia and Herzegovina,BIH,2019,6.7
Bosnia and Herzegovina,BIH,2018,6.8
Bosnia and Herzegovina,BIH,2017,6.8
Bosnia and Herzegovina,BIH,2016,6.8
Bosnia and Herzegovina,BIH,2015,6.7
Bosnia and Herzegovina,BIH,2014,6.7
Bosnia and Herzegovina,BIH,2013,6.7
Bosnia and Herzegovina,BIH,2012,6.7
Bosnia and Herzegovina,BIH,2011,6.8
Bosnia and Herzegovina,BIH,2010,6.8
Bosnia and Herzegovina,BIH,2009,6.9
Bosnia and Herzegovina,BIH,2008,7.0
Bosnia and Herzegovina,BIH,2007,7.1
Bosnia and Herzegovina,BIH,2006,7.2
Bosnia and Herzegovina,BIH,2005,7.4
Bosnia and Herzegovina,BIH,2004,7.6
Bosnia and Herzegovina,BIH,2003,8.0
Bosnia and Herzegovina,BIH,2002,8.4
Bosnia and Herzegovina,BIH,2001,8.9
Bosnia and Herzegovina,BIH,2000,9.5
Botswana,BWA,2023,34.6
Botswana,BWA,2022,35.7
Botswana,BWA,2021,37.1
Botswana,BWA,2020,38.9
Botswana,BWA,2019,40.0
Botswana,BWA,2018,41.2
Botswana,BWA,2017,42.1
Botswana,BWA,2016,45.1
Botswana,BWA,2015,46.7
Botswana,BWA,2014,49.0
Botswana,BWA,2013,50.3
Botswana,BWA,2012,53.9
Botswana,BWA,2011,58.8
Botswana,BWA,2010,58.4
Botswana,BWA,2009,60.6
Botswana,BWA,2008,63.7
Botswana,BWA,2007,64.3
Botswana,BWA,2006,66.0
Botswana,BWA,2005,70.8
Botswana,BWA,2004,75.7
Botswana,BWA,2003,76.7
Botswana,BWA,2002,77.9
Botswana,BWA,2001,79.3
Botswana,BWA,2000,79.8
Brazil,BRA,2023,14.4
Brazil,BRA,2022,14.6
Brazil,BRA,2021,14.7
Brazil,BRA,2020,14.9
Brazil,BRA,2019,15.0
Brazil,BRA,2018,15.2
Brazil,BRA,2017,15.4
Brazil,BRA,2016,16.8
Brazil,BRA,2015,16.0
Brazil,BRA,2014,16.3
Brazil,BRA,2013,16.7
Brazil,BRA,2012,17.2
Brazil,BRA,2011,17.9
Brazil,BRA,2010,18.6
Brazil,BRA,2009,19.5
Brazil,BRA,2008,20.5
Brazil,BRA,2007,21.7
Brazil,BRA,2006,23.1
Brazil,BRA,2005,24.6
Brazil,BRA,2004,26.3
Brazil,BRA,2003,28.2
Brazil,BRA,2002,30.1
Brazil,BRA,2001,32.2
Brazil,BRA,2000,34.4
British Virgin Islands,VGB,2023,12.7
British Virgin Islands,VGB,2022,13.1
British Virgin Islands,VGB,2021,13.5
British Virgin Islands,VGB,2020,13.8
British Virgin Islands,VGB,2019,14.2
British Virgin Islands,VGB,2018,14.6
British Virgin Islands,VGB,2017,14.9
British Virgin Islands,VGB,2016,15.2
British Virgin Islands,VGB,2015,15.5
British Virgin Islands,VGB,2014,15.6
British Virgin Islands,VGB,2013,15.6
British Virgin Islands,VGB,2012,15.6
British Virgin Islands,VGB,2011,15.6
British Virgin Islands,VGB,2010,15.6
British Virgin Islands,VGB,2009,15.6
British Virgin Islands,VGB,2008,15.7
British Virgin Islands,VGB,2007,15.7
British Virgin Islands,VGB,2006,15.8
British Virgin Islands,VGB,2005,15.9
British Virgin Islands,VGB,2004,16.0
British Virgin Islands,VGB,2003,16.1
British Virgin Islands,VGB,2002,16.4
British Virgin Islands,VGB,2001,16.6
British Virgin Islands,VGB,2000,16.8
Brunei Darussalam,BRN,2023,10.1
Brunei Darussalam,BRN,2022,10.2
Brunei Darussalam,BRN,2021,10.3
Brunei Darussalam,BRN,2020,10.4
Brunei Darussalam,BRN,2019,10.5
Brunei Darussalam,BRN,2018,10.6
Brunei Darussalam,BRN,2017,10.7
Brunei Darussalam,BRN,2016,10.7
Brunei Darussalam,BRN,2015,10.7
Brunei Darussalam,BRN,2014,10.6
Brunei Darussalam,BRN,2013,10.4
Brunei Darussalam,BRN,2012,10.2
Brunei Darussalam,BRN,2011,10.0
Brunei Darussalam,BRN,2010,9.9
Brunei Darussalam,BRN,2009,9.7
Brunei Darussalam,BRN,2008,9.6
Brunei Darussalam,BRN,2007,9.6
Brunei Darussalam,BRN,2006,9.5
Brunei Darussalam,BRN,2005,9.5
Brunei Darussalam,BRN,2004,9.6
Brunei Darussalam,BRN,2003,9.7
Brunei Darussalam,BRN,2002,9.8
Brunei Darussalam,BRN,2001,10.0
Brunei Darussalam,BRN,2000,10.3
Bulgaria,BGR,2023,5.9
Bulgaria,BGR,2022,6.1
Bulgaria,BGR,2021,6.3
Bulgaria,BGR,2020,6.5
Bulgaria,BGR,2019,6.7
Bulgaria,BGR,2018,7.0
Bulgaria,BGR,2017,7.3
Bulgaria,BGR,2016,7.7
Bulgaria,BGR,2015,8.2
Bulgaria,BGR,2014,8.7
Bulgaria,BGR,2013,9.3
Bulgaria,BGR,2012,9.9
Bulgaria,BGR,2011,10.4
Bulgaria,BGR,2010,10.9
Bulgaria,BGR,2009,11.1
Bulgaria,BGR,2008,11.4
Bulgaria,BGR,2007,11.9
Bulgaria,BGR,2006,12.5
Bulgaria,BGR,2005,13.3
Bulgaria,BGR,2004,14.2
Bulgaria,BGR,2003,15.1
Bulgaria,BGR,2002,16.0
Bulgaria,BGR,2001,16.7
Bulgaria,BGR,2000,17.5
Burkina Faso,BFA,2023,77.4
Burkina Faso,BFA,2022,79.8
Burkina Faso,BFA,2021,82.4
Burkina Faso,BFA,2020,85.1
Burkina Faso,BFA,2019,88.1
Burkina Faso,BFA,2018,91.0
Burkina Faso,BFA,2017,94.1
Burkina Faso,BFA,2016,97.4
Burkina Faso,BFA,2015,100.8
Burkina Faso,BFA,2014,104.3
Burkina Faso,BFA,2013,108.2
Burkina Faso,BFA,2012,112.3
Burkina Faso,BFA,2011,116.6
Burkina Faso,BFA,2010,121.3
Burkina Faso,BFA,2009,126.5
Burkina Faso,BFA,2008,132.1
Burkina Faso,BFA,2007,138.1
Burkina Faso,BFA,2006,144.4
Burkina Faso,BFA,2005,150.8
Burkina Faso,BFA,2004,156.8
Burkina Faso,BFA,2003,162.3
Burkina Faso,BFA,2002,167.3
Burkina Faso,BFA,2001,171.9
Burkina Faso,BFA,2000,176.0
Burundi,BDI,2023,48.7
Burundi,BDI,2022,50.3
Burundi,BDI,2021,52.3
Burundi,BDI,2020,54.3
Burundi,BDI,2019,56.2
Burundi,BDI,2018,58.5
Burundi,BDI,2017,60.9
Burundi,BDI,2016,63.7
Burundi,BDI,2015,66.9
Burundi,BDI,2014,70.6
Burundi,BDI,2013,74.9
Burundi,BDI,2012,79.6
Burundi,BDI,2011,84.7
Burundi,BDI,2010,90.2
Burundi,BDI,2009,96.1
Burundi,BDI,2008,102.6
Burundi,BDI,2007,109.5
Burundi,BDI,2006,116.6
Burundi,BDI,2005,123.7
Burundi,BDI,2004,130.4
Burundi,BDI,2003,136.6
Burundi,BDI,2002,142.3
Burundi,BDI,2001,147.5
Burundi,BDI,2000,152.4
Cabo Verde,CPV,2023,11.6
Cabo Verde,CPV,2022,12.1
Cabo Verde,CPV,2021,12.7
Cabo Verde,CPV,2020,13.3
Cabo Verde,CPV,2019,14.1
Cabo Verde,CPV,2018,15.1
Cabo Verde,CPV,2017,16.2
Cabo Verde,CPV,2016,17.6
Cabo Verde,CPV,2015,19.2
Cabo Verde,CPV,2014,20.9
Cabo Verde,CPV,2013,22.6
Cabo Verde,CPV,2012,24.2
Cabo Verde,CPV,2011,25.6
Cabo Verde,CPV,2010,26.7
Cabo Verde,CPV,2009,27.5
Cabo Verde,CPV,2008,27.9
Cabo Verde,CPV,2007,28.1
Cabo Verde,CPV,2006,28.0
Cabo Verde,CPV,2005,28.0
Cabo Verde,CPV,2004,28.2
Cabo Verde,CPV,2003,29.0
Cabo Verde,CPV,2002,30.5
Cabo Verde,CPV,2001,32.8
Cabo Verde,CPV,2000,36.0
Cambodia,KHM,2023,19.1
Cambodia,KHM,2022,19.9
Cambodia,KHM,2021,20.8
Cambodia,KHM,2020,21.8
Cambodia,KHM,2019,22.8
Cambodia,KHM,2018,24.1
Cambodia,KHM,2017,25.6
Cambodia,KHM,2016,27.5
Cambodia,KHM,2015,29.6
Cambodia,KHM,2014,32.0
Cambodia,KHM,2013,34.5
Cambodia,KHM,2012,37.2
Cambodia,KHM,2011,40.3
Cambodia,KHM,2010,43.5
Cambodia,KHM,2009,47.0
Cambodia,KHM,2008,50.8
Cambodia,KHM,2007,54.9
Cambodia,KHM,2006,59.3
Cambodia,KHM,2005,64.4
Cambodia,KHM,2004,70.4
Cambodia,KHM,2003,77.5
Cambodia,KHM,2002,86.2
Cambodia,KHM,2001,96.0
Cambodia,KHM,2000,105.2
Cameroon,CMR,2023,67.0
Cameroon,CMR,2022,69.4
Cameroon,CMR,2021,71.9
Cameroon,CMR,2020,74.4
Cameroon,CMR,2019,76.6
Cameroon,CMR,2018,78.9
Cameroon,CMR,2017,81.9
Cameroon,CMR,2016,85.1
Cameroon,CMR,2015,88.5
Cameroon,CMR,2014,92.4
Cameroon,CMR,2013,96.5
Cameroon,CMR,2012,100.8
Cameroon,CMR,2011,105.2
Cameroon,CMR,2010,109.5
Cameroon,CMR,2009,113.7
Cameroon,CMR,2008,117.2
Cameroon,CMR,2007,120.8
Cameroon,CMR,2006,124.2
Cameroon,CMR,2005,127.6
Cameroon,CMR,2004,130.9
Cameroon,CMR,2003,134.3
Cameroon,CMR,2002,137.6
Cameroon,CMR,2001,141.0
Cameroon,CMR,2000,143.9
Canada,CAN,2023,5.4
Canada,CAN,2022,5.3
Canada,CAN,2021,5.2
Canada,CAN,2020,5.2
Canada,CAN,2019,5.2
Canada,CAN,2018,5.2
Canada,CAN,2017,5.2
Canada,CAN,2016,5.3
Canada,CAN,2015,5.3
Canada,CAN,2014,5.4
Canada,CAN,2013,5.5
Canada,CAN,2012,5.6
Canada,CAN,2011,5.6
Canada,CAN,2010,5.7
Canada,CAN,2009,5.8
Canada,CAN,2008,5.9
Canada,CAN,2007,6.0
Canada,CAN,2006,6.0
Canada,CAN,2005,6.1
Canada,CAN,2004,6.1
Canada,CAN,2003,6.2
Canada,CAN,2002,6.2
Canada,CAN,2001,6.2
Canada,CAN,2000,6.2
Cayman Islands,CYM,2023,
Cayman Islands,CYM,2022,
Cayman Islands,CYM,2021,
Cayman Islands,CYM,2020,
Cayman Islands,CYM,2019,
Cayman Islands,CYM,2018,
Cayman Islands,CYM,2017,
Cayman Islands,CYM,2016,
Cayman Islands,CYM,2015,
Cayman Islands,CYM,2014,
Cayman Islands,CYM,2013,
Cayman Islands,CYM,2012,
Cayman Islands,CYM,2011,
Cayman Islands,CYM,2010,
Cayman Islands,CYM,2009,
Cayman Islands,CYM,2008,
Cayman Islands,CYM,2007,
Cayman Islands,CYM,2006,
Cayman Islands,CYM,2005,
Cayman Islands,CYM,2004,
Cayman Islands,CYM,2003,
Cayman Islands,CYM,2002,
Cayman Islands,CYM,2001,
Cayman Islands,CYM,2000,
Central African Republic,CAF,2023,92.6
Central African Republic,CAF,2022,424.6
Central African Republic,CAF,2021,178.7
Central African Republic,CAF,2020,124.2
Central African Republic,CAF,2019,254.7
Central African Republic,CAF,2018,120.2
Central African Republic,CAF,2017,155.2
Central African Republic,CAF,2016,126.8
Central African Republic,CAF,2015,113.7
Central African Republic,CAF,2014,186.8
Central African Republic,CAF,2013,134.2
Central African Republic,CAF,2012,121.9
Central African Republic,CAF,2011,125.1
Central African Republic,CAF,2010,150.7
Central African Republic,CAF,2009,489.3
Central African Republic,CAF,2008,135.5
Central African Republic,CAF,2007,139.3
Central African Republic,CAF,2006,143.5
Central African Republic,CAF,2005,147.9
Central African Republic,CAF,2004,151.8
Central African Republic,CAF,2003,155.6
Central African Republic,CAF,2002,159.0
Central African Republic,CAF,2001,162.5
Central African Republic,CAF,2000,165.5
Chad,TCD,2023,100.6
Chad,TCD,2022,103.9
Chad,TCD,2021,107.3
Chad,TCD,2020,110.6
Chad,TCD,2019,114.0
Chad,TCD,2018,117.6
Chad,TCD,2017,121.4
Chad,TCD,2016,125.0
Chad,TCD,2015,128.7
Chad,TCD,2014,132.3
Chad,TCD,2013,135.8
Chad,TCD,2012,139.3
Chad,TCD,2011,142.9
Chad,TCD,2010,146.7
Chad,TCD,2009,150.5
Chad,TCD,2008,154.3
Chad,TCD,2007,158.1
Chad,TCD,2006,161.8
Chad,TCD,2005,165.4
Chad,TCD,2004,168.8
Chad,TCD,2003,172.3
Chad,TCD,2002,175.6
Chad,TCD,2001,179.0
Chad,TCD,2000,182.4
Channel Islands,CHI,2023,
Channel Islands,CHI,2022,
Channel Islands,CHI,2021,
Channel Islands,CHI,2020,
Channel Islands,CHI,2019,
Channel Islands,CHI,2018,
Channel Islands,CHI,2017,
Channel Islands,CHI,2016,
Channel Islands,CHI,2015,
Channel Islands,CHI,2014,
Channel Islands,CHI,2013,
Channel Islands,CHI,2012,
Channel Islands,CHI,2011,
Channel Islands,CHI,2010,
Channel Islands,CHI,2009,
Channel Islands,CHI,2008,
Channel Islands,CHI,2007,
Channel Islands,CHI,2006,
Channel Islands,CHI,2005,
Channel Islands,CHI,2004,
Channel Islands,CHI,2003,
Channel Islands,CHI,2002,
Channel Islands,CHI,2001,
Channel Islands,CHI,2000,
Chile,CHL,2023,6.9
Chile,CHL,2022,6.8
Chile,CHL,2021,6.7
Chile,CHL,2020,6.8
Chile,CHL,2019,7.0
Chile,CHL,2018,7.3
Chile,CHL,2017,7.6
Chile,CHL,2016,7.7
Chile,CHL,2015,7.9
Chile,CHL,2014,8.1
Chile,CHL,2013,8.3
Chile,CHL,2012,8.4
Chile,CHL,2011,8.6
Chile,CHL,2010,8.7
Chile,CHL,2009,8.8
Chile,CHL,2008,8.8
Chile,CHL,2007,8.9
Chile,CHL,2006,9.0
Chile,CHL,2005,9.1
Chile,CHL,2004,9.2
Chile,CHL,2003,9.4
Chile,CHL,2002,9.8
Chile,CHL,2001,10.3
Chile,CHL,2000,10.9
China,CHN,2023,6.1
China,CHN,2022,6.6
China,CHN,2021,7.0
China,CHN,2020,7.5
China,CHN,2019,8.0
China,CHN,2018,8.6
China,CHN,2017,9.3
China,CHN,2016,10.0
China,CHN,2015,10.7
China,CHN,2014,11.6
China,CHN,2013,12.5
China,CHN,2012,13.5
China,CHN,2011,14.6
China,CHN,2010,15.7
China,CHN,2009,17.1
China,CHN,2008,18.5
China,CHN,2007,20.1
China,CHN,2006,21.9
China,CHN,2005,24.0
China,CHN,2004,26.3
China,CHN,2003,28.8
China,CHN,2002,31.4
China,CHN,2001,34.1
China,CHN,2000,36.6
Colombia,COL,2023,11.9
Colombia,COL,2022,12.3
Colombia,COL,2021,12.7
Colombia,COL,2020,13.1
Colombia,COL,2019,13.5
Colombia,COL,2018,14.0
Colombia,COL,2017,14.5
Colombia,COL,2016,15.0
Colombia,COL,2015,15.5
Colombia,COL,2014,16.0
Colombia,COL,2013,16.5
Colombia,COL,2012,17.1
Colombia,COL,2011,17.6
Colombia,COL,2010,18.2
Colombia,COL,2009,18.8
Colombia,COL,2008,19.5
Colombia,COL,2007,20.1
Colombia,COL,2006,20.7
Colombia,COL,2005,21.4
Colombia,COL,2004,22.1
Colombia,COL,2003,22.7
Colombia,COL,2002,23.5
Colombia,COL,2001,24.2
Colombia,COL,2000,25.0
Comoros,COM,2023,40.2
Comoros,COM,2022,41.4
Comoros,COM,2021,42.6
Comoros,COM,2020,43.7
Comoros,COM,2019,44.8
Comoros,COM,2018,45.8
Comoros,COM,2017,46.9
Comoros,COM,2016,47.9
Comoros,COM,2015,48.9
Comoros,COM,2014,50.0
Comoros,COM,2013,51.2
Comoros,COM,2012,52.5
Comoros,COM,2011,54.0
Comoros,COM,2010,55.6
Comoros,COM,2009,57.3
Comoros,COM,2008,59.2
Comoros,COM,2007,61.2
Comoros,COM,2006,63.4
Comoros,COM,2005,65.8
Comoros,COM,2004,68.3
Comoros,COM,2003,71.0
Comoros,COM,2002,73.8
Comoros,COM,2001,76.8
Comoros,COM,2000,79.9
"Congo, Dem. Rep.",COD,2023,91.3
"Congo, Dem. Rep.",COD,2022,92.5
"Congo, Dem. Rep.",COD,2021,92.9
"Congo, Dem. Rep.",COD,2020,92.7
"Congo, Dem. Rep.",COD,2019,92.2
"Congo, Dem. Rep.",COD,2018,91.7
"Congo, Dem. Rep.",COD,2017,91.5
"Congo, Dem. Rep.",COD,2016,91.5
"Congo, Dem. Rep.",COD,2015,91.9
"Congo, Dem. Rep.",COD,2014,92.7
"Congo, Dem. Rep.",COD,2013,94.1
"Congo, Dem. Rep.",COD,2012,95.9
"Congo, Dem. Rep.",COD,2011,98.3
"Congo, Dem. Rep.",COD,2010,101.4
"Congo, Dem. Rep.",COD,2009,105.0
"Congo, Dem. Rep.",COD,2008,109.2
"Congo, Dem. Rep.",COD,2007,113.8
"Congo, Dem. Rep.",COD,2006,118.9
"Congo, Dem. Rep.",COD,2005,124.4
"Congo, Dem. Rep.",COD,2004,159.4
"Congo, Dem. Rep.",COD,2003,165.9
"Congo, Dem. Rep.",COD,2002,172.2
"Congo, Dem. Rep.",COD,2001,178.4
"Congo, Dem. Rep.",COD,2000,184.6
"Congo, Rep.",COG,2023,40.3
"Congo, Rep.",COG,2022,41.5
"Congo, Rep.",COG,2021,43.0
"Congo, Rep.",COG,2020,44.5
"Congo, Rep.",COG,2019,52.2
"Congo, Rep.",COG,2018,47.6
"Congo, Rep.",COG,2017,49.3
"Congo, Rep.",COG,2016,51.0
"Congo, Rep.",COG,2015,52.7
"Congo, Rep.",COG,2014,54.5
"Congo, Rep.",COG,2013,56.2
"Congo, Rep.",COG,2012,57.9
"Congo, Rep.",COG,2011,60.0
"Congo, Rep.",COG,2010,62.4
"Congo, Rep.",COG,2009,65.3
"Congo, Rep.",COG,2008,69.2
"Congo, Rep.",COG,2007,73.9
"Congo, Rep.",COG,2006,79.5
"Congo, Rep.",COG,2005,85.7
"Congo, Rep.",COG,2004,92.3
"Congo, Rep.",COG,2003,98.9
"Congo, Rep.",COG,2002,104.6
"Congo, Rep.",COG,2001,109.3
"Congo, Rep.",COG,2000,112.5
Costa Rica,CRI,2023,10.1
Costa Rica,CRI,2022,9.9
Costa Rica,CRI,2021,9.6
Costa Rica,CRI,2020,9.3
Costa Rica,CRI,2019,9.1
Costa Rica,CRI,2018,9.0
Costa Rica,CRI,2017,8.9
Costa Rica,CRI,2016,8.9
Costa Rica,CRI,2015,9.0
Costa Rica,CRI,2014,9.2
Costa Rica,CRI,2013,9.5
Costa Rica,CRI,2012,9.8
Costa Rica,CRI,2011,10.2
Costa Rica,CRI,2010,10.5
Costa Rica,CRI,2009,10.7
Costa Rica,CRI,2008,10.9
Costa Rica,CRI,2007,11.1
Costa Rica,CRI,2006,11.2
Costa Rica,CRI,2005,11.3
Costa Rica,CRI,2004,11.5
Costa Rica,CRI,2003,11.8
Costa Rica,CRI,2002,12.2
Costa Rica,CRI,2001,12.6
Costa Rica,CRI,2000,13.1
Cote d'Ivoire,CIV,2023,66.5
Cote d'Ivoire,CIV,2022,68.7
Cote d'Ivoire,CIV,2021,70.8
Cote d'Ivoire,CIV,2020,73.0
Cote d'Ivoire,CIV,2019,75.3
Cote d'Ivoire,CIV,2018,77.9
Cote d'Ivoire,CIV,2017,80.5
Cote d'Ivoire,CIV,2016,83.0
Cote d'Ivoire,CIV,2015,85.5
Cote d'Ivoire,CIV,2014,88.6
Cote d'Ivoire,CIV,2013,92.0
Cote d'Ivoire,CIV,2012,95.3
Cote d'Ivoire,CIV,2011,98.4
Cote d'Ivoire,CIV,2010,101.6
Cote d'Ivoire,CIV,2009,105.2
Cote d'Ivoire,CIV,2008,109.0
Cote d'Ivoire,CIV,2007,113.5
Cote d'Ivoire,CIV,2006,117.4
Cote d'Ivoire,CIV,2005,121.2
Cote d'Ivoire,CIV,2004,125.3
Cote d'Ivoire,CIV,2003,129.2
Cote d'Ivoire,CIV,2002,133.1
Cote d'Ivoire,CIV,2001,136.9
Cote d'Ivoire,CIV,2000,140.4
Croatia,HRV,2023,5.1
Croatia,HRV,2022,4.6
Croatia,HRV,2021,4.6
Croatia,HRV,2020,4.7
Croatia,HRV,2019,4.7
Croatia,HRV,2018,4.8
Croatia,HRV,2017,4.8
Croatia,HRV,2016,4.9
Croatia,HRV,2015,4.9
Croatia,HRV,2014,5.0
Croatia,HRV,2013,5.1
Croatia,HRV,2012,5.2
Croatia,HRV,2011,5.3
Croatia,HRV,2010,5.5
Croatia,HRV,2009,5.7
Croatia,HRV,2008,5.9
Croatia,HRV,2007,6.2
Croatia,HRV,2006,6.4
Croatia,HRV,2005,6.7
Croatia,HRV,2004,7.1
Croatia,HRV,2003,8.2
Croatia,HRV,2002,7.7
Croatia,HRV,2001,8.0
Croatia,HRV,2000,8.3
Cuba,CUB,2023,8.2
Cuba,CUB,2022,7.8
Cuba,CUB,2021,7.5
Cuba,CUB,2020,7.2
Cuba,CUB,2019,6.9
Cuba,CUB,2018,6.6
Cuba,CUB,2017,6.4
Cuba,CUB,2016,6.3
Cuba,CUB,2015,6.1
Cuba,CUB,2014,6.1
Cuba,CUB,2013,6.0
Cuba,CUB,2012,6.1
Cuba,CUB,2011,6.1
Cuba,CUB,2010,6.2
Cuba,CUB,2009,6.3
Cuba,CUB,2008,6.5
Cuba,CUB,2007,6.6
Cuba,CUB,2006,6.8
Cuba,CUB,2005,7.1
Cuba,CUB,2004,7.3
Cuba,CUB,2003,7.6
Cuba,CUB,2002,7.9
Cuba,CUB,2001,8.2
Cuba,CUB,2000,8.6
Curacao,CUW,2023,
Curacao,CUW,2022,
Curacao,CUW,2021,
Curacao,CUW,2020,
Curacao,CUW,2019,
Curacao,CUW,2018,
Curacao,CUW,2017,
Curacao,CUW,2016,
Curacao,CUW,2015,
Curacao,CUW,2014,
Curacao,CUW,2013,
Curacao,CUW,2012,
Curacao,CUW,2011,
Curacao,CUW,2010,
Curacao,CUW,2009,
Curacao,CUW,2008,
Curacao,CUW,2007,
Curacao,CUW,2006,
Curacao,CUW,2005,
Curacao,CUW,2004,
Curacao,CUW,2003,
Curacao,CUW,2002,
Curacao,CUW,2001,
Curacao,CUW,2000,
Cyprus,CYP,2023,4.6
Cyprus,CYP,2022,4.1
Cyprus,CYP,2021,3.7
Cyprus,CYP,2020,3.3
Cyprus,CYP,2019,3.0
Cyprus,CYP,2018,2.7
Cyprus,CYP,2017,2.6
Cyprus,CYP,2016,2.5
Cyprus,CYP,2015,2.5
Cyprus,CYP,2014,2.6
Cyprus,CYP,2013,2.7
Cyprus,CYP,2012,2.8
Cyprus,CYP,2011,3.0
Cyprus,CYP,2010,3.2
Cyprus,CYP,2009,3.5
Cyprus,CYP,2008,3.8
Cyprus,CYP,2007,4.1
Cyprus,CYP,2006,4.4
Cyprus,CYP,2005,4.7
Cyprus,CYP,2004,5.1
Cyprus,CYP,2003,5.4
Cyprus,CYP,2002,5.8
Cyprus,CYP,2001,6.2
Cyprus,CYP,2000,6.6
Czechia,CZE,2023,2.6
Czechia,CZE,2022,2.7
Czechia,CZE,2021,2.8
Czechia,CZE,2020,2.9
Czechia,CZE,2019,3.0
Czechia,CZE,2018,3.1
Czechia,CZE,2017,3.2
Czechia,CZE,2016,3.2
Czechia,CZE,2015,3.2
Czechia,CZE,2014,3.1
Czechia,CZE,2013,3.1
Czechia,CZE,2012,3.2
Czechia,CZE,2011,3.3
Czechia,CZE,2010,3.4
Czechia,CZE,2009,3.5
Czechia,CZE,2008,3.7
Czechia,CZE,2007,3.9
Czechia,CZE,2006,4.1
Czechia,CZE,2005,4.4
Czechia,CZE,2004,4.6
Czechia,CZE,2003,4.8
Czechia,CZE,2002,5.0
Czechia,CZE,2001,5.2
Czechia,CZE,2000,5.5
Denmark,DNK,2023,3.9
Denmark,DNK,2022,3.8
Denmark,DNK,2021,3.7
Denmark,DNK,2020,3.7
Denmark,DNK,2019,3.8
Denmark,DNK,2018,3.9
Denmark,DNK,2017,3.9
Denmark,DNK,2016,4.0
Denmark,DNK,2015,4.1
Denmark,DNK,2014,4.1
Denmark,DNK,2013,4.1
Denmark,DNK,2012,4.1
Denmark,DNK,2011,4.1
Denmark,DNK,2010,4.1
Denmark,DNK,2009,4.2
Denmark,DNK,2008,4.3
Denmark,DNK,2007,4.5
Denmark,DNK,2006,4.6
Denmark,DNK,2005,4.8
Denmark,DNK,2004,5.0
Denmark,DNK,2003,5.2
Denmark,DNK,2002,5.4
Denmark,DNK,2001,5.5
Denmark,DNK,2000,5.6
Djibouti,DJI,2023,50.5
Djibouti,DJI,2022,52.1
Djibouti,DJI,2021,54.0
Djibouti,DJI,2020,55.7
Djibouti,DJI,2019,57.5
Djibouti,DJI,2018,59.4
Djibouti,DJI,2017,61.2
Djibouti,DJI,2016,63.2
Djibouti,DJI,2015,65.2
Djibouti,DJI,2014,67.2
Djibouti,DJI,2013,69.2
Djibouti,DJI,2012,71.3
Djibouti,DJI,2011,73.4
Djibouti,DJI,2010,75.5
Djibouti,DJI,2009,77.7
Djibouti,DJI,2008,79.9
Djibouti,DJI,2007,82.3
Djibouti,DJI,2006,84.6
Djibouti,DJI,2005,86.9
Djibouti,DJI,2004,89.3
Djibouti,DJI,2003,91.6
Djibouti,DJI,2002,94.0
Djibouti,DJI,2001,96.3
Djibouti,DJI,2000,98.5
Dominica,DMA,2023,35.4
Dominica,DMA,2022,35.0
Dominica,DMA,2021,34.4
Dominica,DMA,2020,33.8
Dominica,DMA,2019,33.0
Dominica,DMA,2018,32.1
Dominica,DMA,2017,31.1
Dominica,DMA,2016,30.2
Dominica,DMA,2015,29.2
Dominica,DMA,2014,28.3
Dominica,DMA,2013,27.4
Dominica,DMA,2012,26.5
Dominica,DMA,2011,25.7
Dominica,DMA,2010,24.9
Dominica,DMA,2009,24.2
Dominica,DMA,2008,23.5
Dominica,DMA,2007,22.8
Dominica,DMA,2006,22.2
Dominica,DMA,2005,21.6
Dominica,DMA,2004,21.1
Dominica,DMA,2003,20.6
Dominica,DMA,2002,20.1
Dominica,DMA,2001,19.7
Dominica,DMA,2000,19.4
Dominican Republic,DOM,2023,31.5
Dominican Republic,DOM,2022,32.3
Dominican Republic,DOM,2021,33.0
Dominican Republic,DOM,2020,33.8
Dominican Republic,DOM,2019,34.4
Dominican Republic,DOM,2018,34.7
Dominican Republic,DOM,2017,34.9
Dominican Republic,DOM,2016,34.9
Dominican Republic,DOM,2015,34.9
Dominican Republic,DOM,2014,34.9
Dominican Republic,DOM,2013,34.8
Dominican Republic,DOM,2012,34.8
Dominican Republic,DOM,2011,34.8
Dominican Republic,DOM,2010,34.9
Dominican Republic,DOM,2009,34.9
Dominican Republic,DOM,2008,35.1
Dominican Republic,DOM,2007,35.3
Dominican Republic,DOM,2006,35.6
Dominican Republic,DOM,2005,36.0
Dominican Republic,DOM,2004,36.4
Dominican Republic,DOM,2003,37.0
Dominican Republic,DOM,2002,37.7
Dominican Republic,DOM,2001,38.6
Dominican Republic,DOM,2000,39.6
Ecuador,ECU,2023,13.0
Ecuador,ECU,2022,13.2
Ecuador,ECU,2021,13.4
Ecuador,ECU,2020,13.6
Ecuador,ECU,2019,13.8
Ecuador,ECU,2018,14.1
Ecuador,ECU,2017,14.4
Ecuador,ECU,2016,14.8
Ecuador,ECU,2015,15.3
Ecuador,ECU,2014,15.9
Ecuador,ECU,2013,16.6
Ecuador,ECU,2012,17.4
Ecuador,ECU,2011,18.2
Ecuador,ECU,2010,19.1
Ecuador,ECU,2009,20.0
Ecuador,ECU,2008,20.9
Ecuador,ECU,2007,21.8
Ecuador,ECU,2006,22.7
Ecuador,ECU,2005,23.6
Ecuador,ECU,2004,24.5
Ecuador,ECU,2003,25.5
Ecuador,ECU,2002,26.6
Ecuador,ECU,2001,28.0
Ecuador,ECU,2000,29.6
"Egypt, Arab Rep.",EGY,2023,22.9
"Egypt, Arab Rep.",EGY,2022,23.5
"Egypt, Arab Rep.",EGY,2021,24.0
"Egypt, Arab Rep.",EGY,2020,24.4
"Egypt, Arab Rep.",EGY,2019,24.8
"Egypt, Arab Rep.",EGY,2018,25.2
"Egypt, Arab Rep.",EGY,2017,25.6
"Egypt, Arab Rep.",EGY,2016,26.0
"Egypt, Arab Rep.",EGY,2015,26.5
"Egypt, Arab Rep.",EGY,2014,27.1
"Egypt, Arab Rep.",EGY,2013,27.8
"Egypt, Arab Rep.",EGY,2012,28.6
"Egypt, Arab Rep.",EGY,2011,29.5
"Egypt, Arab Rep.",EGY,2010,30.5
"Egypt, Arab Rep.",EGY,2009,31.6
"Egypt, Arab Rep.",EGY,2008,32.8
"Egypt, Arab Rep.",EGY,2007,34.2
"Egypt, Arab Rep.",EGY,2006,35.6
"Egypt, Arab Rep.",EGY,2005,37.0
"Egypt, Arab Rep.",EGY,2004,38.6
"Egypt, Arab Rep.",EGY,2003,40.4
"Egypt, Arab Rep.",EGY,2002,42.5
"Egypt, Arab Rep.",EGY,2001,44.8
"Egypt, Arab Rep.",EGY,2000,47.3
El Salvador,SLV,2023,10.4
El Salvador,SLV,2022,10.8
El Salvador,SLV,2021,11.2
El Salvador,SLV,2020,11.7
El Salvador,SLV,2019,12.2
El Salvador,SLV,2018,12.7
El Salvador,SLV,2017,13.3
El Salvador,SLV,2016,13.9
El Salvador,SLV,2015,14.6
El Salvador,SLV,2014,15.3
El Salvador,SLV,2013,16.0
El Salvador,SLV,2012,16.7
El Salvador,SLV,2011,17.6
El Salvador,SLV,2010,18.4
El Salvador,SLV,2009,19.4
El Salvador,SLV,2008,20.4
El Salvador,SLV,2007,21.5
El Salvador,SLV,2006,22.7
El Salvador,SLV,2005,24.0
El Salvador,SLV,2004,25.4
El Salvador,SLV,2003,26.9
El Salvador,SLV,2002,28.6
El Salvador,SLV,2001,30.3
El Salvador,SLV,2000,32.2
Equatorial Guinea,GNQ,2023,70.4
Equatorial Guinea,GNQ,2022,72.8
Equatorial Guinea,GNQ,2021,75.1
Equatorial Guinea,GNQ,2020,77.9
Equatorial Guinea,GNQ,2019,80.7
Equatorial Guinea,GNQ,2018,83.2
Equatorial Guinea,GNQ,2017,86.1
Equatorial Guinea,GNQ,2016,89.0
Equatorial Guinea,GNQ,2015,92.1
Equatorial Guinea,GNQ,2014,95.3
Equatorial Guinea,GNQ,2013,98.6
Equatorial Guinea,GNQ,2012,102.0
Equatorial Guinea,GNQ,2011,105.6
Equatorial Guinea,GNQ,2010,109.4
Equatorial Guinea,GNQ,2009,113.5
Equatorial Guinea,GNQ,2008,118.0
Equatorial Guinea,GNQ,2007,122.6
Equatorial Guinea,GNQ,2006,127.4
Equatorial Guinea,GNQ,2005,132.3
Equatorial Guinea,GNQ,2004,137.0
Equatorial Guinea,GNQ,2003,141.5
Equatorial Guinea,GNQ,2002,145.9
Equatorial Guinea,GNQ,2001,150.2
Equatorial Guinea,GNQ,2000,154.5
Eritrea,ERI,2023,35.4
Eritrea,ERI,2022,36.6
Eritrea,ERI,2021,37.8
Eritrea,ERI,2020,39.1
Eritrea,ERI,2019,40.5
Eritrea,ERI,2018,41.9
Eritrea,ERI,2017,43.3
Eritrea,ERI,2016,44.7
Eritrea,ERI,2015,46.4
Eritrea,ERI,2014,48.1
Eritrea,ERI,2013,49.7
Eritrea,ERI,2012,51.4
Eritrea,ERI,2011,53.3
Eritrea,ERI,2010,55.2
Eritrea,ERI,2009,57.3
Eritrea,ERI,2008,59.6
Eritrea,ERI,2007,62.0
Eritrea,ERI,2006,64.7
Eritrea,ERI,2005,67.5
Eritrea,ERI,2004,70.5
Eritrea,ERI,2003,73.8
Eritrea,ERI,2002,77.3
Eritrea,ERI,2001,81.1
Eritrea,ERI,2000,85.3
Estonia,EST,2023,2.1
Estonia,EST,2022,2.2
Estonia,EST,2021,2.3
Estonia,EST,2020,2.4
Estonia,EST,2019,2.5
Estonia,EST,2018,2.7
Estonia,EST,2017,2.8
Estonia,EST,2016,3.0
Estonia,EST,2015,3.2
Estonia,EST,2014,3.4
Estonia,EST,2013,3.6
Estonia,EST,2012,3.9
Estonia,EST,2011,4.2
Estonia,EST,2010,4.6
Estonia,EST,2009,5.0
Estonia,EST,2008,5.4
Estonia,EST,2007,5.9
Estonia,EST,2006,6.5
Estonia,EST,2005,7.1
Estonia,EST,2004,7.8
Estonia,EST,2003,8.5
Estonia,EST,2002,9.3
Estonia,EST,2001,10.1
Estonia,EST,2000,11.0
Eswatini,SWZ,2023,46.2
Eswatini,SWZ,2022,47.3
Eswatini,SWZ,2021,47.9
Eswatini,SWZ,2020,50.5
Eswatini,SWZ,2019,51.5
Eswatini,SWZ,2018,50.4
Eswatini,SWZ,2017,53.6
Eswatini,SWZ,2016,54.4
Eswatini,SWZ,2015,57.5
Eswatini,SWZ,2014,60.0
Eswatini,SWZ,2013,59.7
Eswatini,SWZ,2012,62.7
Eswatini,SWZ,2011,67.6
Eswatini,SWZ,2010,82.1
Eswatini,SWZ,2009,92.4
Eswatini,SWZ,2008,97.9
Eswatini,SWZ,2007,100.3
Eswatini,SWZ,2006,106.4
Eswatini,SWZ,2005,117.0
Eswatini,SWZ,2004,118.0
Eswatini,SWZ,2003,117.9
Eswatini,SWZ,2002,117.0
Eswatini,SWZ,2001,115.7
Eswatini,SWZ,2000,112.5
Ethiopia,ETH,2023,51.5
Ethiopia,ETH,2022,68.1
Ethiopia,ETH,2021,70.4
Ethiopia,ETH,2020,51.5
Ethiopia,ETH,2019,53.6
Ethiopia,ETH,2018,55.8
Ethiopia,ETH,2017,58.4
Ethiopia,ETH,2016,61.3
Ethiopia,ETH,2015,64.4
Ethiopia,ETH,2014,67.7
Ethiopia,ETH,2013,71.2
Ethiopia,ETH,2012,74.8
Ethiopia,ETH,2011,78.6
Ethiopia,ETH,2010,82.7
Ethiopia,ETH,2009,87.1
Ethiopia,ETH,2008,91.8
Ethiopia,ETH,2007,96.9
Ethiopia,ETH,2006,102.4
Ethiopia,ETH,2005,108.3
Ethiopia,ETH,2004,114.6
Ethiopia,ETH,2003,121.0
Ethiopia,ETH,2002,127.4
Ethiopia,ETH,2001,133.8
Ethiopia,ETH,2000,140.1
Faroe Islands,FRO,2023,
Faroe Islands,FRO,2022,
Faroe Islands,FRO,2021,
Faroe Islands,FRO,2020,
Faroe Islands,FRO,2019,
Faroe Islands,FRO,2018,
Faroe Islands,FRO,2017,
Faroe Islands,FRO,2016,
Faroe Islands,FRO,2015,
Faroe Islands,FRO,2014,
Faroe Islands,FRO,2013,
Faroe Islands,FRO,2012,
Faroe Islands,FRO,2011,
Faroe Islands,FRO,2010,
Faroe Islands,FRO,2009,
Faroe Islands,FRO,2008,
Faroe Islands,FRO,2007,
Faroe Islands,FRO,2006,
Faroe Islands,FRO,2005,
Faroe Islands,FRO,2004,
Faroe Islands,FRO,2003,
Faroe Islands,FRO,2002,
Faroe Islands,FRO,2001,
Faroe Islands,FRO,2000,
Fiji,FJI,2023,29.2
Fiji,FJI,2022,28.9
Fiji,FJI,2021,28.3
Fiji,FJI,2020,27.2
Fiji,FJI,2019,25.7
Fiji,FJI,2018,24.2
Fiji,FJI,2017,22.7
Fiji,FJI,2016,21.6
Fiji,FJI,2015,20.9
Fiji,FJI,2014,20.6
Fiji,FJI,2013,20.7
Fiji,FJI,2012,21.0
Fiji,FJI,2011,21.6
Fiji,FJI,2010,22.2
Fiji,FJI,2009,22.8
Fiji,FJI,2008,23.2
Fiji,FJI,2007,23.5
Fiji,FJI,2006,23.5
Fiji,FJI,2005,23.3
Fiji,FJI,2004,23.1
Fiji,FJI,2003,22.8
Fiji,FJI,2002,22.7
Fiji,FJI,2001,22.6
Fiji,FJI,2000,22.6
Finland,FIN,2023,2.4
Finland,FIN,2022,2.4
Finland,FIN,2021,2.4
Finland,FIN,2020,2.4
Finland,FIN,2019,2.4
Finland,FIN,2018,2.4
Finland,FIN,2017,2.4
Finland,FIN,2016,2.4
Finland,FIN,2015,2.5
Finland,FIN,2014,2.6
Finland,FIN,2013,2.6
Finland,FIN,2012,2.8
Finland,FIN,2011,2.9
Finland,FIN,2010,3.0
Finland,FIN,2009,3.2
Finland,FIN,2008,3.3
Finland,FIN,2007,3.5
Finland,FIN,2006,3.6
Finland,FIN,2005,3.7
Finland,FIN,2004,3.9
Finland,FIN,2003,4.0
Finland,FIN,2002,4.1
Finland,FIN,2001,4.2
Finland,FIN,2000,4.3
France,FRA,2023,4.3
France,FRA,2022,4.3
France,FRA,2021,4.3
France,FRA,2020,4.2
France,FRA,2019,4.2
France,FRA,2018,4.2
France,FRA,2017,4.2
France,FRA,2016,4.2
France,FRA,2015,4.2
France,FRA,2014,4.1
France,FRA,2013,4.1
France,FRA,2012,4.1
France,FRA,2011,4.2
France,FRA,2010,4.2
France,FRA,2009,4.3
France,FRA,2008,4.4
France,FRA,2007,4.4
France,FRA,2006,4.5
France,FRA,2005,4.6
France,FRA,2004,4.8
France,FRA,2003,4.9
France,FRA,2002,5.1
France,FRA,2001,5.2
France,FRA,2000,5.4
French Polynesia,PYF,2023,
French Polynesia,PYF,2022,
French Polynesia,PYF,2021,
French Polynesia,PYF,2020,
French Polynesia,PYF,2019,
French Polynesia,PYF,2018,
French Polynesia,PYF,2017,
French Polynesia,PYF,2016,
French Polynesia,PYF,2015,
French Polynesia,PYF,2014,
French Polynesia,PYF,2013,
French Polynesia,PYF,2012,
French Polynesia,PYF,2011,
French Polynesia,PYF,2010,
French Polynesia,PYF,2009,
French Polynesia,PYF,2008,
French Polynesia,PYF,2007,
French Polynesia,PYF,2006,
French Polynesia,PYF,2005,
French Polynesia,PYF,2004,
French Polynesia,PYF,2003,
French Polynesia,PYF,2002,
French Polynesia,PYF,2001,
French Polynesia,PYF,2000,
Gabon,GAB,2023,33.8
Gabon,GAB,2022,34.7
Gabon,GAB,2021,35.8
Gabon,GAB,2020,36.8
Gabon,GAB,2019,38.5
Gabon,GAB,2018,39.9
Gabon,GAB,2017,41.4
Gabon,GAB,2016,42.7
Gabon,GAB,2015,44.4
Gabon,GAB,2014,45.8
Gabon,GAB,2013,47.3
Gabon,GAB,2012,49.4
Gabon,GAB,2011,51.3
Gabon,GAB,2010,53.4
Gabon,GAB,2009,55.6
Gabon,GAB,2008,57.6
Gabon,GAB,2007,59.7
Gabon,GAB,2006,61.8
Gabon,GAB,2005,63.6
Gabon,GAB,2004,65.6
Gabon,GAB,2003,67.7
Gabon,GAB,2002,69.6
Gabon,GAB,2001,71.5
Gabon,GAB,2000,73.3
"Gambia, The",GMB,2023,43.8
"Gambia, The",GMB,2022,45.3
"Gambia, The",GMB,2021,47.0
"Gambia, The",GMB,2020,48.6
"Gambia, The",GMB,2019,50.4
"Gambia, The",GMB,2018,52.3
"Gambia, The",GMB,2017,54.3
"Gambia, The",GMB,2016,56.6
"Gambia, The",GMB,2015,58.9
"Gambia, The",GMB,2014,61.4
"Gambia, The",GMB,2013,64.0
"Gambia, The",GMB,2012,66.8
"Gambia, The",GMB,2011,69.7
"Gambia, The",GMB,2010,72.7
"Gambia, The",GMB,2009,76.0
"Gambia, The",GMB,2008,79.4
"Gambia, The",GMB,2007,83.0
"Gambia, The",GMB,2006,86.8
"Gambia, The",GMB,2005,90.7
"Gambia, The",GMB,2004,94.9
"Gambia, The",GMB,2003,99.2
"Gambia, The",GMB,2002,103.6
"Gambia, The",GMB,2001,108.1
"Gambia, The",GMB,2000,112.8
Georgia,GEO,2023,8.8
Georgia,GEO,2022,9.0
Georgia,GEO,2021,9.2
Georgia,GEO,2020,9.4
Georgia,GEO,2019,9.6
Georgia,GEO,2018,9.8
Georgia,GEO,2017,10.0
Georgia,GEO,2016,10.2
Georgia,GEO,2015,10.6
Georgia,GEO,2014,11.0
Georgia,GEO,2013,11.5
Georgia,GEO,2012,12.2
Georgia,GEO,2011,13.1
Georgia,GEO,2010,14.2
Georgia,GEO,2009,15.5
Georgia,GEO,2008,17.1
Georgia,GEO,2007,19.0
Georgia,GEO,2006,21.0
Georgia,GEO,2005,23.3
Georgia,GEO,2004,25.8
Georgia,GEO,2003,28.3
Georgia,GEO,2002,30.9
Georgia,GEO,2001,33.4
Georgia,GEO,2000,35.8
Germany,DEU,2023,3.7
Germany,DEU,2022,3.7
Germany,DEU,2021,3.7
Germany,DEU,2020,3.7
Germany,DEU,2019,3.7
Germany,DEU,2018,3.8
Germany,DEU,2017,3.8
Germany,DEU,2016,3.9
Germany,DEU,2015,3.9
Germany,DEU,2014,4.0
Germany,DEU,2013,4.0
Germany,DEU,2012,4.0
Germany,DEU,2011,4.1
Germany,DEU,2010,4.2
Germany,DEU,2009,4.3
Germany,DEU,2008,4.4
Germany,DEU,2007,4.5
Germany,DEU,2006,4.6
Germany,DEU,2005,4.7
Germany,DEU,2004,4.9
Germany,DEU,2003,5.0
Germany,DEU,2002,5.1
Germany,DEU,2001,5.2
Germany,DEU,2000,5.4
Ghana,GHA,2023,37.2
Ghana,GHA,2022,38.6
Ghana,GHA,2021,40.3
Ghana,GHA,2020,42.2
Ghana,GHA,2019,44.1
Ghana,GHA,2018,46.1
Ghana,GHA,2017,48.2
Ghana,GHA,2016,50.3
Ghana,GHA,2015,52.5
Ghana,GHA,2014,54.9
Ghana,GHA,2013,57.5
Ghana,GHA,2012,60.3
Ghana,GHA,2011,63.3
Ghana,GHA,2010,66.5
Ghana,GHA,2009,69.8
Ghana,GHA,2008,73.1
Ghana,GHA,2007,76.2
Ghana,GHA,2006,79.1
Ghana,GHA,2005,82.0
Ghana,GHA,2004,85.0
Ghana,GHA,2003,88.2
Ghana,GHA,2002,91.9
Ghana,GHA,2001,95.8
Ghana,GHA,2000,99.9
Gibraltar,GIB,2023,
Gibraltar,GIB,2022,
Gibraltar,GIB,2021,
Gibraltar,GIB,2020,
Gibraltar,GIB,2019,
Gibraltar,GIB,2018,
Gibraltar,GIB,2017,
Gibraltar,GIB,2016,
Gibraltar,GIB,2015,
Gibraltar,GIB,2014,
Gibraltar,GIB,2013,
Gibraltar,GIB,2012,
Gibraltar,GIB,2011,
Gibraltar,GIB,2010,
Gibraltar,GIB,2009,
Gibraltar,GIB,2008,
Gibraltar,GIB,2007,
Gibraltar,GIB,2006,
Gibraltar,GIB,2005,
Gibraltar,GIB,2004,
Gibraltar,GIB,2003,
Gibraltar,GIB,2002,
Gibraltar,GIB,2001,
Gibraltar,GIB,2000,
Greece,GRC,2023,3.9
Greece,GRC,2022,4.0
Greece,GRC,2021,4.0
Greece,GRC,2020,4.1
Greece,GRC,2019,4.1
Greece,GRC,2018,4.2
Greece,GRC,2017,4.3
Greece,GRC,2016,4.3
Greece,GRC,2015,4.3
Greece,GRC,2014,4.2
Greece,GRC,2013,4.1
Greece,GRC,2012,4.0
Greece,GRC,2011,4.0
Greece,GRC,2010,3.9
Greece,GRC,2009,4.0
Greece,GRC,2008,4.0
Greece,GRC,2007,4.1
Greece,GRC,2006,4.3
Greece,GRC,2005,4.6
Greece,GRC,2004,4.9
Greece,GRC,2003,5.2
Greece,GRC,2002,5.6
Greece,GRC,2001,6.0
Greece,GRC,2000,6.4
Greenland,GRL,2023,
Greenland,GRL,2022,
Greenland,GRL,2021,
Greenland,GRL,2020,
Greenland,GRL,2019,
Greenland,GRL,2018,
Greenland,GRL,2017,
Greenland,GRL,2016,
Greenland,GRL,2015,
Greenland,GRL,2014,
Greenland,GRL,2013,
Greenland,GRL,2012,
Greenland,GRL,2011,
Greenland,GRL,2010,
Greenland,GRL,2009,
Greenland,GRL,2008,
Greenland,GRL,2007,
Greenland,GRL,2006,
Greenland,GRL,2005,
Greenland,GRL,2004,
Greenland,GRL,2003,
Greenland,GRL,2002,
Greenland,GRL,2001,
Greenland,GRL,2000,
Grenada,GRD,2023,18.3
Grenada,GRD,2022,18.5
Grenada,GRD,2021,18.7
Grenada,GRD,2020,18.6
Grenada,GRD,2019,18.5
Grenada,GRD,2018,18.3
Grenada,GRD,2017,18.1
Grenada,GRD,2016,17.8
Grenada,GRD,2015,17.5
Grenada,GRD,2014,17.2
Grenada,GRD,2013,16.8
Grenada,GRD,2012,16.4
Grenada,GRD,2011,16.0
Grenada,GRD,2010,15.7
Grenada,GRD,2009,15.4
Grenada,GRD,2008,15.1
Grenada,GRD,2007,14.9
Grenada,GRD,2006,14.9
Grenada,GRD,2005,14.8
Grenada,GRD,2004,14.8
Grenada,GRD,2003,14.9
Grenada,GRD,2002,15.1
Grenada,GRD,2001,15.3
Grenada,GRD,2000,15.5
Guam,GUM,2023,
Guam,GUM,2022,
Guam,GUM,2021,
Guam,GUM,2020,
Guam,GUM,2019,
Guam,GUM,2018,
Guam,GUM,2017,
Guam,GUM,2016,
Guam,GUM,2015,
Guam,GUM,2014,
Guam,GUM,2013,
Guam,GUM,2012,
Guam,GUM,2011,
Guam,GUM,2010,
Guam,GUM,2009,
Guam,GUM,2008,
Guam,GUM,2007,
Guam,GUM,2006,
Guam,GUM,2005,
Guam,GUM,2004,
Guam,GUM,2003,
Guam,GUM,2002,
Guam,GUM,2001,
Guam,GUM,2000,
Guatemala,GTM,2023,21.2
Guatemala,GTM,2022,21.9
Guatemala,GTM,2021,22.7
Guatemala,GTM,2020,23.5
Guatemala,GTM,2019,24.3
Guatemala,GTM,2018,25.1
Guatemala,GTM,2017,26.1
Guatemala,GTM,2016,27.0
Guatemala,GTM,2015,28.1
Guatemala,GTM,2014,29.2
Guatemala,GTM,2013,30.4
Guatemala,GTM,2012,31.8
Guatemala,GTM,2011,33.1
Guatemala,GTM,2010,34.5
Guatemala,GTM,2009,36.0
Guatemala,GTM,2008,37.5
Guatemala,GTM,2007,39.1
Guatemala,GTM,2006,40.7
Guatemala,GTM,2005,42.4
Guatemala,GTM,2004,44.1
Guatemala,GTM,2003,45.9
Guatemala,GTM,2002,47.7
Guatemala,GTM,2001,49.7
Guatemala,GTM,2000,51.8
Guinea,GIN,2023,95.0
Guinea,GIN,2022,97.6
Guinea,GIN,2021,100.3
Guinea,GIN,2020,102.9
Guinea,GIN,2019,105.4
Guinea,GIN,2018,107.5
Guinea,GIN,2017,109.5
Guinea,GIN,2016,111.4
Guinea,GIN,2015,113.7
Guinea,GIN,2014,115.4
Guinea,GIN,2013,116.6
Guinea,GIN,2012,118.4
Guinea,GIN,2011,120.3
Guinea,GIN,2010,122.2
Guinea,GIN,2009,124.4
Guinea,GIN,2008,126.9
Guinea,GIN,2007,129.7
Guinea,GIN,2006,133.1
Guinea,GIN,2005,137.0
Guinea,GIN,2004,141.6
Guinea,GIN,2003,146.9
Guinea,GIN,2002,152.7
Guinea,GIN,2001,159.0
Guinea,GIN,2000,165.7
Guinea-Bissau,GNB,2023,69.7
Guinea-Bissau,GNB,2022,72.0
Guinea-Bissau,GNB,2021,74.3
Guinea-Bissau,GNB,2020,76.7
Guinea-Bissau,GNB,2019,79.5
Guinea-Bissau,GNB,2018,82.2
Guinea-Bissau,GNB,2017,85.1
Guinea-Bissau,GNB,2016,88.2
Guinea-Bissau,GNB,2015,91.6
Guinea-Bissau,GNB,2014,95.2
Guinea-Bissau,GNB,2013,99.1
Guinea-Bissau,GNB,2012,103.6
Guinea-Bissau,GNB,2011,108.6
Guinea-Bissau,GNB,2010,114.3
Guinea-Bissau,GNB,2009,120.2
Guinea-Bissau,GNB,2008,126.5
Guinea-Bissau,GNB,2007,132.8
Guinea-Bissau,GNB,2006,139.1
Guinea-Bissau,GNB,2005,145.3
Guinea-Bissau,GNB,2004,151.6
Guinea-Bissau,GNB,2003,157.7
Guinea-Bissau,GNB,2002,163.6
Guinea-Bissau,GNB,2001,169.3
Guinea-Bissau,GNB,2000,174.8
Guyana,GUY,2023,26.0
Guyana,GUY,2022,26.9
Guyana,GUY,2021,27.8
Guyana,GUY,2020,28.6
Guyana,GUY,2019,29.6
Guyana,GUY,2018,30.5
Guyana,GUY,2017,31.4
Guyana,GUY,2016,32.4
Guyana,GUY,2015,33.3
Guyana,GUY,2014,34.3
Guyana,GUY,2013,35.2
Guyana,GUY,2012,36.0
Guyana,GUY,2011,36.8
Guyana,GUY,2010,37.6
Guyana,GUY,2009,38.3
Guyana,GUY,2008,39.1
Guyana,GUY,2007,39.9
Guyana,GUY,2006,40.7
Guyana,GUY,2005,41.6
Guyana,GUY,2004,42.5
Guyana,GUY,2003,43.4
Guyana,GUY,2002,44.5
Guyana,GUY,2001,45.6
Guyana,GUY,2000,46.7
Haiti,HTI,2023,54.4
Haiti,HTI,2022,56.2
Haiti,HTI,2021,58.1
Haiti,HTI,2020,59.8
Haiti,HTI,2019,61.5
Haiti,HTI,2018,63.4
Haiti,HTI,2017,65.3
Haiti,HTI,2016,67.2
Haiti,HTI,2015,69.1
Haiti,HTI,2014,70.9
Haiti,HTI,2013,72.8
Haiti,HTI,2012,74.6
Haiti,HTI,2011,76.5
Haiti,HTI,2010,137.7
Haiti,HTI,2009,80.2
Haiti,HTI,2008,82.2
Haiti,HTI,2007,84.1
Haiti,HTI,2006,86.2
Haiti,HTI,2005,88.4
Haiti,HTI,2004,90.7
Haiti,HTI,2003,93.3
Haiti,HTI,2002,96.2
Haiti,HTI,2001,99.4
Haiti,HTI,2000,102.9
Honduras,HND,2023,15.5
Honduras,HND,2022,16.0
Honduras,HND,2021,16.5
Honduras,HND,2020,17.1
Honduras,HND,2019,17.7
Honduras,HND,2018,18.2
Honduras,HND,2017,18.9
Honduras,HND,2016,19.6
Honduras,HND,2015,20.3
Honduras,HND,2014,21.1
Honduras,HND,2013,21.9
Honduras,HND,2012,22.7
Honduras,HND,2011,23.5
Honduras,HND,2010,24.4
Honduras,HND,2009,25.4
Honduras,HND,2008,26.4
Honduras,HND,2007,27.4
Honduras,HND,2006,28.6
Honduras,HND,2005,29.8
Honduras,HND,2004,31.1
Honduras,HND,2003,32.5
Honduras,HND,2002,34.0
Honduras,HND,2001,35.6
Honduras,HND,2000,37.3
"Hong Kong SAR, China",HKG,2023,
"Hong Kong SAR, China",HKG,2022,
"Hong Kong SAR, China",HKG,2021,
"Hong Kong SAR, China",HKG,2020,
"Hong Kong SAR, China",HKG,2019,
"Hong Kong SAR, China",HKG,2018,
"Hong Kong SAR, China",HKG,2017,
"Hong Kong SAR, China",HKG,2016,
"Hong Kong SAR, China",HKG,2015,
"Hong Kong SAR, China",HKG,2014,
"Hong Kong SAR, China",HKG,2013,
"Hong Kong SAR, China",HKG,2012,
"Hong Kong SAR, China",HKG,2011,
"Hong Kong SAR, China",HKG,2010,
"Hong Kong SAR, China",HKG,2009,
"Hong Kong SAR, China",HKG,2008,
"Hong Kong SAR, China",HKG,2007,
"Hong Kong SAR, China",HKG,2006,
"Hong Kong SAR, China",HKG,2005,
"Hong Kong SAR, China",HKG,2004,
"Hong Kong SAR, China",HKG,2003,
"Hong Kong SAR, China",HKG,2002,
"Hong Kong SAR, China",HKG,2001,
"Hong Kong SAR, China",HKG,2000,
Hungary,HUN,2023,3.8
Hungary,HUN,2022,3.9
Hungary,HUN,2021,4.0
Hungary,HUN,2020,4.0
Hungary,HUN,2019,4.1
Hungary,HUN,2018,4.3
Hungary,HUN,2017,4.5
Hungary,HUN,2016,4.7
Hungary,HUN,2015,5.1
Hungary,HUN,2014,5.3
Hungary,HUN,2013,5.6
Hungary,HUN,2012,5.7
Hungary,HUN,2011,5.9
Hungary,HUN,2010,6.0
Hungary,HUN,2009,6.2
Hungary,HUN,2008,6.5
Hungary,HUN,2007,6.8
Hungary,HUN,2006,7.2
Hungary,HUN,2005,7.5
Hungary,HUN,2004,8.0
Hungary,HUN,2003,8.4
Hungary,HUN,2002,9.0
Hungary,HUN,2001,9.5
Hungary,HUN,2000,10.1
Iceland,ISL,2023,2.9
Iceland,ISL,2022,2.9
Iceland,ISL,2021,2.9
Iceland,ISL,2020,2.8
Iceland,ISL,2019,2.8
Iceland,ISL,2018,2.7
Iceland,ISL,2017,2.7
Iceland,ISL,2016,2.6
Iceland,ISL,2015,2.6
Iceland,ISL,2014,2.6
Iceland,ISL,2013,2.6
Iceland,ISL,2012,2.6
Iceland,ISL,2011,2.6
Iceland,ISL,2010,2.7
Iceland,ISL,2009,2.7
Iceland,ISL,2008,2.8
Iceland,ISL,2007,2.8
Iceland,ISL,2006,2.9
Iceland,ISL,2005,3.1
Iceland,ISL,2004,3.2
Iceland,ISL,2003,3.3
Iceland,ISL,2002,3.5
Iceland,ISL,2001,3.7
Iceland,ISL,2000,3.9
India,IND,2023,28.0
India,IND,2022,29.5
India,IND,2021,31.2
India,IND,2020,33.0
India,IND,2019,34.9
India,IND,2018,36.9
India,IND,2017,39.0
India,IND,2016,41.3
India,IND,2015,43.7
India,IND,2014,46.4
India,IND,2013,49.1
India,IND,2012,52.0
India,IND,2011,55.0
India,IND,2010,58.1
India,IND,2009,61.2
India,IND,2008,64.5
India,IND,2007,67.8
India,IND,2006,71.0
India,IND,2005,74.3
India,IND,2004,77.7
India,IND,2003,81.1
India,IND,2002,84.6
India,IND,2001,88.1
India,IND,2000,91.8
Indonesia,IDN,2023,18.4
Indonesia,IDN,2022,19.1
Indonesia,IDN,2021,19.9
Indonesia,IDN,2020,20.8
Indonesia,IDN,2019,21.8
Indonesia,IDN,2018,22.8
Indonesia,IDN,2017,23.8
Indonesia,IDN,2016,25.0
Indonesia,IDN,2015,26.1
Indonesia,IDN,2014,27.3
Indonesia,IDN,2013,28.6
Indonesia,IDN,2012,29.9
Indonesia,IDN,2011,31.2
Indonesia,IDN,2010,32.6
Indonesia,IDN,2009,34.1
Indonesia,IDN,2008,35.6
Indonesia,IDN,2007,37.2
Indonesia,IDN,2006,38.9
Indonesia,IDN,2005,40.7
Indonesia,IDN,2004,48.6
Indonesia,IDN,2003,44.6
Indonesia,IDN,2002,46.7
Indonesia,IDN,2001,49.0
Indonesia,IDN,2000,51.4
"Iran, Islamic Rep.",IRN,2023,11.7
"Iran, Islamic Rep.",IRN,2022,12.1
"Iran, Islamic Rep.",IRN,2021,12.6
"Iran, Islamic Rep.",IRN,2020,13.0
"Iran, Islamic Rep.",IRN,2019,13.4
"Iran, Islamic Rep.",IRN,2018,13.9
"Iran, Islamic Rep.",IRN,2017,14.4
"Iran, Islamic Rep.",IRN,2016,14.9
"Iran, Islamic Rep.",IRN,2015,15.5
"Iran, Islamic Rep.",IRN,2014,16.1
"Iran, Islamic Rep.",IRN,2013,16.8
"Iran, Islamic Rep.",IRN,2012,17.5
"Iran, Islamic Rep.",IRN,2011,18.3
"Iran, Islamic Rep.",IRN,2010,19.3
"Iran, Islamic Rep.",IRN,2009,20.4
"Iran, Islamic Rep.",IRN,2008,21.7
"Iran, Islamic Rep.",IRN,2007,23.1
"Iran, Islamic Rep.",IRN,2006,24.7
"Iran, Islamic Rep.",IRN,2005,26.5
"Iran, Islamic Rep.",IRN,2004,28.3
"Iran, Islamic Rep.",IRN,2003,30.3
"Iran, Islamic Rep.",IRN,2002,32.3
"Iran, Islamic Rep.",IRN,2001,34.3
"Iran, Islamic Rep.",IRN,2000,36.4
Iraq,IRQ,2023,22.5
Iraq,IRQ,2022,23.3
Iraq,IRQ,2021,24.0
Iraq,IRQ,2020,24.9
Iraq,IRQ,2019,25.7
Iraq,IRQ,2018,26.5
Iraq,IRQ,2017,27.5
Iraq,IRQ,2016,28.4
Iraq,IRQ,2015,29.3
Iraq,IRQ,2014,30.3
Iraq,IRQ,2013,31.3
Iraq,IRQ,2012,32.4
Iraq,IRQ,2011,33.4
Iraq,IRQ,2010,34.5
Iraq,IRQ,2009,35.6
Iraq,IRQ,2008,36.7
Iraq,IRQ,2007,37.7
Iraq,IRQ,2006,38.8
Iraq,IRQ,2005,39.7
Iraq,IRQ,2004,40.7
Iraq,IRQ,2003,41.6
Iraq,IRQ,2002,42.5
Iraq,IRQ,2001,43.4
Iraq,IRQ,2000,44.3
Ireland,IRL,2023,3.8
Ireland,IRL,2022,3.7
Ireland,IRL,2021,3.6
Ireland,IRL,2020,3.5
Ireland,IRL,2019,3.4
Ireland,IRL,2018,3.4
Ireland,IRL,2017,3.5
Ireland,IRL,2016,3.6
Ireland,IRL,2015,3.7
Ireland,IRL,2014,3.8
Ireland,IRL,2013,3.9
Ireland,IRL,2012,4.0
Ireland,IRL,2011,4.1
Ireland,IRL,2010,4.2
Ireland,IRL,2009,4.3
Ireland,IRL,2008,4.4
Ireland,IRL,2007,4.6
Ireland,IRL,2006,4.8
Ireland,IRL,2005,5.2
Ireland,IRL,2004,5.6
Ireland,IRL,2003,6.1
Ireland,IRL,2002,6.5
Ireland,IRL,2001,6.9
Ireland,IRL,2000,7.2
Isle of Man,IMN,2023,
Isle of Man,IMN,2022,
Isle of Man,IMN,2021,
Isle of Man,IMN,2020,
Isle of Man,IMN,2019,
Isle of Man,IMN,2018,
Isle of Man,IMN,2017,
Isle of Man,IMN,2016,
Isle of Man,IMN,2015,
Isle of Man,IMN,2014,
Isle of Man,IMN,2013,
Isle of Man,IMN,2012,
Isle of Man,IMN,2011,
Isle of Man,IMN,2010,
Isle of Man,IMN,2009,
Isle of Man,IMN,2008,
Isle of Man,IMN,2007,
Isle of Man,IMN,2006,
Isle of Man,IMN,2005,
Isle of Man,IMN,2004,
Isle of Man,IMN,2003,
Isle of Man,IMN,2002,
Isle of Man,IMN,2001,
Isle of Man,IMN,2000,
Israel,ISR,2023,3.4
Israel,ISR,2022,3.4
Israel,ISR,2021,3.5
Israel,ISR,2020,3.5
Israel,ISR,2019,3.6
Israel,ISR,2018,3.7
Israel,ISR,2017,3.7
Israel,ISR,2016,3.8
Israel,ISR,2015,3.9
Israel,ISR,2014,4.0
Israel,ISR,2013,4.1
Israel,ISR,2012,4.3
Israel,ISR,2011,4.4
Israel,ISR,2010,4.6
Israel,ISR,2009,4.7
Israel,ISR,2008,4.9
Israel,ISR,2007,5.1
Israel,ISR,2006,5.3
Israel,ISR,2005,5.6
Israel,ISR,2004,5.8
Israel,ISR,2003,6.1
Israel,ISR,2002,6.4
Israel,ISR,2001,6.6
Israel,ISR,2000,6.9
Italy,ITA,2023,2.8
Italy,ITA,2022,2.8
Italy,ITA,2021,2.9
Italy,ITA,2020,3.0
Italy,ITA,2019,3.1
Italy,ITA,2018,3.2
Italy,ITA,2017,3.3
Italy,ITA,2016,3.4
Italy,ITA,2015,3.5
Italy,ITA,2014,3.6
Italy,ITA,2013,3.7
Italy,ITA,2012,3.8
Italy,ITA,2011,3.9
Italy,ITA,2010,4.0
Italy,ITA,2009,4.1
Italy,ITA,2008,4.1
Italy,ITA,2007,4.2
Italy,ITA,2006,4.3
Italy,ITA,2005,4.5
Italy,ITA,2004,4.6
Italy,ITA,2003,4.8
Italy,ITA,2002,5.1
Italy,ITA,2001,5.3
Italy,ITA,2000,5.6
Jamaica,JAM,2023,18.1
Jamaica,JAM,2022,18.4
Jamaica,JAM,2021,18.6
Jamaica,JAM,2020,18.7
Jamaica,JAM,2019,18.8
Jamaica,JAM,2018,18.7
Jamaica,JAM,2017,18.7
Jamaica,JAM,2016,18.7
Jamaica,JAM,2015,18.7
Jamaica,JAM,2014,18.8
Jamaica,JAM,2013,18.9
Jamaica,JAM,2012,18.9
Jamaica,JAM,2011,19.0
Jamaica,JAM,2010,19.0
Jamaica,JAM,2009,19.1
Jamaica,JAM,2008,19.1
Jamaica,JAM,2007,19.1
Jamaica,JAM,2006,19.1
Jamaica,JAM,2005,19.1
Jamaica,JAM,2004,19.1
Jamaica,JAM,2003,19.3
Jamaica,JAM,2002,19.6
Jamaica,JAM,2001,20.0
Jamaica,JAM,2000,20.5
Japan,JPN,2023,2.4
Japan,JPN,2022,2.4
Japan,JPN,2021,2.4
Japan,JPN,2020,2.4
Japan,JPN,2019,2.5
Japan,JPN,2018,2.5
Japan,JPN,2017,2.6
Japan,JPN,2016,2.7
Japan,JPN,2015,2.8
Japan,JPN,2014,2.9
Japan,JPN,2013,3.0
Japan,JPN,2012,3.1
Japan,JPN,2011,3.3
Japan,JPN,2010,3.3
Japan,JPN,2009,3.4
Japan,JPN,2008,3.4
Japan,JPN,2007,3.5
Japan,JPN,2006,3.6
Japan,JPN,2005,3.7
Japan,JPN,2004,3.9
Japan,JPN,2003,4.0
Japan,JPN,2002,4.1
Japan,JPN,2001,4.3
Japan,JPN,2000,4.5
Jordan,JOR,2023,13.3
Jordan,JOR,2022,13.7
Jordan,JOR,2021,14.1
Jordan,JOR,2020,14.5
Jordan,JOR,2019,14.9
Jordan,JOR,2018,15.3
Jordan,JOR,2017,15.7
Jordan,JOR,2016,16.1
Jordan,JOR,2015,16.5
Jordan,JOR,2014,17.0
Jordan,JOR,2013,17.4
Jordan,JOR,2012,17.9
Jordan,JOR,2011,18.4
Jordan,JOR,2010,18.9
Jordan,JOR,2009,19.5
Jordan,JOR,2008,20.1
Jordan,JOR,2007,20.7
Jordan,JOR,2006,21.3
Jordan,JOR,2005,22.0
Jordan,JOR,2004,22.7
Jordan,JOR,2003,23.5
Jordan,JOR,2002,24.2
Jordan,JOR,2001,25.0
Jordan,JOR,2000,25.8
Kazakhstan,KAZ,2023,9.6
Kazakhstan,KAZ,2022,9.8
Kazakhstan,KAZ,2021,10.0
Kazakhstan,KAZ,2020,10.1
Kazakhstan,KAZ,2019,10.2
Kazakhstan,KAZ,2018,10.3
Kazakhstan,KAZ,2017,10.5
Kazakhstan,KAZ,2016,11.0
Kazakhstan,KAZ,2015,11.9
Kazakhstan,KAZ,2014,13.0
Kazakhstan,KAZ,2013,14.5
Kazakhstan,KAZ,2012,16.3
Kazakhstan,KAZ,2011,18.3
Kazakhstan,KAZ,2010,20.4
Kazakhstan,KAZ,2009,22.5
Kazakhstan,KAZ,2008,24.7
Kazakhstan,KAZ,2007,26.8
Kazakhstan,KAZ,2006,28.9
Kazakhstan,KAZ,2005,31.0
Kazakhstan,KAZ,2004,33.0
Kazakhstan,KAZ,2003,35.1
Kazakhstan,KAZ,2002,37.2
Kazakhstan,KAZ,2001,39.6
Kazakhstan,KAZ,2000,42.1
Kenya,KEN,2023,39.6
Kenya,KEN,2022,40.5
Kenya,KEN,2021,41.3
Kenya,KEN,2020,42.1
Kenya,KEN,2019,42.7
Kenya,KEN,2018,43.7
Kenya,KEN,2017,44.7
Kenya,KEN,2016,45.5
Kenya,KEN,2015,46.8
Kenya,KEN,2014,48.3
Kenya,KEN,2013,49.4
Kenya,KEN,2012,50.7
Kenya,KEN,2011,51.7
Kenya,KEN,2010,53.1
Kenya,KEN,2009,55.2
Kenya,KEN,2008,58.0
Kenya,KEN,2007,62.9
Kenya,KEN,2006,66.8
Kenya,KEN,2005,71.2
Kenya,KEN,2004,76.1
Kenya,KEN,2003,80.8
Kenya,KEN,2002,85.6
Kenya,KEN,2001,90.5
Kenya,KEN,2000,95.2
Kiribati,KIR,2023,54.5
Kiribati,KIR,2022,55.9
Kiribati,KIR,2021,57.2
Kiribati,KIR,2020,58.3
Kiribati,KIR,2019,59.1
Kiribati,KIR,2018,59.6
Kiribati,KIR,2017,59.6
Kiribati,KIR,2016,59.1
Kiribati,KIR,2015,58.6
Kiribati,KIR,2014,58.0
Kiribati,KIR,2013,57.7
Kiribati,KIR,2012,57.4
Kiribati,KIR,2011,57.5
Kiribati,KIR,2010,57.7
Kiribati,KIR,2009,58.2
Kiribati,KIR,2008,58.7
Kiribati,KIR,2007,59.2
Kiribati,KIR,2006,59.7
Kiribati,KIR,2005,60.1
Kiribati,KIR,2004,60.7
Kiribati,KIR,2003,61.4
Kiribati,KIR,2002,62.5
Kiribati,KIR,2001,64.1
Kiribati,KIR,2000,65.8
"Korea, Dem. People's Rep.",PRK,2023,18.0
"Korea, Dem. People's Rep.",PRK,2022,17.7
"Korea, Dem. People's Rep.",PRK,2021,17.4
"Korea, Dem. People's Rep.",PRK,2020,17.4
"Korea, Dem. People's Rep.",PRK,2019,17.7
"Korea, Dem. People's Rep.",PRK,2018,18.4
"Korea, Dem. People's Rep.",PRK,2017,19.1
"Korea, Dem. People's Rep.",PRK,2016,20.6
"Korea, Dem. People's Rep.",PRK,2015,21.4
"Korea, Dem. People's Rep.",PRK,2014,22.6
"Korea, Dem. People's Rep.",PRK,2013,24.1
"Korea, Dem. People's Rep.",PRK,2012,25.7
"Korea, Dem. People's Rep.",PRK,2011,27.2
"Korea, Dem. People's Rep.",PRK,2010,28.7
"Korea, Dem. People's Rep.",PRK,2009,30.0
"Korea, Dem. People's Rep.",PRK,2008,31.0
"Korea, Dem. People's Rep.",PRK,2007,32.4
"Korea, Dem. People's Rep.",PRK,2006,32.8
"Korea, Dem. People's Rep.",PRK,2005,33.3
"Korea, Dem. People's Rep.",PRK,2004,33.8
"Korea, Dem. People's Rep.",PRK,2003,34.5
"Korea, Dem. People's Rep.",PRK,2002,97.8
"Korea, Dem. People's Rep.",PRK,2001,99.0
"Korea, Dem. People's Rep.",PRK,2000,100.2
"Korea, Rep.",KOR,2023,2.9
"Korea, Rep.",KOR,2022,2.9
"Korea, Rep.",KOR,2021,3.0
"Korea, Rep.",KOR,2020,3.1
"Korea, Rep.",KOR,2019,3.1
"Korea, Rep.",KOR,2018,3.2
"Korea, Rep.",KOR,2017,3.3
"Korea, Rep.",KOR,2016,3.4
"Korea, Rep.",KOR,2015,3.5
"Korea, Rep.",KOR,2014,3.6
"Korea, Rep.",KOR,2013,3.7
"Korea, Rep.",KOR,2012,3.8
"Korea, Rep.",KOR,2011,4.0
"Korea, Rep.",KOR,2010,4.1
"Korea, Rep.",KOR,2009,4.3
"Korea, Rep.",KOR,2008,4.5
"Korea, Rep.",KOR,2007,4.8
"Korea, Rep.",KOR,2006,5.2
"Korea, Rep.",KOR,2005,5.6
"Korea, Rep.",KOR,2004,6.0
"Korea, Rep.",KOR,2003,6.4
"Korea, Rep.",KOR,2002,6.8
"Korea, Rep.",KOR,2001,7.2
"Korea, Rep.",KOR,2000,7.6
Kosovo,XKX,2023,9.1
Kosovo,XKX,2022,9.5
Kosovo,XKX,2021,10.0
Kosovo,XKX,2020,10.5
Kosovo,XKX,2019,11.2
Kosovo,XKX,2018,11.9
Kosovo,XKX,2017,12.6
Kosovo,XKX,2016,13.4
Kosovo,XKX,2015,14.3
Kosovo,XKX,2014,15.2
Kosovo,XKX,2013,16.3
Kosovo,XKX,2012,17.4
Kosovo,XKX,2011,18.7
Kosovo,XKX,2010,20.1
Kosovo,XKX,2009,21.7
Kosovo,XKX,2008,23.6
Kosovo,XKX,2007,25.7
Kosovo,XKX,2006,28.0
Kosovo,XKX,2005,30.6
Kosovo,XKX,2004,33.5
Kosovo,XKX,2003,36.7
Kosovo,XKX,2002,40.3
Kosovo,XKX,2001,44.2
Kosovo,XKX,2000,48.4
Kuwait,KWT,2023,8.4
Kuwait,KWT,2022,8.6
Kuwait,KWT,2021,8.7
Kuwait,KWT,2020,8.8
Kuwait,KWT,2019,8.9
Kuwait,KWT,2018,8.9
Kuwait,KWT,2017,8.9
Kuwait,KWT,2016,9.0
Kuwait,KWT,2015,9.1
Kuwait,KWT,2014,9.3
Kuwait,KWT,2013,9.6
Kuwait,KWT,2012,10.0
Kuwait,KWT,2011,10.3
Kuwait,KWT,2010,10.7
Kuwait,KWT,2009,11.0
Kuwait,KWT,2008,11.2
Kuwait,KWT,2007,11.4
Kuwait,KWT,2006,11.6
Kuwait,KWT,2005,11.8
Kuwait,KWT,2004,12.0
Kuwait,KWT,2003,12.2
Kuwait,KWT,2002,12.3
Kuwait,KWT,2001,12.5
Kuwait,KWT,2000,12.7
Kyrgyz Republic,KGZ,2023,17.0
Kyrgyz Republic,KGZ,2022,17.3
Kyrgyz Republic,KGZ,2021,17.5
Kyrgyz Republic,KGZ,2020,17.8
Kyrgyz Republic,KGZ,2019,18.3
Kyrgyz Republic,KGZ,2018,19.0
Kyrgyz Republic,KGZ,2017,20.0
Kyrgyz Republic,KGZ,2016,21.1
Kyrgyz Republic,KGZ,2015,22.3
Kyrgyz Republic,KGZ,2014,23.5
Kyrgyz Republic,KGZ,2013,24.7
Kyrgyz Republic,KGZ,2012,26.0
Kyrgyz Republic,KGZ,2011,27.6
Kyrgyz Republic,KGZ,2010,29.5
Kyrgyz Republic,KGZ,2009,31.6
Kyrgyz Republic,KGZ,2008,33.8
Kyrgyz Republic,KGZ,2007,35.9
Kyrgyz Republic,KGZ,2006,37.6
Kyrgyz Republic,KGZ,2005,39.2
Kyrgyz Republic,KGZ,2004,40.9
Kyrgyz Republic,KGZ,2003,43.0
Kyrgyz Republic,KGZ,2002,45.5
Kyrgyz Republic,KGZ,2001,48.1
Kyrgyz Republic,KGZ,2000,50.8
Lao PDR,LAO,2023,30.5
Lao PDR,LAO,2022,31.8
Lao PDR,LAO,2021,33.2
Lao PDR,LAO,2020,34.8
Lao PDR,LAO,2019,36.5
Lao PDR,LAO,2018,38.3
Lao PDR,LAO,2017,40.2
Lao PDR,LAO,2016,42.2
Lao PDR,LAO,2015,44.4
Lao PDR,LAO,2014,46.8
Lao PDR,LAO,2013,49.4
Lao PDR,LAO,2012,52.1
Lao PDR,LAO,2011,55.1
Lao PDR,LAO,2010,58.4
Lao PDR,LAO,2009,61.8
Lao PDR,LAO,2008,65.5
Lao PDR,LAO,2007,69.5
Lao PDR,LAO,2006,73.5
Lao PDR,LAO,2005,77.7
Lao PDR,LAO,2004,82.1
Lao PDR,LAO,2003,86.6
Lao PDR,LAO,2002,91.1
Lao PDR,LAO,2001,95.6
Lao PDR,LAO,2000,100.1
Latvia,LVA,2023,2.8
Latvia,LVA,2022,3.0
Latvia,LVA,2021,3.3
Latvia,LVA,2020,3.6
Latvia,LVA,2019,3.9
Latvia,LVA,2018,4.2
Latvia,LVA,2017,4.5
Latvia,LVA,2016,4.8
Latvia,LVA,2015,5.1
Latvia,LVA,2014,5.6
Latvia,LVA,2013,6.1
Latvia,LVA,2012,6.6
Latvia,LVA,2011,7.2
Latvia,LVA,2010,7.7
Latvia,LVA,2009,8.3
Latvia,LVA,2008,8.8
Latvia,LVA,2007,9.3
Latvia,LVA,2006,9.9
Latvia,LVA,2005,10.5
Latvia,LVA,2004,11.1
Latvia,LVA,2003,11.9
Latvia,LVA,2002,12.6
Latvia,LVA,2001,13.4
Latvia,LVA,2000,14.3
Lebanon,LBN,2023,17.0
Lebanon,LBN,2022,16.3
Lebanon,LBN,2021,15.7
Lebanon,LBN,2020,15.1
Lebanon,LBN,2019,14.5
Lebanon,LBN,2018,14.0
Lebanon,LBN,2017,13.5
Lebanon,LBN,2016,13.2
Lebanon,LBN,2015,12.9
Lebanon,LBN,2014,12.8
Lebanon,LBN,2013,12.7
Lebanon,LBN,2012,12.7
Lebanon,LBN,2011,12.8
Lebanon,LBN,2010,13.0
Lebanon,LBN,2009,13.2
Lebanon,LBN,2008,13.6
Lebanon,LBN,2007,14.1
Lebanon,LBN,2006,14.6
Lebanon,LBN,2005,15.3
Lebanon,LBN,2004,16.1
Lebanon,LBN,2003,17.0
Lebanon,LBN,2002,18.0
Lebanon,LBN,2001,18.9
Lebanon,LBN,2000,20.0
Lesotho,LSO,2023,61.3
Lesotho,LSO,2022,62.0
Lesotho,LSO,2021,64.0
Lesotho,LSO,2020,66.3
Lesotho,LSO,2019,68.1
Lesotho,LSO,2018,68.8
Lesotho,LSO,2017,70.1
Lesotho,LSO,2016,71.4
Lesotho,LSO,2015,75.1
Lesotho,LSO,2014,77.6
Lesotho,LSO,2013,79.3
Lesotho,LSO,2012,81.4
Lesotho,LSO,2011,85.2
Lesotho,LSO,2010,90.9
Lesotho,LSO,2009,99.1
Lesotho,LSO,2008,111.6
Lesotho,LSO,2007,111.9
Lesotho,LSO,2006,114.7
Lesotho,LSO,2005,114.6
Lesotho,LSO,2004,113.9
Lesotho,LSO,2003,113.2
Lesotho,LSO,2002,112.1
Lesotho,LSO,2001,110.3
Lesotho,LSO,2000,108.3
Liberia,LBR,2023,87.3
Liberia,LBR,2022,87.8
Liberia,LBR,2021,88.0
Liberia,LBR,2020,88.3
Liberia,LBR,2019,88.7
Liberia,LBR,2018,89.4
Liberia,LBR,2017,90.3
Liberia,LBR,2016,91.5
Liberia,LBR,2015,93.2
Liberia,LBR,2014,97.0
Liberia,LBR,2013,97.0
Liberia,LBR,2012,99.5
Liberia,LBR,2011,102.4
Liberia,LBR,2010,105.7
Liberia,LBR,2009,109.5
Liberia,LBR,2008,114.0
Liberia,LBR,2007,119.6
Liberia,LBR,2006,126.5
Liberia,LBR,2005,134.9
Liberia,LBR,2004,144.8
Liberia,LBR,2003,156.2
Liberia,LBR,2002,168.6
Liberia,LBR,2001,181.7
Liberia,LBR,2000,194.9
Libya,LBY,2023,31.7
Libya,LBY,2022,10.4
Libya,LBY,2021,10.8
Libya,LBY,2020,11.2
Libya,LBY,2019,11.6
Libya,LBY,2018,11.9
Libya,LBY,2017,12.4
Libya,LBY,2016,12.8
Libya,LBY,2015,13.3
Libya,LBY,2014,13.8
Libya,LBY,2013,14.4
Libya,LBY,2012,15.0
Libya,LBY,2011,19.6
Libya,LBY,2010,16.6
Libya,LBY,2009,17.6
Libya,LBY,2008,18.8
Libya,LBY,2007,20.2
Libya,LBY,2006,21.7
Libya,LBY,2005,23.1
Libya,LBY,2004,24.4
Libya,LBY,2003,25.5
Libya,LBY,2002,26.5
Libya,LBY,2001,27.3
Libya,LBY,2000,28.1
Liechtenstein,LIE,2023,
Liechtenstein,LIE,2022,
Liechtenstein,LIE,2021,
Liechtenstein,LIE,2020,
Liechtenstein,LIE,2019,
Liechtenstein,LIE,2018,
Liechtenstein,LIE,2017,
Liechtenstein,LIE,2016,
Liechtenstein,LIE,2015,
Liechtenstein,LIE,2014,
Liechtenstein,LIE,2013,
Liechtenstein,LIE,2012,
Liechtenstein,LIE,2011,
Liechtenstein,LIE,2010,
Liechtenstein,LIE,2009,
Liechtenstein,LIE,2008,
Liechtenstein,LIE,2007,
Liechtenstein,LIE,2006,
Liechtenstein,LIE,2005,
Liechtenstein,LIE,2004,
Liechtenstein,LIE,2003,
Liechtenstein,LIE,2002,
Liechtenstein,LIE,2001,
Liechtenstein,LIE,2000,
Lithuania,LTU,2023,3.4
Lithuania,LTU,2022,3.5
Lithuania,LTU,2021,3.6
Lithuania,LTU,2020,3.7
Lithuania,LTU,2019,3.9
Lithuania,LTU,2018,4.2
Lithuania,LTU,2017,4.5
Lithuania,LTU,2016,4.8
Lithuania,LTU,2015,5.0
Lithuania,LTU,2014,5.1
Lithuania,LTU,2013,5.1
Lithuania,LTU,2012,5.3
Lithuania,LTU,2011,5.6
Lithuania,LTU,2010,6.1
Lithuania,LTU,2009,6.7
Lithuania,LTU,2008,7.3
Lithuania,LTU,2007,8.0
Lithuania,LTU,2006,8.6
Lithuania,LTU,2005,9.0
Lithuania,LTU,2004,9.3
Lithuania,LTU,2003,9.6
Lithuania,LTU,2002,9.9
Lithuania,LTU,2001,10.3
Lithuania,LTU,2000,10.7
Luxembourg,LUX,2023,2.2
Luxembourg,LUX,2022,2.3
Luxembourg,LUX,2021,2.3
Luxembourg,LUX,2020,2.4
Luxembourg,LUX,2019,2.4
Luxembourg,LUX,2018,2.4
Luxembourg,LUX,2017,2.5
Luxembourg,LUX,2016,2.5
Luxembourg,LUX,2015,2.5
Luxembourg,LUX,2014,2.6
Luxembourg,LUX,2013,2.6
Luxembourg,LUX,2012,2.7
Luxembourg,LUX,2011,2.7
Luxembourg,LUX,2010,2.8
Luxembourg,LUX,2009,2.9
Luxembourg,LUX,2008,3.0
Luxembourg,LUX,2007,3.1
Luxembourg,LUX,2006,3.3
Luxembourg,LUX,2005,3.5
Luxembourg,LUX,2004,3.7
Luxembourg,LUX,2003,3.9
Luxembourg,LUX,2002,4.2
Luxembourg,LUX,2001,4.4
Luxembourg,LUX,2000,4.7
"Macao SAR, China",MAC,2023,
"Macao SAR, China",MAC,2022,
"Macao SAR, China",MAC,2021,
"Macao SAR, China",MAC,2020,
"Macao SAR, China",MAC,2019,
"Macao SAR, China",MAC,2018,
"Macao SAR, China",MAC,2017,
"Macao SAR, China",MAC,2016,
"Macao SAR, China",MAC,2015,
"Macao SAR, China",MAC,2014,
"Macao SAR, China",MAC,2013,
"Macao SAR, China",MAC,2012,
"Macao SAR, China",MAC,2011,
"Macao SAR, China",MAC,2010,
"Macao SAR, China",MAC,2009,
"Macao SAR, China",MAC,2008,
"Macao SAR, China",MAC,2007,
"Macao SAR, China",MAC,2006,
"Macao SAR, China",MAC,2005,
"Macao SAR, China",MAC,2004,
"Macao SAR, China",MAC,2003,
"Macao SAR, China",MAC,2002,
"Macao SAR, China",MAC,2001,
"Macao SAR, China",MAC,2000,
Madagascar,MDG,2023,63.6
Madagascar,MDG,2022,64.5
Madagascar,MDG,2021,65.0
Madagascar,MDG,2020,65.1
Madagascar,MDG,2019,65.0
Madagascar,MDG,2018,64.9
Madagascar,MDG,2017,64.9
Madagascar,MDG,2016,64.9
Madagascar,MDG,2015,65.3
Madagascar,MDG,2014,65.7
Madagascar,MDG,2013,66.4
Madagascar,MDG,2012,67.3
Madagascar,MDG,2011,68.6
Madagascar,MDG,2010,70.3
Madagascar,MDG,2009,72.4
Madagascar,MDG,2008,74.8
Madagascar,MDG,2007,77.6
Madagascar,MDG,2006,80.8
Madagascar,MDG,2005,84.1
Madagascar,MDG,2004,87.8
Madagascar,MDG,2003,91.6
Madagascar,MDG,2002,95.6
Madagascar,MDG,2001,99.8
Madagascar,MDG,2000,104.4
Malawi,MWI,2023,49.6
Malawi,MWI,2022,50.1
Malawi,MWI,2021,50.0
Malawi,MWI,2020,50.4
Malawi,MWI,2019,51.3
Malawi,MWI,2018,52.0
Malawi,MWI,2017,53.8
Malawi,MWI,2016,55.8
Malawi,MWI,2015,57.4
Malawi,MWI,2014,60.0
Malawi,MWI,2013,62.9
Malawi,MWI,2012,67.9
Malawi,MWI,2011,74.0
Malawi,MWI,2010,80.1
Malawi,MWI,2009,85.3
Malawi,MWI,2008,91.0
Malawi,MWI,2007,96.9
Malawi,MWI,2006,102.7
Malawi,MWI,2005,109.7
Malawi,MWI,2004,118.7
Malawi,MWI,2003,130.0
Malawi,MWI,2002,143.2
Malawi,MWI,2001,239.0
Malawi,MWI,2000,171.0
Malaysia,MYS,2023,8.3
Malaysia,MYS,2022,8.2
Malaysia,MYS,2021,8.2
Malaysia,MYS,2020,8.2
Malaysia,MYS,2019,8.2
Malaysia,MYS,2018,8.2
Malaysia,MYS,2017,8.2
Malaysia,MYS,2016,8.2
Malaysia,MYS,2015,8.2
Malaysia,MYS,2014,8.1
Malaysia,MYS,2013,8.0
Malaysia,MYS,2012,8.0
Malaysia,MYS,2011,8.1
Malaysia,MYS,2010,8.1
Malaysia,MYS,2009,8.2
Malaysia,MYS,2008,8.2
Malaysia,MYS,2007,8.3
Malaysia,MYS,2006,8.3
Malaysia,MYS,2005,8.3
Malaysia,MYS,2004,8.4
Malaysia,MYS,2003,8.6
Malaysia,MYS,2002,8.8
Malaysia,MYS,2001,9.3
Malaysia,MYS,2000,9.9
Maldives,MDV,2023,5.7
Maldives,MDV,2022,6.0
Maldives,MDV,2021,6.4
Maldives,MDV,2020,6.9
Maldives,MDV,2019,7.4
Maldives,MDV,2018,8.0
Maldives,MDV,2017,8.6
Maldives,MDV,2016,9.2
Maldives,MDV,2015,9.9
Maldives,MDV,2014,10.6
Maldives,MDV,2013,11.3
Maldives,MDV,2012,12.1
Maldives,MDV,2011,12.9
Maldives,MDV,2010,13.8
Maldives,MDV,2009,14.9
Maldives,MDV,2008,16.1
Maldives,MDV,2007,17.6
Maldives,MDV,2006,19.4
Maldives,MDV,2005,21.6
Maldives,MDV,2004,27.2
Maldives,MDV,2003,27.4
Maldives,MDV,2002,31.1
Maldives,MDV,2001,35.1
Maldives,MDV,2000,39.5
Mali,MLI,2023,76.2
Mali,MLI,2022,79.7
Mali,MLI,2021,83.6
Mali,MLI,2020,87.6
Mali,MLI,2019,91.9
Mali,MLI,2018,96.2
Mali,MLI,2017,100.6
Mali,MLI,2016,105.1
Mali,MLI,2015,109.7
Mali,MLI,2014,114.4
Mali,MLI,2013,119.1
Mali,MLI,2012,123.9
Mali,MLI,2011,128.8
Mali,MLI,2010,133.8
Mali,MLI,2009,138.9
Mali,MLI,2008,144.0
Mali,MLI,2007,149.2
Mali,MLI,2006,154.6
Mali,MLI,2005,160.1
Mali,MLI,2004,165.8
Mali,MLI,2003,171.7
Mali,MLI,2002,177.7
Mali,MLI,2001,183.9
Mali,MLI,2000,189.9
Malta,MLT,2023,5.5
Malta,MLT,2022,5.6
Malta,MLT,2021,5.8
Malta,MLT,2020,6.0
Malta,MLT,2019,6.1
Malta,MLT,2018,6.3
Malta,MLT,2017,6.4
Malta,MLT,2016,6.5
Malta,MLT,2015,6.6
Malta,MLT,2014,6.7
Malta,MLT,2013,6.7
Malta,MLT,2012,6.8
Malta,MLT,2011,6.8
Malta,MLT,2010,6.9
Malta,MLT,2009,6.9
Malta,MLT,2008,6.9
Malta,MLT,2007,6.9
Malta,MLT,2006,6.9
Malta,MLT,2005,6.9
Malta,MLT,2004,7.0
Malta,MLT,2003,7.1
Malta,MLT,2002,7.2
Malta,MLT,2001,7.4
Malta,MLT,2000,7.6
Marshall Islands,MHL,2023,27.6
Marshall Islands,MHL,2022,28.5
Marshall Islands,MHL,2021,29.4
Marshall Islands,MHL,2020,30.3
Marshall Islands,MHL,2019,31.2
Marshall Islands,MHL,2018,32.2
Marshall Islands,MHL,2017,33.2
Marshall Islands,MHL,2016,34.2
Marshall Islands,MHL,2015,35.2
Marshall Islands,MHL,2014,36.1
Marshall Islands,MHL,2013,37.0
Marshall Islands,MHL,2012,37.8
Marshall Islands,MHL,2011,38.4
Marshall Islands,MHL,2010,39.0
Marshall Islands,MHL,2009,39.5
Marshall Islands,MHL,2008,40.0
Marshall Islands,MHL,2007,40.4
Marshall Islands,MHL,2006,40.9
Marshall Islands,MHL,2005,41.3
Marshall Islands,MHL,2004,41.8
Marshall Islands,MHL,2003,42.2
Marshall Islands,MHL,2002,42.5
Marshall Islands,MHL,2001,42.7
Marshall Islands,MHL,2000,42.7
Mauritania,MRT,2023,38.1
Mauritania,MRT,2022,39.4
Mauritania,MRT,2021,40.7
Mauritania,MRT,2020,42.0
Mauritania,MRT,2019,43.4
Mauritania,MRT,2018,44.7
Mauritania,MRT,2017,46.2
Mauritania,MRT,2016,47.7
Mauritania,MRT,2015,49.1
Mauritania,MRT,2014,50.6
Mauritania,MRT,2013,52.1
Mauritania,MRT,2012,53.5
Mauritania,MRT,2011,55.1
Mauritania,MRT,2010,56.8
Mauritania,MRT,2009,58.8
Mauritania,MRT,2008,61.3
Mauritania,MRT,2007,64.3
Mauritania,MRT,2006,68.1
Mauritania,MRT,2005,72.5
Mauritania,MRT,2004,77.5
Mauritania,MRT,2003,82.8
Mauritania,MRT,2002,88.2
Mauritania,MRT,2001,93.4
Mauritania,MRT,2000,98.0
Mauritius,MUS,2023,15.4
Mauritius,MUS,2022,15.5
Mauritius,MUS,2021,15.7
Mauritius,MUS,2020,15.8
Mauritius,MUS,2019,15.7
Mauritius,MUS,2018,15.4
Mauritius,MUS,2017,15.0
Mauritius,MUS,2016,14.6
Mauritius,MUS,2015,14.5
Mauritius,MUS,2014,14.7
Mauritius,MUS,2013,14.9
Mauritius,MUS,2012,15.0
Mauritius,MUS,2011,14.9
Mauritius,MUS,2010,14.8
Mauritius,MUS,2009,14.9
Mauritius,MUS,2008,15.0
Mauritius,MUS,2007,15.2
Mauritius,MUS,2006,15.4
Mauritius,MUS,2005,15.6
Mauritius,MUS,2004,15.7
Mauritius,MUS,2003,16.0
Mauritius,MUS,2002,16.6
Mauritius,MUS,2001,17.5
Mauritius,MUS,2000,18.8
Mexico,MEX,2023,13.4
Mexico,MEX,2022,13.8
Mexico,MEX,2021,14.2
Mexico,MEX,2020,14.6
Mexico,MEX,2019,15.0
Mexico,MEX,2018,15.4
Mexico,MEX,2017,15.8
Mexico,MEX,2016,16.2
Mexico,MEX,2015,16.6
Mexico,MEX,2014,17.0
Mexico,MEX,2013,17.5
Mexico,MEX,2012,17.9
Mexico,MEX,2011,18.4
Mexico,MEX,2010,18.9
Mexico,MEX,2009,19.5
Mexico,MEX,2008,20.0
Mexico,MEX,2007,20.7
Mexico,MEX,2006,21.3
Mexico,MEX,2005,22.1
Mexico,MEX,2004,23.0
Mexico,MEX,2003,23.9
Mexico,MEX,2002,25.0
Mexico,MEX,2001,26.2
Mexico,MEX,2000,27.4
"Micronesia, Fed. Sts.",FSM,2023,23.1
"Micronesia, Fed. Sts.",FSM,2022,23.9
"Micronesia, Fed. Sts.",FSM,2021,24.7
"Micronesia, Fed. Sts.",FSM,2020,25.6
"Micronesia, Fed. Sts.",FSM,2019,26.4
"Micronesia, Fed. Sts.",FSM,2018,27.3
"Micronesia, Fed. Sts.",FSM,2017,28.1
"Micronesia, Fed. Sts.",FSM,2016,28.9
"Micronesia, Fed. Sts.",FSM,2015,29.8
"Micronesia, Fed. Sts.",FSM,2014,30.7
"Micronesia, Fed. Sts.",FSM,2013,31.6
"Micronesia, Fed. Sts.",FSM,2012,32.6
"Micronesia, Fed. Sts.",FSM,2011,33.4
"Micronesia, Fed. Sts.",FSM,2010,34.1
"Micronesia, Fed. Sts.",FSM,2009,34.8
"Micronesia, Fed. Sts.",FSM,2008,35.3
"Micronesia, Fed. Sts.",FSM,2007,35.6
"Micronesia, Fed. Sts.",FSM,2006,35.9
"Micronesia, Fed. Sts.",FSM,2005,35.9
"Micronesia, Fed. Sts.",FSM,2004,36.1
"Micronesia, Fed. Sts.",FSM,2003,36.4
"Micronesia, Fed. Sts.",FSM,2002,41.5
"Micronesia, Fed. Sts.",FSM,2001,37.7
"Micronesia, Fed. Sts.",FSM,2000,38.6
Moldova,MDA,2023,16.2
Moldova,MDA,2022,16.0
Moldova,MDA,2021,15.8
Moldova,MDA,2020,15.6
Moldova,MDA,2019,15.5
Moldova,MDA,2018,15.4
Moldova,MDA,2017,15.4
Moldova,MDA,2016,15.5
Moldova,MDA,2015,15.6
Moldova,MDA,2014,15.8
Moldova,MDA,2013,16.0
Moldova,MDA,2012,16.2
Moldova,MDA,2011,16.5
Moldova,MDA,2010,16.8
Moldova,MDA,2009,17.2
Moldova,MDA,2008,17.7
Moldova,MDA,2007,18.2
Moldova,MDA,2006,19.0
Moldova,MDA,2005,20.1
Moldova,MDA,2004,21.5
Moldova,MDA,2003,23.4
Moldova,MDA,2002,25.8
Moldova,MDA,2001,28.5
Moldova,MDA,2000,31.4
Monaco,MCO,2023,2.7
Monaco,MCO,2022,2.8
Monaco,MCO,2021,2.9
Monaco,MCO,2020,3.0
Monaco,MCO,2019,3.1
Monaco,MCO,2018,3.2
Monaco,MCO,2017,3.3
Monaco,MCO,2016,3.4
Monaco,MCO,2015,3.5
Monaco,MCO,2014,3.6
Monaco,MCO,2013,3.7
Monaco,MCO,2012,3.8
Monaco,MCO,2011,3.9
Monaco,MCO,2010,4.0
Monaco,MCO,2009,4.1
Monaco,MCO,2008,4.2
Monaco,MCO,2007,4.3
Monaco,MCO,2006,4.4
Monaco,MCO,2005,4.5
Monaco,MCO,2004,4.6
Monaco,MCO,2003,4.7
Monaco,MCO,2002,4.8
Monaco,MCO,2001,5.0
Monaco,MCO,2000,5.2
Mongolia,MNG,2023,13.6
Mongolia,MNG,2022,13.9
Mongolia,MNG,2021,14.3
Mongolia,MNG,2020,14.8
Mongolia,MNG,2019,15.6
Mongolia,MNG,2018,16.4
Mongolia,MNG,2017,17.4
Mongolia,MNG,2016,18.4
Mongolia,MNG,2015,19.4
Mongolia,MNG,2014,20.4
Mongolia,MNG,2013,21.5
Mongolia,MNG,2012,22.8
Mongolia,MNG,2011,24.4
Mongolia,MNG,2010,26.3
Mongolia,MNG,2009,28.5
Mongolia,MNG,2008,31.0
Mongolia,MNG,2007,33.8
Mongolia,MNG,2006,37.0
Mongolia,MNG,2005,40.5
Mongolia,MNG,2004,44.3
Mongolia,MNG,2003,48.5
Mongolia,MNG,2002,52.9
Mongolia,MNG,2001,57.7
Mongolia,MNG,2000,62.5
Montenegro,MNE,2023,2.5
Montenegro,MNE,2022,2.6
Montenegro,MNE,2021,2.8
Montenegro,MNE,2020,2.9
Montenegro,MNE,2019,3.1
Montenegro,MNE,2018,3.3
Montenegro,MNE,2017,3.6
Montenegro,MNE,2016,3.9
Montenegro,MNE,2015,4.2
Montenegro,MNE,2014,4.6
Montenegro,MNE,2013,5.0
Montenegro,MNE,2012,5.5
Montenegro,MNE,2011,6.1
Montenegro,MNE,2010,6.7
Montenegro,MNE,2009,7.4
Montenegro,MNE,2008,8.1
Montenegro,MNE,2007,8.9
Montenegro,MNE,2006,9.7
Montenegro,MNE,2005,10.6
Montenegro,MNE,2004,11.4
Montenegro,MNE,2003,12.2
Montenegro,MNE,2002,13.0
Montenegro,MNE,2001,13.7
Montenegro,MNE,2000,14.2
Morocco,MAR,2023,16.3
Morocco,MAR,2022,17.0
Morocco,MAR,2021,17.6
Morocco,MAR,2020,18.3
Morocco,MAR,2019,19.1
Morocco,MAR,2018,19.9
Morocco,MAR,2017,20.8
Morocco,MAR,2016,21.9
Morocco,MAR,2015,23.1
Morocco,MAR,2014,24.5
Morocco,MAR,2013,26.0
Morocco,MAR,2012,27.5
Morocco,MAR,2011,29.2
Morocco,MAR,2010,30.9
Morocco,MAR,2009,32.8
Morocco,MAR,2008,34.8
Morocco,MAR,2007,36.9
Morocco,MAR,2006,39.2
Morocco,MAR,2005,41.4
Morocco,MAR,2004,43.6
Morocco,MAR,2003,45.8
Morocco,MAR,2002,48.0
Morocco,MAR,2001,50.2
Morocco,MAR,2000,52.4
Mozambique,MOZ,2023,61.7
Mozambique,MOZ,2022,63.9
Mozambique,MOZ,2021,65.5
Mozambique,MOZ,2020,67.6
Mozambique,MOZ,2019,68.6
Mozambique,MOZ,2018,70.2
Mozambique,MOZ,2017,72.0
Mozambique,MOZ,2016,73.3
Mozambique,MOZ,2015,75.8
Mozambique,MOZ,2014,79.7
Mozambique,MOZ,2013,82.9
Mozambique,MOZ,2012,86.5
Mozambique,MOZ,2011,91.1
Mozambique,MOZ,2010,95.6
Mozambique,MOZ,2009,98.3
Mozambique,MOZ,2008,104.4
Mozambique,MOZ,2007,110.7
Mozambique,MOZ,2006,118.8
Mozambique,MOZ,2005,125.7
Mozambique,MOZ,2004,132.5
Mozambique,MOZ,2003,139.8
Mozambique,MOZ,2002,147.5
Mozambique,MOZ,2001,155.7
Mozambique,MOZ,2000,164.6
Myanmar,MMR,2023,38.1
Myanmar,MMR,2022,39.5
Myanmar,MMR,2021,40.8
Myanmar,MMR,2020,42.1
Myanmar,MMR,2019,43.6
Myanmar,MMR,2018,45.2
Myanmar,MMR,2017,46.8
Myanmar,MMR,2016,48.7
Myanmar,MMR,2015,50.5
Myanmar,MMR,2014,52.4
Myanmar,MMR,2013,54.6
Myanmar,MMR,2012,57.0
Myanmar,MMR,2011,59.7
Myanmar,MMR,2010,62.4
Myanmar,MMR,2009,65.1
Myanmar,MMR,2008,101.7
Myanmar,MMR,2007,70.8
Myanmar,MMR,2006,73.6
Myanmar,MMR,2005,76.3
Myanmar,MMR,2004,79.1
Myanmar,MMR,2003,81.6
Myanmar,MMR,2002,84.1
Myanmar,MMR,2001,86.5
Myanmar,MMR,2000,88.9
Namibia,NAM,2023,41.1
Namibia,NAM,2022,41.6
Namibia,NAM,2021,43.2
Namibia,NAM,2020,44.8
Namibia,NAM,2019,46.6
Namibia,NAM,2018,48.5
Namibia,NAM,2017,49.8
Namibia,NAM,2016,51.4
Namibia,NAM,2015,51.8
Namibia,NAM,2014,50.0
Namibia,NAM,2013,50.8
Namibia,NAM,2012,52.6
Namibia,NAM,2011,50.0
Namibia,NAM,2010,50.3
Namibia,NAM,2009,53.2
Namibia,NAM,2008,57.5
Namibia,NAM,2007,62.0
Namibia,NAM,2006,66.0
Namibia,NAM,2005,71.0
Namibia,NAM,2004,74.4
Namibia,NAM,2003,75.6
Namibia,NAM,2002,76.6
Namibia,NAM,2001,77.6
Namibia,NAM,2000,78.2
Naoero,NRU,2023,8.7
Naoero,NRU,2022,9.3
Naoero,NRU,2021,10.0
Naoero,NRU,2020,10.9
Naoero,NRU,2019,12.0
Naoero,NRU,2018,13.1
Naoero,NRU,2017,14.4
Naoero,NRU,2016,15.9
Naoero,NRU,2015,17.5
Naoero,NRU,2014,19.2
Naoero,NRU,2013,20.9
Naoero,NRU,2012,22.7
Naoero,NRU,2011,24.6
Naoero,NRU,2010,26.4
Naoero,NRU,2009,28.2
Naoero,NRU,2008,29.8
Naoero,NRU,2007,31.4
Naoero,NRU,2006,32.7
Naoero,NRU,2005,34.0
Naoero,NRU,2004,35.2
Naoero,NRU,2003,36.5
Naoero,NRU,2002,37.9
Naoero,NRU,2001,39.4
Naoero,NRU,2000,41.1
Nepal,NPL,2023,26.1
Nepal,NPL,2022,27.1
Nepal,NPL,2021,28.3
Nepal,NPL,2020,29.6
Nepal,NPL,2019,31.0
Nepal,NPL,2018,32.6
Nepal,NPL,2017,34.2
Nepal,NPL,2016,36.0
Nepal,NPL,2015,37.8
Nepal,NPL,2014,39.7
Nepal,NPL,2013,41.7
Nepal,NPL,2012,43.7
Nepal,NPL,2011,45.8
Nepal,NPL,2010,47.9
Nepal,NPL,2009,50.1
Nepal,NPL,2008,52.4
Nepal,NPL,2007,54.7
Nepal,NPL,2006,57.3
Nepal,NPL,2005,60.0
Nepal,NPL,2004,63.1
Nepal,NPL,2003,66.5
Nepal,NPL,2002,70.2
Nepal,NPL,2001,74.3
Nepal,NPL,2000,78.7
Netherlands,NLD,2023,3.9
Netherlands,NLD,2022,4.0
Netherlands,NLD,2021,4.0
Netherlands,NLD,2020,4.0
Netherlands,NLD,2019,4.0
Netherlands,NLD,2018,4.0
Netherlands,NLD,2017,4.0
Netherlands,NLD,2016,4.1
Netherlands,NLD,2015,4.1
Netherlands,NLD,2014,4.1
Netherlands,NLD,2013,4.2
Netherlands,NLD,2012,4.2
Netherlands,NLD,2011,4.3
Netherlands,NLD,2010,4.4
Netherlands,NLD,2009,4.6
Netherlands,NLD,2008,4.7
Netherlands,NLD,2007,4.9
Netherlands,NLD,2006,5.1
Netherlands,NLD,2005,5.3
Netherlands,NLD,2004,5.5
Netherlands,NLD,2003,5.7
Netherlands,NLD,2002,5.9
Netherlands,NLD,2001,6.0
Netherlands,NLD,2000,6.2
New Caledonia,NCL,2023,
New Caledonia,NCL,2022,
New Caledonia,NCL,2021,
New Caledonia,NCL,2020,
New Caledonia,NCL,2019,
New Caledonia,NCL,2018,
New Caledonia,NCL,2017,
New Caledonia,NCL,2016,
New Caledonia,NCL,2015,
New Caledonia,NCL,2014,
New Caledonia,NCL,2013,
New Caledonia,NCL,2012,
New Caledonia,NCL,2011,
New Caledonia,NCL,2010,
New Caledonia,NCL,2009,
New Caledonia,NCL,2008,
New Caledonia,NCL,2007,
New Caledonia,NCL,2006,
New Caledonia,NCL,2005,
New Caledonia,NCL,2004,
New Caledonia,NCL,2003,
New Caledonia,NCL,2002,
New Caledonia,NCL,2001,
New Caledonia,NCL,2000,
New Zealand,NZL,2023,4.9
New Zealand,NZL,2022,5.0
New Zealand,NZL,2021,5.0
New Zealand,NZL,2020,5.1
New Zealand,NZL,2019,5.2
New Zealand,NZL,2018,5.3
New Zealand,NZL,2017,5.4
New Zealand,NZL,2016,5.5
New Zealand,NZL,2015,5.6
New Zealand,NZL,2014,5.8
New Zealand,NZL,2013,5.9
New Zealand,NZL,2012,6.0
New Zealand,NZL,2011,6.1
New Zealand,NZL,2010,6.2
New Zealand,NZL,2009,6.3
New Zealand,NZL,2008,6.4
New Zealand,NZL,2007,6.4
New Zealand,NZL,2006,6.5
New Zealand,NZL,2005,6.6
New Zealand,NZL,2004,6.7
New Zealand,NZL,2003,6.9
New Zealand,NZL,2002,7.0
New Zealand,NZL,2001,7.2
New Zealand,NZL,2000,7.4
Nicaragua,NIC,2023,13.8
Nicaragua,NIC,2022,14.3
Nicaragua,NIC,2021,14.2
Nicaragua,NIC,2020,14.2
Nicaragua,NIC,2019,14.3
Nicaragua,NIC,2018,14.6
Nicaragua,NIC,2017,15.3
Nicaragua,NIC,2016,16.1
Nicaragua,NIC,2015,17.2
Nicaragua,NIC,2014,18.3
Nicaragua,NIC,2013,19.4
Nicaragua,NIC,2012,20.6
Nicaragua,NIC,2011,21.9
Nicaragua,NIC,2010,23.2
Nicaragua,NIC,2009,24.5
Nicaragua,NIC,2008,25.8
Nicaragua,NIC,2007,27.1
Nicaragua,NIC,2006,28.4
Nicaragua,NIC,2005,29.7
Nicaragua,NIC,2004,31.1
Nicaragua,NIC,2003,32.4
Nicaragua,NIC,2002,33.8
Nicaragua,NIC,2001,35.3
Nicaragua,NIC,2000,37.1
Niger,NER,2023,113.5
Niger,NER,2022,116.0
Niger,NER,2021,118.0
Niger,NER,2020,119.5
Niger,NER,2019,120.8
Niger,NER,2018,121.9
Niger,NER,2017,123.1
Niger,NER,2016,124.3
Niger,NER,2015,125.4
Niger,NER,2014,126.8
Niger,NER,2013,128.3
Niger,NER,2012,130.3
Niger,NER,2011,132.7
Niger,NER,2010,136.0
Niger,NER,2009,140.3
Niger,NER,2008,146.0
Niger,NER,2007,153.1
Niger,NER,2006,161.6
Niger,NER,2005,171.4
Niger,NER,2004,182.4
Niger,NER,2003,194.1
Niger,NER,2002,205.9
Niger,NER,2001,217.4
Niger,NER,2000,227.9
Nigeria,NGA,2023,116.8
Nigeria,NGA,2022,117.5
Nigeria,NGA,2021,117.6
Nigeria,NGA,2020,117.4
Nigeria,NGA,2019,117.4
Nigeria,NGA,2018,117.2
Nigeria,NGA,2017,117.2
Nigeria,NGA,2016,117.4
Nigeria,NGA,2015,117.8
Nigeria,NGA,2014,118.7
Nigeria,NGA,2013,119.9
Nigeria,NGA,2012,121.6
Nigeria,NGA,2011,123.8
Nigeria,NGA,2010,126.3
Nigeria,NGA,2009,129.2
Nigeria,NGA,2008,132.5
Nigeria,NGA,2007,136.5
Nigeria,NGA,2006,140.9
Nigeria,NGA,2005,145.8
Nigeria,NGA,2004,151.4
Nigeria,NGA,2003,157.4
Nigeria,NGA,2002,163.9
Nigeria,NGA,2001,170.5
Nigeria,NGA,2000,177.3
North Macedonia,MKD,2023,3.4
North Macedonia,MKD,2022,4.2
North Macedonia,MKD,2021,5.1
North Macedonia,MKD,2020,6.0
North Macedonia,MKD,2019,7.1
North Macedonia,MKD,2018,8.4
North Macedonia,MKD,2017,9.6
North Macedonia,MKD,2016,10.6
North Macedonia,MKD,2015,11.1
North Macedonia,MKD,2014,11.1
North Macedonia,MKD,2013,10.7
North Macedonia,MKD,2012,10.4
North Macedonia,MKD,2011,10.2
North Macedonia,MKD,2010,10.4
North Macedonia,MKD,2009,10.8
North Macedonia,MKD,2008,11.5
North Macedonia,MKD,2007,12.3
North Macedonia,MKD,2006,13.1
North Macedonia,MKD,2005,13.7
North Macedonia,MKD,2004,14.0
North Macedonia,MKD,2003,14.2
North Macedonia,MKD,2002,14.5
North Macedonia,MKD,2001,15.1
North Macedonia,MKD,2000,16.0
Northern Mariana Islands,MNP,2023,
Northern Mariana Islands,MNP,2022,
Northern Mariana Islands,MNP,2021,
Northern Mariana Islands,MNP,2020,
Northern Mariana Islands,MNP,2019,
Northern Mariana Islands,MNP,2018,
Northern Mariana Islands,MNP,2017,
Northern Mariana Islands,MNP,2016,
Northern Mariana Islands,MNP,2015,
Northern Mariana Islands,MNP,2014,
Northern Mariana Islands,MNP,2013,
Northern Mariana Islands,MNP,2012,
Northern Mariana Islands,MNP,2011,
Northern Mariana Islands,MNP,2010,
Northern Mariana Islands,MNP,2009,
Northern Mariana Islands,MNP,2008,
Northern Mariana Islands,MNP,2007,
Northern Mariana Islands,MNP,2006,
Northern Mariana Islands,MNP,2005,
Northern Mariana Islands,MNP,2004,
Northern Mariana Islands,MNP,2003,
Northern Mariana Islands,MNP,2002,
Northern Mariana Islands,MNP,2001,
Northern Mariana Islands,MNP,2000,
Norway,NOR,2023,2.4
Norway,NOR,2022,2.4
Norway,NOR,2021,2.4
Norway,NOR,2020,2.4
Norway,NOR,2019,2.4
Norway,NOR,2018,2.5
Norway,NOR,2017,2.5
Norway,NOR,2016,2.6
Norway,NOR,2015,2.7
Norway,NOR,2014,2.8
Norway,NOR,2013,2.9
Norway,NOR,2012,3.0
Norway,NOR,2011,3.1
Norway,NOR,2010,3.3
Norway,NOR,2009,3.4
Norway,NOR,2008,3.6
Norway,NOR,2007,3.7
Norway,NOR,2006,3.9
Norway,NOR,2005,4.1
Norway,NOR,2004,4.2
Norway,NOR,2003,4.4
Norway,NOR,2002,4.6
Norway,NOR,2001,4.7
Norway,NOR,2000,4.9
Oman,OMN,2023,10.4
Oman,OMN,2022,10.5
Oman,OMN,2021,10.6
Oman,OMN,2020,10.7
Oman,OMN,2019,10.8
Oman,OMN,2018,10.9
Oman,OMN,2017,11.0
Oman,OMN,2016,11.0
Oman,OMN,2015,11.1
Oman,OMN,2014,11.2
Oman,OMN,2013,11.3
Oman,OMN,2012,11.4
Oman,OMN,2011,11.6
Oman,OMN,2010,11.7
Oman,OMN,2009,11.9
Oman,OMN,2008,12.0
Oman,OMN,2007,12.2
Oman,OMN,2006,12.5
Oman,OMN,2005,12.9
Oman,OMN,2004,13.3
Oman,OMN,2003,13.9
Oman,OMN,2002,14.6
Oman,OMN,2001,15.5
Oman,OMN,2000,16.5
Pakistan,PAK,2023,57.8
Pakistan,PAK,2022,59.7
Pakistan,PAK,2021,61.7
Pakistan,PAK,2020,63.7
Pakistan,PAK,2019,65.8
Pakistan,PAK,2018,67.9
Pakistan,PAK,2017,70.1
Pakistan,PAK,2016,72.4
Pakistan,PAK,2015,74.8
Pakistan,PAK,2014,77.2
Pakistan,PAK,2013,79.6
Pakistan,PAK,2012,82.0
Pakistan,PAK,2011,84.3
Pakistan,PAK,2010,86.5
Pakistan,PAK,2009,88.5
Pakistan,PAK,2008,90.5
Pakistan,PAK,2007,92.3
Pakistan,PAK,2006,94.2
Pakistan,PAK,2005,96.0
Pakistan,PAK,2004,98.0
Pakistan,PAK,2003,100.1
Pakistan,PAK,2002,102.5
Pakistan,PAK,2001,105.1
Pakistan,PAK,2000,107.9
Palau,PLW,2023,21.9
Palau,PLW,2022,22.4
Palau,PLW,2021,22.7
Palau,PLW,2020,22.9
Palau,PLW,2019,23.0
Palau,PLW,2018,22.9
Palau,PLW,2017,22.5
Palau,PLW,2016,21.9
Palau,PLW,2015,21.3
Palau,PLW,2014,20.6
Palau,PLW,2013,20.1
Palau,PLW,2012,19.7
Palau,PLW,2011,19.5
Palau,PLW,2010,19.5
Palau,PLW,2009,19.7
Palau,PLW,2008,20.1
Palau,PLW,2007,20.6
Palau,PLW,2006,21.3
Palau,PLW,2005,22.1
Palau,PLW,2004,22.9
Palau,PLW,2003,23.7
Palau,PLW,2002,24.6
Palau,PLW,2001,25.5
Palau,PLW,2000,26.5
Panama,PAN,2023,15.1
Panama,PAN,2022,15.1
Panama,PAN,2021,15.2
Panama,PAN,2020,15.5
Panama,PAN,2019,15.9
Panama,PAN,2018,16.3
Panama,PAN,2017,16.7
Panama,PAN,2016,17.0
Panama,PAN,2015,17.1
Panama,PAN,2014,17.3
Panama,PAN,2013,17.5
Panama,PAN,2012,17.9
Panama,PAN,2011,18.3
Panama,PAN,2010,18.7
Panama,PAN,2009,19.2
Panama,PAN,2008,19.8
Panama,PAN,2007,20.5
Panama,PAN,2006,21.2
Panama,PAN,2005,21.9
Panama,PAN,2004,22.6
Panama,PAN,2003,23.4
Panama,PAN,2002,24.2
Panama,PAN,2001,25.0
Panama,PAN,2000,25.7
Papua New Guinea,PNG,2023,40.6
Papua New Guinea,PNG,2022,41.9
Papua New Guinea,PNG,2021,43.2
Papua New Guinea,PNG,2020,44.7
Papua New Guinea,PNG,2019,46.1
Papua New Guinea,PNG,2018,47.5
Papua New Guinea,PNG,2017,48.9
Papua New Guinea,PNG,2016,50.4
Papua New Guinea,PNG,2015,57.3
Papua New Guinea,PNG,2014,53.3
Papua New Guinea,PNG,2013,54.7
Papua New Guinea,PNG,2012,56.1
Papua New Guinea,PNG,2011,57.5
Papua New Guinea,PNG,2010,58.9
Papua New Guinea,PNG,2009,60.3
Papua New Guinea,PNG,2008,61.8
Papua New Guinea,PNG,2007,63.2
Papua New Guinea,PNG,2006,64.6
Papua New Guinea,PNG,2005,65.9
Papua New Guinea,PNG,2004,67.2
Papua New Guinea,PNG,2003,68.4
Papua New Guinea,PNG,2002,69.6
Papua New Guinea,PNG,2001,70.8
Papua New Guinea,PNG,2000,72.0
Paraguay,PRY,2023,16.9
Paraguay,PRY,2022,17.5
Paraguay,PRY,2021,18.0
Paraguay,PRY,2020,18.6
Paraguay,PRY,2019,19.2
Paraguay,PRY,2018,19.9
Paraguay,PRY,2017,20.5
Paraguay,PRY,2016,21.2
Paraguay,PRY,2015,21.9
Paraguay,PRY,2014,22.7
Paraguay,PRY,2013,23.4
Paraguay,PRY,2012,24.2
Paraguay,PRY,2011,24.9
Paraguay,PRY,2010,25.7
Paraguay,PRY,2009,26.5
Paraguay,PRY,2008,27.3
Paraguay,PRY,2007,28.2
Paraguay,PRY,2006,28.9
Paraguay,PRY,2005,29.7
Paraguay,PRY,2004,30.5
Paraguay,PRY,2003,31.3
Paraguay,PRY,2002,32.0
Paraguay,PRY,2001,32.8
Paraguay,PRY,2000,33.6
Peru,PER,2023,13.3
Peru,PER,2022,13.7
Peru,PER,2021,14.1
Peru,PER,2020,14.5
Peru,PER,2019,14.9
Peru,PER,2018,15.3
Peru,PER,2017,15.7
Peru,PER,2016,16.1
Peru,PER,2015,16.6
Peru,PER,2014,17.2
Peru,PER,2013,17.8
Peru,PER,2012,18.5
Peru,PER,2011,19.3
Peru,PER,2010,20.2
Peru,PER,2009,21.2
Peru,PER,2008,22.3
Peru,PER,2007,23.6
Peru,PER,2006,25.0
Peru,PER,2005,26.6
Peru,PER,2004,28.4
Peru,PER,2003,30.4
Peru,PER,2002,32.7
Peru,PER,2001,35.3
Peru,PER,2000,38.3
Philippines,PHL,2023,27.0
Philippines,PHL,2022,27.5
Philippines,PHL,2021,27.9
Philippines,PHL,2020,28.0
Philippines,PHL,2019,28.0
Philippines,PHL,2018,27.9
Philippines,PHL,2017,27.8
Philippines,PHL,2016,27.8
Philippines,PHL,2015,27.9
Philippines,PHL,2014,28.0
Philippines,PHL,2013,28.3
Philippines,PHL,2012,28.6
Philippines,PHL,2011,29.0
Philippines,PHL,2010,29.5
Philippines,PHL,2009,30.1
Philippines,PHL,2008,30.7
Philippines,PHL,2007,31.3
Philippines,PHL,2006,32.0
Philippines,PHL,2005,32.8
Philippines,PHL,2004,33.6
Philippines,PHL,2003,34.4
Philippines,PHL,2002,35.2
Philippines,PHL,2001,36.0
Philippines,PHL,2000,36.8
Poland,POL,2023,4.3
Poland,POL,2022,4.3
Poland,POL,2021,4.4
Poland,POL,2020,4.4
Poland,POL,2019,4.5
Poland,POL,2018,4.5
Poland,POL,2017,4.6
Poland,POL,2016,4.8
Poland,POL,2015,4.9
Poland,POL,2014,5.0
Poland,POL,2013,5.2
Poland,POL,2012,5.4
Poland,POL,2011,5.7
Poland,POL,2010,6.0
Poland,POL,2009,6.3
Poland,POL,2008,6.7
Poland,POL,2007,7.0
Poland,POL,2006,7.3
Poland,POL,2005,7.6
Poland,POL,2004,7.8
Poland,POL,2003,8.1
Poland,POL,2002,8.4
Poland,POL,2001,8.8
Poland,POL,2000,9.3
Portugal,PRT,2023,3.2
Portugal,PRT,2022,3.3
Portugal,PRT,2021,3.3
Portugal,PRT,2020,3.4
Portugal,PRT,2019,3.5
Portugal,PRT,2018,3.5
Portugal,PRT,2017,3.6
Portugal,PRT,2016,3.6
Portugal,PRT,2015,3.6
Portugal,PRT,2014,3.6
Portugal,PRT,2013,3.6
Portugal,PRT,2012,3.7
Portugal,PRT,2011,3.7
Portugal,PRT,2010,3.8
Portugal,PRT,2009,3.9
Portugal,PRT,2008,4.0
Portugal,PRT,2007,4.2
Portugal,PRT,2006,4.4
Portugal,PRT,2005,4.7
Portugal,PRT,2004,5.0
Portugal,PRT,2003,5.5
Portugal,PRT,2002,6.0
Portugal,PRT,2001,6.6
Portugal,PRT,2000,7.2
Puerto Rico (US),PRI,2023,
Puerto Rico (US),PRI,2022,
Puerto Rico (US),PRI,2021,
Puerto Rico (US),PRI,2020,
Puerto Rico (US),PRI,2019,
Puerto Rico (US),PRI,2018,
Puerto Rico (US),PRI,2017,
Puerto Rico (US),PRI,2016,
Puerto Rico (US),PRI,2015,
Puerto Rico (US),PRI,2014,
Puerto Rico (US),PRI,2013,
Puerto Rico (US),PRI,2012,
Puerto Rico (US),PRI,2011,
Puerto Rico (US),PRI,2010,
Puerto Rico (US),PRI,2009,
Puerto Rico (US),PRI,2008,
Puerto Rico (US),PRI,2007,
Puerto Rico (US),PRI,2006,
Puerto Rico (US),PRI,2005,
Puerto Rico (US),PRI,2004,
Puerto Rico (US),PRI,2003,
Puerto Rico (US),PRI,2002,
Puerto Rico (US),PRI,2001,
Puerto Rico (US),PRI,2000,
Qatar,QAT,2023,6.0
Qatar,QAT,2022,6.1
Qatar,QAT,2021,6.2
Qatar,QAT,2020,6.3
Qatar,QAT,2019,6.6
Qatar,QAT,2018,6.8
Qatar,QAT,2017,7.1
Qatar,QAT,2016,7.5
Qatar,QAT,2015,7.8
Qatar,QAT,2014,8.1
Qatar,QAT,2013,8.4
Qatar,QAT,2012,8.7
Qatar,QAT,2011,8.9
Qatar,QAT,2010,9.1
Qatar,QAT,2009,9.3
Qatar,QAT,2008,9.6
Qatar,QAT,2007,9.8
Qatar,QAT,2006,10.1
Qatar,QAT,2005,10.4
Qatar,QAT,2004,10.8
Qatar,QAT,2003,11.2
Qatar,QAT,2002,11.6
Qatar,QAT,2001,12.0
Qatar,QAT,2000,12.5
Romania,ROU,2023,6.9
Romania,ROU,2022,6.6
Romania,ROU,2021,6.4
Romania,ROU,2020,6.5
Romania,ROU,2019,6.8
Romania,ROU,2018,7.3
Romania,ROU,2017,7.9
Romania,ROU,2016,8.5
Romania,ROU,2015,9.2
Romania,ROU,2014,9.9
Romania,ROU,2013,10.6
Romania,ROU,2012,11.2
Romania,ROU,2011,11.8
Romania,ROU,2010,12.4
Romania,ROU,2009,13.0
Romania,ROU,2008,13.9
Romania,ROU,2007,15.2
Romania,ROU,2006,16.7
Romania,ROU,2005,18.2
Romania,ROU,2004,19.3
Romania,ROU,2003,19.9
Romania,ROU,2002,20.2
Romania,ROU,2001,20.6
Romania,ROU,2000,21.4
Russian Federation,RUS,2023,5.3
Russian Federation,RUS,2022,5.4
Russian Federation,RUS,2021,5.5
Russian Federation,RUS,2020,5.7
Russian Federation,RUS,2019,6.0
Russian Federation,RUS,2018,6.4
Russian Federation,RUS,2017,6.9
Russian Federation,RUS,2016,7.5
Russian Federation,RUS,2015,8.2
Russian Federation,RUS,2014,8.9
Russian Federation,RUS,2013,9.5
Russian Federation,RUS,2012,9.9
Russian Federation,RUS,2011,10.2
Russian Federation,RUS,2010,10.4
Russian Federation,RUS,2009,10.7
Russian Federation,RUS,2008,11.3
Russian Federation,RUS,2007,12.0
Russian Federation,RUS,2006,12.8
Russian Federation,RUS,2005,13.9
Russian Federation,RUS,2004,15.0
Russian Federation,RUS,2003,16.1
Russian Federation,RUS,2002,17.3
Russian Federation,RUS,2001,18.4
Russian Federation,RUS,2000,19.4
Rwanda,RWA,2023,38.8
Rwanda,RWA,2022,39.7
Rwanda,RWA,2021,40.6
Rwanda,RWA,2020,41.6
Rwanda,RWA,2019,42.7
Rwanda,RWA,2018,43.7
Rwanda,RWA,2017,44.7
Rwanda,RWA,2016,45.8
Rwanda,RWA,2015,47.3
Rwanda,RWA,2014,49.2
Rwanda,RWA,2013,51.4
Rwanda,RWA,2012,54.2
Rwanda,RWA,2011,58.1
Rwanda,RWA,2010,63.3
Rwanda,RWA,2009,69.1
Rwanda,RWA,2008,76.0
Rwanda,RWA,2007,84.1
Rwanda,RWA,2006,93.4
Rwanda,RWA,2005,104.5
Rwanda,RWA,2004,117.5
Rwanda,RWA,2003,132.7
Rwanda,RWA,2002,149.1
Rwanda,RWA,2001,166.5
Rwanda,RWA,2000,184.2
Samoa,WSM,2023,15.3
Samoa,WSM,2022,15.8
Samoa,WSM,2021,16.2
Samoa,WSM,2020,16.7
Samoa,WSM,2019,20.0
Samoa,WSM,2018,17.5
Samoa,WSM,2017,17.8
Samoa,WSM,2016,18.1
Samoa,WSM,2015,18.3
Samoa,WSM,2014,18.5
Samoa,WSM,2013,18.7
Samoa,WSM,2012,18.8
Samoa,WSM,2011,19.0
Samoa,WSM,2010,19.1
Samoa,WSM,2009,25.3
Samoa,WSM,2008,19.0
Samoa,WSM,2007,19.0
Samoa,WSM,2006,19.0
Samoa,WSM,2005,19.0
Samoa,WSM,2004,19.1
Samoa,WSM,2003,19.4
Samoa,WSM,2002,19.8
Samoa,WSM,2001,20.3
Samoa,WSM,2000,21.0
San Marino,SMR,2023,1.3
San Marino,SMR,2022,1.4
San Marino,SMR,2021,1.4
San Marino,SMR,2020,1.5
San Marino,SMR,2019,1.5
San Marino,SMR,2018,1.6
San Marino,SMR,2017,1.7
San Marino,SMR,2016,1.8
San Marino,SMR,2015,1.9
San Marino,SMR,2014,2.0
San Marino,SMR,2013,2.1
San Marino,SMR,2012,2.3
San Marino,SMR,2011,2.4
San Marino,SMR,2010,2.6
San Marino,SMR,2009,2.7
San Marino,SMR,2008,2.9
San Marino,SMR,2007,3.1
San Marino,SMR,2006,3.3
San Marino,SMR,2005,3.6
San Marino,SMR,2004,3.8
San Marino,SMR,2003,4.1
San Marino,SMR,2002,4.5
San Marino,SMR,2001,4.8
San Marino,SMR,2000,5.2
Sao Tome and Principe,STP,2023,14.1
Sao Tome and Principe,STP,2022,14.7
Sao Tome and Principe,STP,2021,15.3
Sao Tome and Principe,STP,2020,16.1
Sao Tome and Principe,STP,2019,17.1
Sao Tome and Principe,STP,2018,18.2
Sao Tome and Principe,STP,2017,19.6
Sao Tome and Principe,STP,2016,21.3
Sao Tome and Principe,STP,2015,23.3
Sao Tome and Principe,STP,2014,25.5
Sao Tome and Principe,STP,2013,27.9
Sao Tome and Principe,STP,2012,30.4
Sao Tome and Principe,STP,2011,33.2
Sao Tome and Principe,STP,2010,36.2
Sao Tome and Principe,STP,2009,39.5
Sao Tome and Principe,STP,2008,43.1
Sao Tome and Principe,STP,2007,46.9
Sao Tome and Principe,STP,2006,51.1
Sao Tome and Principe,STP,2005,55.7
Sao Tome and Principe,STP,2004,60.5
Sao Tome and Principe,STP,2003,65.7
Sao Tome and Principe,STP,2002,71.1
Sao Tome and Principe,STP,2001,76.7
Sao Tome and Principe,STP,2000,82.2
Saudi Arabia,SAU,2023,6.2
Saudi Arabia,SAU,2022,6.4
Saudi Arabia,SAU,2021,6.7
Saudi Arabia,SAU,2020,6.9
Saudi Arabia,SAU,2019,7.2
Saudi Arabia,SAU,2018,7.6
Saudi Arabia,SAU,2017,8.0
Saudi Arabia,SAU,2016,8.5
Saudi Arabia,SAU,2015,9.0
Saudi Arabia,SAU,2014,9.6
Saudi Arabia,SAU,2013,10.1
Saudi Arabia,SAU,2012,10.8
Saudi Arabia,SAU,2011,11.4
Saudi Arabia,SAU,2010,12.1
Saudi Arabia,SAU,2009,12.9
Saudi Arabia,SAU,2008,13.7
Saudi Arabia,SAU,2007,14.5
Saudi Arabia,SAU,2006,15.4
Saudi Arabia,SAU,2005,16.3
Saudi Arabia,SAU,2004,17.3
Saudi Arabia,SAU,2003,18.4
Saudi Arabia,SAU,2002,19.4
Saudi Arabia,SAU,2001,20.6
Saudi Arabia,SAU,2000,21.9
Senegal,SEN,2023,38.2
Senegal,SEN,2022,40.1
Senegal,SEN,2021,42.2
Senegal,SEN,2020,44.2
Senegal,SEN,2019,46.2
Senegal,SEN,2018,47.9
Senegal,SEN,2017,49.4
Senegal,SEN,2016,50.8
Senegal,SEN,2015,52.2
Senegal,SEN,2014,53.7
Senegal,SEN,2013,55.5
Senegal,SEN,2012,57.6
Senegal,SEN,2011,60.0
Senegal,SEN,2010,62.8
Senegal,SEN,2009,66.1
Senegal,SEN,2008,70.1
Senegal,SEN,2007,75.0
Senegal,SEN,2006,80.8
Senegal,SEN,2005,87.6
Senegal,SEN,2004,95.5
Senegal,SEN,2003,104.2
Senegal,SEN,2002,113.2
Senegal,SEN,2001,121.7
Senegal,SEN,2000,128.9
Serbia,SRB,2023,5.4
Serbia,SRB,2022,5.4
Serbia,SRB,2021,5.4
Serbia,SRB,2020,5.5
Serbia,SRB,2019,5.6
Serbia,SRB,2018,5.8
Serbia,SRB,2017,5.9
Serbia,SRB,2016,6.1
Serbia,SRB,2015,6.3
Serbia,SRB,2014,6.6
Serbia,SRB,2013,6.8
Serbia,SRB,2012,7.1
Serbia,SRB,2011,7.4
Serbia,SRB,2010,7.6
Serbia,SRB,2009,7.8
Serbia,SRB,2008,7.9
Serbia,SRB,2007,8.1
Serbia,SRB,2006,8.5
Serbia,SRB,2005,9.0
Serbia,SRB,2004,9.7
Serbia,SRB,2003,10.6
Serbia,SRB,2002,11.4
Serbia,SRB,2001,12.1
Serbia,SRB,2000,12.7
Seychelles,SYC,2023,14.3
Seychelles,SYC,2022,14.5
Seychelles,SYC,2021,14.7
Seychelles,SYC,2020,14.8
Seychelles,SYC,2019,14.8
Seychelles,SYC,2018,14.8
Seychelles,SYC,2017,14.7
Seychelles,SYC,2016,14.7
Seychelles,SYC,2015,14.6
Seychelles,SYC,2014,14.5
Seychelles,SYC,2013,14.4
Seychelles,SYC,2012,14.3
Seychelles,SYC,2011,14.2
Seychelles,SYC,2010,14.1
Seychelles,SYC,2009,14.0
Seychelles,SYC,2008,13.9
Seychelles,SYC,2007,13.9
Seychelles,SYC,2006,13.8
Seychelles,SYC,2005,13.8
Seychelles,SYC,2004,13.8
Seychelles,SYC,2003,13.8
Seychelles,SYC,2002,13.7
Seychelles,SYC,2001,13.8
Seychelles,SYC,2000,13.8
Sierra Leone,SLE,2023,93.8
Sierra Leone,SLE,2022,97.1
Sierra Leone,SLE,2021,100.6
Sierra Leone,SLE,2020,104.4
Sierra Leone,SLE,2019,108.3
Sierra Leone,SLE,2018,112.4
Sierra Leone,SLE,2017,117.0
Sierra Leone,SLE,2016,121.8
Sierra Leone,SLE,2015,136.8
Sierra Leone,SLE,2014,135.9
Sierra Leone,SLE,2013,137.9
Sierra Leone,SLE,2012,144.1
Sierra Leone,SLE,2011,150.8
Sierra Leone,SLE,2010,157.9
Sierra Leone,SLE,2009,165.2
Sierra Leone,SLE,2008,172.4
Sierra Leone,SLE,2007,179.6
Sierra Leone,SLE,2006,186.5
Sierra Leone,SLE,2005,193.2
Sierra Leone,SLE,2004,199.6
Sierra Leone,SLE,2003,205.7
Sierra Leone,SLE,2002,211.6
Sierra Leone,SLE,2001,217.3
Sierra Leone,SLE,2000,222.8
Singapore,SGP,2023,2.6
Singapore,SGP,2022,2.5
Singapore,SGP,2021,2.4
Singapore,SGP,2020,2.4
Singapore,SGP,2019,2.5
Singapore,SGP,2018,2.5
Singapore,SGP,2017,2.6
Singapore,SGP,2016,2.6
Singapore,SGP,2015,2.7
Singapore,SGP,2014,2.7
Singapore,SGP,2013,2.8
Singapore,SGP,2012,2.8
Singapore,SGP,2011,2.8
Singapore,SGP,2010,2.8
Singapore,SGP,2009,2.8
Singapore,SGP,2008,2.8
Singapore,SGP,2007,2.9
Singapore,SGP,2006,2.9
Singapore,SGP,2005,3.0
Singapore,SGP,2004,3.1
Singapore,SGP,2003,3.2
Singapore,SGP,2002,3.4
Singapore,SGP,2001,3.6
Singapore,SGP,2000,3.9
Sint Maarten (Dutch part),SXM,2023,
Sint Maarten (Dutch part),SXM,2022,
Sint Maarten (Dutch part),SXM,2021,
Sint Maarten (Dutch part),SXM,2020,
Sint Maarten (Dutch part),SXM,2019,
Sint Maarten (Dutch part),SXM,2018,
Sint Maarten (Dutch part),SXM,2017,
Sint Maarten (Dutch part),SXM,2016,
Sint Maarten (Dutch part),SXM,2015,
Sint Maarten (Dutch part),SXM,2014,
Sint Maarten (Dutch part),SXM,2013,
Sint Maarten (Dutch part),SXM,2012,
Sint Maarten (Dutch part),SXM,2011,
Sint Maarten (Dutch part),SXM,2010,
Sint Maarten (Dutch part),SXM,2009,
Sint Maarten (Dutch part),SXM,2008,
Sint Maarten (Dutch part),SXM,2007,
Sint Maarten (Dutch part),SXM,2006,
Sint Maarten (Dutch part),SXM,2005,
Sint Maarten (Dutch part),SXM,2004,
Sint Maarten (Dutch part),SXM,2003,
Sint Maarten (Dutch part),SXM,2002,
Sint Maarten (Dutch part),SXM,2001,
Sint Maarten (Dutch part),SXM,2000,
Slovak Republic,SVK,2023,6.2
Slovak Republic,SVK,2022,6.1
Slovak Republic,SVK,2021,6.0
Slovak Republic,SVK,2020,5.9
Slovak Republic,SVK,2019,5.9
Slovak Republic,SVK,2018,5.9
Slovak Republic,SVK,2017,6.0
Slovak Republic,SVK,2016,6.1
Slovak Republic,SVK,2015,6.2
Slovak Republic,SVK,2014,6.3
Slovak Republic,SVK,2013,6.4
Slovak Republic,SVK,2012,6.6
Slovak Republic,SVK,2011,6.7
Slovak Republic,SVK,2010,6.9
Slovak Republic,SVK,2009,7.1
Slovak Republic,SVK,2008,7.4
Slovak Republic,SVK,2007,7.7
Slovak Republic,SVK,2006,8.0
Slovak Republic,SVK,2005,8.3
Slovak Republic,SVK,2004,8.6
Slovak Republic,SVK,2003,8.8
Slovak Republic,SVK,2002,9.1
Slovak Republic,SVK,2001,9.3
Slovak Republic,SVK,2000,9.6
Slovenia,SVN,2023,2.3
Slovenia,SVN,2022,2.3
Slovenia,SVN,2021,2.3
Slovenia,SVN,2020,2.4
Slovenia,SVN,2019,2.4
Slovenia,SVN,2018,2.4
Slovenia,SVN,2017,2.5
Slovenia,SVN,2016,2.5
Slovenia,SVN,2015,2.6
Slovenia,SVN,2014,2.7
Slovenia,SVN,2013,2.8
Slovenia,SVN,2012,2.9
Slovenia,SVN,2011,3.1
Slovenia,SVN,2010,3.2
Slovenia,SVN,2009,3.4
Slovenia,SVN,2008,3.6
Slovenia,SVN,2007,3.8
Slovenia,SVN,2006,4.0
Slovenia,SVN,2005,4.2
Slovenia,SVN,2004,4.4
Slovenia,SVN,2003,4.7
Slovenia,SVN,2002,4.9
Slovenia,SVN,2001,5.2
Slovenia,SVN,2000,5.4
Solomon Islands,SLB,2023,20.6
Solomon Islands,SLB,2022,21.3
Solomon Islands,SLB,2021,21.9
Solomon Islands,SLB,2020,22.5
Solomon Islands,SLB,2019,23.1
Solomon Islands,SLB,2018,23.6
Solomon Islands,SLB,2017,24.1
Solomon Islands,SLB,2016,24.6
Solomon Islands,SLB,2015,25.0
Solomon Islands,SLB,2014,25.4
Solomon Islands,SLB,2013,25.8
Solomon Islands,SLB,2012,26.2
Solomon Islands,SLB,2011,26.7
Solomon Islands,SLB,2010,27.2
Solomon Islands,SLB,2009,27.6
Solomon Islands,SLB,2008,28.0
Solomon Islands,SLB,2007,28.4
Solomon Islands,SLB,2006,28.8
Solomon Islands,SLB,2005,29.1
Solomon Islands,SLB,2004,29.3
Solomon Islands,SLB,2003,29.6
Solomon Islands,SLB,2002,29.8
Solomon Islands,SLB,2001,30.2
Solomon Islands,SLB,2000,30.5
"Somalia, Fed. Rep.",SOM,2023,104.3
"Somalia, Fed. Rep.",SOM,2022,143.1
"Somalia, Fed. Rep.",SOM,2021,111.0
"Somalia, Fed. Rep.",SOM,2020,114.7
"Somalia, Fed. Rep.",SOM,2019,118.4
"Somalia, Fed. Rep.",SOM,2018,136.4
"Somalia, Fed. Rep.",SOM,2017,156.4
"Somalia, Fed. Rep.",SOM,2016,130.2
"Somalia, Fed. Rep.",SOM,2015,134.3
"Somalia, Fed. Rep.",SOM,2014,138.6
"Somalia, Fed. Rep.",SOM,2013,143.2
"Somalia, Fed. Rep.",SOM,2012,185.4
"Somalia, Fed. Rep.",SOM,2011,363.1
"Somalia, Fed. Rep.",SOM,2010,186.7
"Somalia, Fed. Rep.",SOM,2009,162.4
"Somalia, Fed. Rep.",SOM,2008,166.7
"Somalia, Fed. Rep.",SOM,2007,170.5
"Somalia, Fed. Rep.",SOM,2006,172.6
"Somalia, Fed. Rep.",SOM,2005,173.2
"Somalia, Fed. Rep.",SOM,2004,173.2
"Somalia, Fed. Rep.",SOM,2003,173.2
"Somalia, Fed. Rep.",SOM,2002,173.2
"Somalia, Fed. Rep.",SOM,2001,173.2
"Somalia, Fed. Rep.",SOM,2000,173.2
South Africa,ZAF,2023,34.8
South Africa,ZAF,2022,34.3
South Africa,ZAF,2021,34.0
South Africa,ZAF,2020,33.9
South Africa,ZAF,2019,34.3
South Africa,ZAF,2018,34.9
South Africa,ZAF,2017,35.7
South Africa,ZAF,2016,36.8
South Africa,ZAF,2015,38.2
South Africa,ZAF,2014,39.7
South Africa,ZAF,2013,41.4
South Africa,ZAF,2012,43.1
South Africa,ZAF,2011,45.6
South Africa,ZAF,2010,50.3
South Africa,ZAF,2009,56.9
South Africa,ZAF,2008,63.7
South Africa,ZAF,2007,71.2
South Africa,ZAF,2006,76.9
South Africa,ZAF,2005,79.8
South Africa,ZAF,2004,80.7
South Africa,ZAF,2003,79.2
South Africa,ZAF,2002,77.0
South Africa,ZAF,2001,74.5
South Africa,ZAF,2000,71.4
South Sudan,SSD,2023,96.7
South Sudan,SSD,2022,96.7
South Sudan,SSD,2021,96.7
South Sudan,SSD,2020,96.7
South Sudan,SSD,2019,96.7
South Sudan,SSD,2018,133.7
South Sudan,SSD,2017,292.0
South Sudan,SSD,2016,272.9
South Sudan,SSD,2015,240.8
South Sudan,SSD,2014,182.6
South Sudan,SSD,2013,97.2
South Sudan,SSD,2012,98.9
South Sudan,SSD,2011,102.3
South Sudan,SSD,2010,107.2
South Sudan,SSD,2009,112.7
South Sudan,SSD,2008,118.7
South Sudan,SSD,2007,124.9
South Sudan,SSD,2006,131.5
South Sudan,SSD,2005,138.4
South Sudan,SSD,2004,145.8
South Sudan,SSD,2003,153.7
South Sudan,SSD,2002,162.2
South Sudan,SSD,2001,171.1
South Sudan,SSD,2000,180.1
Spain,ESP,2023,3.2
Spain,ESP,2022,3.2
Spain,ESP,2021,3.2
Spain,ESP,2020,3.2
Spain,ESP,2019,3.2
Spain,ESP,2018,3.2
Spain,ESP,2017,3.2
Spain,ESP,2016,3.3
Spain,ESP,2015,3.3
Spain,ESP,2014,3.4
Spain,ESP,2013,3.5
Spain,ESP,2012,3.6
Spain,ESP,2011,3.7
Spain,ESP,2010,3.8
Spain,ESP,2009,4.0
Spain,ESP,2008,4.2
Spain,ESP,2007,4.4
Spain,ESP,2006,4.5
Spain,ESP,2005,4.7
Spain,ESP,2004,4.9
Spain,ESP,2003,5.0
Spain,ESP,2002,5.1
Spain,ESP,2001,5.3
Spain,ESP,2000,5.4
Sri Lanka,LKA,2023,6.1
Sri Lanka,LKA,2022,6.3
Sri Lanka,LKA,2021,6.6
Sri Lanka,LKA,2020,6.9
Sri Lanka,LKA,2019,7.2
Sri Lanka,LKA,2018,7.6
Sri Lanka,LKA,2017,7.9
Sri Lanka,LKA,2016,8.3
Sri Lanka,LKA,2015,8.7
Sri Lanka,LKA,2014,9.2
Sri Lanka,LKA,2013,9.8
Sri Lanka,LKA,2012,10.3
Sri Lanka,LKA,2011,10.8
Sri Lanka,LKA,2010,11.2
Sri Lanka,LKA,2009,21.5
Sri Lanka,LKA,2008,12.0
Sri Lanka,LKA,2007,12.6
Sri Lanka,LKA,2006,13.3
Sri Lanka,LKA,2005,14.0
Sri Lanka,LKA,2004,29.0
Sri Lanka,LKA,2003,15.2
Sri Lanka,LKA,2002,15.5
Sri Lanka,LKA,2001,15.8
Sri Lanka,LKA,2000,16.3
St. Kitts and Nevis,KNA,2023,16.4
St. Kitts and Nevis,KNA,2022,16.8
St. Kitts and Nevis,KNA,2021,17.3
St. Kitts and Nevis,KNA,2020,17.8
St. Kitts and Nevis,KNA,2019,18.2
St. Kitts and Nevis,KNA,2018,18.6
St. Kitts and Nevis,KNA,2017,19.0
St. Kitts and Nevis,KNA,2016,19.3
St. Kitts and Nevis,KNA,2015,19.4
St. Kitts and Nevis,KNA,2014,19.4
St. Kitts and Nevis,KNA,2013,19.3
St. Kitts and Nevis,KNA,2012,19.1
St. Kitts and Nevis,KNA,2011,18.9
St. Kitts and Nevis,KNA,2010,18.8
St. Kitts and Nevis,KNA,2009,18.7
St. Kitts and Nevis,KNA,2008,18.8
St. Kitts and Nevis,KNA,2007,18.9
St. Kitts and Nevis,KNA,2006,19.2
St. Kitts and Nevis,KNA,2005,19.7
St. Kitts and Nevis,KNA,2004,20.3
St. Kitts and Nevis,KNA,2003,21.1
St. Kitts and Nevis,KNA,2002,22.0
St. Kitts and Nevis,KNA,2001,22.9
St. Kitts and Nevis,KNA,2000,23.9
St. Lucia,LCA,2023,17.5
St. Lucia,LCA,2022,17.7
St. Lucia,LCA,2021,17.9
St. Lucia,LCA,2020,18.1
St. Lucia,LCA,2019,18.2
St. Lucia,LCA,2018,18.4
St. Lucia,LCA,2017,18.5
St. Lucia,LCA,2016,18.6
St. Lucia,LCA,2015,18.7
St. Lucia,LCA,2014,18.8
St. Lucia,LCA,2013,18.8
St. Lucia,LCA,2012,18.8
St. Lucia,LCA,2011,18.8
St. Lucia,LCA,2010,18.8
St. Lucia,LCA,2009,18.8
St. Lucia,LCA,2008,18.7
St. Lucia,LCA,2007,18.6
St. Lucia,LCA,2006,18.6
St. Lucia,LCA,2005,18.5
St. Lucia,LCA,2004,18.5
St. Lucia,LCA,2003,18.4
St. Lucia,LCA,2002,18.4
St. Lucia,LCA,2001,18.4
St. Lucia,LCA,2000,18.5
St. Martin (French part),MAF,2023,
St. Martin (French part),MAF,2022,
St. Martin (French part),MAF,2021,
St. Martin (French part),MAF,2020,
St. Martin (French part),MAF,2019,
St. Martin (French part),MAF,2018,
St. Martin (French part),MAF,2017,
St. Martin (French part),MAF,2016,
St. Martin (French part),MAF,2015,
St. Martin (French part),MAF,2014,
St. Martin (French part),MAF,2013,
St. Martin (French part),MAF,2012,
St. Martin (French part),MAF,2011,
St. Martin (French part),MAF,2010,
St. Martin (French part),MAF,2009,
St. Martin (French part),MAF,2008,
St. Martin (French part),MAF,2007,
St. Martin (French part),MAF,2006,
St. Martin (French part),MAF,2005,
St. Martin (French part),MAF,2004,
St. Martin (French part),MAF,2003,
St. Martin (French part),MAF,2002,
St. Martin (French part),MAF,2001,
St. Martin (French part),MAF,2000,
St. Vincent and the Grenadines,VCT,2023,11.8
St. Vincent and the Grenadines,VCT,2022,12.3
St. Vincent and the Grenadines,VCT,2021,12.9
St. Vincent and the Grenadines,VCT,2020,13.6
St. Vincent and the Grenadines,VCT,2019,14.3
St. Vincent and the Grenadines,VCT,2018,15.0
St. Vincent and the Grenadines,VCT,2017,15.8
St. Vincent and the Grenadines,VCT,2016,16.6
St. Vincent and the Grenadines,VCT,2015,17.4
St. Vincent and the Grenadines,VCT,2014,18.2
St. Vincent and the Grenadines,VCT,2013,19.1
St. Vincent and the Grenadines,VCT,2012,19.9
St. Vincent and the Grenadines,VCT,2011,20.7
St. Vincent and the Grenadines,VCT,2010,21.4
St. Vincent and the Grenadines,VCT,2009,22.0
St. Vincent and the Grenadines,VCT,2008,22.4
St. Vincent and the Grenadines,VCT,2007,22.7
St. Vincent and the Grenadines,VCT,2006,22.8
St. Vincent and the Grenadines,VCT,2005,22.8
St. Vincent and the Grenadines,VCT,2004,22.7
St. Vincent and the Grenadines,VCT,2003,22.6
St. Vincent and the Grenadines,VCT,2002,22.6
St. Vincent and the Grenadines,VCT,2001,22.6
St. Vincent and the Grenadines,VCT,2000,22.6
Sudan,SDN,2023,63.1
Sudan,SDN,2022,51.0
Sudan,SDN,2021,52.7
Sudan,SDN,2020,54.3
Sudan,SDN,2019,56.1
Sudan,SDN,2018,57.8
Sudan,SDN,2017,59.7
Sudan,SDN,2016,61.6
Sudan,SDN,2015,63.5
Sudan,SDN,2014,65.4
Sudan,SDN,2013,67.3
Sudan,SDN,2012,69.3
Sudan,SDN,2011,71.3
Sudan,SDN,2010,73.4
Sudan,SDN,2009,75.5
Sudan,SDN,2008,77.9
Sudan,SDN,2007,80.4
Sudan,SDN,2006,83.0
Sudan,SDN,2005,98.8
Sudan,SDN,2004,101.1
Sudan,SDN,2003,91.9
Sudan,SDN,2002,95.2
Sudan,SDN,2001,98.6
Sudan,SDN,2000,102.0
Suriname,SUR,2023,16.3
Suriname,SUR,2022,16.8
Suriname,SUR,2021,17.4
Suriname,SUR,2020,17.9
Suriname,SUR,2019,18.4
Suriname,SUR,2018,18.9
Suriname,SUR,2017,19.5
Suriname,SUR,2016,20.1
Suriname,SUR,2015,20.6
Suriname,SUR,2014,21.1
Suriname,SUR,2013,21.6
Suriname,SUR,2012,22.2
Suriname,SUR,2011,22.7
Suriname,SUR,2010,23.2
Suriname,SUR,2009,23.8
Suriname,SUR,2008,24.4
Suriname,SUR,2007,25.1
Suriname,SUR,2006,25.7
Suriname,SUR,2005,26.5
Suriname,SUR,2004,27.2
Suriname,SUR,2003,28.1
Suriname,SUR,2002,29.0
Suriname,SUR,2001,30.0
Suriname,SUR,2000,31.0
Sweden,SWE,2023,2.4
Sweden,SWE,2022,2.5
Sweden,SWE,2021,2.5
Sweden,SWE,2020,2.6
Sweden,SWE,2019,2.6
Sweden,SWE,2018,2.7
Sweden,SWE,2017,2.8
Sweden,SWE,2016,2.8
Sweden,SWE,2015,2.9
Sweden,SWE,2014,2.9
Sweden,SWE,2013,2.9
Sweden,SWE,2012,3.0
Sweden,SWE,2011,3.0
Sweden,SWE,2010,3.1
Sweden,SWE,2009,3.1
Sweden,SWE,2008,3.2
Sweden,SWE,2007,3.3
Sweden,SWE,2006,3.5
Sweden,SWE,2005,3.6
Sweden,SWE,2004,3.7
Sweden,SWE,2003,3.9
Sweden,SWE,2002,4.0
Sweden,SWE,2001,4.0
Sweden,SWE,2000,4.1
Switzerland,CHE,2023,3.9
Switzerland,CHE,2022,3.9
Switzerland,CHE,2021,4.0
Switzerland,CHE,2020,4.0
Switzerland,CHE,2019,4.0
Switzerland,CHE,2018,4.1
Switzerland,CHE,2017,4.1
Switzerland,CHE,2016,4.2
Switzerland,CHE,2015,4.3
Switzerland,CHE,2014,4.3
Switzerland,CHE,2013,4.4
Switzerland,CHE,2012,4.4
Switzerland,CHE,2011,4.5
Switzerland,CHE,2010,4.6
Switzerland,CHE,2009,4.6
Switzerland,CHE,2008,4.7
Switzerland,CHE,2007,4.8
Switzerland,CHE,2006,4.9
Switzerland,CHE,2005,5.1
Switzerland,CHE,2004,5.2
Switzerland,CHE,2003,5.3
Switzerland,CHE,2002,5.4
Switzerland,CHE,2001,5.5
Switzerland,CHE,2000,5.6
Syrian Arab Republic,SYR,2023,20.1
Syrian Arab Republic,SYR,2022,20.7
Syrian Arab Republic,SYR,2021,20.5
Syrian Arab Republic,SYR,2020,21.9
Syrian Arab Republic,SYR,2019,24.6
Syrian Arab Republic,SYR,2018,32.5
Syrian Arab Republic,SYR,2017,32.9
Syrian Arab Republic,SYR,2016,32.2
Syrian Arab Republic,SYR,2015,37.1
Syrian Arab Republic,SYR,2014,35.5
Syrian Arab Republic,SYR,2013,36.9
Syrian Arab Republic,SYR,2012,34.2
Syrian Arab Republic,SYR,2011,21.6
Syrian Arab Republic,SYR,2010,18.8
Syrian Arab Republic,SYR,2009,18.8
Syrian Arab Republic,SYR,2008,18.9
Syrian Arab Republic,SYR,2007,19.1
Syrian Arab Republic,SYR,2006,19.4
Syrian Arab Republic,SYR,2005,19.8
Syrian Arab Republic,SYR,2004,20.2
Syrian Arab Republic,SYR,2003,20.8
Syrian Arab Republic,SYR,2002,21.4
Syrian Arab Republic,SYR,2001,22.2
Syrian Arab Republic,SYR,2000,23.1
Tajikistan,TJK,2023,28.8
Tajikistan,TJK,2022,29.4
Tajikistan,TJK,2021,29.8
Tajikistan,TJK,2020,30.1
Tajikistan,TJK,2019,30.4
Tajikistan,TJK,2018,30.7
Tajikistan,TJK,2017,31.0
Tajikistan,TJK,2016,31.5
Tajikistan,TJK,2015,32.2
Tajikistan,TJK,2014,33.0
Tajikistan,TJK,2013,34.0
Tajikistan,TJK,2012,35.0
Tajikistan,TJK,2011,36.2
Tajikistan,TJK,2010,37.6
Tajikistan,TJK,2009,39.3
Tajikistan,TJK,2008,41.2
Tajikistan,TJK,2007,43.6
Tajikistan,TJK,2006,46.6
Tajikistan,TJK,2005,50.3
Tajikistan,TJK,2004,54.6
Tajikistan,TJK,2003,59.8
Tajikistan,TJK,2002,65.6
Tajikistan,TJK,2001,71.8
Tajikistan,TJK,2000,78.4
Tanzania,TZA,2023,38.5
Tanzania,TZA,2022,40.1
Tanzania,TZA,2021,41.7
Tanzania,TZA,2020,43.8
Tanzania,TZA,2019,45.6
Tanzania,TZA,2018,47.6
Tanzania,TZA,2017,49.8
Tanzania,TZA,2016,52.0
Tanzania,TZA,2015,54.3
Tanzania,TZA,2014,56.3
Tanzania,TZA,2013,59.0
Tanzania,TZA,2012,61.7
Tanzania,TZA,2011,64.6
Tanzania,TZA,2010,68.2
Tanzania,TZA,2009,72.0
Tanzania,TZA,2008,76.6
Tanzania,TZA,2007,81.3
Tanzania,TZA,2006,86.7
Tanzania,TZA,2005,92.2
Tanzania,TZA,2004,98.3
Tanzania,TZA,2003,105.0
Tanzania,TZA,2002,112.4
Tanzania,TZA,2001,120.3
Tanzania,TZA,2000,128.0
Thailand,THA,2023,9.2
Thailand,THA,2022,9.5
Thailand,THA,2021,9.8
Thailand,THA,2020,10.1
Thailand,THA,2019,10.4
Thailand,THA,2018,10.8
Thailand,THA,2017,11.1
Thailand,THA,2016,11.5
Thailand,THA,2015,11.9
Thailand,THA,2014,12.3
Thailand,THA,2013,12.7
Thailand,THA,2012,13.1
Thailand,THA,2011,13.6
Thailand,THA,2010,14.1
Thailand,THA,2009,14.7
Thailand,THA,2008,15.2
Thailand,THA,2007,15.9
Thailand,THA,2006,16.5
Thailand,THA,2005,17.2
Thailand,THA,2004,18.0
Thailand,THA,2003,18.9
Thailand,THA,2002,19.7
Thailand,THA,2001,20.7
Thailand,THA,2000,21.7
Timor-Leste,TLS,2023,49.2
Timor-Leste,TLS,2022,50.7
Timor-Leste,TLS,2021,52.0
Timor-Leste,TLS,2020,53.4
Timor-Leste,TLS,2019,54.8
Timor-Leste,TLS,2018,56.0
Timor-Leste,TLS,2017,57.3
Timor-Leste,TLS,2016,58.7
Timor-Leste,TLS,2015,60.2
Timor-Leste,TLS,2014,61.9
Timor-Leste,TLS,2013,63.9
Timor-Leste,TLS,2012,65.9
Timor-Leste,TLS,2011,68.4
Timor-Leste,TLS,2010,71.0
Timor-Leste,TLS,2009,73.9
Timor-Leste,TLS,2008,76.9
Timor-Leste,TLS,2007,80.4
Timor-Leste,TLS,2006,84.0
Timor-Leste,TLS,2005,88.0
Timor-Leste,TLS,2004,92.3
Timor-Leste,TLS,2003,96.8
Timor-Leste,TLS,2002,101.5
Timor-Leste,TLS,2001,106.4
Timor-Leste,TLS,2000,111.5
Togo,TGO,2023,58.1
Togo,TGO,2022,60.0
Togo,TGO,2021,62.0
Togo,TGO,2020,63.9
Togo,TGO,2019,66.0
Togo,TGO,2018,68.1
Togo,TGO,2017,70.4
Togo,TGO,2016,72.8
Togo,TGO,2015,75.2
Togo,TGO,2014,77.7
Togo,TGO,2013,80.2
Togo,TGO,2012,82.9
Togo,TGO,2011,85.6
Togo,TGO,2010,88.3
Togo,TGO,2009,90.9
Togo,TGO,2008,93.7
Togo,TGO,2007,96.5
Togo,TGO,2006,99.3
Togo,TGO,2005,102.4
Togo,TGO,2004,105.5
Togo,TGO,2003,108.8
Togo,TGO,2002,112.2
Togo,TGO,2001,115.7
Togo,TGO,2000,119.2
Tonga,TON,2023,9.8
Tonga,TON,2022,10.1
Tonga,TON,2021,10.4
Tonga,TON,2020,10.6
Tonga,TON,2019,10.9
Tonga,TON,2018,11.1
Tonga,TON,2017,11.4
Tonga,TON,2016,11.6
Tonga,TON,2015,11.9
Tonga,TON,2014,12.1
Tonga,TON,2013,12.3
Tonga,TON,2012,12.6
Tonga,TON,2011,12.8
Tonga,TON,2010,13.1
Tonga,TON,2009,13.4
Tonga,TON,2008,13.7
Tonga,TON,2007,14.0
Tonga,TON,2006,14.4
Tonga,TON,2005,14.8
Tonga,TON,2004,15.2
Tonga,TON,2003,15.6
Tonga,TON,2002,16.0
Tonga,TON,2001,16.5
Tonga,TON,2000,16.9
Trinidad and Tobago,TTO,2023,19.3
Trinidad and Tobago,TTO,2022,19.9
Trinidad and Tobago,TTO,2021,20.4
Trinidad and Tobago,TTO,2020,20.8
Trinidad and Tobago,TTO,2019,21.2
Trinidad and Tobago,TTO,2018,21.6
Trinidad and Tobago,TTO,2017,22.0
Trinidad and Tobago,TTO,2016,22.3
Trinidad and Tobago,TTO,2015,22.7
Trinidad and Tobago,TTO,2014,23.1
Trinidad and Tobago,TTO,2013,23.5
Trinidad and Tobago,TTO,2012,23.9
Trinidad and Tobago,TTO,2011,24.4
Trinidad and Tobago,TTO,2010,24.8
Trinidad and Tobago,TTO,2009,25.3
Trinidad and Tobago,TTO,2008,25.7
Trinidad and Tobago,TTO,2007,26.1
Trinidad and Tobago,TTO,2006,26.5
Trinidad and Tobago,TTO,2005,26.9
Trinidad and Tobago,TTO,2004,27.3
Trinidad and Tobago,TTO,2003,27.7
Trinidad and Tobago,TTO,2002,28.1
Trinidad and Tobago,TTO,2001,28.5
Trinidad and Tobago,TTO,2000,28.8
Tunisia,TUN,2023,12.9
Tunisia,TUN,2022,13.9
Tunisia,TUN,2021,15.0
Tunisia,TUN,2020,16.0
Tunisia,TUN,2019,16.9
Tunisia,TUN,2018,17.5
Tunisia,TUN,2017,17.9
Tunisia,TUN,2016,18.1
Tunisia,TUN,2015,18.2
Tunisia,TUN,2014,18.3
Tunisia,TUN,2013,18.3
Tunisia,TUN,2012,18.4
Tunisia,TUN,2011,18.5
Tunisia,TUN,2010,18.7
Tunisia,TUN,2009,19.0
Tunisia,TUN,2008,19.4
Tunisia,TUN,2007,20.0
Tunisia,TUN,2006,20.7
Tunisia,TUN,2005,21.6
Tunisia,TUN,2004,22.7
Tunisia,TUN,2003,24.0
Tunisia,TUN,2002,25.5
Tunisia,TUN,2001,27.2
Tunisia,TUN,2000,29.2
Turkiye,TUR,2023,13.8
Turkiye,TUR,2022,10.2
Turkiye,TUR,2021,10.6
Turkiye,TUR,2020,10.9
Turkiye,TUR,2019,11.3
Turkiye,TUR,2018,11.7
Turkiye,TUR,2017,12.2
Turkiye,TUR,2016,12.7
Turkiye,TUR,2015,13.3
Turkiye,TUR,2014,14.0
Turkiye,TUR,2013,14.7
Turkiye,TUR,2012,15.6
Turkiye,TUR,2011,16.6
Turkiye,TUR,2010,17.6
Turkiye,TUR,2009,18.9
Turkiye,TUR,2008,20.3
Turkiye,TUR,2007,21.8
Turkiye,TUR,2006,23.5
Turkiye,TUR,2005,25.3
Turkiye,TUR,2004,27.4
Turkiye,TUR,2003,29.6
Turkiye,TUR,2002,32.0
Turkiye,TUR,2001,34.5
Turkiye,TUR,2000,37.2
Turkmenistan,TKM,2023,40.2
Turkmenistan,TKM,2022,41.1
Turkmenistan,TKM,2021,42.1
Turkmenistan,TKM,2020,42.9
Turkmenistan,TKM,2019,43.5
Turkmenistan,TKM,2018,43.8
Turkmenistan,TKM,2017,43.8
Turkmenistan,TKM,2016,43.5
Turkmenistan,TKM,2015,43.2
Turkmenistan,TKM,2014,42.9
Turkmenistan,TKM,2013,42.8
Turkmenistan,TKM,2012,42.9
Turkmenistan,TKM,2011,43.4
Turkmenistan,TKM,2010,44.0
Turkmenistan,TKM,2009,45.0
Turkmenistan,TKM,2008,46.4
Turkmenistan,TKM,2007,48.1
Turkmenistan,TKM,2006,50.1
Turkmenistan,TKM,2005,52.6
Turkmenistan,TKM,2004,55.4
Turkmenistan,TKM,2003,58.6
Turkmenistan,TKM,2002,61.9
Turkmenistan,TKM,2001,65.4
Turkmenistan,TKM,2000,68.7
Turks and Caicos Islands,TCA,2023,4.8
Turks and Caicos Islands,TCA,2022,5.0
Turks and Caicos Islands,TCA,2021,5.1
Turks and Caicos Islands,TCA,2020,5.3
Turks and Caicos Islands,TCA,2019,5.5
Turks and Caicos Islands,TCA,2018,5.6
Turks and Caicos Islands,TCA,2017,5.8
Turks and Caicos Islands,TCA,2016,6.0
Turks and Caicos Islands,TCA,2015,6.2
Turks and Caicos Islands,TCA,2014,6.4
Turks and Caicos Islands,TCA,2013,6.6
Turks and Caicos Islands,TCA,2012,6.8
Turks and Caicos Islands,TCA,2011,7.0
Turks and Caicos Islands,TCA,2010,7.3
Turks and Caicos Islands,TCA,2009,7.5
Turks and Caicos Islands,TCA,2008,7.8
Turks and Caicos Islands,TCA,2007,8.1
Turks and Caicos Islands,TCA,2006,8.5
Turks and Caicos Islands,TCA,2005,8.9
Turks and Caicos Islands,TCA,2004,9.4
Turks and Caicos Islands,TCA,2003,9.9
Turks and Caicos Islands,TCA,2002,10.5
Turks and Caicos Islands,TCA,2001,11.1
Turks and Caicos Islands,TCA,2000,11.7
Tuvalu,TUV,2023,19.8
Tuvalu,TUV,2022,20.5
Tuvalu,TUV,2021,21.2
Tuvalu,TUV,2020,21.9
Tuvalu,TUV,2019,22.7
Tuvalu,TUV,2018,23.5
Tuvalu,TUV,2017,24.3
Tuvalu,TUV,2016,25.2
Tuvalu,TUV,2015,26.0
Tuvalu,TUV,2014,26.9
Tuvalu,TUV,2013,28.0
Tuvalu,TUV,2012,29.0
Tuvalu,TUV,2011,30.2
Tuvalu,TUV,2010,31.4
Tuvalu,TUV,2009,32.8
Tuvalu,TUV,2008,34.2
Tuvalu,TUV,2007,35.6
Tuvalu,TUV,2006,36.9
Tuvalu,TUV,2005,38.1
Tuvalu,TUV,2004,39.1
Tuvalu,TUV,2003,40.0
Tuvalu,TUV,2002,40.8
Tuvalu,TUV,2001,41.8
Tuvalu,TUV,2000,42.8
Uganda,UGA,2023,49.4
Uganda,UGA,2022,50.0
Uganda,UGA,2021,50.2
Uganda,UGA,2020,50.9
Uganda,UGA,2019,51.6
Uganda,UGA,2018,52.7
Uganda,UGA,2017,54.0
Uganda,UGA,2016,55.6
Uganda,UGA,2015,57.9
Uganda,UGA,2014,60.2
Uganda,UGA,2013,62.8
Uganda,UGA,2012,66.5
Uganda,UGA,2011,70.9
Uganda,UGA,2010,76.0
Uganda,UGA,2009,81.2
Uganda,UGA,2008,86.4
Uganda,UGA,2007,92.5
Uganda,UGA,2006,99.2
Uganda,UGA,2005,106.5
Uganda,UGA,2004,114.2
Uganda,UGA,2003,122.1
Uganda,UGA,2002,129.9
Uganda,UGA,2001,137.2
Uganda,UGA,2000,143.9
Ukraine,UKR,2023,8.0
Ukraine,UKR,2022,8.5
Ukraine,UKR,2021,8.2
Ukraine,UKR,2020,8.4
Ukraine,UKR,2019,8.5
Ukraine,UKR,2018,8.7
Ukraine,UKR,2017,8.9
Ukraine,UKR,2016,9.1
Ukraine,UKR,2015,9.5
Ukraine,UKR,2014,9.8
Ukraine,UKR,2013,10.2
Ukraine,UKR,2012,10.7
Ukraine,UKR,2011,11.2
Ukraine,UKR,2010,11.7
Ukraine,UKR,2009,12.3
Ukraine,UKR,2008,12.9
Ukraine,UKR,2007,13.4
Ukraine,UKR,2006,14.0
Ukraine,UKR,2005,14.5
Ukraine,UKR,2004,15.1
Ukraine,UKR,2003,15.8
Ukraine,UKR,2002,16.6
Ukraine,UKR,2001,17.4
Ukraine,UKR,2000,18.2
United Arab Emirates,ARE,2023,5.0
United Arab Emirates,ARE,2022,5.3
United Arab Emirates,ARE,2021,5.6
United Arab Emirates,ARE,2020,5.9
United Arab Emirates,ARE,2019,6.3
United Arab Emirates,ARE,2018,6.7
United Arab Emirates,ARE,2017,7.0
United Arab Emirates,ARE,2016,7.3
United Arab Emirates,ARE,2015,7.6
United Arab Emirates,ARE,2014,7.9
United Arab Emirates,ARE,2013,8.2
United Arab Emirates,ARE,2012,8.4
United Arab Emirates,ARE,2011,8.6
United Arab Emirates,ARE,2010,8.8
United Arab Emirates,ARE,2009,9.0
United Arab Emirates,ARE,2008,9.2
United Arab Emirates,ARE,2007,9.4
United Arab Emirates,ARE,2006,9.6
United Arab Emirates,ARE,2005,9.8
United Arab Emirates,ARE,2004,10.0
United Arab Emirates,ARE,2003,10.2
United Arab Emirates,ARE,2002,10.3
United Arab Emirates,ARE,2001,10.5
United Arab Emirates,ARE,2000,10.7
United Kingdom,GBR,2023,4.6
United Kingdom,GBR,2022,4.5
United Kingdom,GBR,2021,4.4
United Kingdom,GBR,2020,4.4
United Kingdom,GBR,2019,4.4
United Kingdom,GBR,2018,4.4
United Kingdom,GBR,2017,4.4
United Kingdom,GBR,2016,4.4
United Kingdom,GBR,2015,4.5
United Kingdom,GBR,2014,4.5
United Kingdom,GBR,2013,4.6
United Kingdom,GBR,2012,4.8
United Kingdom,GBR,2011,5.0
United Kingdom,GBR,2010,5.2
United Kingdom,GBR,2009,5.4
United Kingdom,GBR,2008,5.6
United Kingdom,GBR,2007,5.8
United Kingdom,GBR,2006,5.9
United Kingdom,GBR,2005,6.0
United Kingdom,GBR,2004,6.1
United Kingdom,GBR,2003,6.2
United Kingdom,GBR,2002,6.3
United Kingdom,GBR,2001,6.4
United Kingdom,GBR,2000,6.5
United States,USA,2023,6.5
United States,USA,2022,6.5
United States,USA,2021,6.5
United States,USA,2020,6.5
United States,USA,2019,6.5
United States,USA,2018,6.5
United States,USA,2017,6.6
United States,USA,2016,6.7
United States,USA,2015,6.8
United States,USA,2014,6.8
United States,USA,2013,6.9
United States,USA,2012,7.0
United States,USA,2011,7.2
United States,USA,2010,7.3
United States,USA,2009,7.5
United States,USA,2008,7.6
United States,USA,2007,7.7
United States,USA,2006,7.9
United States,USA,2005,8.0
United States,USA,2004,8.1
United States,USA,2003,8.1
United States,USA,2002,8.2
United States,USA,2001,8.3
United States,USA,2000,8.4
Uruguay,URY,2023,7.4
Uruguay,URY,2022,7.3
Uruguay,URY,2021,7.3
Uruguay,URY,2020,7.3
Uruguay,URY,2019,7.5
Uruguay,URY,2018,7.7
Uruguay,URY,2017,8.0
Uruguay,URY,2016,8.4
Uruguay,URY,2015,8.9
Uruguay,URY,2014,9.3
Uruguay,URY,2013,9.7
Uruguay,URY,2012,10.0
Uruguay,URY,2011,10.4
Uruguay,URY,2010,10.8
Uruguay,URY,2009,11.3
Uruguay,URY,2008,11.9
Uruguay,URY,2007,12.7
Uruguay,URY,2006,13.6
Uruguay,URY,2005,14.4
Uruguay,URY,2004,15.2
Uruguay,URY,2003,15.7
Uruguay,URY,2002,16.2
Uruguay,URY,2001,16.6
Uruguay,URY,2000,17.0
Uzbekistan,UZB,2023,13.7
Uzbekistan,UZB,2022,14.1
Uzbekistan,UZB,2021,14.6
Uzbekistan,UZB,2020,15.1
Uzbekistan,UZB,2019,15.7
Uzbekistan,UZB,2018,16.4
Uzbekistan,UZB,2017,17.3
Uzbekistan,UZB,2016,18.4
Uzbekistan,UZB,2015,19.7
Uzbekistan,UZB,2014,21.3
Uzbekistan,UZB,2013,23.0
Uzbekistan,UZB,2012,25.0
Uzbekistan,UZB,2011,27.3
Uzbekistan,UZB,2010,29.8
Uzbekistan,UZB,2009,32.6
Uzbekistan,UZB,2008,35.5
Uzbekistan,UZB,2007,38.6
Uzbekistan,UZB,2006,41.9
Uzbekistan,UZB,2005,45.2
Uzbekistan,UZB,2004,48.6
Uzbekistan,UZB,2003,51.9
Uzbekistan,UZB,2002,55.0
Uzbekistan,UZB,2001,58.0
Uzbekistan,UZB,2000,60.7
Vanuatu,VUT,2023,17.5
Vanuatu,VUT,2022,17.8
Vanuatu,VUT,2021,18.0
Vanuatu,VUT,2020,18.1
Vanuatu,VUT,2019,18.1
Vanuatu,VUT,2018,18.2
Vanuatu,VUT,2017,18.3
Vanuatu,VUT,2016,18.4
Vanuatu,VUT,2015,18.6
Vanuatu,VUT,2014,18.8
Vanuatu,VUT,2013,19.2
Vanuatu,VUT,2012,19.7
Vanuatu,VUT,2011,20.3
Vanuatu,VUT,2010,21.1
Vanuatu,VUT,2009,21.9
Vanuatu,VUT,2008,22.7
Vanuatu,VUT,2007,23.5
Vanuatu,VUT,2006,24.1
Vanuatu,VUT,2005,24.5
Vanuatu,VUT,2004,25.0
Vanuatu,VUT,2003,25.3
Vanuatu,VUT,2002,25.7
Vanuatu,VUT,2001,26.1
Vanuatu,VUT,2000,26.6
"Venezuela, RB",VEN,2023,24.2
"Venezuela, RB",VEN,2022,24.2
"Venezuela, RB",VEN,2021,24.2
"Venezuela, RB",VEN,2020,24.2
"Venezuela, RB",VEN,2019,24.2
"Venezuela, RB",VEN,2018,24.2
"Venezuela, RB",VEN,2017,24.2
"Venezuela, RB",VEN,2016,24.2
"Venezuela, RB",VEN,2015,19.1
"Venezuela, RB",VEN,2014,18.3
"Venezuela, RB",VEN,2013,17.9
"Venezuela, RB",VEN,2012,17.6
"Venezuela, RB",VEN,2011,17.4
"Venezuela, RB",VEN,2010,17.2
"Venezuela, RB",VEN,2009,17.1
"Venezuela, RB",VEN,2008,17.2
"Venezuela, RB",VEN,2007,17.4
"Venezuela, RB",VEN,2006,17.9
"Venezuela, RB",VEN,2005,18.5
"Venezuela, RB",VEN,2004,19.2
"Venezuela, RB",VEN,2003,19.8
"Venezuela, RB",VEN,2002,20.3
"Venezuela, RB",VEN,2001,20.9
"Venezuela, RB",VEN,2000,21.5
Viet Nam,VNM,2023,17.8
Viet Nam,VNM,2022,18.4
Viet Nam,VNM,2021,18.9
Viet Nam,VNM,2020,19.5
Viet Nam,VNM,2019,20.0
Viet Nam,VNM,2018,20.5
Viet Nam,VNM,2017,20.9
Viet Nam,VNM,2016,21.3
Viet Nam,VNM,2015,21.6
Viet Nam,VNM,2014,22.0
Viet Nam,VNM,2013,22.3
Viet Nam,VNM,2012,22.5
Viet Nam,VNM,2011,22.8
Viet Nam,VNM,2010,23.1
Viet Nam,VNM,2009,23.4
Viet Nam,VNM,2008,23.8
Viet Nam,VNM,2007,24.3
Viet Nam,VNM,2006,24.8
Viet Nam,VNM,2005,25.4
Viet Nam,VNM,2004,26.1
Viet Nam,VNM,2003,26.9
Viet Nam,VNM,2002,27.9
Viet Nam,VNM,2001,29.0
Viet Nam,VNM,2000,30.3
Virgin Islands (U.S.),VIR,2023,
Virgin Islands (U.S.),VIR,2022,
Virgin Islands (U.S.),VIR,2021,
Virgin Islands (U.S.),VIR,2020,
Virgin Islands (U.S.),VIR,2019,
Virgin Islands (U.S.),VIR,2018,
Virgin Islands (U.S.),VIR,2017,
Virgin Islands (U.S.),VIR,2016,
Virgin Islands (U.S.),VIR,2015,
Virgin Islands (U.S.),VIR,2014,
Virgin Islands (U.S.),VIR,2013,
Virgin Islands (U.S.),VIR,2012,
Virgin Islands (U.S.),VIR,2011,
Virgin Islands (U.S.),VIR,2010,
Virgin Islands (U.S.),VIR,2009,
Virgin Islands (U.S.),VIR,2008,
Virgin Islands (U.S.),VIR,2007,
Virgin Islands (U.S.),VIR,2006,
Virgin Islands (U.S.),VIR,2005,
Virgin Islands (U.S.),VIR,2004,
Virgin Islands (U.S.),VIR,2003,
Virgin Islands (U.S.),VIR,2002,
Virgin Islands (U.S.),VIR,2001,
Virgin Islands (U.S.),VIR,2000,
West Bank and Gaza,PSE,2023,41.9
West Bank and Gaza,PSE,2022,14.1
West Bank and Gaza,PSE,2021,14.6
West Bank and Gaza,PSE,2020,15.2
West Bank and Gaza,PSE,2019,15.7
West Bank and Gaza,PSE,2018,16.3
West Bank and Gaza,PSE,2017,16.9
West Bank and Gaza,PSE,2016,17.5
West Bank and Gaza,PSE,2015,18.2
West Bank and Gaza,PSE,2014,21.9
West Bank and Gaza,PSE,2013,19.6
West Bank and Gaza,PSE,2012,20.3
West Bank and Gaza,PSE,2011,21.1
West Bank and Gaza,PSE,2010,21.9
West Bank and Gaza,PSE,2009,22.7
West Bank and Gaza,PSE,2008,23.5
West Bank and Gaza,PSE,2007,24.3
West Bank and Gaza,PSE,2006,25.1
West Bank and Gaza,PSE,2005,26.0
West Bank and Gaza,PSE,2004,26.8
West Bank and Gaza,PSE,2003,27.7
West Bank and Gaza,PSE,2002,28.5
West Bank and Gaza,PSE,2001,29.4
West Bank and Gaza,PSE,2000,30.3
"Yemen, Rep.",YEM,2023,39.5
"Yemen, Rep.",YEM,2022,41.1
"Yemen, Rep.",YEM,2021,42.6
"Yemen, Rep.",YEM,2020,43.4
"Yemen, Rep.",YEM,2019,46.1
"Yemen, Rep.",YEM,2018,47.3
"Yemen, Rep.",YEM,2017,47.5
"Yemen, Rep.",YEM,2016,47.9
"Yemen, Rep.",YEM,2015,49.3
"Yemen, Rep.",YEM,2014,48.7
"Yemen, Rep.",YEM,2013,49.6
"Yemen, Rep.",YEM,2012,51.6
"Yemen, Rep.",YEM,2011,53.1
"Yemen, Rep.",YEM,2010,55.0
"Yemen, Rep.",YEM,2009,57.5
"Yemen, Rep.",YEM,2008,60.2
"Yemen, Rep.",YEM,2007,63.4
"Yemen, Rep.",YEM,2006,66.9
"Yemen, Rep.",YEM,2005,70.6
"Yemen, Rep.",YEM,2004,74.7
"Yemen, Rep.",YEM,2003,79.0
"Yemen, Rep.",YEM,2002,83.5
"Yemen, Rep.",YEM,2001,88.2
"Yemen, Rep.",YEM,2000,92.9
Zambia,ZMB,2023,49.1
Zambia,ZMB,2022,49.5
Zambia,ZMB,2021,50.4
Zambia,ZMB,2020,52.5
Zambia,ZMB,2019,53.5
Zambia,ZMB,2018,54.7
Zambia,ZMB,2017,55.2
Zambia,ZMB,2016,57.1
Zambia,ZMB,2015,60.2
Zambia,ZMB,2014,62.6
Zambia,ZMB,2013,66.0
Zambia,ZMB,2012,69.2
Zambia,ZMB,2011,71.8
Zambia,ZMB,2010,74.3
Zambia,ZMB,2009,78.4
Zambia,ZMB,2008,84.2
Zambia,ZMB,2007,89.1
Zambia,ZMB,2006,94.8
Zambia,ZMB,2005,102.7
Zambia,ZMB,2004,111.7
Zambia,ZMB,2003,122.1
Zambia,ZMB,2002,132.9
Zambia,ZMB,2001,143.2
Zambia,ZMB,2000,151.8
Zimbabwe,ZWE,2023,64.2
Zimbabwe,ZWE,2022,64.0
Zimbabwe,ZWE,2021,62.4
Zimbabwe,ZWE,2020,61.7
Zimbabwe,ZWE,2019,58.6
Zimbabwe,ZWE,2018,56.3
Zimbabwe,ZWE,2017,56.7
Zimbabwe,ZWE,2016,57.5
Zimbabwe,ZWE,2015,59.2
Zimbabwe,ZWE,2014,59.8
Zimbabwe,ZWE,2013,62.6
Zimbabwe,ZWE,2012,68.0
Zimbabwe,ZWE,2011,77.2
Zimbabwe,ZWE,2010,85.2
Zimbabwe,ZWE,2009,89.8
Zimbabwe,ZWE,2008,91.1
Zimbabwe,ZWE,2007,90.6
Zimbabwe,ZWE,2006,87.6
Zimbabwe,ZWE,2005,91.6
Zimbabwe,ZWE,2004,91.2
Zimbabwe,ZWE,2003,91.9
Zimbabwe,ZWE,2002,93.8
Zimbabwe,ZWE,2001,96.3
Zimbabwe,ZWE,2000,99.4
