country,iso3,year,value
Africa Eastern and Southern,AFE,2023,1571.13270407815
Africa Eastern and Southern,AFE,2022,1675.90252377611
Africa Eastern and Southern,AFE,2021,1560.89462580275
Africa Eastern and Southern,AFE,2020,1351.50316694933
Africa Eastern and Southern,AFE,2019,1508.0315245887
Africa Eastern and Southern,AFE,2018,1553.61794421394
Africa Eastern and Southern,AFE,2017,1529.92307995549
Africa Eastern and Southern,AFE,2016,1335.7431649955
Africa Eastern and Southern,AFE,2015,1498.71597073834
Africa Eastern and Southern,AFE,2014,1689.98238051624
Africa Eastern and Southern,AFE,2013,1705.83900348854
Africa Eastern and Southern,AFE,2012,1731.86909640114
Africa Eastern and Southern,AFE,2011,1761.83829586572
Africa Eastern and Southern,AFE,2010,1628.76857300184
Africa Eastern and Southern,AFE,2009,1408.61565890435
Africa Eastern and Southern,AFE,2008,1447.42777531825
Africa Eastern and Southern,AFE,2007,1381.4452514345
Africa Eastern and Southern,AFE,2006,1235.17087902029
Africa Eastern and Southern,AFE,2005,1126.29920363201
Africa Eastern and Southern,AFE,2004,989.017114690163
Africa Eastern and Southern,AFE,2003,815.433657549659
Africa Eastern and Southern,AFE,2002,630.513380226995
Africa Eastern and Southern,AFE,2001,625.82886019759
Africa Eastern and Southern,AFE,2000,706.728440776917
Africa Western and Central,AFW,2023,1846.24681069313
Africa Western and Central,AFW,2022,2143.07209365676
Africa Western and Central,AFW,2021,2116.9382941844
Africa Western and Central,AFW,2020,2034.43793971923
Africa Western and Central,AFW,2019,2219.41255534667
Africa Western and Central,AFW,2018,1723.11446346681
Africa Western and Central,AFW,2017,1577.20349674013
Africa Western and Central,AFW,2016,1632.42497788744
Africa Western and Central,AFW,2015,1863.40151301991
Africa Western and Central,AFW,2014,2224.32958643376
Africa Western and Central,AFW,2013,2134.24752369303
Africa Western and Central,AFW,2012,1943.37255535786
Africa Western and Central,AFW,2011,1846.10292552744
Africa Western and Central,AFW,2010,1664.49204549878
Africa Western and Central,AFW,2009,1455.22391926317
Africa Western and Central,AFW,2008,1668.61565308526
Africa Western and Central,AFW,2007,1407.72881703262
Africa Western and Central,AFW,2006,1236.31604057497
Africa Western and Central,AFW,2005,1001.134464675
Africa Western and Central,AFW,2004,839.345851531298
Africa Western and Central,AFW,2003,698.41059773746
Africa Western and Central,AFW,2002,620.160708220684
Africa Western and Central,AFW,2001,533.677179675639
Africa Western and Central,AFW,2000,519.642599510731
Arab World,ARB,2023,7504.35637695627
Arab World,ARB,2022,7960.81158770821
Arab World,ARB,2021,6708.20761928893
Arab World,ARB,2020,5749.75163256627
Arab World,ARB,2019,6683.67016877686
Arab World,ARB,2018,6708.53121256784
Arab World,ARB,2017,6105.92161804571
Arab World,ARB,2016,6051.26103619544
Arab World,ARB,2015,6299.87807685552
Arab World,ARB,2014,7347.6211570264
Arab World,ARB,2013,7384.79221541888
Arab World,ARB,2012,7392.55638357541
Arab World,ARB,2011,6924.20289420703
Arab World,ARB,2010,5957.50539498481
Arab World,ARB,2009,5142.65633137166
Arab World,ARB,2008,6100.53937632387
Arab World,ARB,2007,4940.70153714799
Arab World,ARB,2006,4355.05761532494
Arab World,ARB,2005,3750.69817199291
Arab World,ARB,2004,3133.70136960221
Arab World,ARB,2003,2696.67250919404
Arab World,ARB,2002,2483.50270297478
Arab World,ARB,2001,2536.15266480025
Arab World,ARB,2000,2664.12544702947
Caribbean small states,CSS,2023,17609.6827071212
Caribbean small states,CSS,2022,17449.5193422186
Caribbean small states,CSS,2021,13996.4475071755
Caribbean small states,CSS,2020,11961.4085449634
Caribbean small states,CSS,2019,13995.7626558947
Caribbean small states,CSS,2018,13896.5484095788
Caribbean small states,CSS,2017,13708.7525902396
Caribbean small states,CSS,2016,13377.8260731233
Caribbean small states,CSS,2015,14497.8798625347
Caribbean small states,CSS,2014,14962.943351851
Caribbean small states,CSS,2013,14575.4918879542
Caribbean small states,CSS,2012,14225.6111466707
Caribbean small states,CSS,2011,13503.1582761636
Caribbean small states,CSS,2010,12652.5691256578
Caribbean small states,CSS,2009,11554.0589194758
Caribbean small states,CSS,2008,13890.1303094208
Caribbean small states,CSS,2007,12134.9066978741
Caribbean small states,CSS,2006,10883.0475520742
Caribbean small states,CSS,2005,9439.33720644986
Caribbean small states,CSS,2004,8233.61082543875
Caribbean small states,CSS,2003,7551.08983381761
Caribbean small states,CSS,2002,6903.07418576198
Caribbean small states,CSS,2001,6647.62547849072
Caribbean small states,CSS,2000,6477.26482123395
Central Europe and the Baltics,CEB,2023,22693.9504470566
Central Europe and the Baltics,CEB,2022,19526.2463443821
Central Europe and the Baltics,CEB,2021,19224.3287744219
Central Europe and the Baltics,CEB,2020,16581.3833261524
Central Europe and the Baltics,CEB,2019,16534.9661895205
Central Europe and the Baltics,CEB,2018,16227.2845341706
Central Europe and the Baltics,CEB,2017,14339.8488594791
Central Europe and the Baltics,CEB,2016,12874.7280619541
Central Europe and the Baltics,CEB,2015,12596.9151136003
Central Europe and the Baltics,CEB,2014,14208.4390487349
Central Europe and the Baltics,CEB,2013,13712.7077940364
Central Europe and the Baltics,CEB,2012,13104.0873095326
Central Europe and the Baltics,CEB,2011,13997.3297794653
Central Europe and the Baltics,CEB,2010,12635.7782121319
Central Europe and the Baltics,CEB,2009,12302.0593290327
Central Europe and the Baltics,CEB,2008,14534.2467521669
Central Europe and the Baltics,CEB,2007,11906.4959653819
Central Europe and the Baltics,CEB,2006,9337.74049720614
Central Europe and the Baltics,CEB,2005,8223.09810996167
Central Europe and the Baltics,CEB,2004,7046.22188812688
Central Europe and the Baltics,CEB,2003,5828.29660100317
Central Europe and the Baltics,CEB,2002,4843.41064833504
Central Europe and the Baltics,CEB,2001,4274.13236367221
Central Europe and the Baltics,CEB,2000,3880.42695915578
Early-demographic dividend,EAR,2023,4212.16924807645
Early-demographic dividend,EAR,2022,4017.48956260692
Early-demographic dividend,EAR,2021,3697.4103832017
Early-demographic dividend,EAR,2020,3185.49787368673
Early-demographic dividend,EAR,2019,3481.75530893525
Early-demographic dividend,EAR,2018,3460.86264008666
Early-demographic dividend,EAR,2017,3457.91719451195
Early-demographic dividend,EAR,2016,3227.64814256759
Early-demographic dividend,EAR,2015,3178.86716124226
Early-demographic dividend,EAR,2014,3351.66429566368
Early-demographic dividend,EAR,2013,3332.30407501939
Early-demographic dividend,EAR,2012,3362.32207931577
Early-demographic dividend,EAR,2011,3266.19695006658
Early-demographic dividend,EAR,2010,2941.65330428569
Early-demographic dividend,EAR,2009,2458.1646507679
Early-demographic dividend,EAR,2008,2595.48033593556
Early-demographic dividend,EAR,2007,2342.58782127684
Early-demographic dividend,EAR,2006,2011.02350805054
Early-demographic dividend,EAR,2005,1788.22041048826
Early-demographic dividend,EAR,2004,1563.0603884093
Early-demographic dividend,EAR,2003,1368.4299919013
Early-demographic dividend,EAR,2002,1251.30345037129
Early-demographic dividend,EAR,2001,1311.07657774218
Early-demographic dividend,EAR,2000,1346.19872596642
East Asia & Pacific,EAS,2023,13251.5119797804
East Asia & Pacific,EAS,2022,13219.5863562213
East Asia & Pacific,EAS,2021,13416.9773441612
East Asia & Pacific,EAS,2020,11697.5156784805
East Asia & Pacific,EAS,2019,11677.4429355606
East Asia & Pacific,EAS,2018,11487.5096772887
East Asia & Pacific,EAS,2017,10612.7930790259
East Asia & Pacific,EAS,2016,10011.552668647
East Asia & Pacific,EAS,2015,9730.64405529046
East Asia & Pacific,EAS,2014,9832.43196516945
East Asia & Pacific,EAS,2013,9580.35094813005
East Asia & Pacific,EAS,2012,9534.44491469921
East Asia & Pacific,EAS,2011,8976.49484706491
East Asia & Pacific,EAS,2010,7808.0701040139
East Asia & Pacific,EAS,2009,6735.16059526359
East Asia & Pacific,EAS,2008,6593.64477271098
East Asia & Pacific,EAS,2007,5760.12938767038
East Asia & Pacific,EAS,2006,5191.90669962482
East Asia & Pacific,EAS,2005,4931.62605587014
East Asia & Pacific,EAS,2004,4657.50834759879
East Asia & Pacific,EAS,2003,4188.46280036812
East Asia & Pacific,EAS,2002,3844.08681401566
East Asia & Pacific,EAS,2001,3814.30946425229
East Asia & Pacific,EAS,2000,4139.47126719887
East Asia & Pacific (excluding high income),EAP,2023,10126.4304121407
East Asia & Pacific (excluding high income),EAP,2022,10107.0569545516
East Asia & Pacific (excluding high income),EAP,2021,9974.57917918464
East Asia & Pacific (excluding high income),EAP,2020,8391.23898302179
East Asia & Pacific (excluding high income),EAP,2019,8286.45749748666
East Asia & Pacific (excluding high income),EAP,2018,8046.00446277369
East Asia & Pacific (excluding high income),EAP,2017,7241.98321346974
East Asia & Pacific (excluding high income),EAP,2016,6683.23529656879
East Asia & Pacific (excluding high income),EAP,2015,6589.81824245918
East Asia & Pacific (excluding high income),EAP,2014,6373.70120967496
East Asia & Pacific (excluding high income),EAP,2013,5952.82148677207
East Asia & Pacific (excluding high income),EAP,2012,5434.82585097081
East Asia & Pacific (excluding high income),EAP,2011,4913.89455378862
East Asia & Pacific (excluding high income),EAP,2010,4057.8659052455
East Asia & Pacific (excluding high income),EAP,2009,3359.51841456412
East Asia & Pacific (excluding high income),EAP,2008,3117.832791739
East Asia & Pacific (excluding high income),EAP,2007,2481.38755806042
East Asia & Pacific (excluding high income),EAP,2006,1976.632047491
East Asia & Pacific (excluding high income),EAP,2005,1653.67971343756
East Asia & Pacific (excluding high income),EAP,2004,1439.93214544909
East Asia & Pacific (excluding high income),EAP,2003,1251.27771537034
East Asia & Pacific (excluding high income),EAP,2002,1113.99915248458
East Asia & Pacific (excluding high income),EAP,2001,1014.52467005611
East Asia & Pacific (excluding high income),EAP,2000,961.301422356711
East Asia & Pacific (IDA & IBRD countries),TEA,2023,10240.3474676862
East Asia & Pacific (IDA & IBRD countries),TEA,2022,10220.556668162
East Asia & Pacific (IDA & IBRD countries),TEA,2021,10086.4082581275
East Asia & Pacific (IDA & IBRD countries),TEA,2020,8485.28948088661
East Asia & Pacific (IDA & IBRD countries),TEA,2019,8379.42503514668
East Asia & Pacific (IDA & IBRD countries),TEA,2018,8136.42934013947
East Asia & Pacific (IDA & IBRD countries),TEA,2017,7323.57112357326
East Asia & Pacific (IDA & IBRD countries),TEA,2016,6758.79473763568
East Asia & Pacific (IDA & IBRD countries),TEA,2015,6664.53447337008
East Asia & Pacific (IDA & IBRD countries),TEA,2014,6446.18938511466
East Asia & Pacific (IDA & IBRD countries),TEA,2013,6020.77821511419
East Asia & Pacific (IDA & IBRD countries),TEA,2012,5497.15541159145
East Asia & Pacific (IDA & IBRD countries),TEA,2011,4970.50414407986
East Asia & Pacific (IDA & IBRD countries),TEA,2010,4104.80139766727
East Asia & Pacific (IDA & IBRD countries),TEA,2009,3398.52810801107
East Asia & Pacific (IDA & IBRD countries),TEA,2008,3154.16917322889
East Asia & Pacific (IDA & IBRD countries),TEA,2007,2510.42063084895
East Asia & Pacific (IDA & IBRD countries),TEA,2006,1999.8599576078
East Asia & Pacific (IDA & IBRD countries),TEA,2005,1673.18872013796
East Asia & Pacific (IDA & IBRD countries),TEA,2004,1456.9669469541
East Asia & Pacific (IDA & IBRD countries),TEA,2003,1266.10778868123
East Asia & Pacific (IDA & IBRD countries),TEA,2002,1127.25093373191
East Asia & Pacific (IDA & IBRD countries),TEA,2001,1026.64920971957
East Asia & Pacific (IDA & IBRD countries),TEA,2000,972.833173903317
Euro area,EMU,2023,44797.6445281418
Euro area,EMU,2022,41105.3462099324
Euro area,EMU,2021,42432.2915720012
Euro area,EMU,2020,37727.4543067337
Euro area,EMU,2019,38679.6118917933
Euro area,EMU,2018,39562.0814189751
Euro area,EMU,2017,36691.2109171985
Euro area,EMU,2016,34690.2425639991
Euro area,EMU,2015,33928.614137702
Euro area,EMU,2014,39333.1197168101
Euro area,EMU,2013,38455.0565897822
Euro area,EMU,2012,36851.3355744745
Euro area,EMU,2011,39878.1184039802
Euro area,EMU,2010,36841.2601014872
Euro area,EMU,2009,37790.1201693815
Euro area,EMU,2008,41406.6598917961
Euro area,EMU,2007,37801.9316069832
Euro area,EMU,2006,32961.2886272812
Euro area,EMU,2005,31116.2703580738
Euro area,EMU,2004,30138.8874750838
Euro area,EMU,2003,26413.8767866986
Euro area,EMU,2002,21551.1260975546
Euro area,EMU,2001,19818.819395825
Euro area,EMU,2000,19563.0908791645
Europe & Central Asia,ECS,2023,30015.7640895399
Europe & Central Asia,ECS,2022,27968.286148204
Europe & Central Asia,ECS,2021,27700.9996673888
Europe & Central Asia,ECS,2020,24187.2451763556
Europe & Central Asia,ECS,2019,25045.1218961925
Europe & Central Asia,ECS,2018,25435.6875035469
Europe & Central Asia,ECS,2017,23839.7319723826
Europe & Central Asia,ECS,2016,22554.6821198127
Europe & Central Asia,ECS,2015,22742.4739859372
Europe & Central Asia,ECS,2014,26517.017870416
Europe & Central Asia,ECS,2013,26236.2854279738
Europe & Central Asia,ECS,2012,25199.9785660563
Europe & Central Asia,ECS,2011,26273.0443343471
Europe & Central Asia,ECS,2010,23731.6668640025
Europe & Central Asia,ECS,2009,23278.878278705
Europe & Central Asia,ECS,2008,26536.4846361214
Europe & Central Asia,ECS,2007,24200.3324793455
Europe & Central Asia,ECS,2006,20762.3175860338
Europe & Central Asia,ECS,2005,19220.7137732995
Europe & Central Asia,ECS,2004,18104.0502985006
Europe & Central Asia,ECS,2003,15575.04178024
Europe & Central Asia,ECS,2002,12842.35970826
Europe & Central Asia,ECS,2001,11750.2018063072
Europe & Central Asia,ECS,2000,11645.6378071747
Europe & Central Asia (excluding high income),ECA,2023,8609.12296290637
Europe & Central Asia (excluding high income),ECA,2022,7264.37321853889
Europe & Central Asia (excluding high income),ECA,2021,6632.57221034255
Europe & Central Asia (excluding high income),ECA,2020,5734.46191312695
Europe & Central Asia (excluding high income),ECA,2019,6036.15175345642
Europe & Central Asia (excluding high income),ECA,2018,5947.15360517457
Europe & Central Asia (excluding high income),ECA,2017,6129.93083517607
Europe & Central Asia (excluding high income),ECA,2016,6023.54753164072
Europe & Central Asia (excluding high income),ECA,2015,6338.80741019255
Europe & Central Asia (excluding high income),ECA,2014,7334.84338588205
Europe & Central Asia (excluding high income),ECA,2013,7707.27955254226
Europe & Central Asia (excluding high income),ECA,2012,7126.81359535263
Europe & Central Asia (excluding high income),ECA,2011,6817.02366099691
Europe & Central Asia (excluding high income),ECA,2010,6044.40742137607
Europe & Central Asia (excluding high income),ECA,2009,5125.28238536429
Europe & Central Asia (excluding high income),ECA,2008,6191.2490187656
Europe & Central Asia (excluding high income),ECA,2007,5206.58156726071
Europe & Central Asia (excluding high income),ECA,2006,4142.51945509226
Europe & Central Asia (excluding high income),ECA,2005,3576.78042249065
Europe & Central Asia (excluding high income),ECA,2004,2883.61748103773
Europe & Central Asia (excluding high income),ECA,2003,2249.77906607995
Europe & Central Asia (excluding high income),ECA,2002,1771.95605994237
Europe & Central Asia (excluding high income),ECA,2001,1529.6291666061
Europe & Central Asia (excluding high income),ECA,2000,1790.79766009483
Europe & Central Asia (IDA & IBRD countries),TEC,2023,12070.5942969794
Europe & Central Asia (IDA & IBRD countries),TEC,2022,11422.1622613514
Europe & Central Asia (IDA & IBRD countries),TEC,2021,9992.00521619821
Europe & Central Asia (IDA & IBRD countries),TEC,2020,8455.78453528889
Europe & Central Asia (IDA & IBRD countries),TEC,2019,9040.92665915657
Europe & Central Asia (IDA & IBRD countries),TEC,2018,8885.56352555245
Europe & Central Asia (IDA & IBRD countries),TEC,2017,8571.09823045668
Europe & Central Asia (IDA & IBRD countries),TEC,2016,7679.02768410566
Europe & Central Asia (IDA & IBRD countries),TEC,2015,8034.6842596255
Europe & Central Asia (IDA & IBRD countries),TEC,2014,10330.3982164695
Europe & Central Asia (IDA & IBRD countries),TEC,2013,10986.3954318467
Europe & Central Asia (IDA & IBRD countries),TEC,2012,10435.8086234655
Europe & Central Asia (IDA & IBRD countries),TEC,2011,10044.9046719064
Europe & Central Asia (IDA & IBRD countries),TEC,2010,8293.77511577841
Europe & Central Asia (IDA & IBRD countries),TEC,2009,7074.11060707405
Europe & Central Asia (IDA & IBRD countries),TEC,2008,8951.35076734201
Europe & Central Asia (IDA & IBRD countries),TEC,2007,7247.0818892658
Europe & Central Asia (IDA & IBRD countries),TEC,2006,5633.02971807333
Europe & Central Asia (IDA & IBRD countries),TEC,2005,4660.83802232756
Europe & Central Asia (IDA & IBRD countries),TEC,2004,3723.46934484203
Europe & Central Asia (IDA & IBRD countries),TEC,2003,2879.67149467058
Europe & Central Asia (IDA & IBRD countries),TEC,2002,2340.84304586083
Europe & Central Asia (IDA & IBRD countries),TEC,2001,2080.99745064169
Europe & Central Asia (IDA & IBRD countries),TEC,2000,2044.36249557921
European Union,EUU,2023,41566.8992410802
European Union,EUU,2022,38066.8240398192
European Union,EUU,2021,39206.9663368683
European Union,EUU,2020,34694.7105012203
European Union,EUU,2019,35374.1493923083
European Union,EUU,2018,36076.9018014875
European Union,EUU,2017,33394.5944932308
European Union,EUU,2016,31456.903580129
European Union,EUU,2015,30771.6635221374
European Union,EUU,2014,35590.1074295737
European Union,EUU,2013,34804.7359239781
European Union,EUU,2012,33324.7758491129
European Union,EUU,2011,35963.3218067157
European Union,EUU,2010,33119.5730126034
European Union,EUU,2009,33632.1592985196
European Union,EUU,2008,37160.0102168184
European Union,EUU,2007,33682.862816778
European Union,EUU,2006,29169.3897071187
European Union,EUU,2005,27400.009679177
European Union,EUU,2004,26335.8502555339
European Union,EUU,2003,22991.2367735241
European Union,EUU,2002,18773.5039434434
European Union,EUU,2001,17208.9035778997
European Union,EUU,2000,16956.0404946054
Heavily indebted poor countries (HIPC),HPC,2023,1157.85200500349
Heavily indebted poor countries (HIPC),HPC,2022,1123.26894975331
Heavily indebted poor countries (HIPC),HPC,2021,1062.58689269634
Heavily indebted poor countries (HIPC),HPC,2020,963.808519118256
Heavily indebted poor countries (HIPC),HPC,2019,984.553372875279
Heavily indebted poor countries (HIPC),HPC,2018,986.447970381036
Heavily indebted poor countries (HIPC),HPC,2017,944.105800649501
Heavily indebted poor countries (HIPC),HPC,2016,895.291971418288
Heavily indebted poor countries (HIPC),HPC,2015,917.924140878178
Heavily indebted poor countries (HIPC),HPC,2014,987.602359884364
Heavily indebted poor countries (HIPC),HPC,2013,961.217621514844
Heavily indebted poor countries (HIPC),HPC,2012,881.63617561985
Heavily indebted poor countries (HIPC),HPC,2011,873.650099679893
Heavily indebted poor countries (HIPC),HPC,2010,812.484497775064
Heavily indebted poor countries (HIPC),HPC,2009,765.227759350497
Heavily indebted poor countries (HIPC),HPC,2008,797.853979826874
Heavily indebted poor countries (HIPC),HPC,2007,688.798854303596
Heavily indebted poor countries (HIPC),HPC,2006,593.589508638215
Heavily indebted poor countries (HIPC),HPC,2005,520.051978903637
Heavily indebted poor countries (HIPC),HPC,2004,462.69284908131
Heavily indebted poor countries (HIPC),HPC,2003,413.081573267984
Heavily indebted poor countries (HIPC),HPC,2002,374.815740144912
Heavily indebted poor countries (HIPC),HPC,2001,355.439130988616
Heavily indebted poor countries (HIPC),HPC,2000,377.738635531548
IBRD only,IBD,2023,7892.13359236419
IBRD only,IBD,2022,7679.78639337735
IBRD only,IBD,2021,7312.40590533832
IBRD only,IBD,2020,6189.46595997499
IBRD only,IBD,2019,6474.8042775296
IBRD only,IBD,2018,6392.20731313147
IBRD only,IBD,2017,6053.47287028012
IBRD only,IBD,2016,5535.21577803788
IBRD only,IBD,2015,5546.81934137697
IBRD only,IBD,2014,5950.16216217417
IBRD only,IBD,2013,5846.25966334365
IBRD only,IBD,2012,5618.13811823482
IBRD only,IBD,2011,5343.53397444837
IBRD only,IBD,2010,4561.8882339923
IBRD only,IBD,2009,3790.75249729841
IBRD only,IBD,2008,3945.34608241117
IBRD only,IBD,2007,3321.08172264245
IBRD only,IBD,2006,2700.5584752855
IBRD only,IBD,2005,2300.5584330495
IBRD only,IBD,2004,1947.23507651148
IBRD only,IBD,2003,1652.80727671574
IBRD only,IBD,2002,1487.72265916078
IBRD only,IBD,2001,1481.39214433174
IBRD only,IBD,2000,1477.69267353361
IDA & IBRD total,IBT,2023,6126.38809068241
IDA & IBRD total,IBT,2022,6024.32591287554
IDA & IBRD total,IBT,2021,5754.17990139813
IDA & IBRD total,IBT,2020,4923.39708871472
IDA & IBRD total,IBT,2019,5168.03480575859
IDA & IBRD total,IBT,2018,5085.0801851085
IDA & IBRD total,IBT,2017,4833.02970118676
IDA & IBRD total,IBT,2016,4450.00988856601
IDA & IBRD total,IBT,2015,4477.24409653758
IDA & IBRD total,IBT,2014,4804.51316862211
IDA & IBRD total,IBT,2013,4717.03916410479
IDA & IBRD total,IBT,2012,4533.14634719975
IDA & IBRD total,IBT,2011,4326.07595088347
IDA & IBRD total,IBT,2010,3717.27572230721
IDA & IBRD total,IBT,2009,3109.97518704155
IDA & IBRD total,IBT,2008,3246.16083645656
IDA & IBRD total,IBT,2007,2742.89733889853
IDA & IBRD total,IBT,2006,2247.88945009061
IDA & IBRD total,IBT,2005,1919.85540188438
IDA & IBRD total,IBT,2004,1633.26981850024
IDA & IBRD total,IBT,2003,1392.51743382731
IDA & IBRD total,IBT,2002,1256.74155740893
IDA & IBRD total,IBT,2001,1248.9779659314
IDA & IBRD total,IBT,2000,1251.89644845646
IDA blend,IDB,2023,1922.68195677238
IDA blend,IDB,2022,2241.22931753571
IDA blend,IDB,2021,2148.31628647273
IDA blend,IDB,2020,2014.81189013082
IDA blend,IDB,2019,2210.55539131628
IDA blend,IDB,2018,1873.7385939606
IDA blend,IDB,2017,1808.86674135882
IDA blend,IDB,2016,1810.82104602308
IDA blend,IDB,2015,1967.8941145813
IDA blend,IDB,2014,2113.88702279641
IDA blend,IDB,2013,1985.51999918718
IDA blend,IDB,2012,1858.79619423645
IDA blend,IDB,2011,1719.51377446132
IDA blend,IDB,2010,1546.66486887393
IDA blend,IDB,2009,1350.16810895914
IDA blend,IDB,2008,1479.93269655131
IDA blend,IDB,2007,1296.2173611862
IDA blend,IDB,2006,1148.89181901573
IDA blend,IDB,2005,957.944483664019
IDA blend,IDB,2004,837.139763788514
IDA blend,IDB,2003,712.277506392089
IDA blend,IDB,2002,644.972024028045
IDA blend,IDB,2001,602.892871771324
IDA blend,IDB,2000,619.821306061985
IDA only,IDX,2023,1330.08005697828
IDA only,IDX,2022,1333.98547158611
IDA only,IDX,2021,1257.78054041357
IDA only,IDX,2020,1172.52623503626
IDA only,IDX,2019,1187.14057928369
IDA only,IDX,2018,1159.99786764696
IDA only,IDX,2017,1111.6681922431
IDA only,IDX,2016,1054.71572764683
IDA only,IDX,2015,1024.03892548547
IDA only,IDX,2014,1049.90073249233
IDA only,IDX,2013,1006.28967463937
IDA only,IDX,2012,945.920267718204
IDA only,IDX,2011,961.703390548921
IDA only,IDX,2010,877.931098861538
IDA only,IDX,2009,784.649862360077
IDA only,IDX,2008,791.399137322918
IDA only,IDX,2007,667.193009421069
IDA only,IDX,2006,574.088143326774
IDA only,IDX,2005,507.282797445149
IDA only,IDX,2004,449.904326574615
IDA only,IDX,2003,405.965046031424
IDA only,IDX,2002,369.922434331718
IDA only,IDX,2001,356.699060688205
IDA only,IDX,2000,373.051251961926
IDA total,IDA,2023,1536.73358897841
IDA total,IDA,2022,1651.01916315494
IDA total,IDA,2021,1569.43031809587
IDA total,IDA,2020,1467.74475406134
IDA total,IDA,2019,1546.57261928545
IDA total,IDA,2018,1411.20738303305
IDA total,IDA,2017,1357.47789528252
IDA total,IDA,2016,1321.74768141485
IDA total,IDA,2015,1357.9051932623
IDA total,IDA,2014,1426.50032692763
IDA total,IDA,2013,1352.92860920219
IDA total,IDA,2012,1268.90303240531
IDA total,IDA,2011,1229.70549062646
IDA total,IDA,2010,1114.11982511932
IDA total,IDA,2009,983.967184072154
IDA total,IDA,2008,1033.53201301258
IDA total,IDA,2007,888.098620952193
IDA total,IDA,2006,775.720250575223
IDA total,IDA,2005,664.968624835506
IDA total,IDA,2004,585.169295585171
IDA total,IDA,2003,512.591796853946
IDA total,IDA,2002,465.592286036378
IDA total,IDA,2001,442.155782696439
IDA total,IDA,2000,458.450137815774
Late-demographic dividend,LTE,2023,12427.24971376
Late-demographic dividend,LTE,2022,12287.4566066286
Late-demographic dividend,LTE,2021,11760.0897155889
Late-demographic dividend,LTE,2020,9874.06805462328
Late-demographic dividend,LTE,2019,10120.4663725773
Late-demographic dividend,LTE,2018,9966.8758096194
Late-demographic dividend,LTE,2017,9138.44151395876
Late-demographic dividend,LTE,2016,8297.33628667142
Late-demographic dividend,LTE,2015,8331.63288950883
Late-demographic dividend,LTE,2014,8923.25719295961
Late-demographic dividend,LTE,2013,8644.25759929064
Late-demographic dividend,LTE,2012,8073.2092545931
Late-demographic dividend,LTE,2011,7598.75700554996
Late-demographic dividend,LTE,2010,6277.14833950582
Late-demographic dividend,LTE,2009,5245.34288910066
Late-demographic dividend,LTE,2008,5453.26292482574
Late-demographic dividend,LTE,2007,4409.30545340337
Late-demographic dividend,LTE,2006,3519.25786036637
Late-demographic dividend,LTE,2005,2933.48126780409
Late-demographic dividend,LTE,2004,2447.19375720562
Late-demographic dividend,LTE,2003,2048.6554132749
Late-demographic dividend,LTE,2002,1809.49031464168
Late-demographic dividend,LTE,2001,1717.76267736624
Late-demographic dividend,LTE,2000,1673.00080694053
Latin America & Caribbean,LCN,2023,10507.6138782353
Latin America & Caribbean,LCN,2022,9412.05924553392
Latin America & Caribbean,LCN,2021,8292.15210222359
Latin America & Caribbean,LCN,2020,7169.39235876452
Latin America & Caribbean,LCN,2019,8539.95940708219
Latin America & Caribbean,LCN,2018,8778.55673829884
Latin America & Caribbean,LCN,2017,9065.82390216762
Latin America & Caribbean,LCN,2016,8241.51169070648
Latin America & Caribbean,LCN,2015,8546.9179023802
Latin America & Caribbean,LCN,2014,10146.146495038
Latin America & Caribbean,LCN,2013,10305.4184021496
Latin America & Caribbean,LCN,2012,10328.6495660788
Latin America & Caribbean,LCN,2011,10334.0365238871
Latin America & Caribbean,LCN,2010,9183.55248272126
Latin America & Caribbean,LCN,2009,7495.05965615866
Latin America & Caribbean,LCN,2008,8077.96531899755
Latin America & Caribbean,LCN,2007,7035.79956287181
Latin America & Caribbean,LCN,2006,6047.73392908046
Latin America & Caribbean,LCN,2005,5229.89898576251
Latin America & Caribbean,LCN,2004,4385.89830635252
Latin America & Caribbean,LCN,2003,3862.13749613595
Latin America & Caribbean,LCN,2002,3839.19614822294
Latin America & Caribbean,LCN,2001,4326.63992053347
Latin America & Caribbean,LCN,2000,4472.58411072464
Latin America & Caribbean (excluding high income),LAC,2023,9891.4632795533
Latin America & Caribbean (excluding high income),LAC,2022,8838.67169511547
Latin America & Caribbean (excluding high income),LAC,2021,7694.61136917625
Latin America & Caribbean (excluding high income),LAC,2020,6651.15822114273
Latin America & Caribbean (excluding high income),LAC,2019,8006.02224102566
Latin America & Caribbean (excluding high income),LAC,2018,8231.91428708974
Latin America & Caribbean (excluding high income),LAC,2017,8568.05689042807
Latin America & Caribbean (excluding high income),LAC,2016,7751.59336930245
Latin America & Caribbean (excluding high income),LAC,2015,8087.33242325425
Latin America & Caribbean (excluding high income),LAC,2014,9758.39172353217
Latin America & Caribbean (excluding high income),LAC,2013,9901.44144000481
Latin America & Caribbean (excluding high income),LAC,2012,9967.79376326951
Latin America & Caribbean (excluding high income),LAC,2011,10025.1749134261
Latin America & Caribbean (excluding high income),LAC,2010,8899.0906686542
Latin America & Caribbean (excluding high income),LAC,2009,7221.64357521268
Latin America & Caribbean (excluding high income),LAC,2008,7812.5897626227
Latin America & Caribbean (excluding high income),LAC,2007,6758.18967480352
Latin America & Caribbean (excluding high income),LAC,2006,5770.60290833363
Latin America & Caribbean (excluding high income),LAC,2005,4984.72783651475
Latin America & Caribbean (excluding high income),LAC,2004,4155.65949507287
Latin America & Caribbean (excluding high income),LAC,2003,3662.99926133031
Latin America & Caribbean (excluding high income),LAC,2002,3657.85196421423
Latin America & Caribbean (excluding high income),LAC,2001,4163.09141082413
Latin America & Caribbean (excluding high income),LAC,2000,4315.31686378392
Latin America & the Caribbean (IDA & IBRD countries),TLA,2023,10259.5487208892
Latin America & the Caribbean (IDA & IBRD countries),TLA,2022,9177.79711881332
Latin America & the Caribbean (IDA & IBRD countries),TLA,2021,8076.87634033776
Latin America & the Caribbean (IDA & IBRD countries),TLA,2020,6965.15053129735
Latin America & the Caribbean (IDA & IBRD countries),TLA,2019,8363.2081656376
Latin America & the Caribbean (IDA & IBRD countries),TLA,2018,8620.65095771156
Latin America & the Caribbean (IDA & IBRD countries),TLA,2017,8918.58515585187
Latin America & the Caribbean (IDA & IBRD countries),TLA,2016,8082.0851229591
Latin America & the Caribbean (IDA & IBRD countries),TLA,2015,8404.04978849744
Latin America & the Caribbean (IDA & IBRD countries),TLA,2014,10059.0239257076
Latin America & the Caribbean (IDA & IBRD countries),TLA,2013,10230.3626492605
Latin America & the Caribbean (IDA & IBRD countries),TLA,2012,10261.7354879621
Latin America & the Caribbean (IDA & IBRD countries),TLA,2011,10277.434412177
Latin America & the Caribbean (IDA & IBRD countries),TLA,2010,9115.37372505227
Latin America & the Caribbean (IDA & IBRD countries),TLA,2009,7386.60044484214
Latin America & the Caribbean (IDA & IBRD countries),TLA,2008,7989.38012096582
Latin America & the Caribbean (IDA & IBRD countries),TLA,2007,6927.88293213364
Latin America & the Caribbean (IDA & IBRD countries),TLA,2006,5926.88235769307
Latin America & the Caribbean (IDA & IBRD countries),TLA,2005,5103.97071369353
Latin America & the Caribbean (IDA & IBRD countries),TLA,2004,4252.8384478077
Latin America & the Caribbean (IDA & IBRD countries),TLA,2003,3728.7274317918
Latin America & the Caribbean (IDA & IBRD countries),TLA,2002,3714.37478753607
Latin America & the Caribbean (IDA & IBRD countries),TLA,2001,4222.97448407526
Latin America & the Caribbean (IDA & IBRD countries),TLA,2000,4388.92619654046
Least developed countries: UN classification,LDC,2023,1258.15690309732
Least developed countries: UN classification,LDC,2022,1298.29338219278
Least developed countries: UN classification,LDC,2021,1175.42321388464
Least developed countries: UN classification,LDC,2020,1089.46260850363
Least developed countries: UN classification,LDC,2019,1106.28664072321
Least developed countries: UN classification,LDC,2018,1082.35070462921
Least developed countries: UN classification,LDC,2017,1037.25514816682
Least developed countries: UN classification,LDC,2016,968.123330592586
Least developed countries: UN classification,LDC,2015,983.414934367096
Least developed countries: UN classification,LDC,2014,1056.97673052647
Least developed countries: UN classification,LDC,2013,1007.4142967268
Least developed countries: UN classification,LDC,2012,947.852167260893
Least developed countries: UN classification,LDC,2011,925.476117160599
Least developed countries: UN classification,LDC,2010,831.843840698341
Least developed countries: UN classification,LDC,2009,751.965080386192
Least developed countries: UN classification,LDC,2008,778.954486616236
Least developed countries: UN classification,LDC,2007,648.873362581636
Least developed countries: UN classification,LDC,2006,552.997930938455
Least developed countries: UN classification,LDC,2005,487.477531865706
Least developed countries: UN classification,LDC,2004,420.034056451314
Least developed countries: UN classification,LDC,2003,373.857895132539
Least developed countries: UN classification,LDC,2002,338.101121320549
Least developed countries: UN classification,LDC,2001,314.11849513558
Least developed countries: UN classification,LDC,2000,333.541041289596
Low & middle income,LMY,2023,5733.51584469729
Low & middle income,LMY,2022,5626.6962378216
Low & middle income,LMY,2021,5422.11312035073
Low & middle income,LMY,2020,4646.47209072865
Low & middle income,LMY,2019,4857.12471542798
Low & middle income,LMY,2018,4773.03574184686
Low & middle income,LMY,2017,4543.08689291431
Low & middle income,LMY,2016,4211.54702250163
Low & middle income,LMY,2015,4223.77742891002
Low & middle income,LMY,2014,4422.77737437186
Low & middle income,LMY,2013,4290.6132325261
Low & middle income,LMY,2012,4118.30612372108
Low & middle income,LMY,2011,3921.45366982115
Low & middle income,LMY,2010,3399.2509126603
Low & middle income,LMY,2009,2835.65326081723
Low & middle income,LMY,2008,2864.71513254652
Low & middle income,LMY,2007,2438.533897181
Low & middle income,LMY,2006,2012.45292596824
Low & middle income,LMY,2005,1731.57858565204
Low & middle income,LMY,2004,1485.19021783787
Low & middle income,LMY,2003,1282.06751065817
Low & middle income,LMY,2002,1165.81880007426
Low & middle income,LMY,2001,1166.62849081531
Low & middle income,LMY,2000,1181.58700856793
"Middle East, North Africa, Afghanistan & Pakistan",MEA,2023,6144.70308054742
"Middle East, North Africa, Afghanistan & Pakistan",MEA,2022,6436.74030312288
"Middle East, North Africa, Afghanistan & Pakistan",MEA,2021,5622.19134191977
"Middle East, North Africa, Afghanistan & Pakistan",MEA,2020,4749.14341262891
"Middle East, North Africa, Afghanistan & Pakistan",MEA,2019,5416.06362418233
"Middle East, North Africa, Afghanistan & Pakistan",MEA,2018,5550.31969384997
"Middle East, North Africa, Afghanistan & Pakistan",MEA,2017,5283.42471158364
"Middle East, North Africa, Afghanistan & Pakistan",MEA,2016,5130.21030038801
"Middle East, North Africa, Afghanistan & Pakistan",MEA,2015,5130.25978607342
"Middle East, North Africa, Afghanistan & Pakistan",MEA,2014,5814.71484290247
"Middle East, North Africa, Afghanistan & Pakistan",MEA,2013,5871.07008125381
"Middle East, North Africa, Afghanistan & Pakistan",MEA,2012,6052.38238208124
"Middle East, North Africa, Afghanistan & Pakistan",MEA,2011,5735.78283895152
"Middle East, North Africa, Afghanistan & Pakistan",MEA,2010,4874.74374602995
"Middle East, North Africa, Afghanistan & Pakistan",MEA,2009,4261.00104677278
"Middle East, North Africa, Afghanistan & Pakistan",MEA,2008,4838.92296020983
"Middle East, North Africa, Afghanistan & Pakistan",MEA,2007,4009.6538543062
"Middle East, North Africa, Afghanistan & Pakistan",MEA,2006,3482.13613849624
"Middle East, North Africa, Afghanistan & Pakistan",MEA,2005,3050.54818555888
"Middle East, North Africa, Afghanistan & Pakistan",MEA,2004,2623.96338362197
"Middle East, North Africa, Afghanistan & Pakistan",MEA,2003,2279.27390627646
"Middle East, North Africa, Afghanistan & Pakistan",MEA,2002,2092.42649543325
"Middle East, North Africa, Afghanistan & Pakistan",MEA,2001,2152.65763807858
"Middle East, North Africa, Afghanistan & Pakistan",MEA,2000,2220.17760810318
"Middle East, North Africa, Afghanistan & Pakistan (excluding high income)",MNA,2023,2872.39008505083
"Middle East, North Africa, Afghanistan & Pakistan (excluding high income)",MNA,2022,3022.54814280134
"Middle East, North Africa, Afghanistan & Pakistan (excluding high income)",MNA,2021,2760.50031198582
"Middle East, North Africa, Afghanistan & Pakistan (excluding high income)",MNA,2020,2415.26254491139
"Middle East, North Africa, Afghanistan & Pakistan (excluding high income)",MNA,2019,2701.71325265282
"Middle East, North Africa, Afghanistan & Pakistan (excluding high income)",MNA,2018,2815.3901774218
"Middle East, North Africa, Afghanistan & Pakistan (excluding high income)",MNA,2017,2865.83515636992
"Middle East, North Africa, Afghanistan & Pakistan (excluding high income)",MNA,2016,2869.01813118566
"Middle East, North Africa, Afghanistan & Pakistan (excluding high income)",MNA,2015,2808.6233441937
"Middle East, North Africa, Afghanistan & Pakistan (excluding high income)",MNA,2014,3079.70398875281
"Middle East, North Africa, Afghanistan & Pakistan (excluding high income)",MNA,2013,3153.94010992027
"Middle East, North Africa, Afghanistan & Pakistan (excluding high income)",MNA,2012,3417.92480806409
"Middle East, North Africa, Afghanistan & Pakistan (excluding high income)",MNA,2011,3237.8356313737
"Middle East, North Africa, Afghanistan & Pakistan (excluding high income)",MNA,2010,2821.50866622906
"Middle East, North Africa, Afghanistan & Pakistan (excluding high income)",MNA,2009,2515.92356926376
"Middle East, North Africa, Afghanistan & Pakistan (excluding high income)",MNA,2008,2658.20562971484
"Middle East, North Africa, Afghanistan & Pakistan (excluding high income)",MNA,2007,2237.26190656626
"Middle East, North Africa, Afghanistan & Pakistan (excluding high income)",MNA,2006,1883.12072392022
"Middle East, North Africa, Afghanistan & Pakistan (excluding high income)",MNA,2005,1657.11019014742
"Middle East, North Africa, Afghanistan & Pakistan (excluding high income)",MNA,2004,1463.04140886351
"Middle East, North Africa, Afghanistan & Pakistan (excluding high income)",MNA,2003,1263.87606211705
"Middle East, North Africa, Afghanistan & Pakistan (excluding high income)",MNA,2002,1168.52531612381
"Middle East, North Africa, Afghanistan & Pakistan (excluding high income)",MNA,2001,1226.17513564007
"Middle East, North Africa, Afghanistan & Pakistan (excluding high income)",MNA,2000,1247.47233601948
"Middle East, North Africa, Afghanistan & Pakistan (IDA & IBRD)",TMN,2023,2867.14499885351
"Middle East, North Africa, Afghanistan & Pakistan (IDA & IBRD)",TMN,2022,3017.03706401547
"Middle East, North Africa, Afghanistan & Pakistan (IDA & IBRD)",TMN,2021,2754.03924421055
"Middle East, North Africa, Afghanistan & Pakistan (IDA & IBRD)",TMN,2020,2409.54729126605
"Middle East, North Africa, Afghanistan & Pakistan (IDA & IBRD)",TMN,2019,2695.09130976796
"Middle East, North Africa, Afghanistan & Pakistan (IDA & IBRD)",TMN,2018,2810.24942028442
"Middle East, North Africa, Afghanistan & Pakistan (IDA & IBRD)",TMN,2017,2860.68231685818
"Middle East, North Africa, Afghanistan & Pakistan (IDA & IBRD)",TMN,2016,2864.53445831005
"Middle East, North Africa, Afghanistan & Pakistan (IDA & IBRD)",TMN,2015,2805.48695611112
"Middle East, North Africa, Afghanistan & Pakistan (IDA & IBRD)",TMN,2014,3077.87148288398
"Middle East, North Africa, Afghanistan & Pakistan (IDA & IBRD)",TMN,2013,3152.86009912184
"Middle East, North Africa, Afghanistan & Pakistan (IDA & IBRD)",TMN,2012,3420.25908562298
"Middle East, North Africa, Afghanistan & Pakistan (IDA & IBRD)",TMN,2011,3240.2024082126
"Middle East, North Africa, Afghanistan & Pakistan (IDA & IBRD)",TMN,2010,2823.25407911922
"Middle East, North Africa, Afghanistan & Pakistan (IDA & IBRD)",TMN,2009,2518.05377845565
"Middle East, North Africa, Afghanistan & Pakistan (IDA & IBRD)",TMN,2008,2662.28112447526
"Middle East, North Africa, Afghanistan & Pakistan (IDA & IBRD)",TMN,2007,2240.98839135161
"Middle East, North Africa, Afghanistan & Pakistan (IDA & IBRD)",TMN,2006,1885.14874832022
"Middle East, North Africa, Afghanistan & Pakistan (IDA & IBRD)",TMN,2005,1657.84291463325
"Middle East, North Africa, Afghanistan & Pakistan (IDA & IBRD)",TMN,2004,1463.30459081335
"Middle East, North Africa, Afghanistan & Pakistan (IDA & IBRD)",TMN,2003,1263.9157454015
"Middle East, North Africa, Afghanistan & Pakistan (IDA & IBRD)",TMN,2002,1168.60409646318
"Middle East, North Africa, Afghanistan & Pakistan (IDA & IBRD)",TMN,2001,1225.47782863822
"Middle East, North Africa, Afghanistan & Pakistan (IDA & IBRD)",TMN,2000,1246.01970518845
Middle income,MIC,2023,6342.84660727863
Middle income,MIC,2022,6209.92727259514
Middle income,MIC,2021,5980.00050387597
Middle income,MIC,2020,5110.03730012152
Middle income,MIC,2019,5333.00944959533
Middle income,MIC,2018,5231.9314869653
Middle income,MIC,2017,4970.75305971396
Middle income,MIC,2016,4598.01556540424
Middle income,MIC,2015,4597.60474958281
Middle income,MIC,2014,4808.99653991663
Middle income,MIC,2013,4661.49740787105
Middle income,MIC,2012,4467.32549649132
Middle income,MIC,2011,4240.03549037097
Middle income,MIC,2010,3664.92162337478
Middle income,MIC,2009,3047.40789191738
Middle income,MIC,2008,3073.19618643341
Middle income,MIC,2007,2613.04907204417
Middle income,MIC,2006,2152.970922294
Middle income,MIC,2005,1849.46883810202
Middle income,MIC,2004,1585.10628044678
Middle income,MIC,2003,1366.50745222422
Middle income,MIC,2002,1240.91759491541
Middle income,MIC,2001,1242.22843960232
Middle income,MIC,2000,1255.46174685563
North America,NAC,2023,79647.6390981082
North America,NAC,2022,75769.6975468613
North America,NAC,2021,69532.9041926862
North America,NAC,2020,62319.8671337986
North America,NAC,2019,63306.810223782
North America,NAC,2018,61228.2000482629
North America,NAC,2017,58555.9003870103
North America,NAC,2016,56416.7892083026
North America,NAC,2015,55534.4614029189
North America,NAC,2014,54742.8371458308
North America,NAC,2013,53240.3655883832
North America,NAC,2012,51812.8656700661
North America,NAC,2011,50252.0190049531
North America,NAC,2010,48545.8113186856
North America,NAC,2009,46581.4200397343
North America,NAC,2008,48398.3833708608
North America,NAC,2007,47727.7733811193
North America,NAC,2006,45741.3313198546
North America,NAC,2005,43368.601911774
North America,NAC,2004,40788.4854021089
North America,NAC,2003,38395.549732626
North America,NAC,2002,36652.0071224205
North America,NAC,2001,35831.4544724133
North America,NAC,2000,35151.3741865271
OECD members,OED,2023,47135.6137232065
OECD members,OED,2022,44455.8357743973
OECD members,OED,2021,43495.5049948213
OECD members,OED,2020,38947.5669905773
OECD members,OED,2019,39940.835037623
OECD members,OED,2018,39756.7556647363
OECD members,OED,2017,37802.8422452392
OECD members,OED,2016,36407.3771727139
OECD members,OED,2015,35931.9232791311
OECD members,OED,2014,38322.7280627757
OECD members,OED,2013,37734.7608375528
OECD members,OED,2012,37418.2889334065
OECD members,OED,2011,37684.316544302
OECD members,OED,2010,35218.2377011995
OECD members,OED,2009,33797.3269999518
OECD members,OED,2008,36379.9826441371
OECD members,OED,2007,34523.8151277644
OECD members,OED,2006,31752.91909492
OECD members,OED,2005,30304.5007827724
OECD members,OED,2004,28854.8834355731
OECD members,OED,2003,26110.166791868
OECD members,OED,2002,23526.1851223646
OECD members,OED,2001,22718.6795215023
OECD members,OED,2000,23105.8699621372
Other small states,OSS,2023,15346.6488924949
Other small states,OSS,2022,14326.3081658507
Other small states,OSS,2021,13718.3632503913
Other small states,OSS,2020,11772.0946960495
Other small states,OSS,2019,12908.1967698249
Other small states,OSS,2018,13026.838449762
Other small states,OSS,2017,11950.9760651787
Other small states,OSS,2016,10813.3811118925
Other small states,OSS,2015,10359.1167773921
Other small states,OSS,2014,11682.6156441392
Other small states,OSS,2013,11421.7952581155
Other small states,OSS,2012,11084.4148894956
Other small states,OSS,2011,11469.9525501466
Other small states,OSS,2010,10149.5633726375
Other small states,OSS,2009,9814.08008723362
Other small states,OSS,2008,11530.7215015978
Other small states,OSS,2007,10758.8136221104
Other small states,OSS,2006,9046.80164945419
Other small states,OSS,2005,8233.42010554921
Other small states,OSS,2004,7419.76155978909
Other small states,OSS,2003,6311.81177494905
Other small states,OSS,2002,5142.2476529809
Other small states,OSS,2001,4780.95492842206
Other small states,OSS,2000,4847.4503226921
Pacific island small states,PSS,2023,4199.64948077192
Pacific island small states,PSS,2022,3941.90128416234
Pacific island small states,PSS,2021,3646.98862815783
Pacific island small states,PSS,2020,3632.52907231285
Pacific island small states,PSS,2019,4185.0758997627
Pacific island small states,PSS,2018,4295.18182253285
Pacific island small states,PSS,2017,4147.00368611764
Pacific island small states,PSS,2016,3898.87961923979
Pacific island small states,PSS,2015,3761.06673610832
Pacific island small states,PSS,2014,3891.36256203141
Pacific island small states,PSS,2013,3630.10394299084
Pacific island small states,PSS,2012,3493.28831201062
Pacific island small states,PSS,2011,3338.30793678792
Pacific island small states,PSS,2010,2899.88573139903
Pacific island small states,PSS,2009,2666.87195227178
Pacific island small states,PSS,2008,2989.60481007125
Pacific island small states,PSS,2007,2817.98969436478
Pacific island small states,PSS,2006,2586.22776155533
Pacific island small states,PSS,2005,2490.44783617075
Pacific island small states,PSS,2004,2270.72657197828
Pacific island small states,PSS,2003,1997.28054068901
Pacific island small states,PSS,2002,1695.01147879967
Pacific island small states,PSS,2001,1637.06349067775
Pacific island small states,PSS,2000,1686.6056817652
Post-demographic dividend,PST,2023,54507.2154710128
Post-demographic dividend,PST,2022,51597.0182783268
Post-demographic dividend,PST,2021,50433.5519322417
Post-demographic dividend,PST,2020,45174.5036479433
Post-demographic dividend,PST,2019,46125.7453007656
Post-demographic dividend,PST,2018,45787.7299792029
Post-demographic dividend,PST,2017,43356.99969696
Post-demographic dividend,PST,2016,41720.329677393
Post-demographic dividend,PST,2015,40960.9089975197
Post-demographic dividend,PST,2014,43482.2905959942
Post-demographic dividend,PST,2013,42757.0705462921
Post-demographic dividend,PST,2012,42453.1056245877
Post-demographic dividend,PST,2011,42699.7581912628
Post-demographic dividend,PST,2010,39869.2354180288
Post-demographic dividend,PST,2009,38399.5766429162
Post-demographic dividend,PST,2008,40986.2032462103
Post-demographic dividend,PST,2007,38925.4514993488
Post-demographic dividend,PST,2006,35873.6218378841
Post-demographic dividend,PST,2005,34268.541288057
Post-demographic dividend,PST,2004,32722.7857826302
Post-demographic dividend,PST,2003,29606.2954023988
Post-demographic dividend,PST,2002,26549.4716468681
Post-demographic dividend,PST,2001,25583.1763027363
Post-demographic dividend,PST,2000,25965.6198092905
Pre-demographic dividend,PRE,2023,1559.36615928619
Pre-demographic dividend,PRE,2022,1769.1914721872
Pre-demographic dividend,PRE,2021,1594.39804852433
Pre-demographic dividend,PRE,2020,1497.18872625076
Pre-demographic dividend,PRE,2019,1682.64777483043
Pre-demographic dividend,PRE,2018,1452.10811367974
Pre-demographic dividend,PRE,2017,1341.55710823713
Pre-demographic dividend,PRE,2016,1318.65578321566
Pre-demographic dividend,PRE,2015,1526.04099231967
Pre-demographic dividend,PRE,2014,1849.26650645876
Pre-demographic dividend,PRE,2013,1797.07620788678
Pre-demographic dividend,PRE,2012,1687.90559427919
Pre-demographic dividend,PRE,2011,1597.7670422466
Pre-demographic dividend,PRE,2010,1422.25838961236
Pre-demographic dividend,PRE,2009,1253.05147524894
Pre-demographic dividend,PRE,2008,1424.0703685436
Pre-demographic dividend,PRE,2007,1174.15015770746
Pre-demographic dividend,PRE,2006,998.07823930556
Pre-demographic dividend,PRE,2005,815.995032153718
Pre-demographic dividend,PRE,2004,671.224356830207
Pre-demographic dividend,PRE,2003,554.625659623811
Pre-demographic dividend,PRE,2002,523.955261767573
Pre-demographic dividend,PRE,2001,466.255676779194
Pre-demographic dividend,PRE,2000,503.881865569121
Small states,SST,2023,14360.785757405
Small states,SST,2022,13644.5029834497
Small states,SST,2021,12435.8612830054
Small states,SST,2020,10730.4939107969
Small states,SST,2019,11997.3036529705
Small states,SST,2018,12064.6886372837
Small states,SST,2017,11319.4921033734
Small states,SST,2016,10492.0492970632
Small states,SST,2015,10451.9964952878
Small states,SST,2014,11422.9709382889
Small states,SST,2013,11137.9509953235
Small states,SST,2012,10829.4075164827
Small states,SST,2011,10887.8653862795
Small states,SST,2010,9799.55180930436
Small states,SST,2009,9299.40869272154
Small states,SST,2008,10984.7646983248
Small states,SST,2007,10056.4113345434
Small states,SST,2006,8649.77205518934
Small states,SST,2005,7779.56425219565
Small states,SST,2004,6954.24066365358
Small states,SST,2003,6060.66996564824
Small states,SST,2002,5133.23248844722
Small states,SST,2001,4839.48717715581
Small states,SST,2000,4846.98211684438
South Asia,SAS,2023,2449.857142451
South Asia,SAS,2022,2326.72890585805
South Asia,SAS,2021,2273.72055805692
South Asia,SAS,2020,1957.20343709781
South Asia,SAS,2019,2067.05975680251
South Asia,SAS,2018,1988.36633317988
South Asia,SAS,2017,1956.06707563972
South Asia,SAS,2016,1722.90703396273
South Asia,SAS,2015,1570.54142452744
South Asia,SAS,2014,1528.4920875126
South Asia,SAS,2013,1405.84072374278
South Asia,SAS,2012,1387.18205938261
South Asia,SAS,2011,1397.0068255002
South Asia,SAS,2010,1294.02734415145
South Asia,SAS,2009,1054.43555885745
South Asia,SAS,2008,958.275511460297
South Asia,SAS,2007,967.697911561283
South Asia,SAS,2006,769.378704313512
South Asia,SAS,2005,686.338193475473
South Asia,SAS,2004,606.478041696258
South Asia,SAS,2003,532.66154684429
South Asia,SAS,2002,462.898836496672
South Asia,SAS,2001,446.418919348871
South Asia,SAS,2000,440.467918910931
South Asia (IDA & IBRD),TSA,2023,2449.857142451
South Asia (IDA & IBRD),TSA,2022,2326.72890585805
South Asia (IDA & IBRD),TSA,2021,2273.72055805692
South Asia (IDA & IBRD),TSA,2020,1957.20343709781
South Asia (IDA & IBRD),TSA,2019,2067.05975680251
South Asia (IDA & IBRD),TSA,2018,1988.36633317988
South Asia (IDA & IBRD),TSA,2017,1956.06707563972
South Asia (IDA & IBRD),TSA,2016,1722.90703396273
South Asia (IDA & IBRD),TSA,2015,1570.54142452744
South Asia (IDA & IBRD),TSA,2014,1528.4920875126
South Asia (IDA & IBRD),TSA,2013,1405.84072374278
South Asia (IDA & IBRD),TSA,2012,1387.18205938261
South Asia (IDA & IBRD),TSA,2011,1397.0068255002
South Asia (IDA & IBRD),TSA,2010,1294.02734415145
South Asia (IDA & IBRD),TSA,2009,1054.43555885745
South Asia (IDA & IBRD),TSA,2008,958.275511460297
South Asia (IDA & IBRD),TSA,2007,967.697911561283
South Asia (IDA & IBRD),TSA,2006,769.378704313512
South Asia (IDA & IBRD),TSA,2005,686.338193475473
South Asia (IDA & IBRD),TSA,2004,606.478041696258
South Asia (IDA & IBRD),TSA,2003,532.66154684429
South Asia (IDA & IBRD),TSA,2002,462.898836496672
South Asia (IDA & IBRD),TSA,2001,446.418919348871
South Asia (IDA & IBRD),TSA,2000,440.467918910931
Sub-Saharan Africa,SSF,2023,1682.2261488119
Sub-Saharan Africa,SSF,2022,1864.70686111925
Sub-Saharan Africa,SSF,2021,1785.98118191144
Sub-Saharan Africa,SSF,2020,1628.43873346869
Sub-Saharan Africa,SSF,2019,1797.04121765415
Sub-Saharan Africa,SSF,2018,1622.59575329634
Sub-Saharan Africa,SSF,2017,1549.18831908585
Sub-Saharan Africa,SSF,2016,1456.65211115929
Sub-Saharan Africa,SSF,2015,1647.32085826836
Sub-Saharan Africa,SSF,2014,1907.73210907064
Sub-Saharan Africa,SSF,2013,1880.39980462364
Sub-Saharan Africa,SSF,2012,1818.06125449252
Sub-Saharan Africa,SSF,2011,1796.16109829226
Sub-Saharan Africa,SSF,2010,1643.30753523371
Sub-Saharan Africa,SSF,2009,1427.57787495772
Sub-Saharan Africa,SSF,2008,1537.38333094262
Sub-Saharan Africa,SSF,2007,1391.26803582887
Sub-Saharan Africa,SSF,2006,1234.75609892112
Sub-Saharan Africa,SSF,2005,1074.12476310665
Sub-Saharan Africa,SSF,2004,926.94326619829
Sub-Saharan Africa,SSF,2003,766.914712241418
Sub-Saharan Africa,SSF,2002,625.805568583085
Sub-Saharan Africa,SSF,2001,587.710901869404
Sub-Saharan Africa,SSF,2000,629.85955320409
Sub-Saharan Africa (excluding high income),SSA,2023,1680.66097936273
Sub-Saharan Africa (excluding high income),SSA,2022,1863.26040059117
Sub-Saharan Africa (excluding high income),SSA,2021,1784.88774854725
Sub-Saharan Africa (excluding high income),SSA,2020,1627.39235037313
Sub-Saharan Africa (excluding high income),SSA,2019,1795.55378673641
Sub-Saharan Africa (excluding high income),SSA,2018,1621.1285196776
Sub-Saharan Africa (excluding high income),SSA,2017,1547.77467837023
Sub-Saharan Africa (excluding high income),SSA,2016,1455.29231657117
Sub-Saharan Africa (excluding high income),SSA,2015,1646.07300085129
Sub-Saharan Africa (excluding high income),SSA,2014,1906.51557748593
Sub-Saharan Africa (excluding high income),SSA,2013,1879.20059513022
Sub-Saharan Africa (excluding high income),SSA,2012,1817.07773780046
Sub-Saharan Africa (excluding high income),SSA,2011,1795.17977483773
Sub-Saharan Africa (excluding high income),SSA,2010,1642.37471849237
Sub-Saharan Africa (excluding high income),SSA,2009,1426.74291944931
Sub-Saharan Africa (excluding high income),SSA,2008,1536.38359632821
Sub-Saharan Africa (excluding high income),SSA,2007,1390.0998726156
Sub-Saharan Africa (excluding high income),SSA,2006,1233.53123307184
Sub-Saharan Africa (excluding high income),SSA,2005,1072.97884278867
Sub-Saharan Africa (excluding high income),SSA,2004,925.860782822606
Sub-Saharan Africa (excluding high income),SSA,2003,765.978126389081
Sub-Saharan Africa (excluding high income),SSA,2002,624.838806284965
Sub-Saharan Africa (excluding high income),SSA,2001,586.826461493206
Sub-Saharan Africa (excluding high income),SSA,2000,628.967997107944
Sub-Saharan Africa (IDA & IBRD countries),TSS,2023,1682.2261488119
Sub-Saharan Africa (IDA & IBRD countries),TSS,2022,1864.70686111924
Sub-Saharan Africa (IDA & IBRD countries),TSS,2021,1785.98118191144
Sub-Saharan Africa (IDA & IBRD countries),TSS,2020,1628.43873346869
Sub-Saharan Africa (IDA & IBRD countries),TSS,2019,1797.04121765415
Sub-Saharan Africa (IDA & IBRD countries),TSS,2018,1622.59575329634
Sub-Saharan Africa (IDA & IBRD countries),TSS,2017,1549.18831908585
Sub-Saharan Africa (IDA & IBRD countries),TSS,2016,1456.65211115929
Sub-Saharan Africa (IDA & IBRD countries),TSS,2015,1647.32085826836
Sub-Saharan Africa (IDA & IBRD countries),TSS,2014,1907.73210907064
Sub-Saharan Africa (IDA & IBRD countries),TSS,2013,1880.39980462364
Sub-Saharan Africa (IDA & IBRD countries),TSS,2012,1818.06125449252
Sub-Saharan Africa (IDA & IBRD countries),TSS,2011,1796.16109829226
Sub-Saharan Africa (IDA & IBRD countries),TSS,2010,1643.30753523371
Sub-Saharan Africa (IDA & IBRD countries),TSS,2009,1427.57787495773
Sub-Saharan Africa (IDA & IBRD countries),TSS,2008,1537.38333094262
Sub-Saharan Africa (IDA & IBRD countries),TSS,2007,1391.26803582887
Sub-Saharan Africa (IDA & IBRD countries),TSS,2006,1234.75609892113
Sub-Saharan Africa (IDA & IBRD countries),TSS,2005,1074.12476310665
Sub-Saharan Africa (IDA & IBRD countries),TSS,2004,926.943266198291
Sub-Saharan Africa (IDA & IBRD countries),TSS,2003,766.914712241419
Sub-Saharan Africa (IDA & IBRD countries),TSS,2002,625.805568583085
Sub-Saharan Africa (IDA & IBRD countries),TSS,2001,587.710901869404
Sub-Saharan Africa (IDA & IBRD countries),TSS,2000,629.859553204091
World,WLD,2023,13313.8575826001
World,WLD,2022,12876.2377124072
World,WLD,2021,12472.9074157191
World,WLD,2020,10999.4917581781
World,WLD,2019,11417.5958587724
World,WLD,2018,11344.728168656
World,WLD,2017,10784.3950896297
World,WLD,2016,10239.4656645738
World,WLD,2015,10191.9752512662
World,WLD,2014,10912.2447775638
World,WLD,2013,10759.3457336689
World,WLD,2012,10597.8460782595
World,WLD,2011,10496.9310026996
World,WLD,2010,9555.06543969498
World,WLD,2009,8827.04322994899
World,WLD,2008,9425.73781604823
World,WLD,2007,8685.33108680793
World,WLD,2006,7803.19467222601
World,WLD,2005,7290.5661453297
World,WLD,2004,6818.00375324836
World,WLD,2003,6129.8663827398
World,WLD,2002,5539.32465002692
World,WLD,2001,5404.20269822848
World,WLD,2000,5512.56177163867
Afghanistan,AFG,2023,413.757894705303
Afghanistan,AFG,2022,357.261152798144
Afghanistan,AFG,2021,356.496214115892
Afghanistan,AFG,2020,510.787063366811
Afghanistan,AFG,2019,496.6025042585
Afghanistan,AFG,2018,491.337221382603
Afghanistan,AFG,2017,525.469770891619
Afghanistan,AFG,2016,522.082215583898
Afghanistan,AFG,2015,565.569730408751
Afghanistan,AFG,2014,625.054941813938
Afghanistan,AFG,2013,637.087099117099
Afghanistan,AFG,2012,651.417134470046
Afghanistan,AFG,2011,606.694676337726
Afghanistan,AFG,2010,560.621505463146
Afghanistan,AFG,2009,452.053705477043
Afghanistan,AFG,2008,381.73323802844
Afghanistan,AFG,2007,376.223152003876
Afghanistan,AFG,2006,274.218553561575
Afghanistan,AFG,2005,254.184249149336
Afghanistan,AFG,2004,221.763653873013
Afghanistan,AFG,2003,198.871115728727
Afghanistan,AFG,2002,178.954088379235
Afghanistan,AFG,2001,138.706821676113
Afghanistan,AFG,2000,174.930991430166
Albania,ALB,2023,9740.7023414631
Albania,ALB,2022,7756.96188744253
Albania,ALB,2021,7242.45513146613
Albania,ALB,2020,6027.91350716348
Albania,ALB,2019,6069.43903131027
Albania,ALB,2018,5897.65452588774
Albania,ALB,2017,5006.36012951959
Albania,ALB,2016,4457.63412207495
Albania,ALB,2015,4199.53912925398
Albania,ALB,2014,4793.59751131525
Albania,ALB,2013,4542.92903556739
Albania,ALB,2012,4280.93316338873
Albania,ALB,2011,4465.70914328865
Albania,ALB,2010,4149.14469936847
Albania,ALB,2009,4213.65007574693
Albania,ALB,2008,4498.50486763601
Albania,ALB,2007,3743.05529896187
Albania,ALB,2006,3057.77257038113
Albania,ALB,2005,2741.72136549578
Albania,ALB,2004,2446.90949947798
Albania,ALB,2003,1908.69900687608
Albania,ALB,2002,1479.83884572006
Albania,ALB,2001,1326.41652388077
Albania,ALB,2000,1160.42047054038
Algeria,DZA,2023,5370.477235078
Algeria,DZA,2022,4960.30334332888
Algeria,DZA,2021,4160.55926736925
Algeria,DZA,2020,3743.5419522929
Algeria,DZA,2019,4468.45341883656
Algeria,DZA,2018,4577.21029180491
Algeria,DZA,2017,4554.66753957828
Algeria,DZA,2016,4424.98529027556
Algeria,DZA,2015,4685.05902729002
Algeria,DZA,2014,6094.69392314956
Algeria,DZA,2013,5979.60138960585
Algeria,DZA,2012,6033.64884689543
Algeria,DZA,2011,5916.31364364343
Algeria,DZA,2010,4912.78585503672
Algeria,DZA,2009,4235.42990456612
Algeria,DZA,2008,5180.91881514686
Algeria,DZA,2007,4167.45169937531
Algeria,DZA,2006,3660.66104745322
Algeria,DZA,2005,3233.13339634212
Algeria,DZA,2004,2816.99384960555
Algeria,DZA,2003,2283.77299346126
Algeria,DZA,2002,1937.46411413019
Algeria,DZA,2001,1896.30020878013
Algeria,DZA,2000,1772.92869122761
American Samoa,ASM,2023,
American Samoa,ASM,2022,18017.4589383973
American Samoa,ASM,2021,15236.1604875571
American Samoa,ASM,2020,14489.2586563775
American Samoa,ASM,2019,12886.1359517218
American Samoa,ASM,2018,12552.0546868861
American Samoa,ASM,2017,11863.6839452565
American Samoa,ASM,2016,12843.3342903627
American Samoa,ASM,2015,12727.4102651386
American Samoa,ASM,2014,12026.3344929488
American Samoa,ASM,2013,11813.5022034589
American Samoa,ASM,2012,11745.4899153958
American Samoa,ASM,2011,10383.459331451
American Samoa,ASM,2010,10375.1720141957
American Samoa,ASM,2009,12156.0293905777
American Samoa,ASM,2008,10030.8089130902
American Samoa,ASM,2007,9231.37240924563
American Samoa,ASM,2006,8745.16621137404
American Samoa,ASM,2005,8831.26975996609
American Samoa,ASM,2004,8958.42866697173
American Samoa,ASM,2003,9197.66196836987
American Samoa,ASM,2002,8972.69636535698
American Samoa,ASM,2001,
American Samoa,ASM,2000,
Andorra,AND,2023,46812.448450114
Andorra,AND,2022,42414.0590111349
Andorra,AND,2021,42425.6996761083
Andorra,AND,2020,37361.090067211
Andorra,AND,2019,41257.8045861543
Andorra,AND,2018,42819.774579353
Andorra,AND,2017,40672.9943362327
Andorra,AND,2016,40129.8192026671
Andorra,AND,2015,38654.9347217207
Andorra,AND,2014,44369.6596894579
Andorra,AND,2013,42470.3161158563
Andorra,AND,2012,41500.5435782722
Andorra,AND,2011,46657.1561204071
Andorra,AND,2010,42746.830952263
Andorra,AND,2009,43975.0183658196
Andorra,AND,2008,49132.5157047203
Andorra,AND,2007,48336.2283340364
Andorra,AND,2006,43467.210990395
Andorra,AND,2005,40829.801878928
Andorra,AND,2004,39021.1278078772
Andorra,AND,2003,34063.5784040571
Andorra,AND,2002,26528.1301571494
Andorra,AND,2001,23511.2951466328
Andorra,AND,2000,21810.2487426174
Angola,AGO,2023,2885.51349130806
Angola,AGO,2022,3598.53669077341
Angola,AGO,2021,2266.96834861584
Angola,AGO,2020,1749.1794838482
Angola,AGO,2019,2507.86807213642
Angola,AGO,2018,2891.83032378747
Angola,AGO,2017,2832.14997950512
Angola,AGO,2016,2082.37343594705
Angola,AGO,2015,3641.72893920253
Angola,AGO,2014,5649.68762467535
Angola,AGO,2013,5688.57916213471
Angola,AGO,2012,5702.45306277434
Angola,AGO,2011,5184.15269151846
Angola,AGO,2010,4101.63715564669
Angola,AGO,2009,3645.14846565169
Angola,AGO,2008,4578.15526451058
Angola,AGO,2007,3515.05678985496
Angola,AGO,2006,2930.44428606516
Angola,AGO,2005,2145.88621098663
Angola,AGO,2004,1451.47117870872
Angola,AGO,2003,1133.66331960414
Angola,AGO,2002,999.065855956628
Angola,AGO,2001,533.586202412447
Angola,AGO,2000,563.733795571487
Antigua and Barbuda,ATG,2023,22012.2625947994
Antigua and Barbuda,ATG,2022,20003.3909394099
Antigua and Barbuda,ATG,2021,17348.6006987182
Antigua and Barbuda,ATG,2020,15369.6082250401
Antigua and Barbuda,ATG,2019,18896.3721832248
Antigua and Barbuda,ATG,2018,18273.4270684912
Antigua and Barbuda,ATG,2017,16965.7288273816
Antigua and Barbuda,ATG,2016,16556.8551801588
Antigua and Barbuda,ATG,2015,16077.6340769406
Antigua and Barbuda,ATG,2014,15532.1062063584
Antigua and Barbuda,ATG,2013,15051.5113587425
Antigua and Barbuda,ATG,2012,15639.8078114787
Antigua and Barbuda,ATG,2011,14911.7275084471
Antigua and Barbuda,ATG,2010,15217.3950790922
Antigua and Barbuda,ATG,2009,16472.2478528568
Antigua and Barbuda,ATG,2008,18786.6743142216
Antigua and Barbuda,ATG,2007,18204.5124043068
Antigua and Barbuda,ATG,2006,16173.8136329968
Antigua and Barbuda,ATG,2005,14368.5708796058
Antigua and Barbuda,ATG,2004,13037.8895772257
Antigua and Barbuda,ATG,2003,12173.2319860305
Antigua and Barbuda,ATG,2002,11658.6949915956
Antigua and Barbuda,ATG,2001,11539.1825063308
Antigua and Barbuda,ATG,2000,12027.4949768222
Argentina,ARG,2023,14261.8465667948
Argentina,ARG,2022,13962.1894087223
Argentina,ARG,2021,10738.0179223384
Argentina,ARG,2020,8535.59938004389
Argentina,ARG,2019,9955.97478680428
Argentina,ARG,2018,11752.7998922979
Argentina,ARG,2017,14532.5009308511
Argentina,ARG,2016,12699.9623137756
Argentina,ARG,2015,13679.6264980954
Argentina,ARG,2014,12233.1444119186
Argentina,ARG,2013,12963.675773326
Argentina,ARG,2012,12949.717486654
Argentina,ARG,2011,12704.2831819684
Argentina,ARG,2010,10260.1313108254
Argentina,ARG,2009,8150.23527028221
Argentina,ARG,2008,8944.1102657357
Argentina,ARG,2007,7185.25155147027
Argentina,ARG,2006,5869.38028970204
Argentina,ARG,2005,5067.65342293276
Argentina,ARG,2004,4242.02099089422
Argentina,ARG,2003,3320.47775133903
Argentina,ARG,2002,2569.69963519124
Argentina,ARG,2001,7141.47507662826
Argentina,ARG,2000,7637.01489203628
Armenia,ARM,2023,8159.08720967996
Armenia,ARM,2022,6571.97445545099
Armenia,ARM,2021,4685.17997128509
Armenia,ARM,2020,4268.68093304583
Armenia,ARM,2019,4597.22887399548
Armenia,ARM,2018,4196.00562301769
Armenia,ARM,2017,3869.05373867752
Armenia,ARM,2016,3524.42476874707
Armenia,ARM,2015,3512.39350276709
Armenia,ARM,2014,3852.11800610384
Armenia,ARM,2013,3680.16692158886
Armenia,ARM,2012,3511.56399687426
Armenia,ARM,2011,3349.55309771906
Armenia,ARM,2010,3041.34450723339
Armenia,ARM,2009,2820.5926553347
Armenia,ARM,2008,3777.66859313767
Armenia,ARM,2007,2962.70234594569
Armenia,ARM,2006,2041.65267068997
Armenia,ARM,2005,1557.48458908655
Armenia,ARM,2004,1130.08791444158
Armenia,ARM,2003,882.030167695474
Armenia,ARM,2002,742.651118319819
Armenia,ARM,2001,659.588988535629
Armenia,ARM,2000,593.450581742282
Aruba,ABW,2023,34897.6183932009
Aruba,ABW,2022,31000.5713798732
Aruba,ABW,2021,26827.3447869986
Aruba,ABW,2020,22664.3709949437
Aruba,ABW,2019,30654.4851235397
Aruba,ABW,2018,30082.1584226798
Aruba,ABW,2017,28440.0416881491
Aruba,ABW,2016,27441.5502144601
Aruba,ABW,2015,27458.2201537506
Aruba,ABW,2014,26129.8390617693
Aruba,ABW,2013,25813.5714408438
Aruba,ABW,2012,25119.6655449838
Aruba,ABW,2011,25712.3843015186
Aruba,ABW,2010,24093.1401510626
Aruba,ABW,2009,25134.7712303589
Aruba,ABW,2008,28171.9094008501
Aruba,ABW,2007,26736.3089444046
Aruba,ABW,2006,24845.65848362
Aruba,ABW,2005,24171.8371325422
Aruba,ABW,2004,23700.6319899197
Aruba,ABW,2003,21949.4859960868
Aruba,ABW,2002,21307.2482505267
Aruba,ABW,2001,20740.1325828172
Aruba,ABW,2000,20681.0230269625
Australia,AUS,2023,65058.3773146674
Australia,AUS,2022,65169.5191118657
Australia,AUS,2021,60758.9044397144
Australia,AUS,2020,51983.4523666382
Australia,AUS,2019,55194.7585097428
Australia,AUS,2018,57410.1737346009
Australia,AUS,2017,54117.547718609
Australia,AUS,2016,50084.4440606385
Australia,AUS,2015,56970.3613028094
Australia,AUS,2014,62817.2061751737
Australia,AUS,2013,68476.6788496118
Australia,AUS,2012,68301.4402512587
Australia,AUS,2011,62799.3895017032
Australia,AUS,2010,52313.8939041213
Australia,AUS,2009,42954.8494884573
Australia,AUS,2008,49811.2067218988
Australia,AUS,2007,41128.2476618402
Australia,AUS,2006,36658.8243476122
Australia,AUS,2005,34535.20727091
Australia,AUS,2004,30886.0500949401
Australia,AUS,2003,23757.5898471684
Australia,AUS,2002,20335.0960191023
Australia,AUS,2001,19733.6510102645
Australia,AUS,2000,21908.9968019784
Austria,AUT,2023,56579.504175468
Austria,AUT,2022,52336.7725223758
Austria,AUT,2021,53648.6437976214
Austria,AUT,2020,48716.4098900349
Austria,AUT,2019,49885.9947355204
Austria,AUT,2018,51194.0749841299
Austria,AUT,2017,47163.7425775142
Austria,AUT,2016,45061.4993920192
Austria,AUT,2015,43915.228020857
Austria,AUT,2014,51314.9722616322
Austria,AUT,2013,50305.3545774973
Austria,AUT,2012,48250.4059142637
Austria,AUT,2011,51116.8953522042
Austria,AUT,2010,46611.1393420232
Austria,AUT,2009,47857.4446635266
Austria,AUT,2008,51581.3982361071
Austria,AUT,2007,46622.9622913635
Austria,AUT,2006,40382.2078298575
Austria,AUT,2005,38157.37022862
Austria,AUT,2004,36614.2506533707
Austria,AUT,2003,32110.1159661425
Austria,AUT,2002,26334.862215032
Austria,AUT,2001,24430.495982841
Austria,AUT,2000,24487.2974685956
Azerbaijan,AZE,2023,7133.02838048328
Azerbaijan,AZE,2022,7770.594223351
Azerbaijan,AZE,2021,5408.04535175023
Azerbaijan,AZE,2020,4229.91064904503
Azerbaijan,AZE,2019,4805.75371765917
Azerbaijan,AZE,2018,4739.7943123408
Azerbaijan,AZE,2017,4147.1981423222
Azerbaijan,AZE,2016,3880.6852276838
Azerbaijan,AZE,2015,5500.50364628486
Azerbaijan,AZE,2014,7890.84028062087
Azerbaijan,AZE,2013,7875.34536661549
Azerbaijan,AZE,2012,7495.86527658099
Azerbaijan,AZE,2011,7189.81869211976
Azerbaijan,AZE,2010,5843.5337683582
Azerbaijan,AZE,2009,4950.39949009423
Azerbaijan,AZE,2008,5574.46810432575
Azerbaijan,AZE,2007,3851.33015175141
Azerbaijan,AZE,2006,2472.95725732287
Azerbaijan,AZE,2005,1578.36733030667
Azerbaijan,AZE,2004,1045.0136328106
Azerbaijan,AZE,2003,883.692580745256
Azerbaijan,AZE,2002,763.108895463487
Azerbaijan,AZE,2001,703.670998584686
Azerbaijan,AZE,2000,655.097249579917
"Bahamas, The",BHS,2023,38231.774484278
"Bahamas, The",BHS,2022,34957.1613279737
"Bahamas, The",BHS,2021,30367.8605757708
"Bahamas, The",BHS,2020,26178.7537607708
"Bahamas, The",BHS,2019,33640.3369861278
"Bahamas, The",BHS,2018,32642.3353203452
"Bahamas, The",BHS,2017,31875.4881749619
"Bahamas, The",BHS,2016,30616.5363157284
"Bahamas, The",BHS,2015,30719.405417469
"Bahamas, The",BHS,2014,29137.2175632622
"Bahamas, The",BHS,2013,27642.7419759179
"Bahamas, The",BHS,2012,28552.0242683151
"Bahamas, The",BHS,2011,27090.8376801379
"Bahamas, The",BHS,2010,27473.100430502
"Bahamas, The",BHS,2009,27512.9130950084
"Bahamas, The",BHS,2008,29392.3824416397
"Bahamas, The",BHS,2007,30051.8489587756
"Bahamas, The",BHS,2006,29184.7865087908
"Bahamas, The",BHS,2005,28602.4181869995
"Bahamas, The",BHS,2004,26650.2934234303
"Bahamas, The",BHS,2003,26429.1247787663
"Bahamas, The",BHS,2002,26781.6195938652
"Bahamas, The",BHS,2001,25371.9237667614
"Bahamas, The",BHS,2000,24940.0775086078
Bahrain,BHR,2023,29290.1284215098
Bahrain,BHR,2022,30470.5219276023
Bahrain,BHR,2021,27147.8083882286
Bahrain,BHR,2020,24342.8444554718
Bahrain,BHR,2019,27259.7438599327
Bahrain,BHR,2018,26324.4066549559
Bahrain,BHR,2017,24784.7693514607
Bahrain,BHR,2016,23800.001440631
Bahrain,BHR,2015,23734.0551143019
Bahrain,BHR,2014,26451.7965647453
Bahrain,BHR,2013,26989.7601148469
Bahrain,BHR,2012,26438.6733230428
Bahrain,BHR,2011,25032.7867743333
Bahrain,BHR,2010,21819.3291098099
Bahrain,BHR,2009,19465.3140745038
Bahrain,BHR,2008,23299.4992780392
Bahrain,BHR,2007,20908.4042548073
Bahrain,BHR,2006,19267.282615072
Bahrain,BHR,2005,17966.1657837625
Bahrain,BHR,2004,15963.9493171617
Bahrain,BHR,2003,14486.0269029822
Bahrain,BHR,2002,13501.4708801425
Bahrain,BHR,2001,13573.2339887597
Bahrain,BHR,2000,14214.4836839343
Bangladesh,BGD,2023,2551.01773827307
Bangladesh,BGD,2022,2716.48592780431
Bangladesh,BGD,2021,2482.84917843357
Bangladesh,BGD,2020,2248.85078828233
Bangladesh,BGD,2019,2129.79896954606
Bangladesh,BGD,2018,1965.24372731467
Bangladesh,BGD,2017,1811.08221668646
Bangladesh,BGD,2016,1649.28380858601
Bangladesh,BGD,2015,1224.38647668165
Bangladesh,BGD,2014,1094.46199702838
Bangladesh,BGD,2013,958.262989798283
Bangladesh,BGD,2012,859.680536375497
Bangladesh,BGD,2011,837.336944695647
Bangladesh,BGD,2010,757.385280361508
Bangladesh,BGD,2009,679.211477428056
Bangladesh,BGD,2008,613.06204104124
Bangladesh,BGD,2007,537.955492792911
Bangladesh,BGD,2006,490.388026533289
Bangladesh,BGD,2005,480.08585075452
Bangladesh,BGD,2004,455.614016909798
Bangladesh,BGD,2003,426.74880754362
Bangladesh,BGD,2002,393.886422327628
Bangladesh,BGD,2001,394.65641001891
Bangladesh,BGD,2000,396.670730249751
Barbados,BRB,2023,25583.8722302505
Barbados,BRB,2022,24393.2193483944
Barbados,BRB,2021,21084.4013935998
Barbados,BRB,2020,19180.9915228365
Barbados,BRB,2019,21929.435611489
Barbados,BRB,2018,21378.2201267496
Barbados,BRB,2017,20870.7596432179
Barbados,BRB,2016,20311.4094163764
Barbados,BRB,2015,20429.4747123553
Barbados,BRB,2014,20423.7177921163
Barbados,BRB,2013,20384.4910233555
Barbados,BRB,2012,19811.2953079751
Barbados,BRB,2011,20146.2381264508
Barbados,BRB,2010,19723.2381931602
Barbados,BRB,2009,16294.9099491834
Barbados,BRB,2008,17565.6929970592
Barbados,BRB,2007,17235.4396434785
Barbados,BRB,2006,15619.6005955511
Barbados,BRB,2005,14214.4202213572
Barbados,BRB,2004,12886.3665272467
Barbados,BRB,2003,12075.9587020649
Barbados,BRB,2002,11760.4524736133
Barbados,BRB,2001,11639.5160522054
Barbados,BRB,2000,11674.6736471764
Belarus,BLR,2023,7896.75388295584
Belarus,BLR,2022,7994.64806074889
Belarus,BLR,2021,7489.71894713888
Belarus,BLR,2020,6542.85579976768
Belarus,BLR,2019,6837.77339645635
Belarus,BLR,2018,6360.037502312
Belarus,BLR,2017,5785.54491935194
Belarus,BLR,2016,5039.77560949445
Belarus,BLR,2015,5967.05595058777
Belarus,BLR,2014,8341.31809294883
Belarus,BLR,2013,7998.0802045456
Belarus,BLR,2012,6953.21591683101
Belarus,BLR,2011,6527.6593428786
Belarus,BLR,2010,6034.67885177216
Belarus,BLR,2009,5352.48809190697
Belarus,BLR,2008,6376.17569162063
Belarus,BLR,2007,4735.48107556066
Belarus,BLR,2006,3848.22350300163
Belarus,BLR,2005,3126.07176665248
Belarus,BLR,2004,2378.33700470129
Belarus,BLR,2003,1819.52653114699
Belarus,BLR,2002,1479.38066337175
Belarus,BLR,2001,1244.37318523431
Belarus,BLR,2000,1276.2880341
Belgium,BEL,2023,55244.68145811
Belgium,BEL,2022,50639.0264882739
Belgium,BEL,2021,51658.238294958
Belgium,BEL,2020,45906.2875805246
Belgium,BEL,2019,46716.6227467964
Belgium,BEL,2018,47487.2100392561
Belgium,BEL,2017,44035.3239358548
Belgium,BEL,2016,41854.5498296444
Belgium,BEL,2015,40893.804537772
Belgium,BEL,2014,47995.7786961339
Belgium,BEL,2013,46964.5946777056
Belgium,BEL,2012,44874.1709182123
Belgium,BEL,2011,47760.8298776546
Belgium,BEL,2010,44197.393671162
Belgium,BEL,2009,44923.3400135081
Belgium,BEL,2008,48303.397956286
Belgium,BEL,2007,44319.165448813
Belgium,BEL,2006,38705.1067959147
Belgium,BEL,2005,36809.7013403619
Belgium,BEL,2004,35429.4077933344
Belgium,BEL,2003,30655.2092679024
Belgium,BEL,2002,25006.191397109
Belgium,BEL,2001,23015.0712632462
Belgium,BEL,2000,23098.8865077401
Belize,BLZ,2023,7424.75821321022
Belize,BLZ,2022,7068.21728043145
Belize,BLZ,2021,6142.98930557031
Belize,BLZ,2020,5238.54078175696
Belize,BLZ,2019,6171.61449761423
Belize,BLZ,2018,6011.99036888587
Belize,BLZ,2017,6071.85451846453
Belize,BLZ,2016,6140.86713919469
Belize,BLZ,2015,6154.62264230369
Belize,BLZ,2014,6128.12053089077
Belize,BLZ,2013,5957.34953619006
Belize,BLZ,2012,5732.66519942347
Belize,BLZ,2011,5596.05222152289
Belize,BLZ,2010,5461.40735999001
Belize,BLZ,2009,5399.67100001919
Belize,BLZ,2008,5711.81458859709
Belize,BLZ,2007,5762.21023302938
Belize,BLZ,2006,5524.78167834986
Belize,BLZ,2005,5270.41479135312
Belize,BLZ,2004,5153.71308265363
Belize,BLZ,2003,4959.74012434605
Belize,BLZ,2002,4858.86062599362
Belize,BLZ,2001,4718.77715104739
Belize,BLZ,2000,4726.50675459616
Benin,BEN,2023,1394.17784721831
Benin,BEN,2022,1266.42711031904
Benin,BEN,2021,1318.65158075198
Benin,BEN,2020,1200.19426557789
Benin,BEN,2019,1130.82135339795
Benin,BEN,2018,1151.7409703472
Benin,BEN,2017,1054.97408066814
Benin,BEN,2016,1010.5338961993
Benin,BEN,2015,1002.41886879614
Benin,BEN,2014,1204.39918670094
Benin,BEN,2013,1168.92699279226
Benin,BEN,2012,1071.5258366283
Benin,BEN,2011,1059.41358852588
Benin,BEN,2010,973.244254931526
Benin,BEN,2009,1024.10277858112
Benin,BEN,2008,1060.60254502099
Benin,BEN,2007,912.338247188342
Benin,BEN,2006,809.147072506221
Benin,BEN,2005,779.437777753268
Benin,BEN,2004,758.695803786371
Benin,BEN,2003,676.002878084282
Benin,BEN,2002,546.463829658159
Benin,BEN,2001,492.401499509072
Benin,BEN,2000,487.424141384242
Bermuda,BMU,2023,132961.760796315
Bermuda,BMU,2022,119969.173269085
Bermuda,BMU,2021,112765.08167306
Bermuda,BMU,2020,106976.546239632
Bermuda,BMU,2019,115798.040775578
Bermuda,BMU,2018,113204.82210838
Bermuda,BMU,2017,112339.425587467
Bermuda,BMU,2016,108747.356144305
Bermuda,BMU,2015,104855.366822135
Bermuda,BMU,2014,100961.576602811
Bermuda,BMU,2013,101704.40746217
Bermuda,BMU,2012,100213.493385287
Bermuda,BMU,2011,99049.0169927667
Bermuda,BMU,2010,104111.824244802
Bermuda,BMU,2009,104711.712420357
Bermuda,BMU,2008,110268.562401264
Bermuda,BMU,2007,107395.651483891
Bermuda,BMU,2006,97781.4558996721
Bermuda,BMU,2005,77628.103522508
Bermuda,BMU,2004,71692.1589001679
Bermuda,BMU,2003,67106.8028083224
Bermuda,BMU,2002,63358.5658652763
Bermuda,BMU,2001,59490.2452034202
Bermuda,BMU,2000,56542.9569455727
Bhutan,BTN,2023,3831.32535564326
Bhutan,BTN,2022,3711.32767981591
Bhutan,BTN,2021,3570.61257980872
Bhutan,BTN,2020,3191.66906999331
Bhutan,BTN,2019,3576.87987100503
Bhutan,BTN,2018,3400.20417245342
Bhutan,BTN,2017,3435.28804735662
Bhutan,BTN,2016,3152.30905106786
Bhutan,BTN,2015,2954.04081911097
Bhutan,BTN,2014,2849.49998647303
Bhutan,BTN,2013,2679.95217201538
Bhutan,BTN,2012,2751.2128864294
Bhutan,BTN,2011,2787.97967608562
Bhutan,BTN,2010,2435.5798056672
Bhutan,BTN,2009,1918.39599211093
Bhutan,BTN,2008,1919.59774896395
Bhutan,BTN,2007,1850.41570433398
Bhutan,BTN,2006,1405.6071618158
Bhutan,BTN,2005,1299.94938578359
Bhutan,BTN,2004,1130.35934606796
Bhutan,BTN,2003,1022.38240311018
Bhutan,BTN,2002,895.799489930972
Bhutan,BTN,2001,812.238210772056
Bhutan,BTN,2000,771.924911410619
Bolivia,BOL,2023,4274.70820547613
Bolivia,BOL,2022,4219.46113742445
Bolivia,BOL,2021,4010.76053686204
Bolivia,BOL,2020,3580.96761778303
Bolivia,BOL,2019,4203.15492855788
Bolivia,BOL,2018,4206.8552936661
Bolivia,BOL,2017,4048.40119739839
Bolivia,BOL,2016,3035.87347732132
Bolivia,BOL,2015,2996.01289811344
Bolivia,BOL,2014,3041.43503162408
Bolivia,BOL,2013,2870.02377000756
Bolivia,BOL,2012,2575.59857098084
Bolivia,BOL,2011,2315.52121930607
Bolivia,BOL,2010,1929.78373077158
Bolivia,BOL,2009,1731.18172112209
Bolivia,BOL,2008,1692.67248455876
Bolivia,BOL,2007,1354.54905949929
Bolivia,BOL,2006,1202.71150446327
Bolivia,BOL,2005,1020.12326200737
Bolivia,BOL,2004,953.191893246277
Bolivia,BOL,2003,893.013760211149
Bolivia,BOL,2002,888.221328974352
Bolivia,BOL,2001,930.168227214313
Bolivia,BOL,2000,975.777060358751
Bosnia and Herzegovina,BIH,2023,8663.02326458629
Bosnia and Herzegovina,BIH,2022,7655.59421024383
Bosnia and Herzegovina,BIH,2021,7295.34378682258
Bosnia and Herzegovina,BIH,2020,6130.31187968266
Bosnia and Herzegovina,BIH,2019,6122.37541352353
Bosnia and Herzegovina,BIH,2018,6047.84707207392
Bosnia and Herzegovina,BIH,2017,5345.01978766473
Bosnia and Herzegovina,BIH,2016,4928.5665903114
Bosnia and Herzegovina,BIH,2015,4662.25869219448
Bosnia and Herzegovina,BIH,2014,5206.06573475132
Bosnia and Herzegovina,BIH,2013,5034.56634817068
Bosnia and Herzegovina,BIH,2012,4693.78899115381
Bosnia and Herzegovina,BIH,2011,4982.69375768263
Bosnia and Herzegovina,BIH,2010,4506.47828548389
Bosnia and Herzegovina,BIH,2009,4539.91863774968
Bosnia and Herzegovina,BIH,2008,4841.69311934649
Bosnia and Herzegovina,BIH,2007,3931.48948737505
Bosnia and Herzegovina,BIH,2006,3166.12865344833
Bosnia and Herzegovina,BIH,2005,2739.61076866057
Bosnia and Herzegovina,BIH,2004,2452.6860917386
Bosnia and Herzegovina,BIH,2003,2033.94700935864
Bosnia and Herzegovina,BIH,2002,1606.5467454132
Bosnia and Herzegovina,BIH,2001,1387.89362942121
Bosnia and Herzegovina,BIH,2000,1338.48059636261
Botswana,BWA,2023,7827.30027960734
Botswana,BWA,2022,8328.7090572666
Botswana,BWA,2021,7807.88794570471
Botswana,BWA,2020,6323.2974967659
Botswana,BWA,2019,7172.08956480028
Botswana,BWA,2018,7407.95940141786
Botswana,BWA,2017,7104.96401088027
Botswana,BWA,2016,6749.05994339013
Botswana,BWA,2015,6141.20394726616
Botswana,BWA,2014,7122.36423421503
Botswana,BWA,2013,6666.91219583487
Botswana,BWA,2012,6595.53845015424
Botswana,BWA,2011,7287.38295334919
Botswana,BWA,2010,6215.73216077919
Botswana,BWA,2009,5082.93388332404
Botswana,BWA,2008,5503.07395314313
Botswana,BWA,2007,5529.12574632532
Botswana,BWA,2006,5291.58379144849
Botswana,BWA,2005,5391.07076619634
Botswana,BWA,2004,4956.69287735214
Botswana,BWA,2003,4230.12326909926
Botswana,BWA,2002,3117.25087183011
Botswana,BWA,2001,3206.07123689853
Botswana,BWA,2000,3450.81180622992
Brazil,BRA,2023,10377.5892792557
Brazil,BRA,2022,9281.33334441234
Brazil,BRA,2021,7972.5366498646
Brazil,BRA,2020,7074.19378337644
Brazil,BRA,2019,9029.83326681073
Brazil,BRA,2018,9300.66164923219
Brazil,BRA,2017,10080.5092819305
Brazil,BRA,2016,8836.28652735657
Brazil,BRA,2015,8936.19661712113
Brazil,BRA,2014,12274.9939689363
Brazil,BRA,2013,12458.8912138813
Brazil,BRA,2012,12521.7213519966
Brazil,BRA,2011,13396.6243562986
Brazil,BRA,2010,11403.2821278747
Brazil,BRA,2009,8678.6592244676
Brazil,BRA,2008,8908.33176538648
Brazil,BRA,2007,7409.69130673473
Brazil,BRA,2006,5934.14470924968
Brazil,BRA,2005,4827.78173074714
Brazil,BRA,2004,3663.823188064
Brazil,BRA,2003,3090.6070097455
Brazil,BRA,2002,2855.94018885769
Brazil,BRA,2001,3176.28935747524
Brazil,BRA,2000,3766.54811466032
British Virgin Islands,VGB,2023,
British Virgin Islands,VGB,2022,
British Virgin Islands,VGB,2021,
British Virgin Islands,VGB,2020,
British Virgin Islands,VGB,2019,
British Virgin Islands,VGB,2018,
British Virgin Islands,VGB,2017,
British Virgin Islands,VGB,2016,
British Virgin Islands,VGB,2015,
British Virgin Islands,VGB,2014,
British Virgin Islands,VGB,2013,
British Virgin Islands,VGB,2012,
British Virgin Islands,VGB,2011,
British Virgin Islands,VGB,2010,
British Virgin Islands,VGB,2009,
British Virgin Islands,VGB,2008,
British Virgin Islands,VGB,2007,
British Virgin Islands,VGB,2006,
British Virgin Islands,VGB,2005,
British Virgin Islands,VGB,2004,
British Virgin Islands,VGB,2003,
British Virgin Islands,VGB,2002,
British Virgin Islands,VGB,2001,
British Virgin Islands,VGB,2000,
Brunei Darussalam,BRN,2023,32890.5491812019
Brunei Darussalam,BRN,2022,36632.9280952155
Brunei Darussalam,BRN,2021,31006.9636289785
Brunei Darussalam,BRN,2020,26834.3592233943
Brunei Darussalam,BRN,2019,30426.5730656528
Brunei Darussalam,BRN,2018,30988.1190267227
Brunei Darussalam,BRN,2017,28024.3824580252
Brunei Darussalam,BRN,2016,26663.2972950602
Brunei Darussalam,BRN,2015,30625.1287744656
Brunei Darussalam,BRN,2014,41026.5084247957
Brunei Darussalam,BRN,2013,44003.0644273461
Brunei Darussalam,BRN,2012,46968.5971164922
Brunei Darussalam,BRN,2011,46382.8274255349
Brunei Darussalam,BRN,2010,34937.5555357155
Brunei Darussalam,BRN,2009,30946.4673773828
Brunei Darussalam,BRN,2008,42156.5685838672
Brunei Darussalam,BRN,2007,36217.3290706015
Brunei Darussalam,BRN,2006,34674.7995236452
Brunei Darussalam,BRN,2005,29386.2703822862
Brunei Darussalam,BRN,2004,24423.0946995548
Brunei Darussalam,BRN,2003,20677.9001143188
Brunei Darussalam,BRN,2002,18621.2922577525
Brunei Darussalam,BRN,2001,18287.8272281914
Brunei Darussalam,BRN,2000,20130.2572346624
Bulgaria,BGR,2023,15854.0192893772
Bulgaria,BGR,2022,13999.9113358453
Bulgaria,BGR,2021,12966.8085197381
Bulgaria,BGR,2020,10760.7616180234
Bulgaria,BGR,2019,10354.2500414088
Bulgaria,BGR,2018,9849.88769989118
Bulgaria,BGR,2017,8697.13373333715
Bulgaria,BGR,2016,7822.89886431732
Bulgaria,BGR,2015,7269.02586513711
Bulgaria,BGR,2014,8070.01289303544
Bulgaria,BGR,2013,7796.37945241455
Bulgaria,BGR,2012,7432.33753378983
Bulgaria,BGR,2011,7849.98219737366
Bulgaria,BGR,2010,6854.2987837778
Bulgaria,BGR,2009,6988.63048446496
Bulgaria,BGR,2008,7271.67443724077
Bulgaria,BGR,2007,5888.87094585161
Bulgaria,BGR,2006,4523.37797301782
Bulgaria,BGR,2005,3900.02501966492
Bulgaria,BGR,2004,3389.86047992391
Bulgaria,BGR,2003,2719.63335037372
Bulgaria,BGR,2002,2093.08967660564
Bulgaria,BGR,2001,1770.99748249575
Bulgaria,BGR,2000,1621.3452487867
Burkina Faso,BFA,2023,873.198061670247
Burkina Faso,BFA,2022,827.330843486661
Burkina Faso,BFA,2021,895.535288442991
Burkina Faso,BFA,2020,825.237038782475
Burkina Faso,BFA,2019,764.853077774946
Burkina Faso,BFA,2018,777.465618514048
Burkina Faso,BFA,2017,709.091535894695
Burkina Faso,BFA,2016,663.742364842886
Burkina Faso,BFA,2015,630.124750752312
Burkina Faso,BFA,2014,764.861675106225
Burkina Faso,BFA,2013,759.762065168498
Burkina Faso,BFA,2012,731.470138867833
Burkina Faso,BFA,2011,725.024767725475
Burkina Faso,BFA,2010,624.957252224766
Burkina Faso,BFA,2009,601.569520671859
Burkina Faso,BFA,2008,619.437533256264
Burkina Faso,BFA,2007,514.684451177238
Burkina Faso,BFA,2006,455.513655620024
Burkina Faso,BFA,2005,441.164148016012
Burkina Faso,BFA,2004,403.81283743461
Burkina Faso,BFA,2003,362.373899996953
Burkina Faso,BFA,2002,285.654087637533
Burkina Faso,BFA,2001,259.485223380436
Burkina Faso,BFA,2000,248.908526921752
Burundi,BDI,2023,249.795164039029
Burundi,BDI,2022,301.832255755105
Burundi,BDI,2021,264.172844085398
Burundi,BDI,2020,252.702452750006
Burundi,BDI,2019,234.31061590725
Burundi,BDI,2018,245.661678332009
Burundi,BDI,2017,246.060725714184
Burundi,BDI,2016,232.937812100153
Burundi,BDI,2015,254.402585226788
Burundi,BDI,2014,250.544492155185
Burundi,BDI,2013,234.844770150871
Burundi,BDI,2012,231.098787811507
Burundi,BDI,2011,230.069761381132
Burundi,BDI,2010,216.727705301976
Burundi,BDI,2009,198.431524048225
Burundi,BDI,2008,189.502074570768
Burundi,BDI,2007,166.162744906755
Burundi,BDI,2006,161.892755640319
Burundi,BDI,2005,147.234619294225
Burundi,BDI,2004,125.194965184533
Burundi,BDI,2003,111.406682804391
Burundi,BDI,2002,120.952308575468
Burundi,BDI,2001,132.159554541932
Burundi,BDI,2000,134.537861752389
Cabo Verde,CPV,2023,4794.90119772843
Cabo Verde,CPV,2022,4323.31362032709
Cabo Verde,CPV,2021,3971.44409203423
Cabo Verde,CPV,2020,3539.22661248299
Cabo Verde,CPV,2019,4380.78117331128
Cabo Verde,CPV,2018,4294.96510035729
Cabo Verde,CPV,2017,3893.09571382506
Cabo Verde,CPV,2016,3608.96605234906
Cabo Verde,CPV,2015,3415.06266730931
Cabo Verde,CPV,2014,3985.60706548134
Cabo Verde,CPV,2013,3960.97596791345
Cabo Verde,CPV,2012,3736.81517011087
Cabo Verde,CPV,2011,4002.01386888785
Cabo Verde,CPV,2010,3579.46006137809
Cabo Verde,CPV,2009,3659.72046361628
Cabo Verde,CPV,2008,3908.64885822576
Cabo Verde,CPV,2007,3324.57675212498
Cabo Verde,CPV,2006,2256.99666191075
Cabo Verde,CPV,2005,2004.14680417563
Cabo Verde,CPV,2004,1929.49081468781
Cabo Verde,CPV,2003,1717.97565369655
Cabo Verde,CPV,2002,1328.57874270666
Cabo Verde,CPV,2001,1223.33055331575
Cabo Verde,CPV,2000,1189.51479345891
Cambodia,KHM,2023,2429.74853452838
Cambodia,KHM,2022,2325.03050040841
Cambodia,KHM,2021,2167.40324198499
Cambodia,KHM,2020,2081.73914242939
Cambodia,KHM,2019,2225.87705485686
Cambodia,KHM,2018,2036.67377566578
Cambodia,KHM,2017,1826.35391688754
Cambodia,KHM,2016,1675.19555711109
Cambodia,KHM,2015,1547.32010444393
Cambodia,KHM,2014,1431.56396469993
Cambodia,KHM,2013,1305.6600972686
Cambodia,KHM,2012,1192.80263041673
Cambodia,KHM,2011,1088.98152823081
Cambodia,KHM,2010,952.274616324008
Cambodia,KHM,2009,875.748936193569
Cambodia,KHM,2008,866.283999789749
Cambodia,KHM,2007,731.692295125426
Cambodia,KHM,2006,612.252648550727
Cambodia,KHM,2005,525.797325120926
Cambodia,KHM,2004,444.199067529081
Cambodia,KHM,2003,386.691123931778
Cambodia,KHM,2002,350.147276634294
Cambodia,KHM,2001,327.500984314444
Cambodia,KHM,2000,296.426687526334
Cameroon,CMR,2023,1720.47510154506
Cameroon,CMR,2022,1604.87726954895
Cameroon,CMR,2021,1672.32657340872
Cameroon,CMR,2020,1555.60370660749
Cameroon,CMR,2019,1555.22660476477
Cameroon,CMR,2018,1610.69641591017
Cameroon,CMR,2017,1496.08951771242
Cameroon,CMR,2016,1441.7201725688
Cameroon,CMR,2015,1415.00009710569
Cameroon,CMR,2014,1649.4433905949
Cameroon,CMR,2013,1575.92882118897
Cameroon,CMR,2012,1449.09874362279
Cameroon,CMR,2011,1513.96056994878
Cameroon,CMR,2010,1398.58702025047
Cameroon,CMR,2009,1461.38999232337
Cameroon,CMR,2008,1492.14269801453
Cameroon,CMR,2007,1325.67248215933
Cameroon,CMR,2006,1191.45458990968
Cameroon,CMR,2005,1142.62466252106
Cameroon,CMR,2004,1133.39326749673
Cameroon,CMR,2003,988.241276791846
Cameroon,CMR,2002,789.623811072554
Cameroon,CMR,2001,715.470296470585
Cameroon,CMR,2000,708.565731625965
Canada,CAN,2023,54847.5370112652
Canada,CAN,2022,56496.9275340663
Canada,CAN,2021,52886.6407813788
Canada,CAN,2020,43537.8981198851
Canada,CAN,2019,46352.9695208927
Canada,CAN,2018,46539.2177903178
Canada,CAN,2017,45129.7335281051
Canada,CAN,2016,42314.1033623905
Canada,CAN,2015,43594.2379080706
Canada,CAN,2014,50960.8942086685
Canada,CAN,2013,52637.7313222622
Canada,CAN,2012,52670.1429540952
Canada,CAN,2011,52224.1237767406
Canada,CAN,2010,47560.8378831258
Canada,CAN,2009,40874.9612318547
Canada,CAN,2008,46710.3654423328
Canada,CAN,2007,44660.0838892281
Canada,CAN,2006,40504.8490329826
Canada,CAN,2005,36383.9671341396
Canada,CAN,2004,32145.5653280273
Canada,CAN,2003,28301.9097055898
Canada,CAN,2002,24256.0598742201
Canada,CAN,2001,23822.096210932
Canada,CAN,2000,24271.0020563821
Cayman Islands,CYM,2023,100065.233841107
Cayman Islands,CYM,2022,92937.8838323153
Cayman Islands,CYM,2021,86449.6749037302
Cayman Islands,CYM,2020,82338.7977439023
Cayman Islands,CYM,2019,88254.2903677044
Cayman Islands,CYM,2018,83865.5531568184
Cayman Islands,CYM,2017,80053.9444506891
Cayman Islands,CYM,2016,77802.2541567187
Cayman Islands,CYM,2015,76379.2095108681
Cayman Islands,CYM,2014,75845.3060407986
Cayman Islands,CYM,2013,75113.7332398618
Cayman Islands,CYM,2012,75101.59136128
Cayman Islands,CYM,2011,75280.960764889
Cayman Islands,CYM,2010,76837.6699636672
Cayman Islands,CYM,2009,81373.5711516642
Cayman Islands,CYM,2008,89655.1196222184
Cayman Islands,CYM,2007,89888.2618212462
Cayman Islands,CYM,2006,87085.0937376216
Cayman Islands,CYM,2005,
Cayman Islands,CYM,2004,
Cayman Islands,CYM,2003,
Cayman Islands,CYM,2002,
Cayman Islands,CYM,2001,
Cayman Islands,CYM,2000,
Central African Republic,CAF,2023,495.978897288721
Central African Republic,CAF,2022,467.359825026238
Central African Republic,CAF,2021,492.263142830507
Central African Republic,CAF,2020,462.879071294011
Central African Republic,CAF,2019,449.228467602439
Central African Republic,CAF,2018,455.243962859534
Central African Republic,CAF,2017,432.324025684263
Central African Republic,CAF,2016,387.176203444318
Central African Republic,CAF,2015,366.322853938121
Central African Republic,CAF,2014,409.8504859647
Central African Republic,CAF,2013,364.36696260838
Central African Republic,CAF,2012,544.395849142785
Central African Republic,CAF,2011,534.057281471636
Central African Republic,CAF,2010,476.873786950728
Central African Republic,CAF,2009,456.471673898404
Central African Republic,CAF,2008,437.24827472489
Central African Republic,CAF,2007,380.887048839475
Central African Republic,CAF,2006,333.942519903031
Central African Republic,CAF,2005,311.950023138687
Central African Republic,CAF,2004,303.461321152782
Central African Republic,CAF,2003,278.403992150941
Central African Republic,CAF,2002,248.639290978403
Central African Republic,CAF,2001,237.951702544735
Central African Republic,CAF,2000,239.154133726071
Chad,TCD,2023,949.991054236266
Chad,TCD,2022,966.036468278568
Chad,TCD,2021,946.358500208374
Chad,TCD,2020,866.947814890409
Chad,TCD,2019,893.336441643325
Chad,TCD,2018,948.656629871231
Chad,TCD,2017,854.46120040098
Chad,TCD,2016,861.831767630746
Chad,TCD,2015,993.990730610869
Chad,TCD,2014,1278.78981422494
Chad,TCD,2013,1304.88742971475
Chad,TCD,2012,1354.34344701937
Chad,TCD,2011,1308.1421872538
Chad,TCD,2010,1141.80069268412
Chad,TCD,2009,1035.63719694254
Chad,TCD,2008,1166.36883453841
Chad,TCD,2007,980.483531485103
Chad,TCD,2006,906.897260572747
Chad,TCD,2005,838.092107712557
Chad,TCD,2004,445.850767157087
Chad,TCD,2003,289.087621122168
Chad,TCD,2002,219.061391951349
Chad,TCD,2001,194.32295331156
Chad,TCD,2000,163.121663683369
Channel Islands,CHI,2023,74585.5224096294
Channel Islands,CHI,2022,67627.1417347907
Channel Islands,CHI,2021,66915.3963925722
Channel Islands,CHI,2020,56785.9402005039
Channel Islands,CHI,2019,60564.6293993681
Channel Islands,CHI,2018,60784.8125397162
Channel Islands,CHI,2017,55806.3554257428
Channel Islands,CHI,2016,55947.579811974
Channel Islands,CHI,2015,61847.8212238857
Channel Islands,CHI,2014,64697.5485024325
Channel Islands,CHI,2013,59308.4666588674
Channel Islands,CHI,2012,58809.5698945413
Channel Islands,CHI,2011,60415.2632075658
Channel Islands,CHI,2010,56123.4597963451
Channel Islands,CHI,2009,57778.5407063052
Channel Islands,CHI,2008,
Channel Islands,CHI,2007,74139.97799443
Channel Islands,CHI,2006,62745.1006593557
Channel Islands,CHI,2005,57647.1188908006
Channel Islands,CHI,2004,56259.5344226334
Channel Islands,CHI,2003,48570.7796632166
Channel Islands,CHI,2002,44459.7318188977
Channel Islands,CHI,2001,41873.7406146127
Channel Islands,CHI,2000,43479.1940767689
Chile,CHL,2023,17081.5180740049
Chile,CHL,2022,15399.1044717559
Chile,CHL,2021,16216.1840860289
Chile,CHL,2020,13117.9930230086
Chile,CHL,2019,14496.9345640362
Chile,CHL,2018,15659.4808675628
Chile,CHL,2017,14879.9086227187
Chile,CHL,2016,13649.8520452803
Chile,CHL,2015,13433.9202987032
Chile,CHL,2014,14529.6767206336
Chile,CHL,2013,15683.5486369155
Chile,CHL,2012,15241.9069981119
Chile,CHL,2011,14487.3927832032
Chile,CHL,2010,12632.8704724192
Chile,CHL,2009,10098.8017167286
Chile,CHL,2008,10683.2188772511
Chile,CHL,2007,10346.4138184533
Chile,CHL,2006,9318.65655296121
Chile,CHL,2005,7480.32330998636
Chile,CHL,2004,6120.59152055344
Chile,CHL,2003,4773.40177520754
Chile,CHL,2002,4430.84741157984
Chile,CHL,2001,4563.5952986689
Chile,CHL,2000,5052.99245766325
China,CHN,2023,12951.1782397043
China,CHN,2022,12970.6056414327
China,CHN,2021,12887.4357242941
China,CHN,2020,10627.4637989619
China,CHN,2019,10342.9009524335
China,CHN,2018,10085.6638148819
China,CHN,2017,8979.67652709856
China,CHN,2016,8254.86859320357
China,CHN,2015,8175.33285077393
China,CHN,2014,7781.06597484974
China,CHN,2013,7147.03518622344
China,CHN,2012,6405.0574241349
China,CHN,2011,5703.76027973346
China,CHN,2010,4629.24551710077
China,CHN,2009,3898.24459158811
China,CHN,2008,3523.44302065213
China,CHN,2007,2734.72709877693
China,CHN,2006,2129.25696999613
China,CHN,2005,1777.64496828464
China,CHN,2004,1530.92726215723
China,CHN,2003,1306.97245408557
China,CHN,2002,1163.55957673426
China,CHN,2001,1065.40597574519
China,CHN,2000,969.199513696287
Colombia,COL,2023,7012.49169137756
Colombia,COL,2022,6680.44506854481
Colombia,COL,2021,6222.62164397614
Colombia,COL,2020,5339.68711357943
Colombia,COL,2019,6472.54544924705
Colombia,COL,2018,6816.96818309544
Colombia,COL,2017,6479.53231292429
Colombia,COL,2016,5959.84250367574
Colombia,COL,2015,6248.51490534512
Colombia,COL,2014,8187.20824890084
Colombia,COL,2013,8279.10255642981
Colombia,COL,2012,8108.59838244229
Colombia,COL,2011,7400.9940695669
Colombia,COL,2010,6398.2958447102
Colombia,COL,2009,5250.97292433518
Colombia,COL,2008,5541.83629665898
Colombia,COL,2007,4769.926147194
Colombia,COL,2006,3789.85361217027
Colombia,COL,2005,3456.06610874512
Colombia,COL,2004,2818.57195413044
Colombia,COL,2003,2311.94218760291
Colombia,COL,2002,2428.92969771584
Colombia,COL,2001,2472.99084035833
Colombia,COL,2000,2555.00751039968
Comoros,COM,2023,1723.89474946474
Comoros,COM,2022,1533.87755393614
Comoros,COM,2021,1587.72988658008
Comoros,COM,2020,1527.16991011916
Comoros,COM,2019,1519.26386436068
Comoros,COM,2018,1540.71132257526
Comoros,COM,2017,1423.9248027797
Comoros,COM,2016,1365.48403444497
Comoros,COM,2015,1329.37048235986
Comoros,COM,2014,1615.71709756316
Comoros,COM,2013,1603.32653496691
Comoros,COM,2012,1490.31425650871
Comoros,COM,2011,1531.43969320468
Comoros,COM,2010,1386.57533553376
Comoros,COM,2009,1410.30516959473
Comoros,COM,2008,1455.02768595586
Comoros,COM,2007,1289.73631056361
Comoros,COM,2006,1138.47908404345
Comoros,COM,2005,1105.78796866788
Comoros,COM,2004,1072.28409029621
Comoros,COM,2003,959.691049354812
Comoros,COM,2002,764.61349832543
Comoros,COM,2001,681.163857619963
Comoros,COM,2000,633.309032776244
"Congo, Dem. Rep.",COD,2023,660.21205238997
"Congo, Dem. Rep.",COD,2022,687.738587554685
"Congo, Dem. Rep.",COD,2021,595.743074403567
"Congo, Dem. Rep.",COD,2020,486.425572682256
"Congo, Dem. Rep.",COD,2019,504.00419142286
"Congo, Dem. Rep.",COD,2018,518.169626875371
"Congo, Dem. Rep.",COD,2017,431.052559128788
"Congo, Dem. Rep.",COD,2016,459.765036590388
"Congo, Dem. Rep.",COD,2015,495.826633014883
"Congo, Dem. Rep.",COD,2014,489.175952097319
"Congo, Dem. Rep.",COD,2013,460.370334930107
"Congo, Dem. Rep.",COD,2012,409.931424783784
"Congo, Dem. Rep.",COD,2011,372.514273875789
"Congo, Dem. Rep.",COD,2010,352.400398754692
"Congo, Dem. Rep.",COD,2009,280.178991035792
"Congo, Dem. Rep.",COD,2008,352.900363371995
"Congo, Dem. Rep.",COD,2007,294.101615124419
"Congo, Dem. Rep.",COD,2006,255.445229568751
"Congo, Dem. Rep.",COD,2005,214.539740473519
"Congo, Dem. Rep.",COD,2004,180.664764963633
"Congo, Dem. Rep.",COD,2003,161.491553524396
"Congo, Dem. Rep.",COD,2002,162.38052907429
"Congo, Dem. Rep.",COD,2001,142.678142604412
"Congo, Dem. Rep.",COD,2000,377.925421481395
"Congo, Rep.",COG,2023,2477.97845544866
"Congo, Rep.",COG,2022,2620.83804267402
"Congo, Rep.",COG,2021,2516.16255145432
"Congo, Rep.",COG,2020,1993.586671931
"Congo, Rep.",COG,2019,2488.42466724916
"Congo, Rep.",COG,2018,2694.43413191427
"Congo, Rep.",COG,2017,2211.63309874797
"Congo, Rep.",COG,2016,2093.10728558843
"Congo, Rep.",COG,2015,2439.35189403696
"Congo, Rep.",COG,2014,3601.2365808718
"Congo, Rep.",COG,2013,3697.41705884249
"Congo, Rep.",COG,2012,3732.32737320389
"Congo, Rep.",COG,2011,3396.16505817952
"Congo, Rep.",COG,2010,2946.55798067708
"Congo, Rep.",COG,2009,2271.15219175966
"Congo, Rep.",COG,2008,2832.09177777643
"Congo, Rep.",COG,2007,2206.47101863414
"Congo, Rep.",COG,2006,2103.5821381211
"Congo, Rep.",COG,2005,1799.05158366154
"Congo, Rep.",COG,2004,1306.10136324599
"Congo, Rep.",COG,2003,1016.82363412143
"Congo, Rep.",COG,2002,905.538135544704
"Congo, Rep.",COG,2001,854.598314408095
"Congo, Rep.",COG,2000,1024.30159109181
Costa Rica,CRI,2023,17140.771430122
Costa Rica,CRI,2022,13971.7649991294
Costa Rica,CRI,2021,12962.2716075659
Costa Rica,CRI,2020,12475.6852076814
Costa Rica,CRI,2019,12951.8588421841
Costa Rica,CRI,2018,12620.0207321581
Costa Rica,CRI,2017,12317.0902779911
Costa Rica,CRI,2016,12091.0301560892
Costa Rica,CRI,2015,11714.7106121672
Costa Rica,CRI,2014,10911.4978703456
Costa Rica,CRI,2013,10803.2401795009
Costa Rica,CRI,2012,10126.9991155066
Costa Rica,CRI,2011,9276.39109377477
Costa Rica,CRI,2010,8265.78820580299
Costa Rica,CRI,2009,6832.69828187486
Costa Rica,CRI,2008,6937.24261660254
Costa Rica,CRI,2007,6137.71199435022
Costa Rica,CRI,2006,5256.59641275583
Costa Rica,CRI,2005,4703.00720463794
Costa Rica,CRI,2004,4431.01172024063
Costa Rica,CRI,2003,4173.14853766977
Costa Rica,CRI,2002,4067.71854177094
Costa Rica,CRI,2001,3985.12987980056
Costa Rica,CRI,2000,3812.75386183689
Cote d'Ivoire,CIV,2023,2591.9659048119
Cote d'Ivoire,CIV,2022,2333.37128301259
Cote d'Ivoire,CIV,2021,2455.98127641148
Cote d'Ivoire,CIV,2020,2179.72934832935
Cote d'Ivoire,CIV,2019,2141.76836170115
Cote d'Ivoire,CIV,2018,2130.86619381144
Cote d'Ivoire,CIV,2017,1964.29930338343
Cote d'Ivoire,CIV,2016,1862.59597081287
Cote d'Ivoire,CIV,2015,1814.71855088017
Cote d'Ivoire,CIV,2014,1991.36539423404
Cote d'Ivoire,CIV,2013,1786.15862031324
Cote d'Ivoire,CIV,2012,1546.9460184731
Cote d'Ivoire,CIV,2011,1596.62826565998
Cote d'Ivoire,CIV,2010,1553.54887048143
Cote d'Ivoire,CIV,2009,1540.45393569596
Cote d'Ivoire,CIV,2008,1583.97066701372
Cote d'Ivoire,CIV,2007,1367.53817722326
Cote d'Ivoire,CIV,2006,1230.43056838584
Cote d'Ivoire,CIV,2005,1197.74616979415
Cote d'Ivoire,CIV,2004,1199.82524528546
Cote d'Ivoire,CIV,2003,1111.17135087887
Cote d'Ivoire,CIV,2002,967.815864415991
Cote d'Ivoire,CIV,2001,924.727294962066
Cote d'Ivoire,CIV,2000,936.636541348798
Croatia,HRV,2023,22183.4982258492
Croatia,HRV,2022,18465.531473659
Croatia,HRV,2021,17788.7601163765
Croatia,HRV,2020,14807.5559227544
Croatia,HRV,2019,15563.7354996625
Croatia,HRV,2018,15460.4560798984
Croatia,HRV,2017,13901.6498657787
Croatia,HRV,2016,12820.1872746645
Croatia,HRV,2015,12283.8750299177
Croatia,HRV,2014,14186.7712230471
Croatia,HRV,2013,14135.0903485872
Croatia,HRV,2012,13507.6349882758
Croatia,HRV,2011,14691.591757962
Croatia,HRV,2010,13729.7472872883
Croatia,HRV,2009,14474.52513863
Croatia,HRV,2008,15888.1184388903
Croatia,HRV,2007,13755.8149054063
Croatia,HRV,2006,11501.2327422844
Croatia,HRV,2005,10443.4484003498
Croatia,HRV,2004,9718.92771524605
Croatia,HRV,2003,8189.99059314699
Croatia,HRV,2002,6219.56093667781
Croatia,HRV,2001,5364.88188501029
Croatia,HRV,2000,4953.57515008131
Cuba,CUB,2023,
Cuba,CUB,2022,
Cuba,CUB,2021,
Cuba,CUB,2020,9605.27914559614
Cuba,CUB,2019,9232.26115935183
Cuba,CUB,2018,8911.46205998726
Cuba,CUB,2017,8610.60829605429
Cuba,CUB,2016,8110.55874283616
Cuba,CUB,2015,7727.91997207998
Cuba,CUB,2014,7146.70459051328
Cuba,CUB,2013,6828.36428245396
Cuba,CUB,2012,6470.83673392653
Cuba,CUB,2011,6104.46105236166
Cuba,CUB,2010,5272.26755824835
Cuba,CUB,2009,5089.23519757167
Cuba,CUB,2008,4986.12436479175
Cuba,CUB,2007,4807.43888960684
Cuba,CUB,2006,4329.98265964383
Cuba,CUB,2005,3786.33799225291
Cuba,CUB,2004,3399.21962893402
Cuba,CUB,2003,3202.78109865637
Cuba,CUB,2002,3005.21104247868
Cuba,CUB,2001,2842.96704310394
Cuba,CUB,2000,2751.3817714814
Curacao,CUW,2023,21217.8109173312
Curacao,CUW,2022,20057.1404960105
Curacao,CUW,2021,17795.5826483092
Curacao,CUW,2020,16299.8134688605
Curacao,CUW,2019,19220.6866958303
Curacao,CUW,2018,19119.1243941688
Curacao,CUW,2017,18938.2440469703
Curacao,CUW,2016,18944.0961493998
Curacao,CUW,2015,19361.8130008678
Curacao,CUW,2014,19623.029993395
Curacao,CUW,2013,19721.2921646576
Curacao,CUW,2012,19809.8223198624
Curacao,CUW,2011,19426.326382752
Curacao,CUW,2010,19847.2310127979
Curacao,CUW,2009,19540.2476579348
Curacao,CUW,2008,19423.3352430175
Curacao,CUW,2007,18005.7165850772
Curacao,CUW,2006,17400.1637780186
Curacao,CUW,2005,17032.3356620744
Curacao,CUW,2004,16671.3403391655
Curacao,CUW,2003,16695.7351137757
Curacao,CUW,2002,16723.6925253468
Curacao,CUW,2001,16609.8454536485
Curacao,CUW,2000,15841.2612359949
Cyprus,CYP,2023,36623.70703125
Cyprus,CYP,2022,33231.05078125
Cyprus,CYP,2021,32937.8359375
Cyprus,CYP,2020,28130.330078125
Cyprus,CYP,2019,29227.16796875
Cyprus,CYP,2018,29120.38671875
Cyprus,CYP,2017,26247.46484375
Cyprus,CYP,2016,24280.044921875
Cyprus,CYP,2015,23088.4296875
Cyprus,CYP,2014,26993.095703125
Cyprus,CYP,2013,27764.7265625
Cyprus,CYP,2012,28991.9296875
Cyprus,CYP,2011,32485.8046875
Cyprus,CYP,2010,31105.02734375
Cyprus,CYP,2009,32236.462890625
Cyprus,CYP,2008,35541.88671875
Cyprus,CYP,2007,31244.87890625
Cyprus,CYP,2006,26729.28125
Cyprus,CYP,2005,24959.26171875
Cyprus,CYP,2004,23792.619140625
Cyprus,CYP,2003,20252.24609375
Cyprus,CYP,2002,16093.2158203125
Cyprus,CYP,2001,14821.44921875
Cyprus,CYP,2000,14388.3525390625
Czechia,CZE,2023,31761.5944102491
Czechia,CZE,2022,28282.2236715857
Czechia,CZE,2021,27696.4619527544
Czechia,CZE,2020,23472.8915454417
Czechia,CZE,2019,24062.7190013343
Czechia,CZE,2018,23705.9329811299
Czechia,CZE,2017,20913.197632212
Czechia,CZE,2016,18753.9686718096
Czechia,CZE,2015,17931.5987670768
Czechia,CZE,2014,20038.4163180257
Czechia,CZE,2013,20260.4954999375
Czechia,CZE,2012,20014.0354015165
Czechia,CZE,2011,22049.1080788682
Czechia,CZE,2010,20160.4355077059
Czechia,CZE,2009,19817.4215836554
Czechia,CZE,2008,22774.7045076205
Czechia,CZE,2007,18452.6532812196
Czechia,CZE,2006,15259.0788162004
Czechia,CZE,2005,13442.4916284309
Czechia,CZE,2004,11782.5546676117
Czechia,CZE,2003,9852.45677945801
Czechia,CZE,2002,8101.26018588111
Czechia,CZE,2001,6669.07494847497
Czechia,CZE,2000,6062.92152842793
Denmark,DNK,2023,68043.5466971243
Denmark,DNK,2022,67781.0940939514
Denmark,DNK,2021,69340.7334922138
Denmark,DNK,2020,60985.4885601514
Denmark,DNK,2019,59404.2663247723
Denmark,DNK,2018,61324.7665045565
Denmark,DNK,2017,57521.5514992225
Denmark,DNK,2016,54500.9260410217
Denmark,DNK,2015,53094.0133607574
Denmark,DNK,2014,62520.4509747011
Denmark,DNK,2013,61377.5940590412
Denmark,DNK,2012,58443.7747103968
Denmark,DNK,2011,61809.737898222
Denmark,DNK,2010,58104.5445594981
Denmark,DNK,2009,58412.7472358513
Denmark,DNK,2008,64616.6657583663
Denmark,DNK,2007,58631.6566433635
Denmark,DNK,2006,52119.1787984282
Denmark,DNK,2005,48925.8076698784
Denmark,DNK,2004,46625.050098011
Denmark,DNK,2003,40519.0974905924
Denmark,DNK,2002,33257.1622586509
Denmark,DNK,2001,30768.4775471112
Denmark,DNK,2000,30722.0251837567
Djibouti,DJI,2023,3381.29779710722
Djibouti,DJI,2022,3133.25779772463
Djibouti,DJI,2021,3025.91126413549
Djibouti,DJI,2020,2844.88810647853
Djibouti,DJI,2019,2837.16902340932
Djibouti,DJI,2018,2718.08338799203
Djibouti,DJI,2017,2618.95521147369
Djibouti,DJI,2016,2510.4300076241
Djibouti,DJI,2015,2376.12554719873
Djibouti,DJI,2014,2214.62084142432
Djibouti,DJI,2013,2075.94498424748
Djibouti,DJI,2012,1400.19357858954
Djibouti,DJI,2011,1306.34552844977
Djibouti,DJI,2010,1213.23352553429
Djibouti,DJI,2009,1150.9375857489
Djibouti,DJI,2008,1119.15233346969
Djibouti,DJI,2007,969.573220191902
Djibouti,DJI,2006,898.464628136774
Djibouti,DJI,2005,844.4483573908
Djibouti,DJI,2004,806.261652944964
Djibouti,DJI,2003,764.634465224597
Djibouti,DJI,2002,743.013270420348
Djibouti,DJI,2001,742.133791107063
Djibouti,DJI,2000,737.612183644052
Dominica,DMA,2023,9912.96212766668
Dominica,DMA,2022,9323.66089490562
Dominica,DMA,2021,8376.40414141113
Dominica,DMA,2020,7827.74842680426
Dominica,DMA,2019,9491.14995962374
Dominica,DMA,2018,9215.3085405645
Dominica,DMA,2017,8224.64896571414
Dominica,DMA,2016,8802.56172041363
Dominica,DMA,2015,8282.59874702141
Dominica,DMA,2014,8131.74876096735
Dominica,DMA,2013,7822.21797211398
Dominica,DMA,2012,7528.51001990155
Dominica,DMA,2011,7705.40717248319
Dominica,DMA,2010,7549.61964680375
Dominica,DMA,2009,7487.49010395154
Dominica,DMA,2008,6971.32633839289
Dominica,DMA,2007,6459.03503689609
Dominica,DMA,2006,6055.78109574854
Dominica,DMA,2005,5695.22442394675
Dominica,DMA,2004,5778.83306546506
Dominica,DMA,2003,5447.44011496284
Dominica,DMA,2002,5488.02784969357
Dominica,DMA,2001,5527.51527300496
Dominica,DMA,2000,4867.39896323759
Dominican Republic,DOM,2023,10630.431743829
Dominican Republic,DOM,2022,10104.2464008585
Dominican Republic,DOM,2021,8527.0754858205
Dominican Republic,DOM,2020,7135.22273255899
Dominican Republic,DOM,2019,8183.01623600375
Dominican Republic,DOM,2018,7882.98221584944
Dominican Republic,DOM,2017,7412.71571571512
Dominican Republic,DOM,2016,7160.44200982307
Dominican Republic,DOM,2015,6800.95309395474
Dominican Republic,DOM,2014,6496.45166971142
Dominican Republic,DOM,2013,6136.59429329301
Dominican Republic,DOM,2012,6013.81965002603
Dominican Republic,DOM,2011,5826.51014109195
Dominican Republic,DOM,2010,5478.62470398954
Dominican Republic,DOM,2009,4973.95186999952
Dominican Republic,DOM,2008,5023.58513403515
Dominican Republic,DOM,2007,4649.64558875814
Dominican Republic,DOM,2006,4055.14270347371
Dominican Republic,DOM,2005,3878.31206735244
Dominican Republic,DOM,2004,2451.69161616569
Dominican Republic,DOM,2003,2383.26171780393
Dominican Republic,DOM,2002,3065.60329524196
Dominican Republic,DOM,2001,2935.89367312668
Dominican Republic,DOM,2000,2831.45883638033
Ecuador,ECU,2023,6718.1447938811
Ecuador,ECU,2022,6515.58528418336
Ecuador,ECU,2021,6061.32350181711
Ecuador,ECU,2020,5463.64515348598
Ecuador,ECU,2019,6205.05765246766
Ecuador,ECU,2018,6303.91886658338
Ecuador,ECU,2017,6233.32244797718
Ecuador,ECU,2016,5917.63771271481
Ecuador,ECU,2015,5976.1596805651
Ecuador,ECU,2014,6405.79979300441
Ecuador,ECU,2013,6109.29031510341
Ecuador,ECU,2012,5634.08393191094
Ecuador,ECU,2011,5153.6916424375
Ecuador,ECU,2010,4520.30959039763
Ecuador,ECU,2009,4053.36331139298
Ecuador,ECU,2008,4194.75750661981
Ecuador,ECU,2007,3478.92488770671
Ecuador,ECU,2006,3243.67010359339
Ecuador,ECU,2005,2909.02606014388
Ecuador,ECU,2004,2586.20914663347
Ecuador,ECU,2003,2315.62215223014
Ecuador,ECU,2002,2059.1585535974
Ecuador,ECU,2001,1791.30359685037
Ecuador,ECU,2000,1382.23421759909
"Egypt, Arab Rep.",EGY,2023,3456.78965212363
"Egypt, Arab Rep.",EGY,2022,4233.30783744856
"Egypt, Arab Rep.",EGY,2021,3827.35415374308
"Egypt, Arab Rep.",EGY,2020,3511.11381026379
"Egypt, Arab Rep.",EGY,2019,2962.98892023003
"Egypt, Arab Rep.",EGY,2018,2484.70315630508
"Egypt, Arab Rep.",EGY,2017,2395.10333299491
"Egypt, Arab Rep.",EGY,2016,3270.6287768197
"Egypt, Arab Rep.",EGY,2015,3306.98159414141
"Egypt, Arab Rep.",EGY,2014,3133.39102265541
"Egypt, Arab Rep.",EGY,2013,3025.52563552448
"Egypt, Arab Rep.",EGY,2012,2996.0677072015
"Egypt, Arab Rep.",EGY,2011,2590.64384891965
"Egypt, Arab Rep.",EGY,2010,2455.08194645282
"Egypt, Arab Rep.",EGY,2009,2161.63964573927
"Egypt, Arab Rep.",EGY,2008,1896.21594269779
"Egypt, Arab Rep.",EGY,2007,1547.74170735909
"Egypt, Arab Rep.",EGY,2006,1298.97900203124
"Egypt, Arab Rep.",EGY,2005,1105.53920713903
"Egypt, Arab Rep.",EGY,2004,991.255689145253
"Egypt, Arab Rep.",EGY,2003,1031.27556291284
"Egypt, Arab Rep.",EGY,2002,1116.82884626213
"Egypt, Arab Rep.",EGY,2001,1295.1374184163
"Egypt, Arab Rep.",EGY,2000,1366.09274372613
El Salvador,SLV,2023,5319.7195268688
El Salvador,SLV,2022,5074.60050994225
El Salvador,SLV,2021,4642.60743101342
El Salvador,SLV,2020,3997.19279583709
El Salvador,SLV,2019,4320.11671534627
El Salvador,SLV,2018,4183.54620971358
El Salvador,SLV,2017,4020.12671373919
El Salvador,SLV,2016,3901.34014965811
El Salvador,SLV,2015,3790.34089108162
El Salvador,SLV,2014,3666.01248913873
El Salvador,SLV,2013,3582.26694005169
El Salvador,SLV,2012,3497.91256915509
El Salvador,SLV,2011,3330.60049486653
El Salvador,SLV,2010,3040.07300952878
El Salvador,SLV,2009,2910.18651752011
El Salvador,SLV,2008,2983.24829577976
El Salvador,SLV,2007,2830.65693770733
El Salvador,SLV,2006,2665.61807194853
El Salvador,SLV,2005,2447.39140845394
El Salvador,SLV,2004,2285.68907438892
El Salvador,SLV,2003,2207.83089518069
El Salvador,SLV,2002,2115.41187355626
El Salvador,SLV,2001,2058.04459070452
El Salvador,SLV,2000,1982.87093542615
Equatorial Guinea,GNQ,2023,6788.35271638376
Equatorial Guinea,GNQ,2022,7589.29964909381
Equatorial Guinea,GNQ,2021,6945.63069794539
Equatorial Guinea,GNQ,2020,5764.05502912947
Equatorial Guinea,GNQ,2019,6804.14923073888
Equatorial Guinea,GNQ,2018,8102.47084834031
Equatorial Guinea,GNQ,2017,7809.10465655488
Equatorial Guinea,GNQ,2016,7453.19797948517
Equatorial Guinea,GNQ,2015,9068.91003238645
Equatorial Guinea,GNQ,2014,15548.6624656619
Equatorial Guinea,GNQ,2013,16304.0713196418
Equatorial Guinea,GNQ,2012,17308.5723924575
Equatorial Guinea,GNQ,2011,17198.2136668275
Equatorial Guinea,GNQ,2010,13720.1658723222
Equatorial Guinea,GNQ,2009,13232.5019378102
Equatorial Guinea,GNQ,2008,18210.5552970599
Equatorial Guinea,GNQ,2007,12616.9532942011
Equatorial Guinea,GNQ,2006,10184.8841248541
Equatorial Guinea,GNQ,2005,8673.9026086535
Equatorial Guinea,GNQ,2004,4901.30127408119
Equatorial Guinea,GNQ,2003,2930.60183743733
Equatorial Guinea,GNQ,2002,2264.21065580365
Equatorial Guinea,GNQ,2001,1948.61145907844
Equatorial Guinea,GNQ,2000,1487.3165506701
Eritrea,ERI,2023,
Eritrea,ERI,2022,
Eritrea,ERI,2021,
Eritrea,ERI,2020,
Eritrea,ERI,2019,
Eritrea,ERI,2018,
Eritrea,ERI,2017,
Eritrea,ERI,2016,
Eritrea,ERI,2015,
Eritrea,ERI,2014,
Eritrea,ERI,2013,
Eritrea,ERI,2012,
Eritrea,ERI,2011,688.68165957684
Eritrea,ERI,2010,539.699512069686
Eritrea,ERI,2009,642.92572288007
Eritrea,ERI,2008,490.066956003333
Eritrea,ERI,2007,480.44762365456
Eritrea,ERI,2006,447.997404727201
Eritrea,ERI,2005,412.753079199423
Eritrea,ERI,2004,426.840947887032
Eritrea,ERI,2003,348.950327077742
Eritrea,ERI,2002,304.775756465092
Eritrea,ERI,2001,325.409161513593
Eritrea,ERI,2000,314.357396753501
Estonia,EST,2023,30264.0064885057
Estonia,EST,2022,28340.3826549406
Estonia,EST,2021,27951.1659277744
Estonia,EST,2020,23933.9939421065
Estonia,EST,2019,24021.2501413306
Estonia,EST,2018,23618.1361254581
Estonia,EST,2017,20851.5223496861
Estonia,EST,2016,18666.3736521706
Estonia,EST,2015,17722.1557669523
Estonia,EST,2014,20581.7898991695
Estonia,EST,2013,19310.3874900757
Estonia,EST,2012,17568.2137969714
Estonia,EST,2011,17555.5455239426
Estonia,EST,2010,14663.7041018705
Estonia,EST,2009,14712.4494217916
Estonia,EST,2008,18205.9064113446
Estonia,EST,2007,16745.4308011148
Estonia,EST,2006,12641.4800976473
Estonia,EST,2005,10414.6381183565
Estonia,EST,2004,8916.0728274602
Estonia,EST,2003,7205.40703313243
Estonia,EST,2002,5343.18310760735
Estonia,EST,2001,4502.66614992392
Estonia,EST,2000,4070.60902410208
Eswatini,SWZ,2023,3755.52111232464
Eswatini,SWZ,2022,3894.1620089869
Eswatini,SWZ,2021,3984.00229174306
Eswatini,SWZ,2020,3466.56936278145
Eswatini,SWZ,2019,3913.14577547336
Eswatini,SWZ,2018,3972.65450620357
Eswatini,SWZ,2017,3853.09956569679
Eswatini,SWZ,2016,3238.17611961364
Eswatini,SWZ,2015,3419.82276559528
Eswatini,SWZ,2014,3771.07228381938
Eswatini,SWZ,2013,3949.94310039907
Eswatini,SWZ,2012,4224.54789174487
Eswatini,SWZ,2011,4225.06049411911
Eswatini,SWZ,2010,3922.74039390733
Eswatini,SWZ,2009,3189.79679956637
Eswatini,SWZ,2008,2946.8606613746
Eswatini,SWZ,2007,3109.11097608864
Eswatini,SWZ,2006,2964.95865200682
Eswatini,SWZ,2005,2871.06877437449
Eswatini,SWZ,2004,2525.5640452625
Eswatini,SWZ,2003,2015.21743065251
Eswatini,SWZ,2002,1315.73634647994
Eswatini,SWZ,2001,1429.85630359447
Eswatini,SWZ,2000,1629.67038842815
Ethiopia,ETH,2023,1055.81091593061
Ethiopia,ETH,2022,982.103161502198
Ethiopia,ETH,2021,893.009835441784
Ethiopia,ETH,2020,829.790982552951
Ethiopia,ETH,2019,793.473247218996
Ethiopia,ETH,2018,739.702022272086
Ethiopia,ETH,2017,696.348429076216
Ethiopia,ETH,2016,641.651523286233
Ethiopia,ETH,2015,597.912113218663
Ethiopia,ETH,2014,549.986577082588
Ethiopia,ETH,2013,484.039833104062
Ethiopia,ETH,2012,452.101031885754
Ethiopia,ETH,2011,343.024942351887
Ethiopia,ETH,2010,330.619412798644
Ethiopia,ETH,2009,368.574712267445
Ethiopia,ETH,2008,316.410475118075
Ethiopia,ETH,2007,237.146255996319
Ethiopia,ETH,2006,189.345737521418
Ethiopia,ETH,2005,158.243458082465
Ethiopia,ETH,2004,133.169812538096
Ethiopia,ETH,2003,116.800491132777
Ethiopia,ETH,2002,109.593813612988
Ethiopia,ETH,2001,118.457204255261
Ethiopia,ETH,2000,122.269202606069
Faroe Islands,FRO,2023,72486.6910957957
Faroe Islands,FRO,2022,67069.3987440509
Faroe Islands,FRO,2021,69421.6981686515
Faroe Islands,FRO,2020,62247.9273907098
Faroe Islands,FRO,2019,63070.7228080361
Faroe Islands,FRO,2018,62525.2647698273
Faroe Islands,FRO,2017,59388.5365965776
Faroe Islands,FRO,2016,56876.4302363804
Faroe Islands,FRO,2015,52638.2668218454
Faroe Islands,FRO,2014,60173.3057854661
Faroe Islands,FRO,2013,55759.364098362
Faroe Islands,FRO,2012,50263.0024625867
Faroe Islands,FRO,2011,51620.0541648551
Faroe Islands,FRO,2010,47924.1364756678
Faroe Islands,FRO,2009,47060.1592550833
Faroe Islands,FRO,2008,51287.8911081663
Faroe Islands,FRO,2007,48348.7393711011
Faroe Islands,FRO,2006,41743.6812847661
Faroe Islands,FRO,2005,36389.081644098
Faroe Islands,FRO,2004,35647.5440400531
Faroe Islands,FRO,2003,31269.6031997217
Faroe Islands,FRO,2002,26937.6505602847
Faroe Islands,FRO,2001,24879.7729617864
Faroe Islands,FRO,2000,23322.7593357515
Fiji,FJI,2023,5926.20586394763
Fiji,FJI,2022,5414.12092119088
Fiji,FJI,2021,4536.73312110335
Fiji,FJI,2020,4620.6457238014
Fiji,FJI,2019,5842.07344577597
Fiji,FJI,2018,6085.41979485376
Fiji,FJI,2017,5826.84814459328
Fiji,FJI,2016,5363.79026679243
Fiji,FJI,2015,5097.53106864695
Fiji,FJI,2014,5293.35676680464
Fiji,FJI,2013,4572.44377544245
Fiji,FJI,2012,4341.40338748749
Fiji,FJI,2011,4139.60288609702
Fiji,FJI,2010,3449.14452883369
Fiji,FJI,2009,3164.13275408169
Fiji,FJI,2008,3899.92231512129
Fiji,FJI,2007,3762.74692789299
Fiji,FJI,2006,3455.10599907349
Fiji,FJI,2005,3377.69126953493
Fiji,FJI,2004,3097.19096651759
Fiji,FJI,2003,2655.58079586044
Fiji,FJI,2002,2136.56794118683
Fiji,FJI,2001,1944.997414609
Fiji,FJI,2000,1995.72071163264
Finland,FIN,2023,52864.6931581216
Finland,FIN,2022,50440.560224974
Finland,FIN,2021,53099.1351400148
Finland,FIN,2020,48828.6846862799
Finland,FIN,2019,48358.1807773701
Finland,FIN,2018,49654.2497035329
Finland,FIN,2017,46085.0174739036
Finland,FIN,2016,43451.2562442158
Finland,FIN,2015,42560.3456767103
Finland,FIN,2014,50073.7760815871
Finland,FIN,2013,49691.0145200739
Finland,FIN,2012,47551.6740841369
Finland,FIN,2011,51060.3242589767
Finland,FIN,2010,46506.2919016566
Finland,FIN,2009,47478.3495310999
Finland,FIN,2008,53769.4726240385
Finland,FIN,2007,48473.0240091455
Finland,FIN,2006,41214.0187765069
Finland,FIN,2005,39049.8703780223
Finland,FIN,2004,37768.1334202029
Finland,FIN,2003,32920.0857192568
Finland,FIN,2002,26989.389260959
Finland,FIN,2001,24965.202996776
Finland,FIN,2000,24335.9225082659
France,FRA,2023,44700.1384177544
France,FRA,2022,40988.6396406579
France,FRA,2021,43725.0999521245
France,FRA,2020,39169.8606000707
France,FRA,2019,40408.2848574751
France,FRA,2018,41418.1766484844
France,FRA,2017,38687.1626407164
France,FRA,2016,37024.2157133669
France,FRA,2015,36702.4323733379
France,FRA,2014,43148.0459288416
France,FRA,2013,42669.1795111893
France,FRA,2012,40863.5814412333
France,FRA,2011,43929.7840873812
France,FRA,2010,40694.8211697025
France,FRA,2009,41728.0884164132
France,FRA,2008,45464.8181385158
France,FRA,2007,41486.1907828787
France,FRA,2006,36431.5658906555
France,FRA,2005,34696.3718316971
France,FRA,2004,33644.9282220364
France,FRA,2003,29479.5222101175
France,FRA,2002,24144.5727019529
France,FRA,2001,22331.7948343036
France,FRA,2000,22340.5939516217
French Polynesia,PYF,2023,21832.2831795569
French Polynesia,PYF,2022,20053.9569369322
French Polynesia,PYF,2021,21426.3854449835
French Polynesia,PYF,2020,19966.4838503859
French Polynesia,PYF,2019,21582.5892046801
French Polynesia,PYF,2018,21925.616043938
French Polynesia,PYF,2017,20826.9312492172
French Polynesia,PYF,2016,19690.0775734589
French Polynesia,PYF,2015,19166.9594761931
French Polynesia,PYF,2014,22258.6321384251
French Polynesia,PYF,2013,21955.6329264095
French Polynesia,PYF,2012,20846.5457478364
French Polynesia,PYF,2011,22831.5185348524
French Polynesia,PYF,2010,22494.806706186
French Polynesia,PYF,2009,24434.2197555208
French Polynesia,PYF,2008,26592.0262835732
French Polynesia,PYF,2007,24888.1781337361
French Polynesia,PYF,2006,22330.8676659055
French Polynesia,PYF,2005,21984.1936230719
French Polynesia,PYF,2004,21764.2203208782
French Polynesia,PYF,2003,19582.8936395312
French Polynesia,PYF,2002,16004.0583292112
French Polynesia,PYF,2001,14640.9360062298
French Polynesia,PYF,2000,14978.324104668
Gabon,GAB,2023,7802.82433276138
Gabon,GAB,2022,8409.20741452279
Gabon,GAB,2021,8181.40914134398
Gabon,GAB,2020,6605.80346077904
Gabon,GAB,2019,7441.1786472281
Gabon,GAB,2018,7624.2775233771
Gabon,GAB,2017,6921.73373135624
Gabon,GAB,2016,6677.07003901644
Gabon,GAB,2015,7047.12654634355
Gabon,GAB,2014,9201.36276648105
Gabon,GAB,2013,9197.70106323947
Gabon,GAB,2012,9296.96587941088
Gabon,GAB,2011,10219.1139339454
Gabon,GAB,2010,8356.74662013345
Gabon,GAB,2009,7290.57526093114
Gabon,GAB,2008,9688.64519690633
Gabon,GAB,2007,8003.54289696049
Gabon,GAB,2006,6847.00985685394
Gabon,GAB,2005,6547.87613955186
Gabon,GAB,2004,5465.79193590708
Gabon,GAB,2003,4710.74862768151
Gabon,GAB,2002,3966.48001864663
Gabon,GAB,2001,3835.75718279727
Gabon,GAB,2000,3982.906200928
"Gambia, The",GMB,2023,883.024111978927
"Gambia, The",GMB,2022,836.244875868476
"Gambia, The",GMB,2021,781.890925169531
"Gambia, The",GMB,2020,720.335143352133
"Gambia, The",GMB,2019,738.186751987483
"Gambia, The",GMB,2018,696.219806960615
"Gambia, The",GMB,2017,642.522641296331
"Gambia, The",GMB,2016,650.056501323611
"Gambia, The",GMB,2015,619.536364296461
"Gambia, The",GMB,2014,568.00453558864
"Gambia, The",GMB,2013,653.862713272743
"Gambia, The",GMB,2012,692.579361628102
"Gambia, The",GMB,2011,710.608411468152
"Gambia, The",GMB,2010,801.033372714536
"Gambia, The",GMB,2009,774.888030908091
"Gambia, The",GMB,2008,859.127671411226
"Gambia, The",GMB,2007,724.726407242432
"Gambia, The",GMB,2006,614.544307904464
"Gambia, The",GMB,2005,616.483657865348
"Gambia, The",GMB,2004,593.285346326581
"Gambia, The",GMB,2003,308.719123437587
"Gambia, The",GMB,2002,376.531026962584
"Gambia, The",GMB,2001,459.803068381399
"Gambia, The",GMB,2000,538.054072348854
Georgia,GEO,2023,8283.66960652261
Georgia,GEO,2022,6729.84659930283
Georgia,GEO,2021,5083.60695484577
Georgia,GEO,2020,4300.85701291207
Georgia,GEO,2019,4741.2832715876
Georgia,GEO,2018,4804.0546040444
Georgia,GEO,2017,4418.75206546679
Georgia,GEO,2016,4143.40125686315
Georgia,GEO,2015,4086.6223465965
Georgia,GEO,2014,4830.33486170249
Georgia,GEO,2013,4712.00229382665
Georgia,GEO,2012,4530.69533409431
Georgia,GEO,2011,4119.66818307193
Georgia,GEO,2010,3281.72930937343
Georgia,GEO,2009,2822.68939668797
Georgia,GEO,2008,3324.7537205015
Georgia,GEO,2007,2635.36650276116
Georgia,GEO,2006,1996.02013272284
Georgia,GEO,2005,1642.78359414797
Georgia,GEO,2004,1305.04748557208
Georgia,GEO,2003,1010.03151630868
Georgia,GEO,2002,853.526171868939
Georgia,GEO,2001,801.98383707929
Georgia,GEO,2000,749.908534993961
Germany,DEU,2023,54776.7668235491
Germany,DEU,2022,50506.5179638543
Germany,DEU,2021,52349.2459994422
Germany,DEU,2020,47394.8734504469
Germany,DEU,2019,47656.199739747
Germany,DEU,2018,48916.1686612154
Germany,DEU,2017,45553.9341495339
Germany,DEU,2016,42948.9381932694
Germany,DEU,2015,41929.7549110722
Germany,DEU,2014,48959.5991203133
Germany,DEU,2013,47206.8353514242
Germany,DEU,2012,44718.0159214069
Germany,DEU,2011,47630.9761883572
Germany,DEU,2010,42396.9665976293
Germany,DEU,2009,42471.8868625226
Germany,DEU,2008,46379.1647953479
Germany,DEU,2007,42350.9217211489
Germany,DEU,2006,36980.3349948954
Germany,DEU,2005,35084.4363546269
Germany,DEU,2004,34566.7359143735
Germany,DEU,2003,30711.1022511331
Germany,DEU,2002,25486.5942008748
Germany,DEU,2001,23878.3641471651
Germany,DEU,2000,23925.8559901991
Ghana,GHA,2023,2383.90410476221
Ghana,GHA,2022,2229.89122654479
Ghana,GHA,2021,2445.18662529344
Ghana,GHA,2020,2195.45481659987
Ghana,GHA,2019,2186.65822682613
Ghana,GHA,2018,2195.32166016377
Ghana,GHA,2017,2012.28662641265
Ghana,GHA,2016,1912.47991339951
Ghana,GHA,2015,1722.77282833606
Ghana,GHA,2014,1949.90832923846
Ghana,GHA,2013,2294.79584693743
Ghana,GHA,2012,1543.77524235764
Ghana,GHA,2011,1507.43573198753
Ghana,GHA,2010,1263.89251760539
Ghana,GHA,2009,1047.70430093586
Ghana,GHA,2008,1182.65761256016
Ghana,GHA,2007,1050.12461524926
Ghana,GHA,2006,906.441027564887
Ghana,GHA,2005,478.611909191028
Ghana,GHA,2004,406.132105329565
Ghana,GHA,2003,358.39927142073
Ghana,GHA,2002,297.46164468774
Ghana,GHA,2001,263.542156494853
Ghana,GHA,2000,253.746936203344
Gibraltar,GIB,2023,
Gibraltar,GIB,2022,
Gibraltar,GIB,2021,
Gibraltar,GIB,2020,
Gibraltar,GIB,2019,
Gibraltar,GIB,2018,
Gibraltar,GIB,2017,
Gibraltar,GIB,2016,
Gibraltar,GIB,2015,
Gibraltar,GIB,2014,
Gibraltar,GIB,2013,
Gibraltar,GIB,2012,
Gibraltar,GIB,2011,
Gibraltar,GIB,2010,
Gibraltar,GIB,2009,
Gibraltar,GIB,2008,
Gibraltar,GIB,2007,
Gibraltar,GIB,2006,
Gibraltar,GIB,2005,
Gibraltar,GIB,2004,
Gibraltar,GIB,2003,
Gibraltar,GIB,2002,
Gibraltar,GIB,2001,
Gibraltar,GIB,2000,
Greece,GRC,2023,23343.7103964562
Greece,GRC,2022,20884.6773436263
Greece,GRC,2021,20652.89659591
Greece,GRC,2020,17886.733165236
Greece,GRC,2019,19335.3602002969
Greece,GRC,2018,19873.4015238771
Greece,GRC,2017,18631.9930129293
Greece,GRC,2016,17919.2426377048
Greece,GRC,2015,17980.7298238137
Greece,GRC,2014,21474.7257123892
Greece,GRC,2013,21573.3449762805
Greece,GRC,2012,21624.346052551
Greece,GRC,2011,25504.7866510124
Greece,GRC,2010,26653.0488008626
Greece,GRC,2009,29425.4573200263
Greece,GRC,2008,31695.8331092209
Greece,GRC,2007,28440.7625328955
Greece,GRC,2006,24416.0232970275
Greece,GRC,2005,22054.1315756886
Greece,GRC,2004,21449.2552764245
Greece,GRC,2003,18020.612039764
Greece,GRC,2002,13782.195640943
Greece,GRC,2001,12156.9572824221
Greece,GRC,2000,11638.2010697215
Greenland,GRL,2023,58498.9707973609
Greenland,GRL,2022,55635.0006491223
Greenland,GRL,2021,58135.9939910203
Greenland,GRL,2020,54812.6661771023
Greenland,GRL,2019,53309.2035905065
Greenland,GRL,2018,54545.135857765
Greenland,GRL,2017,50765.7494665372
Greenland,GRL,2016,48181.7453541266
Greenland,GRL,2015,44536.3549705377
Greenland,GRL,2014,50485.2244135291
Greenland,GRL,2013,47535.4883792376
Greenland,GRL,2012,45936.9562817724
Greenland,GRL,2011,47186.8759969388
Greenland,GRL,2010,44277.1993400972
Greenland,GRL,2009,44918.8413832155
Greenland,GRL,2008,44366.7858688175
Greenland,GRL,2007,39780.9441368721
Greenland,GRL,2006,35457.6297578214
Greenland,GRL,2005,32489.7277309899
Greenland,GRL,2004,32030.9987915109
Greenland,GRL,2003,27466.6494525504
Greenland,GRL,2002,20657.9506323097
Greenland,GRL,2001,19265.5191468738
Greenland,GRL,2000,19009.0774407515
Grenada,GRD,2023,11414.4781691181
Grenada,GRD,2022,10469.3867012856
Grenada,GRD,2021,9617.28902905373
Grenada,GRD,2020,8968.55890108484
Grenada,GRD,2019,10462.7929159533
Grenada,GRD,2018,10083.021279225
Grenada,GRD,2017,9751.42661155932
Grenada,GRD,2016,9221.23461079424
Grenada,GRD,2015,8694.12438005692
Grenada,GRD,2014,7986.33421210788
Grenada,GRD,2013,7424.80212287327
Grenada,GRD,2012,7092.71985352677
Grenada,GRD,2011,6947.38136096464
Grenada,GRD,2010,6909.60169568597
Grenada,GRD,2009,6932.56472176781
Grenada,GRD,2008,7448.2040563865
Grenada,GRD,2007,6864.54816771858
Grenada,GRD,2006,6344.0383771432
Grenada,GRD,2005,6338.56011405358
Grenada,GRD,2004,5480.26117644588
Grenada,GRD,2003,5427.96377252312
Grenada,GRD,2002,4984.47405931447
Grenada,GRD,2001,4819.50776653843
Grenada,GRD,2000,4839.82811114248
Guam,GUM,2023,
Guam,GUM,2022,41833.1517132825
Guam,GUM,2021,38074.8793745801
Guam,GUM,2020,36482.9363953675
Guam,GUM,2019,39274.9431424899
Guam,GUM,2018,37195.9503070464
Guam,GUM,2017,36779.0078903909
Guam,GUM,2016,35930.6594898711
Guam,GUM,2015,35165.7014644795
Guam,GUM,2014,33900.1486530583
Guam,GUM,2013,32530.7593121483
Guam,GUM,2012,31653.7506538168
Guam,GUM,2011,29926.2052442913
Guam,GUM,2010,29719.7967836082
Guam,GUM,2009,29054.0581201519
Guam,GUM,2008,28112.2316573422
Guam,GUM,2007,26605.4324214756
Guam,GUM,2006,25709.9351488422
Guam,GUM,2005,25631.9776108052
Guam,GUM,2004,23618.8266894573
Guam,GUM,2003,21877.3178371553
Guam,GUM,2002,20909.9590302806
Guam,GUM,2001,
Guam,GUM,2000,
Guatemala,GTM,2023,5754.42833909847
Guatemala,GTM,2022,5356.92435887895
Guatemala,GTM,2021,4912.62240414681
Guatemala,GTM,2020,4477.61785000665
Guatemala,GTM,2019,4511.99839552697
Guatemala,GTM,2018,4352.94593289707
Guatemala,GTM,2017,4324.99768915601
Guatemala,GTM,2016,4060.13784737643
Guatemala,GTM,2015,3893.50533299068
Guatemala,GTM,2014,3689.14510410202
Guatemala,GTM,2013,3444.15802275864
Guatemala,GTM,2012,3286.61959336267
Guatemala,GTM,2011,3168.98370607705
Guatemala,GTM,2010,2805.25960237322
Guatemala,GTM,2009,2611.64632773352
Guatemala,GTM,2008,2763.05988172926
Guatemala,GTM,2007,2458.81573919384
Guatemala,GTM,2006,2225.1234753878
Guatemala,GTM,2005,2046.46611650758
Guatemala,GTM,2004,1840.91184884
Guatemala,GTM,2003,1722.54701910774
Guatemala,GTM,2002,1669.33517469705
Guatemala,GTM,2001,1537.68663578252
Guatemala,GTM,2000,1648.96578971559
Guinea,GIN,2023,1555.49375806861
Guinea,GIN,2022,1416.59612011764
Guinea,GIN,2021,1244.96550477914
Guinea,GIN,2020,1053.66097696415
Guinea,GIN,2019,1031.34146480732
Guinea,GIN,2018,933.273615633705
Guinea,GIN,2017,833.598621691121
Guinea,GIN,2016,711.996509782316
Guinea,GIN,2015,747.356966759448
Guinea,GIN,2014,765.146999389279
Guinea,GIN,2013,748.455020824734
Guinea,GIN,2012,699.353377212197
Guinea,GIN,2011,636.694958747648
Guinea,GIN,2010,659.235326211315
Guinea,GIN,2009,662.185914665575
Guinea,GIN,2008,703.532825784369
Guinea,GIN,2007,650.148575304743
Guinea,GIN,2006,446.980554135013
Guinea,GIN,2005,463.17768685098
Guinea,GIN,2004,584.897740538081
Guinea,GIN,2003,566.48540588068
Guinea,GIN,2002,495.916073559269
Guinea,GIN,2001,483.085120214741
Guinea,GIN,2000,518.157066924026
Guinea-Bissau,GNB,2023,964.431832665395
Guinea-Bissau,GNB,2022,881.602654162231
Guinea-Bissau,GNB,2021,926.54619187706
Guinea-Bissau,GNB,2020,846.918134967613
Guinea-Bissau,GNB,2019,811.210004050041
Guinea-Bissau,GNB,2018,808.531613218504
Guinea-Bissau,GNB,2017,783.123186602022
Guinea-Bissau,GNB,2016,679.665386626818
Guinea-Bissau,GNB,2015,645.066837207039
Guinea-Bissau,GNB,2014,652.022501029449
Guinea-Bissau,GNB,2013,654.304534409417
Guinea-Bissau,GNB,2012,635.461653303881
Guinea-Bissau,GNB,2011,719.539573498937
Guinea-Bissau,GNB,2010,600.194298540768
Guinea-Bissau,GNB,2009,583.190020139094
Guinea-Bissau,GNB,2008,640.210331101753
Guinea-Bissau,GNB,2007,519.069789794741
Guinea-Bissau,GNB,2006,448.513075469701
Guinea-Bissau,GNB,2005,463.073962650452
Guinea-Bissau,GNB,2004,431.376557669634
Guinea-Bissau,GNB,2003,419.78486611807
Guinea-Bissau,GNB,2002,362.034574570354
Guinea-Bissau,GNB,2001,327.138431972397
Guinea-Bissau,GNB,2000,316.945495037639
Guyana,GUY,2023,20473.7002190617
Guyana,GUY,2022,17913.4928066879
Guyana,GUY,2021,9860.87014834386
Guyana,GUY,2020,6775.70939096303
Guyana,GUY,2019,6405.82443444562
Guyana,GUY,2018,6048.38697180418
Guyana,GUY,2017,6178.6650437298
Guyana,GUY,2016,5870.87823759835
Guyana,GUY,2015,5640.41560569466
Guyana,GUY,2014,5472.68820452237
Guyana,GUY,2013,5556.91231156932
Guyana,GUY,2012,5444.39751913913
Guyana,GUY,2011,4947.22170589917
Guyana,GUY,2010,4581.76179693492
Guyana,GUY,2009,4209.13230624565
Guyana,GUY,2008,4008.9628671603
Guyana,GUY,2007,3608.28685240188
Guyana,GUY,2006,3135.60553528326
Guyana,GUY,2005,1084.06541388904
Guyana,GUY,2004,1033.31030902188
Guyana,GUY,2003,973.742598054188
Guyana,GUY,2002,950.866932470993
Guyana,GUY,2001,931.574723847673
Guyana,GUY,2000,931.796651718955
Haiti,HTI,2023,1681.84407667059
Haiti,HTI,2022,1748.40890116803
Haiti,HTI,2021,1824.6798742577
Haiti,HTI,2020,1290.32538667383
Haiti,HTI,2019,1352.17204191532
Haiti,HTI,2018,1496.38048970156
Haiti,HTI,2017,1395.23945184461
Haiti,HTI,2016,1318.40268167953
Haiti,HTI,2015,1411.12684746796
Haiti,HTI,2014,1460.18898613914
Haiti,HTI,2013,1457.83221179626
Haiti,HTI,2012,1361.39396587374
Haiti,HTI,2011,1312.03953552013
Haiti,HTI,2010,1209.72733503094
Haiti,HTI,2009,1196.8528706018
Haiti,HTI,2008,1094.66058421644
Haiti,HTI,2007,984.566983448521
Haiti,HTI,2006,828.805700289589
Haiti,HTI,2005,775.845704056916
Haiti,HTI,2004,683.185298155273
Haiti,HTI,2003,578.995291079709
Haiti,HTI,2002,720.969568042522
Haiti,HTI,2001,748.821159844528
Haiti,HTI,2000,820.600046761464
Honduras,HND,2023,3227.45762509776
Honduras,HND,2022,3003.28996826399
Honduras,HND,2021,2735.14751503977
Honduras,HND,2020,2307.61494319511
Honduras,HND,2019,2502.32744328073
Honduras,HND,2018,2464.64241531918
Honduras,HND,2017,2413.0076562942
Honduras,HND,2016,2307.34468351082
Honduras,HND,2015,2271.20265980349
Honduras,HND,2014,2179.88171977271
Honduras,HND,2013,2081.12843527945
Honduras,HND,2012,2126.03474686503
Honduras,HND,2011,2073.66121088074
Honduras,HND,2010,1893.32722662035
Honduras,HND,2009,1781.15703614674
Honduras,HND,2008,1732.49062702803
Honduras,HND,2007,1577.73789197407
Honduras,HND,2006,1425.84780051892
Honduras,HND,2005,1304.70039153826
Honduras,HND,2004,1215.13995412761
Honduras,HND,2003,1156.08162681357
Honduras,HND,2002,1132.49965345317
Honduras,HND,2001,1132.1648753329
Honduras,HND,2000,1092.56400746252
"Hong Kong SAR, China",HKG,2023,50525.1119312663
"Hong Kong SAR, China",HKG,2022,48825.0272275805
"Hong Kong SAR, China",HKG,2021,49770.5642374739
"Hong Kong SAR, China",HKG,2020,46109.2299946609
"Hong Kong SAR, China",HKG,2019,48359.0011950597
"Hong Kong SAR, China",HKG,2018,48537.5668888343
"Hong Kong SAR, China",HKG,2017,46160.429791493
"Hong Kong SAR, China",HKG,2016,43734.1980702999
"Hong Kong SAR, China",HKG,2015,42432.1619740441
"Hong Kong SAR, China",HKG,2014,40315.3739510191
"Hong Kong SAR, China",HKG,2013,38403.7777145477
"Hong Kong SAR, China",HKG,2012,36730.796195815
"Hong Kong SAR, China",HKG,2011,35142.4879344543
"Hong Kong SAR, China",HKG,2010,32550.136489179
"Hong Kong SAR, China",HKG,2009,30697.5383861641
"Hong Kong SAR, China",HKG,2008,31515.5292103443
"Hong Kong SAR, China",HKG,2007,30593.9511738646
"Hong Kong SAR, China",HKG,2006,28224.0951563146
"Hong Kong SAR, China",HKG,2005,26649.637724155
"Hong Kong SAR, China",HKG,2004,24928.1003722551
"Hong Kong SAR, China",HKG,2003,23977.1734120477
"Hong Kong SAR, China",HKG,2002,24665.8362318216
"Hong Kong SAR, China",HKG,2001,25230.3780910304
"Hong Kong SAR, China",HKG,2000,25756.7728723704
Hungary,HUN,2023,22208.6509820466
Hungary,HUN,2022,18428.028825614
Hungary,HUN,2021,19030.628130329
Hungary,HUN,2020,16386.9308821258
Hungary,HUN,2019,17012.8598553199
Hungary,HUN,2018,16605.0570511887
Hungary,HUN,2017,14736.1668157258
Hungary,HUN,2016,13215.8605277789
Hungary,HUN,2015,12782.9412577973
Hungary,HUN,2014,14352.501883174
Hungary,HUN,2013,13739.4620151401
Hungary,HUN,2012,12950.1594488143
Hungary,HUN,2011,14211.460557822
Hungary,HUN,2010,13189.8433874768
Hungary,HUN,2009,13051.1831777184
Hungary,HUN,2008,15762.6322515113
Hungary,HUN,2007,13934.605460375
Hungary,HUN,2006,11478.4891640501
Hungary,HUN,2005,11212.2046968994
Hungary,HUN,2004,10291.2694721409
Hungary,HUN,2003,8410.09248198479
Hungary,HUN,2002,6658.04494326809
Hungary,HUN,2001,5280.94887987063
Hungary,HUN,2000,4629.91760812548
Iceland,ISL,2023,82201.2908518078
Iceland,ISL,2022,76376.9599334915
Iceland,ISL,2021,70425.4064277273
Iceland,ISL,2020,60127.9393575616
Iceland,ISL,2019,69296.3144361601
Iceland,ISL,2018,75633.8651351915
Iceland,ISL,2017,72976.3729990975
Iceland,ISL,2016,62854.0906407932
Iceland,ISL,2015,53505.6964079339
Iceland,ISL,2014,55140.364935793
Iceland,ISL,2013,50173.3360061057
Iceland,ISL,2012,46594.9869146614
Iceland,ISL,2011,48254.953927254
Iceland,ISL,2010,43776.4677400475
Iceland,ISL,2009,41483.7843682814
Iceland,ISL,2008,57489.3399795216
Iceland,ISL,2007,70483.0117228535
Iceland,ISL,2006,58172.1426656622
Iceland,ISL,2005,57783.7745608117
Iceland,ISL,2004,47809.6073050042
Iceland,ISL,2003,39944.2104095591
Iceland,ISL,2002,32749.379004627
Iceland,ISL,2001,29208.1981853568
Iceland,ISL,2000,32503.578963236
India,IND,2023,2434.44826340989
India,IND,2022,2279.98145719369
India,IND,2021,2239.61384367482
India,IND,2020,1907.04251637669
India,IND,2019,2041.42863698585
India,IND,2018,1966.25455171679
India,IND,2017,1950.10468280866
India,IND,2016,1707.50892912243
India,IND,2015,1583.99815907985
India,IND,2014,1553.88396075118
India,IND,2013,1432.84397512195
India,IND,2012,1429.32199520032
India,IND,2011,1445.46127486037
India,IND,2010,1347.51939071367
India,IND,2009,1094.94974598436
India,IND,2008,992.519584923828
India,IND,2007,1021.88707706826
India,IND,2006,801.668353659022
India,IND,2005,710.488080408949
India,IND,2004,624.258826510066
India,IND,2003,544.143133545002
India,IND,2002,469.149928973927
India,IND,2001,450.357900514128
India,IND,2000,442.750218937263
Indonesia,IDN,2023,4876.2992959843
Indonesia,IDN,2022,4730.83484836107
Indonesia,IDN,2021,4287.17313995098
Indonesia,IDN,2020,3853.70288774146
Indonesia,IDN,2019,4106.94856160358
Indonesia,IDN,2018,3860.95353090726
Indonesia,IDN,2017,3798.88326174526
Indonesia,IDN,2016,3521.46943457574
Indonesia,IDN,2015,3288.22269725538
Indonesia,IDN,2014,3441.06808464008
Indonesia,IDN,2013,3566.60284506078
Indonesia,IDN,2012,3632.27254030331
Indonesia,IDN,2011,3579.46442466152
Indonesia,IDN,2010,3065.68348377765
Indonesia,IDN,2009,2218.48541852977
Indonesia,IDN,2008,2124.55483920618
Indonesia,IDN,2007,1823.21976255073
Indonesia,IDN,2006,1558.31562847163
Indonesia,IDN,2005,1238.21447629488
Indonesia,IDN,2004,1126.84004447173
Indonesia,IDN,2003,1043.2105838671
Indonesia,IDN,2002,881.002913569131
Indonesia,IDN,2001,732.307093405708
Indonesia,IDN,2000,763.711124950924
"Iran, Islamic Rep.",IRN,2023,5049.29931642754
"Iran, Islamic Rep.",IRN,2022,4721.20437099984
"Iran, Islamic Rep.",IRN,2021,4605.14881318992
"Iran, Islamic Rep.",IRN,2020,3202.50003502169
"Iran, Islamic Rep.",IRN,2019,3997.4935449585
"Iran, Islamic Rep.",IRN,2018,4783.01067340237
"Iran, Islamic Rep.",IRN,2017,6000.93346404409
"Iran, Islamic Rep.",IRN,2016,5710.59947089104
"Iran, Islamic Rep.",IRN,2015,4952.73355532178
"Iran, Islamic Rep.",IRN,2014,5672.06372896319
"Iran, Islamic Rep.",IRN,2013,6222.74194840326
"Iran, Islamic Rep.",IRN,2012,8114.08099831877
"Iran, Islamic Rep.",IRN,2011,8025.68743364356
"Iran, Islamic Rep.",IRN,2010,6291.19443655454
"Iran, Islamic Rep.",IRN,2009,5415.52280553446
"Iran, Islamic Rep.",IRN,2008,5377.4115072957
"Iran, Islamic Rep.",IRN,2007,4687.99166260718
"Iran, Islamic Rep.",IRN,2006,3618.91601364428
"Iran, Islamic Rep.",IRN,2005,3132.0508192007
"Iran, Islamic Rep.",IRN,2004,2672.4226651404
"Iran, Islamic Rep.",IRN,2003,2208.99636552406
"Iran, Islamic Rep.",IRN,2002,1891.25756091033
"Iran, Islamic Rep.",IRN,2001,1881.02266635283
"Iran, Islamic Rep.",IRN,2000,1650.01385833785
Iraq,IRQ,2023,5965.31835077761
Iraq,IRQ,2022,6520.73154560584
Iraq,IRQ,2021,4868.49431080783
Iraq,IRQ,2020,4295.18945121228
Iraq,IRQ,2019,5671.8568632942
Iraq,IRQ,2018,5646.68932074742
Iraq,IRQ,2017,4759.2846435467
Iraq,IRQ,2016,4334.42096404188
Iraq,IRQ,2015,4440.14189252367
Iraq,IRQ,2014,6249.39226978969
Iraq,IRQ,2013,6650.35282247395
Iraq,IRQ,2012,6477.59618450955
Iraq,IRQ,2011,5775.54229080293
Iraq,IRQ,2010,4461.75196161555
Iraq,IRQ,2009,3714.71205987194
Iraq,IRQ,2008,4542.96609046032
Iraq,IRQ,2007,3128.99010329066
Iraq,IRQ,2006,2276.55435744086
Iraq,IRQ,2005,1762.39360423421
Iraq,IRQ,2004,1328.37157628292
Iraq,IRQ,2003,817.887862499622
Iraq,IRQ,2002,1266.15961275094
Iraq,IRQ,2001,1435.695683789
Iraq,IRQ,2000,1980.18916038782
Ireland,IRL,2023,106818.917130804
Ireland,IRL,2022,105190.685952731
Ireland,IRL,2021,103783.446284479
Ireland,IRL,2020,86514.0706108754
Ireland,IRL,2019,81827.6688873996
Ireland,IRL,2018,80804.1123164826
Ireland,IRL,2017,72161.4047531385
Ireland,IRL,2016,64129.5571542383
Ireland,IRL,2015,64250.1385181257
Ireland,IRL,2014,57214.5379785709
Ireland,IRL,2013,52537.6108648692
Ireland,IRL,2012,49335.8408099555
Ireland,IRL,2011,52613.8540355689
Ireland,IRL,2010,48623.9666422487
Ireland,IRL,2009,52133.0906162544
Ireland,IRL,2008,61353.1065629523
Ireland,IRL,2007,61396.417461176
Ireland,IRL,2006,54329.1618599624
Ireland,IRL,2005,50933.0216095589
Ireland,IRL,2004,47754.2023194244
Ireland,IRL,2003,41203.5295847568
Ireland,IRL,2002,32705.4345565698
Ireland,IRL,2001,28282.409882073
Ireland,IRL,2000,26334.5672050501
Isle of Man,IMN,2023,90015.2074234398
Isle of Man,IMN,2022,88328.548125887
Isle of Man,IMN,2021,94299.969348965
Isle of Man,IMN,2020,79513.5330346598
Isle of Man,IMN,2019,87127.5517977404
Isle of Man,IMN,2018,89393.8244248812
Isle of Man,IMN,2017,83481.3038489014
Isle of Man,IMN,2016,82025.9454509241
Isle of Man,IMN,2015,84753.5187422732
Isle of Man,IMN,2014,91885.4528718026
Isle of Man,IMN,2013,83207.6588430451
Isle of Man,IMN,2012,79329.2034347434
Isle of Man,IMN,2011,77808.8579649376
Isle of Man,IMN,2010,70587.3140283741
Isle of Man,IMN,2009,66156.105656847
Isle of Man,IMN,2008,72276.7741329461
Isle of Man,IMN,2007,55040.2437046236
Isle of Man,IMN,2006,42627.5089352891
Isle of Man,IMN,2005,38135.8597885858
Isle of Man,IMN,2004,35564.6023910146
Isle of Man,IMN,2003,28861.6178062918
Isle of Man,IMN,2002,24471.0798814847
Isle of Man,IMN,2001,21819.7123825606
Isle of Man,IMN,2000,21161.3963073772
Israel,ISR,2023,52126.4489280033
Israel,ISR,2022,54947.2091250715
Israel,ISR,2021,52258.4693499398
Israel,ISR,2020,44590.8237253282
Israel,ISR,2019,44091.8678022544
Israel,ISR,2018,42269.3770257585
Israel,ISR,2017,41013.2575323519
Israel,ISR,2016,37571.2561196275
Israel,ISR,2015,36138.13561386
Israel,ISR,2014,38265.3651949373
Israel,ISR,2013,36980.622214228
Israel,ISR,2012,33268.7066672115
Israel,ISR,2011,34476.7252065949
Israel,ISR,2010,31398.9266927022
Israel,ISR,2009,28469.6817348489
Israel,ISR,2008,30231.0191013609
Israel,ISR,2007,25688.901610248
Israel,ISR,2006,22499.7541717986
Israel,ISR,2005,21261.7474251846
Israel,ISR,2004,20550.0694706176
Israel,ISR,2003,19624.0321412582
Israel,ISR,2002,19058.7462869465
Israel,ISR,2001,20948.7745727671
Israel,ISR,2000,21690.237340061
Italy,ITA,2023,39279.699782164
Italy,ITA,2022,35653.9042103495
Italy,ITA,2021,36852.5425414951
Italy,ITA,2020,32091.4866621366
Italy,ITA,2019,33812.788724868
Italy,ITA,2018,35062.3364176949
Italy,ITA,2017,32844.115660604
Italy,ITA,2016,31391.5692898108
Italy,ITA,2015,30639.8829751432
Italy,ITA,2014,36028.3494022349
Italy,ITA,2013,35701.6746002376
Italy,ITA,2012,34854.3949441965
Italy,ITA,2011,38432.3742820019
Italy,ITA,2010,35856.8625485539
Italy,ITA,2009,37099.6133958219
Italy,ITA,2008,40828.5795580937
Italy,ITA,2007,37826.1754554823
Italy,ITA,2006,33537.1286994269
Italy,ITA,2005,32062.723833669
Italy,ITA,2004,31348.1901841445
Italy,ITA,2003,27577.5700319855
Italy,ITA,2002,22451.3964379368
Italy,ITA,2001,20570.4385917862
Italy,ITA,2000,20190.0035636084
Jamaica,JAM,2023,7542.39855849054
Jamaica,JAM,2022,6626.47502388538
Jamaica,JAM,2021,5625.67806271236
Jamaica,JAM,2020,5299.04530804283
Jamaica,JAM,2019,6030.68896415921
Jamaica,JAM,2018,5976.90362644337
Jamaica,JAM,2017,5605.43541173019
Jamaica,JAM,2016,5302.29553353854
Jamaica,JAM,2015,5339.30718256806
Jamaica,JAM,2014,4975.11325459872
Jamaica,JAM,2013,5124.21301411137
Jamaica,JAM,2012,5340.83333232158
Jamaica,JAM,2011,5232.63644918132
Jamaica,JAM,2010,4809.977380312
Jamaica,JAM,2009,4428.38153333557
Jamaica,JAM,2008,5029.80095281745
Jamaica,JAM,2007,4716.48612542727
Jamaica,JAM,2006,4417.00127135363
Jamaica,JAM,2005,4184.43974867497
Jamaica,JAM,2004,3807.56293124552
Jamaica,JAM,2003,3549.70758394618
Jamaica,JAM,2002,3680.64551727724
Jamaica,JAM,2001,3503.55026688858
Jamaica,JAM,2000,3453.09252800226
Japan,JPN,2023,35215.003535366
Japan,JPN,2022,35548.2645222433
Japan,JPN,2021,41580.739040705
Japan,JPN,2020,41098.9739004553
Japan,JPN,2019,41424.8655601543
Japan,JPN,2018,40645.478086519
Japan,JPN,2017,39679.8635262948
Japan,JPN,2016,40214.9688631562
Japan,JPN,2015,35664.6446110613
Japan,JPN,2014,39172.8471161948
Japan,JPN,2013,41369.1948479498
Japan,JPN,2012,49626.6830327571
Japan,JPN,2011,49122.077634247
Japan,JPN,2010,45378.1378109399
Japan,JPN,2009,41678.1783063195
Japan,JPN,2008,40294.2081309702
Japan,JPN,2007,36129.9535132925
Japan,JPN,2006,36354.4271646349
Japan,JPN,2005,38158.6758263963
Japan,JPN,2004,38677.5708064787
Japan,JPN,2003,35808.6816792388
Japan,JPN,2002,33315.9165174962
Japan,JPN,2001,34910.166403687
Japan,JPN,2000,39752.937397755
Jordan,JOR,2023,4906.23543006639
Jordan,JOR,2022,4754.41362207378
Jordan,JOR,2021,4581.71967230365
Jordan,JOR,2020,4411.48321838396
Jordan,JOR,2019,4557.79334729121
Jordan,JOR,2018,4533.97658437205
Jordan,JOR,2017,4449.34618076611
Jordan,JOR,2016,4366.06999647268
Jordan,JOR,2015,4441.61896013754
Jordan,JOR,2014,4610.60460269382
Jordan,JOR,2013,4739.02253641778
Jordan,JOR,2012,4593.83609729005
Jordan,JOR,2011,4363.42800211536
Jordan,JOR,2010,4139.04283161368
Jordan,JOR,2009,3845.34388086274
Jordan,JOR,2008,3669.83012701745
Jordan,JOR,2007,2506.20599484139
Jordan,JOR,2006,2342.63459574933
Jordan,JOR,2005,2087.87079273635
Jordan,JOR,2004,1940.08641342805
Jordan,JOR,2003,1775.67625581432
Jordan,JOR,2002,1706.26744384401
Jordan,JOR,2001,1632.29454010563
Jordan,JOR,2000,1570.61002940477
Kazakhstan,KAZ,2023,12879.4275257974
Kazakhstan,KAZ,2022,11255.3396437881
Kazakhstan,KAZ,2021,9983.60103576902
Kazakhstan,KAZ,2020,8781.50797787648
Kazakhstan,KAZ,2019,9457.12614657136
Kazakhstan,KAZ,2018,9472.48527327758
Kazakhstan,KAZ,2017,8943.08416791984
Kazakhstan,KAZ,2016,7475.56688689424
Kazakhstan,KAZ,2015,10196.1226255982
Kazakhstan,KAZ,2014,12427.7094576939
Kazakhstan,KAZ,2013,13478.459627612
Kazakhstan,KAZ,2012,12018.7966527993
Kazakhstan,KAZ,2011,11287.1464926039
Kazakhstan,KAZ,2010,8793.07589980782
Kazakhstan,KAZ,2009,6938.01175663001
Kazakhstan,KAZ,2008,8123.54705891736
Kazakhstan,KAZ,2007,6449.43931096532
Kazakhstan,KAZ,2006,5030.13494711519
Kazakhstan,KAZ,2005,3577.35804001782
Kazakhstan,KAZ,2004,2722.47407755402
Kazakhstan,KAZ,2003,1958.02050246511
Kazakhstan,KAZ,2002,1573.55219932325
Kazakhstan,KAZ,2001,1422.27331810957
Kazakhstan,KAZ,2000,1180.0444563226
Kenya,KEN,2023,1942.58802756191
Kenya,KEN,2022,2109.56288513137
Kenya,KEN,2021,2061.35622089594
Kenya,KEN,2020,1927.66459027849
Kenya,KEN,2019,1960.40808854893
Kenya,KEN,2018,1836.45275528993
Kenya,KEN,2017,1667.48447230835
Kenya,KEN,2016,1554.12610314423
Kenya,KEN,2015,1489.11959777284
Kenya,KEN,2014,1482.81566253497
Kenya,KEN,2013,1370.87885214659
Kenya,KEN,2012,1285.00536171512
Kenya,KEN,2011,1096.14499807675
Kenya,KEN,2010,1091.51873101194
Kenya,KEN,2009,1047.9678324485
Kenya,KEN,2008,915.54435473604
Kenya,KEN,2007,840.201439476765
Kenya,KEN,2006,699.80237063381
Kenya,KEN,2005,523.456312433863
Kenya,KEN,2004,463.662781300121
Kenya,KEN,2003,442.898457253405
Kenya,KEN,2002,402.936385605382
Kenya,KEN,2001,410.700452474814
Kenya,KEN,2000,414.626365130846
Kiribati,KIR,2023,2200.68918614289
Kiribati,KIR,2022,2078.7648751855
Kiribati,KIR,2021,2223.54147866465
Kiribati,KIR,2020,1751.87199542272
Kiribati,KIR,2019,1750.24040333237
Kiribati,KIR,2018,1915.56002581991
Kiribati,KIR,2017,1854.3326920967
Kiribati,KIR,2016,1742.66799324117
Kiribati,KIR,2015,1639.85274740652
Kiribati,KIR,2014,1736.70535682101
Kiribati,KIR,2013,1772.08718317132
Kiribati,KIR,2012,1843.55336349889
Kiribati,KIR,2011,1771.12926848792
Kiribati,KIR,2010,1522.10068744154
Kiribati,KIR,2009,1316.62753853678
Kiribati,KIR,2008,1410.62246914058
Kiribati,KIR,2007,1352.57814048911
Kiribati,KIR,2006,1123.19258990684
Kiribati,KIR,2005,1161.78341739977
Kiribati,KIR,2004,1083.2688987175
Kiribati,KIR,2003,1020.50033851394
Kiribati,KIR,2002,810.10870037444
Kiribati,KIR,2001,718.833787096781
Kiribati,KIR,2000,845.367240231973
"Korea, Dem. People's Rep.",PRK,2023,
"Korea, Dem. People's Rep.",PRK,2022,
"Korea, Dem. People's Rep.",PRK,2021,
"Korea, Dem. People's Rep.",PRK,2020,
"Korea, Dem. People's Rep.",PRK,2019,
"Korea, Dem. People's Rep.",PRK,2018,
"Korea, Dem. People's Rep.",PRK,2017,
"Korea, Dem. People's Rep.",PRK,2016,
"Korea, Dem. People's Rep.",PRK,2015,
"Korea, Dem. People's Rep.",PRK,2014,
"Korea, Dem. People's Rep.",PRK,2013,
"Korea, Dem. People's Rep.",PRK,2012,
"Korea, Dem. People's Rep.",PRK,2011,
"Korea, Dem. People's Rep.",PRK,2010,
"Korea, Dem. People's Rep.",PRK,2009,
"Korea, Dem. People's Rep.",PRK,2008,
"Korea, Dem. People's Rep.",PRK,2007,
"Korea, Dem. People's Rep.",PRK,2006,
"Korea, Dem. People's Rep.",PRK,2005,
"Korea, Dem. People's Rep.",PRK,2004,
"Korea, Dem. People's Rep.",PRK,2003,
"Korea, Dem. People's Rep.",PRK,2002,
"Korea, Dem. People's Rep.",PRK,2001,
"Korea, Dem. People's Rep.",PRK,2000,
"Korea, Rep.",KOR,2023,35674.095995632
"Korea, Rep.",KOR,2022,34822.4048404971
"Korea, Rep.",KOR,2021,37518.4635305697
"Korea, Rep.",KOR,2020,33645.7719545073
"Korea, Rep.",KOR,2019,33826.9443301597
"Korea, Rep.",KOR,2018,35363.9508228687
"Korea, Rep.",KOR,2017,33296.9845439195
"Korea, Rep.",KOR,2016,30832.0628072516
"Korea, Rep.",KOR,2015,30171.7906545222
"Korea, Rep.",KOR,2014,30667.0912467447
"Korea, Rep.",KOR,2013,28449.3591104972
"Korea, Rep.",KOR,2012,26600.5477433903
"Korea, Rep.",KOR,2011,26175.2398553363
"Korea, Rep.",KOR,2010,24071.2620526362
"Korea, Rep.",KOR,2009,19937.3029137734
"Korea, Rep.",KOR,2008,22252.3125108061
"Korea, Rep.",KOR,2007,25078.4853957105
"Korea, Rep.",KOR,2006,22609.7059431449
"Korea, Rep.",KOR,2005,20167.0474902506
"Korea, Rep.",KOR,2004,17121.6301633201
"Korea, Rep.",KOR,2003,15211.5483770422
"Korea, Rep.",KOR,2002,13642.9424537101
"Korea, Rep.",KOR,2001,11981.4828218758
"Korea, Rep.",KOR,2000,12710.2995795579
Kosovo,XKX,2023,6220.33213919344
Kosovo,XKX,2022,5298.1473871027
Kosovo,XKX,2021,5269.69946181439
Kosovo,XKX,2020,4320.58382547288
Kosovo,XKX,2019,4415.6992744623
Kosovo,XKX,2018,4384.18796440547
Kosovo,XKX,2017,4009.32022064732
Kosovo,XKX,2016,3759.44777525332
Kosovo,XKX,2015,3520.62685324451
Kosovo,XKX,2014,3902.49322261901
Kosovo,XKX,2013,3704.55812411167
Kosovo,XKX,2012,3410.65497983011
Kosovo,XKX,2011,3538.94809762524
Kosovo,XKX,2010,2987.54523493128
Kosovo,XKX,2009,2805.94692985371
Kosovo,XKX,2008,2889.14677086951
Kosovo,XKX,2007,
Kosovo,XKX,2006,
Kosovo,XKX,2005,
Kosovo,XKX,2004,
Kosovo,XKX,2003,
Kosovo,XKX,2002,
Kosovo,XKX,2001,
Kosovo,XKX,2000,
Kuwait,KWT,2023,34091.9714813002
Kuwait,KWT,2022,39981.7691035833
Kuwait,KWT,2021,34018.6342592913
Kuwait,KWT,2020,25236.0755848941
Kuwait,KWT,2019,31707.8737443551
Kuwait,KWT,2018,32067.9623756889
Kuwait,KWT,2017,29047.6536135703
Kuwait,KWT,2016,27323.6890735517
Kuwait,KWT,2015,29882.2126495698
Kuwait,KWT,2014,44368.7813457751
Kuwait,KWT,2013,49651.0439275077
Kuwait,KWT,2012,52155.2225833921
Kuwait,KWT,2011,49169.6063813095
Kuwait,KWT,2010,39212.252220155
Kuwait,KWT,2009,37907.1001320042
Kuwait,KWT,2008,55585.1889344442
Kuwait,KWT,2007,45709.4132876371
Kuwait,KWT,2006,42946.6374104066
Kuwait,KWT,2005,36122.6142741227
Kuwait,KWT,2004,27552.2827399787
Kuwait,KWT,2003,22690.655175144
Kuwait,KWT,2002,18512.7523035862
Kuwait,KWT,2001,17374.2318664227
Kuwait,KWT,2000,19296.3471698729
Kyrgyz Republic,KGZ,2023,2138.22210211478
Kyrgyz Republic,KGZ,2022,1739.72018344174
Kyrgyz Republic,KGZ,2021,1349.99730650542
Kyrgyz Republic,KGZ,2020,1229.51766602907
Kyrgyz Republic,KGZ,2019,1421.99927504102
Kyrgyz Republic,KGZ,2018,1283.5203037417
Kyrgyz Republic,KGZ,2017,1221.39046807082
Kyrgyz Republic,KGZ,2016,1103.27489428412
Kyrgyz Republic,KGZ,2015,1105.65193844261
Kyrgyz Republic,KGZ,2014,1264.52668823891
Kyrgyz Republic,KGZ,2013,1269.66303464348
Kyrgyz Republic,KGZ,2012,1168.62244675446
Kyrgyz Republic,KGZ,2011,1117.40174350185
Kyrgyz Republic,KGZ,2010,876.954476440354
Kyrgyz Republic,KGZ,2009,870.198894546917
Kyrgyz Republic,KGZ,2008,966.388569370494
Kyrgyz Republic,KGZ,2007,721.771577544361
Kyrgyz Republic,KGZ,2006,543.113512472219
Kyrgyz Republic,KGZ,2005,476.548193640077
Kyrgyz Republic,KGZ,2004,433.233873286
Kyrgyz Republic,KGZ,2003,380.505828812441
Kyrgyz Republic,KGZ,2002,321.726775366804
Kyrgyz Republic,KGZ,2001,308.41129550148
Kyrgyz Republic,KGZ,2000,279.621738464365
Lao PDR,LAO,2023,2066.94979776957
Lao PDR,LAO,2022,2046.40440255621
Lao PDR,LAO,2021,2526.05105018529
Lao PDR,LAO,2020,2583.77730696131
Lao PDR,LAO,2019,2589.32081035237
Lao PDR,LAO,2018,2545.1075420815
Lao PDR,LAO,2017,2432.43059478511
Lao PDR,LAO,2016,2303.22156035363
Lao PDR,LAO,2015,2121.01339097363
Lao PDR,LAO,2014,1981.03910900473
Lao PDR,LAO,2013,1812.51774424651
Lao PDR,LAO,2012,1563.5650771337
Lao PDR,LAO,2011,1361.54704394913
Lao PDR,LAO,2010,1125.91610151261
Lao PDR,LAO,2009,935.03237283283
Lao PDR,LAO,2008,885.747376088762
Lao PDR,LAO,2007,697.323013673925
Lao PDR,LAO,2006,579.391947440719
Lao PDR,LAO,2005,466.061506997741
Lao PDR,LAO,2004,409.296298284117
Lao PDR,LAO,2003,355.097216151461
Lao PDR,LAO,2002,313.350817148131
Lao PDR,LAO,2001,320.316005439568
Lao PDR,LAO,2000,318.749852236965
Latvia,LVA,2023,22710.2637544197
Latvia,LVA,2022,20221.103686109
Latvia,LVA,2021,20261.8887788916
Latvia,LVA,2020,17564.2321549354
Latvia,LVA,2019,17294.9751600969
Latvia,LVA,2018,17252.1710428626
Latvia,LVA,2017,15132.4958333982
Latvia,LVA,2016,13838.5266823272
Latvia,LVA,2015,13321.9753140616
Latvia,LVA,2014,15185.814581236
Latvia,LVA,2013,14484.4715282132
Latvia,LVA,2012,13329.3499931271
Latvia,LVA,2011,12902.574053337
Latvia,LVA,2010,11188.4191700977
Latvia,LVA,2009,11996.0322729773
Latvia,LVA,2008,15677.6080864506
Latvia,LVA,2007,13370.9789452508
Latvia,LVA,2006,9211.7374468148
Latvia,LVA,2005,7283.78738127622
Latvia,LVA,2004,6109.73265186817
Latvia,LVA,2003,4914.57992829302
Latvia,LVA,2002,4003.60935783538
Latvia,LVA,2001,3504.61829462397
Latvia,LVA,2000,3278.17896440803
Lebanon,LBN,2023,3477.72489842684
Lebanon,LBN,2022,3654.35845534878
Lebanon,LBN,2021,4045.37391066234
Lebanon,LBN,2020,5561.19166950397
Lebanon,LBN,2019,8905.88005497437
Lebanon,LBN,2018,9174.53666204759
Lebanon,LBN,2017,8608.21084982387
Lebanon,LBN,2016,8089.012088155
Lebanon,LBN,2015,7714.1099998804
Lebanon,LBN,2014,7577.6413302369
Lebanon,LBN,2013,8162.37929361396
Lebanon,LBN,2012,8406.98405608118
Lebanon,LBN,2011,7834.96257108993
Lebanon,LBN,2010,7625.81051551165
Lebanon,LBN,2009,7090.85493856621
Lebanon,LBN,2008,5912.04532820842
Lebanon,LBN,2007,5125.25809960149
Lebanon,LBN,2006,4635.2514117486
Lebanon,LBN,2005,4602.19804637945
Lebanon,LBN,2004,4600.68371412993
Lebanon,LBN,2003,4437.71588507526
Lebanon,LBN,2002,4290.85283803266
Lebanon,LBN,2001,4009.55929751102
Lebanon,LBN,2000,3986.83513941026
Lesotho,LSO,2023,921.435141557056
Lesotho,LSO,2022,1030.12582947757
Lesotho,LSO,2021,1066.58645143823
Lesotho,LSO,2020,918.582574704447
Lesotho,LSO,2019,1082.05706777516
Lesotho,LSO,2018,1170.65569702819
Lesotho,LSO,2017,1069.36673247542
Lesotho,LSO,2016,992.491840678465
Lesotho,LSO,2015,1121.19851342518
Lesotho,LSO,2014,1173.5377928819
Lesotho,LSO,2013,1151.03735837227
Lesotho,LSO,2012,1217.93071228944
Lesotho,LSO,2011,1280.73390931581
Lesotho,LSO,2010,1119.47557793042
Lesotho,LSO,2009,878.847950537772
Lesotho,LSO,2008,898.482517882593
Lesotho,LSO,2007,861.188420899563
Lesotho,LSO,2006,925.467485502842
Lesotho,LSO,2005,861.381496414995
Lesotho,LSO,2004,766.685820928242
Lesotho,LSO,2003,583.270036200288
Lesotho,LSO,2002,388.92334985135
Lesotho,LSO,2001,412.677473676821
Lesotho,LSO,2000,442.779545779081
Liberia,LBR,2023,799.194470229642
Liberia,LBR,2022,744.617175237387
Liberia,LBR,2021,667.96610514319
Liberia,LBR,2020,616.787867006715
Liberia,LBR,2019,658.164180770507
Liberia,LBR,2018,692.203127129794
Liberia,LBR,2017,699.269095727404
Liberia,LBR,2016,714.613063145659
Liberia,LBR,2015,692.590082351257
Liberia,LBR,2014,706.714490064507
Liberia,LBR,2013,710.744570927863
Liberia,LBR,2012,638.368751462083
Liberia,LBR,2011,568.087865520004
Liberia,LBR,2010,492.252808033724
Liberia,LBR,2009,448.386367025545
Liberia,LBR,2008,451.713856283285
Liberia,LBR,2007,374.211308104278
Liberia,LBR,2006,320.55808618515
Liberia,LBR,2005,287.487333441381
Liberia,LBR,2004,284.140223992458
Liberia,LBR,2003,239.779556677091
Liberia,LBR,2002,299.536445539621
Liberia,LBR,2001,300.463828598983
Liberia,LBR,2000,298.485340578945
Libya,LBY,2023,6026.51518708812
Libya,LBY,2022,5986.63694851258
Libya,LBY,2021,4935.82787349801
Libya,LBY,2020,6650.33810585348
Libya,LBY,2019,9963.19489084483
Libya,LBY,2018,11196.5854810844
Libya,LBY,2017,9965.83236729757
Libya,LBY,2016,7525.80299308216
Libya,LBY,2015,7458.48917756374
Libya,LBY,2014,8926.42074591474
Libya,LBY,2013,11951.7134126011
Libya,LBY,2012,14975.8902795144
Libya,LBY,2011,7593.8391525702
Libya,LBY,2010,11600.9068649472
Libya,LBY,2009,9551.05403869755
Libya,LBY,2008,13906.1407818125
Libya,LBY,2007,11144.9448413435
Libya,LBY,2006,10048.8480434289
Libya,LBY,2005,8079.24957329001
Libya,LBY,2004,5773.76333234281
Libya,LBY,2003,4674.09943200321
Libya,LBY,2002,3718.29434696755
Libya,LBY,2001,6312.80030498965
Libya,LBY,2000,7214.10040377084
Liechtenstein,LIE,2023,206780.590353385
Liechtenstein,LIE,2022,188055.003235348
Liechtenstein,LIE,2021,201944.830335076
Liechtenstein,LIE,2020,164671.093553454
Liechtenstein,LIE,2019,166907.839305016
Liechtenstein,LIE,2018,174988.775083446
Liechtenstein,LIE,2017,170547.092298954
Liechtenstein,LIE,2016,165375.491396259
Liechtenstein,LIE,2015,167187.15730982
Liechtenstein,LIE,2014,178735.153020908
Liechtenstein,LIE,2013,172823.607794648
Liechtenstein,LIE,2012,148842.035144342
Liechtenstein,LIE,2011,158066.369379163
Liechtenstein,LIE,2010,141089.812849014
Liechtenstein,LIE,2009,126024.714567466
Liechtenstein,LIE,2008,143249.227302093
Liechtenstein,LIE,2007,130492.595349517
Liechtenstein,LIE,2006,114167.939211301
Liechtenstein,LIE,2005,105295.057027611
Liechtenstein,LIE,2004,100280.831356705
Liechtenstein,LIE,2003,90108.3673647008
Liechtenstein,LIE,2002,79795.1785891101
Liechtenstein,LIE,2001,75067.8001680043
Liechtenstein,LIE,2000,76087.911114202
Lithuania,LTU,2023,27983.3658256887
Lithuania,LTU,2022,24946.5724005188
Lithuania,LTU,2021,23882.8668916753
Lithuania,LTU,2020,20428.6478157394
Lithuania,LTU,2019,19608.7943945553
Lithuania,LTU,2018,19247.2315367967
Lithuania,LTU,2017,16800.1510246099
Lithuania,LTU,2016,14934.2702840428
Lithuania,LTU,2015,14269.8039878287
Lithuania,LTU,2014,16446.1647181663
Lithuania,LTU,2013,15636.5252586048
Lithuania,LTU,2012,14288.1853493139
Lithuania,LTU,2011,14261.8433787325
Lithuania,LTU,2010,11829.122609457
Lithuania,LTU,2009,11854.3711053096
Lithuania,LTU,2008,14955.5345462921
Lithuania,LTU,2007,12295.1212779366
Lithuania,LTU,2006,9210.10118229413
Lithuania,LTU,2005,7857.03148786492
Lithuania,LTU,2004,6734.57487061946
Lithuania,LTU,2003,5507.47434187652
Lithuania,LTU,2002,4148.13091485015
Lithuania,LTU,2001,3532.52787363242
Lithuania,LTU,2000,3300.63634928559
Luxembourg,LUX,2023,133230.619178899
Luxembourg,LUX,2022,123719.658915996
Luxembourg,LUX,2021,134965.815442152
Luxembourg,LUX,2020,116860.02817236
Luxembourg,LUX,2019,112696.649059674
Luxembourg,LUX,2018,116926.759593905
Luxembourg,LUX,2017,110193.213797228
Luxembourg,LUX,2016,106899.293549552
Luxembourg,LUX,2015,105462.012584423
Luxembourg,LUX,2014,123678.706919314
Luxembourg,LUX,2013,120000.140729859
Luxembourg,LUX,2012,112584.676270958
Luxembourg,LUX,2011,119025.057203467
Luxembourg,LUX,2010,110885.991378721
Luxembourg,LUX,2009,109419.746953106
Luxembourg,LUX,2008,120422.137934157
Luxembourg,LUX,2007,107475.320297978
Luxembourg,LUX,2006,90788.8164271049
Luxembourg,LUX,2005,80988.2044869403
Luxembourg,LUX,2004,76544.9170868473
Luxembourg,LUX,2003,65689.3214536911
Luxembourg,LUX,2002,53005.731801629
Luxembourg,LUX,2001,48440.1805564662
Luxembourg,LUX,2000,48659.6390968187
"Macao SAR, China",MAC,2023,67216.3631112124
"Macao SAR, China",MAC,2022,36806.891255461
"Macao SAR, China",MAC,2021,44884.8961602393
"Macao SAR, China",MAC,2020,36883.6652578543
"Macao SAR, China",MAC,2019,81882.6964523869
"Macao SAR, China",MAC,2018,83588.2875009014
"Macao SAR, China",MAC,2017,77570.9876166977
"Macao SAR, China",MAC,2016,68911.6755919628
"Macao SAR, China",MAC,2015,69902.9605741233
"Macao SAR, China",MAC,2014,88355.3181764446
"Macao SAR, China",MAC,2013,87107.8313063626
"Macao SAR, China",MAC,2012,76058.0224963659
"Macao SAR, China",MAC,2011,67046.7284292101
"Macao SAR, China",MAC,2010,52596.2250160214
"Macao SAR, China",MAC,2009,40354.2810293673
"Macao SAR, China",MAC,2008,38888.5118044503
"Macao SAR, China",MAC,2007,35400.2334659409
"Macao SAR, China",MAC,2006,29813.7877167933
"Macao SAR, China",MAC,2005,25681.2167315221
"Macao SAR, China",MAC,2004,23407.1993692194
"Macao SAR, China",MAC,2003,18589.8998330534
"Macao SAR, China",MAC,2002,16814.9926424134
"Macao SAR, China",MAC,2001,15810.7227666562
"Macao SAR, China",MAC,2000,15731.4081633771
Madagascar,MDG,2023,514.064076551927
Madagascar,MDG,2022,504.059106969168
Madagascar,MDG,2021,483.469463351195
Madagascar,MDG,2020,450.771615205157
Madagascar,MDG,2019,499.818837622534
Madagascar,MDG,2018,500.45718552916
Madagascar,MDG,2017,491.866848718929
Madagascar,MDG,2016,453.970714522463
Madagascar,MDG,2015,445.320069480568
Madagascar,MDG,2014,505.684922503435
Madagascar,MDG,2013,515.301589361832
Madagascar,MDG,2012,493.511162904211
Madagascar,MDG,2011,506.163691559309
Madagascar,MDG,2010,450.009391645726
Madagascar,MDG,2009,446.315238370592
Madagascar,MDG,2008,512.579800058444
Madagascar,MDG,2007,419.548001431865
Madagascar,MDG,2006,324.146874882604
Madagascar,MDG,2005,305.812074924388
Madagascar,MDG,2004,272.20074858856
Madagascar,MDG,2003,352.620095849925
Madagascar,MDG,2002,304.941777398445
Madagascar,MDG,2001,319.283278235657
Madagascar,MDG,2000,280.282905559649
Malawi,MWI,2023,633.214767978695
Malawi,MWI,2022,604.269740360317
Malawi,MWI,2021,617.446994451007
Malawi,MWI,2020,602.507478176106
Malawi,MWI,2019,580.889139762475
Malawi,MWI,2018,533.202567189331
Malawi,MWI,2017,495.769683367165
Malawi,MWI,2016,450.506105510719
Malawi,MWI,2015,539.605363240686
Malawi,MWI,2014,529.5133440206
Malawi,MWI,2013,496.947368267313
Malawi,MWI,2012,558.46208832772
Malawi,MWI,2011,763.061000394572
Malawi,MWI,2010,683.124694716799
Malawi,MWI,2009,625.869729869625
Malawi,MWI,2008,554.048820396119
Malawi,MWI,2007,475.180261659331
Malawi,MWI,2006,440.822149023873
Malawi,MWI,2005,414.361121984475
Malawi,MWI,2004,404.674248445428
Malawi,MWI,2003,383.348596852642
Malawi,MWI,2002,428.210439838398
Malawi,MWI,2001,215.474524898357
Malawi,MWI,2000,224.22415918428
Malaysia,MYS,2023,11386.0395636528
Malaysia,MYS,2022,11754.5678336248
Malaysia,MYS,2021,10903.1037480772
Malaysia,MYS,2020,9957.52626697613
Malaysia,MYS,2019,10920.191763972
Malaysia,MYS,2018,10901.8019954421
Malaysia,MYS,2017,9862.54806612235
Malaysia,MYS,2016,9476.53409809923
Malaysia,MYS,2015,9648.6797937523
Malaysia,MYS,2014,11013.3107334403
Malaysia,MYS,2013,10713.6407638899
Malaysia,MYS,2012,10600.5744240026
Malaysia,MYS,2011,10217.1068585031
Malaysia,MYS,2010,8899.34505544675
Malaysia,MYS,2009,7191.43287234626
Malaysia,MYS,2008,8371.82156086005
Malaysia,MYS,2007,7168.93031942508
Malaysia,MYS,2006,6158.40785533236
Malaysia,MYS,2005,5555.58179951206
Malaysia,MYS,2004,4939.24851854427
Malaysia,MYS,2003,4465.32194567208
Malaysia,MYS,2002,4184.03163773539
Malaysia,MYS,2001,3943.79943910239
Malaysia,MYS,2000,4083.52874483605
Maldives,MDV,2023,12587.6126038651
Maldives,MDV,2022,11786.0191492983
Maldives,MDV,2021,10176.143882547
Maldives,MDV,2020,7393.8886543933
Maldives,MDV,2019,11740.2724029785
Maldives,MDV,2018,11423.2838427029
Maldives,MDV,2017,10509.628805812
Maldives,MDV,2016,9947.80744731739
Maldives,MDV,2015,9644.90655028145
Maldives,MDV,2014,8939.07416571472
Maldives,MDV,2013,8236.08177944126
Maldives,MDV,2012,7461.29703686309
Maldives,MDV,2011,7424.520410971
Maldives,MDV,2010,7173.59601844692
Maldives,MDV,2009,6734.03165601895
Maldives,MDV,2008,6757.43280929292
Maldives,MDV,2007,5758.10286933053
Maldives,MDV,2006,5018.94335409159
Maldives,MDV,2005,3796.51546524644
Maldives,MDV,2004,4070.2609459446
Maldives,MDV,2003,3548.5767011056
Maldives,MDV,2002,3076.07007160101
Maldives,MDV,2001,3033.93234507036
Maldives,MDV,2000,2213.81235053178
Mali,MLI,2023,1042.44223444837
Mali,MLI,2022,976.914116406452
Mali,MLI,2021,1027.27345365357
Mali,MLI,2020,953.242943290974
Mali,MLI,2019,971.949318638092
Mali,MLI,2018,996.379292136901
Mali,MLI,2017,924.057531692284
Mali,MLI,2016,872.468587171653
Mali,MLI,2015,838.11986940103
Mali,MLI,2014,947.915033293219
Mali,MLI,2013,901.920957649814
Mali,MLI,2012,872.506092463946
Mali,MLI,2011,938.292902579598
Mali,MLI,2010,797.151541141189
Mali,MLI,2009,787.48256428259
Mali,MLI,2008,767.194838946144
Mali,MLI,2007,670.853394978069
Mali,MLI,2006,586.985415512593
Mali,MLI,2005,548.730382848879
Mali,MLI,2004,495.006294675661
Mali,MLI,2003,441.910358475171
Mali,MLI,2002,378.191678628068
Mali,MLI,2001,346.224554248587
Mali,MLI,2000,304.652870189314
Malta,MLT,2023,40932.5238774461
Malta,MLT,2022,35658.8318250199
Malta,MLT,2021,38078.0064279067
Malta,MLT,2020,31823.422001724
Malta,MLT,2019,32421.9087471186
Malta,MLT,2018,33382.280781103
Malta,MLT,2017,30317.2611769875
Malta,MLT,2016,26459.0644285369
Malta,MLT,2015,25529.6693210673
Malta,MLT,2014,27424.5693619702
Malta,MLT,2013,25415.5525389054
Malta,MLT,2012,22878.3095862582
Malta,MLT,2011,23516.972445816
Malta,MLT,2010,21946.6073066905
Malta,MLT,2009,21261.5428699817
Malta,MLT,2008,22405.6426266551
Malta,MLT,2007,19444.1743635565
Malta,MLT,2006,16653.6038312389
Malta,MLT,2005,15831.3439802756
Malta,MLT,2004,15212.1312964883
Malta,MLT,2003,13593.9787182902
Malta,MLT,2002,11251.2024877398
Malta,MLT,2001,10357.7026407269
Malta,MLT,2000,10348.485765125
Marshall Islands,MHL,2023,6799.39217554794
Marshall Islands,MHL,2022,6455.6603538189
Marshall Islands,MHL,2021,6315.31172190393
Marshall Islands,MHL,2020,5661.96787336674
Marshall Islands,MHL,2019,5292.33985502306
Marshall Islands,MHL,2018,4858.12079054875
Marshall Islands,MHL,2017,4592.83457628576
Marshall Islands,MHL,2016,4229.80988911945
Marshall Islands,MHL,2015,3764.34426229508
Marshall Islands,MHL,2014,3735.23977829545
Marshall Islands,MHL,2013,3677.90690791421
Marshall Islands,MHL,2012,3514.26515490383
Marshall Islands,MHL,2011,3319.39815439151
Marshall Islands,MHL,2010,3095.45768964722
Marshall Islands,MHL,2009,2906.63026970914
Marshall Islands,MHL,2008,2817.60522775322
Marshall Islands,MHL,2007,2892.28403958874
Marshall Islands,MHL,2006,2754.26988767503
Marshall Islands,MHL,2005,2658.65217893885
Marshall Islands,MHL,2004,2566.08291015814
Marshall Islands,MHL,2003,2539.3307383954
Marshall Islands,MHL,2002,2566.06708799222
Marshall Islands,MHL,2001,2394.34501105178
Marshall Islands,MHL,2000,2264.79114897645
Mauritania,MRT,2023,2127.9576285973
Mauritania,MRT,2022,1961.28166648869
Mauritania,MRT,2021,1947.47413907209
Mauritania,MRT,2020,1795.72437324423
Mauritania,MRT,2019,1767.072710621
Mauritania,MRT,2018,1723.37809442655
Mauritania,MRT,2017,1617.93401542267
Mauritania,MRT,2016,1568.00551190332
Mauritania,MRT,2015,1558.84205473416
Mauritania,MRT,2014,1718.97089374709
Mauritania,MRT,2013,1936.26950446101
Mauritania,MRT,2012,1859.11733247641
Mauritania,MRT,2011,1931.19975525465
Mauritania,MRT,2010,1659.96369705455
Mauritania,MRT,2009,1435.43010811893
Mauritania,MRT,2008,1635.5630623124
Mauritania,MRT,2007,1405.15016203368
Mauritania,MRT,2006,1300.60367988659
Mauritania,MRT,2005,998.96583416747
Mauritania,MRT,2004,823.554457141893
Mauritania,MRT,2003,732.017820812675
Mauritania,MRT,2002,648.879643934862
Mauritania,MRT,2001,651.817840199777
Mauritania,MRT,2000,680.911061879778
Mauritius,MUS,2023,11269.9684462139
Mauritius,MUS,2022,10246.5017455553
Mauritius,MUS,2021,9177.71195973013
Mauritius,MUS,2020,9135.84773751062
Mauritius,MUS,2019,11568.2533399824
Mauritius,MUS,2018,11818.7480619272
Mauritius,MUS,2017,10986.7034093005
Mauritius,MUS,2016,10095.1225574156
Mauritius,MUS,2015,9630.5437837507
Mauritius,MUS,2014,10490.3315563853
Mauritius,MUS,2013,9877.13865958834
Mauritius,MUS,2012,9421.52514098225
Mauritius,MUS,2011,9324.24232310496
Mauritius,MUS,2010,8113.17670740212
Mauritius,MUS,2009,7426.86137313939
Mauritius,MUS,2008,8140.47983639243
Mauritius,MUS,2007,6677.37538616398
Mauritius,MUS,2006,5784.22491883026
Mauritius,MUS,2005,5354.02974260642
Mauritius,MUS,2004,5460.60800184198
Mauritius,MUS,2003,4858.26575549747
Mauritius,MUS,2002,4073.06053055903
Mauritius,MUS,2001,3908.55694927435
Mauritius,MUS,2000,3981.98343249582
Mexico,MEX,2023,13830.843848864
Mexico,MEX,2022,11405.7940469896
Mexico,MEX,2021,10314.0506733708
Mexico,MEX,2020,8841.27074929751
Mexico,MEX,2019,10369.5553593527
Mexico,MEX,2018,10084.7937570364
Mexico,MEX,2017,9649.27816729586
Mexico,MEX,2016,9097.92397674769
Mexico,MEX,2015,10021.2386113616
Mexico,MEX,2014,11391.3773503964
Mexico,MEX,2013,11216.800851866
Mexico,MEX,2012,10744.1335236186
Mexico,MEX,2011,10664.4944032313
Mexico,MEX,2010,9728.80078307432
Mexico,MEX,2009,8423.56933148639
Mexico,MEX,2008,10523.7685427665
Mexico,MEX,2007,10134.3327129706
Mexico,MEX,2006,9512.63575346699
Mexico,MEX,2005,8671.75891798441
Mexico,MEX,2004,7849.66759649565
Mexico,MEX,2003,7434.07465031562
Mexico,MEX,2002,7983.03398381759
Mexico,MEX,2001,7952.76479510706
Mexico,MEX,2000,7524.0271380091
"Micronesia, Fed. Sts.",FSM,2023,3933.01607031874
"Micronesia, Fed. Sts.",FSM,2022,3703.66680343222
"Micronesia, Fed. Sts.",FSM,2021,3508.22314197664
"Micronesia, Fed. Sts.",FSM,2020,3362.02802120524
"Micronesia, Fed. Sts.",FSM,2019,3581.72684572278
"Micronesia, Fed. Sts.",FSM,2018,3584.78377566896
"Micronesia, Fed. Sts.",FSM,2017,3297.37580036719
"Micronesia, Fed. Sts.",FSM,2016,2997.93719917488
"Micronesia, Fed. Sts.",FSM,2015,2869.86276169101
"Micronesia, Fed. Sts.",FSM,2014,2915.23672460238
"Micronesia, Fed. Sts.",FSM,2013,2904.1536796737
"Micronesia, Fed. Sts.",FSM,2012,3003.05867086848
"Micronesia, Fed. Sts.",FSM,2011,2859.8488365615
"Micronesia, Fed. Sts.",FSM,2010,2715.26873721406
"Micronesia, Fed. Sts.",FSM,2009,2565.83639782506
"Micronesia, Fed. Sts.",FSM,2008,2395.90218109716
"Micronesia, Fed. Sts.",FSM,2007,2302.51183108846
"Micronesia, Fed. Sts.",FSM,2006,2257.76445195026
"Micronesia, Fed. Sts.",FSM,2005,2216.9963738197
"Micronesia, Fed. Sts.",FSM,2004,2104.42796515524
"Micronesia, Fed. Sts.",FSM,2003,2145.87789998664
"Micronesia, Fed. Sts.",FSM,2002,2113.45955463859
"Micronesia, Fed. Sts.",FSM,2001,2103.74849819784
"Micronesia, Fed. Sts.",FSM,2000,2049.34490021777
Moldova,MDA,2023,6799.58594644576
Moldova,MDA,2022,5744.29618434435
Moldova,MDA,2021,5274.60582195352
Moldova,MDA,2020,4375.7788930524
Moldova,MDA,2019,4405.33418162155
Moldova,MDA,2018,4156.44981956646
Moldova,MDA,2017,3453.26727720294
Moldova,MDA,2016,2847.08794770479
Moldova,MDA,2015,2749.55137054338
Moldova,MDA,2014,3289.95758568777
Moldova,MDA,2013,3321.04397795719
Moldova,MDA,2012,3044.8084324815
Moldova,MDA,2011,2941.36224066021
Moldova,MDA,2010,2436.79935102421
Moldova,MDA,2009,1898.43975710988
Moldova,MDA,2008,2110.55305353857
Moldova,MDA,2007,1531.21618590748
Moldova,MDA,2006,1183.02481442894
Moldova,MDA,2005,1034.39197746993
Moldova,MDA,2004,897.178494749468
Moldova,MDA,2003,682.319095965299
Moldova,MDA,2002,570.799866188293
Moldova,MDA,2001,507.404076252819
Moldova,MDA,2000,440.538683980372
Monaco,MCO,2023,256799.911212051
Monaco,MCO,2022,226052.060664649
Monaco,MCO,2021,223823.327192464
Monaco,MCO,2020,176891.806328966
Monaco,MCO,2019,193746.729890885
Monaco,MCO,2018,188298.389694191
Monaco,MCO,2017,170663.470051177
Monaco,MCO,2016,173604.669723126
Monaco,MCO,2015,170437.021128628
Monaco,MCO,2014,195693.519540544
Monaco,MCO,2013,184940.633666281
Monaco,MCO,2012,165444.625782803
Monaco,MCO,2011,179364.009524397
Monaco,MCO,2010,161853.922745228
Monaco,MCO,2009,169150.337647299
Monaco,MCO,2008,204263.893236529
Monaco,MCO,2007,184558.455423983
Monaco,MCO,2006,143083.509443656
Monaco,MCO,2005,130538.711379722
Monaco,MCO,2004,125160.282928751
Monaco,MCO,2003,111110.460463916
Monaco,MCO,2002,90051.4463079416
Monaco,MCO,2001,82402.7746362391
Monaco,MCO,2000,81789.014508777
Mongolia,MNG,2023,5838.63108083902
Mongolia,MNG,2022,4993.51487463495
Mongolia,MNG,2021,4517.61578018785
Mongolia,MNG,2020,4001.25193077703
Mongolia,MNG,2019,4347.54610314873
Mongolia,MNG,2018,4107.64288528468
Mongolia,MNG,2017,3645.96708669551
Mongolia,MNG,2016,3619.90026383792
Mongolia,MNG,2015,3838.92126989984
Mongolia,MNG,2014,4126.23975800524
Mongolia,MNG,2013,4340.14310544449
Mongolia,MNG,2012,4328.89001905655
Mongolia,MNG,2011,3736.04201455077
Mongolia,MNG,2010,2625.21881402433
Mongolia,MNG,2009,1703.32756790019
Mongolia,MNG,2008,2127.42678594737
Mongolia,MNG,2007,1627.68787743359
Mongolia,MNG,2006,1329.89179579053
Mongolia,MNG,2005,994.90010913241
Mongolia,MNG,2004,794.154552001815
Mongolia,MNG,2003,643.168068921658
Mongolia,MNG,2002,570.249213248399
Mongolia,MNG,2001,524.453483552485
Mongolia,MNG,2000,476.02755082717
Montenegro,MNE,2023,12258.1600477339
Montenegro,MNE,2022,10038.1849482517
Montenegro,MNE,2021,9315.86435643142
Montenegro,MNE,2020,7555.48699036321
Montenegro,MNE,2019,8749.25629734676
Montenegro,MNE,2018,8673.59469069858
Montenegro,MNE,2017,7674.2856571219
Montenegro,MNE,2016,6968.01202883651
Montenegro,MNE,2015,6421.00005731419
Montenegro,MNE,2014,7342.17147363741
Montenegro,MNE,2013,7102.7776714702
Montenegro,MNE,2012,6552.47970337373
Montenegro,MNE,2011,7265.51771176628
Montenegro,MNE,2010,6678.63939560908
Montenegro,MNE,2009,6726.67589734408
Montenegro,MNE,2008,7390.01481290503
Montenegro,MNE,2007,5979.43813180981
Montenegro,MNE,2006,4422.55172559508
Montenegro,MNE,2005,3675.98851272723
Montenegro,MNE,2004,3386.38099417981
Montenegro,MNE,2003,2789.95435110345
Montenegro,MNE,2002,2109.30631947331
Montenegro,MNE,2001,1909.59870186179
Montenegro,MNE,2000,1627.06511911987
Morocco,MAR,2023,3813.72607421875
Morocco,MAR,2022,3463.1376953125
Morocco,MAR,2021,3785.93627929688
Morocco,MAR,2020,3268.0302734375
Morocco,MAR,2019,3508.09765625
Morocco,MAR,2018,3501.69799804688
Morocco,MAR,2017,3296.52661132813
Morocco,MAR,2016,3140.85546875
Morocco,MAR,2015,3146.24780273438
Morocco,MAR,2014,3435.40698242188
Morocco,MAR,2013,3379.7431640625
Morocco,MAR,2012,3164.17724609375
Morocco,MAR,2011,3301.98876953125
Morocco,MAR,2010,3067.9853515625
Morocco,MAR,2009,3119.58862304688
Morocco,MAR,2008,3183.20043945313
Morocco,MAR,2007,2755.5859375
Morocco,MAR,2006,2438.12646484375
Morocco,MAR,2005,2242.98828125
Morocco,MAR,2004,2183.55541992188
Morocco,MAR,2003,1941.87255859375
Morocco,MAR,2002,1596.02062988281
Morocco,MAR,2001,1506.24523925781
Morocco,MAR,2000,1499.107421875
Mozambique,MOZ,2023,622.191133245967
Mozambique,MOZ,2022,578.273222184503
Mozambique,MOZ,2021,509.907829475551
Mozambique,MOZ,2020,462.433876479921
Mozambique,MOZ,2019,519.09255091362
Mozambique,MOZ,2018,517.507260258101
Mozambique,MOZ,2017,470.93856305196
Mozambique,MOZ,2016,441.489734819071
Mozambique,MOZ,2015,610.563774706589
Mozambique,MOZ,2014,697.142680444123
Mozambique,MOZ,2013,686.505672517351
Mozambique,MOZ,2012,685.685748199513
Mozambique,MOZ,2011,618.17649286789
Mozambique,MOZ,2010,496.185839392659
Mozambique,MOZ,2009,547.697144193651
Mozambique,MOZ,2008,592.159111184122
Mozambique,MOZ,2007,507.874923914304
Mozambique,MOZ,2006,457.487647833183
Mozambique,MOZ,2005,436.773856167384
Mozambique,MOZ,2004,400.056973161545
Mozambique,MOZ,2003,339.488737800648
Mozambique,MOZ,2002,313.886661721198
Mozambique,MOZ,2001,304.792138621913
Mozambique,MOZ,2000,327.12623979157
Myanmar,MMR,2023,1233.19666209269
Myanmar,MMR,2022,1158.05005034332
Myanmar,MMR,2021,1242.72134419599
Myanmar,MMR,2020,1490.21683548367
Myanmar,MMR,2019,1425.98954211903
Myanmar,MMR,2018,1298.21310320785
Myanmar,MMR,2017,1272.82241830603
Myanmar,MMR,2016,1229.19713515893
Myanmar,MMR,2015,1166.73305546337
Myanmar,MMR,2014,1293.00042298688
Myanmar,MMR,2013,1199.09561597055
Myanmar,MMR,2012,1202.6658960055
Myanmar,MMR,2011,1213.62898703376
Myanmar,MMR,2010,1010.53417343401
Myanmar,MMR,2009,758.442935789255
Myanmar,MMR,2008,658.442487229705
Myanmar,MMR,2007,419.375780725042
Myanmar,MMR,2006,303.495087119254
Myanmar,MMR,2005,252.685193060728
Myanmar,MMR,2004,224.508811413327
Myanmar,MMR,2003,224.292688912409
Myanmar,MMR,2002,146.598390364449
Myanmar,MMR,2001,141.525660705722
Myanmar,MMR,2000,196.619580625284
Namibia,NAM,2023,4225.99102418102
Namibia,NAM,2022,4349.79908493314
Namibia,NAM,2021,4412.8355693052
Namibia,NAM,2020,3878.58982993966
Namibia,NAM,2019,4731.9210318831
Namibia,NAM,2018,5308.60813408705
Namibia,NAM,2017,5143.96072323076
Namibia,NAM,2016,4395.68776162376
Namibia,NAM,2015,4774.10650865775
Namibia,NAM,2014,5378.32326241205
Namibia,NAM,2013,5346.62131149967
Namibia,NAM,2012,5942.64680978673
Namibia,NAM,2011,5834.7917675794
Namibia,NAM,2010,5418.21633365814
Namibia,NAM,2009,4302.91374148376
Namibia,NAM,2008,4204.78555422749
Namibia,NAM,2007,4379.04313682732
Namibia,NAM,2006,4017.1834716928
Namibia,NAM,2005,3685.77299991587
Namibia,NAM,2004,3403.15496192955
Namibia,NAM,2003,2569.24739317883
Namibia,NAM,2002,1772.07565537493
Namibia,NAM,2001,1915.58926594875
Namibia,NAM,2000,2156.67590512714
Naoero,NRU,2023,13602.6372112893
Naoero,NRU,2022,15309.8345351924
Naoero,NRU,2021,12748.1701249353
Naoero,NRU,2020,10709.068810538
Naoero,NRU,2019,10801.7705659635
Naoero,NRU,2018,11413.7463016389
Naoero,NRU,2017,9656.97976571484
Naoero,NRU,2016,8748.15632605428
Naoero,NRU,2015,7747.25584993607
Naoero,NRU,2014,9230.05440328927
Naoero,NRU,2013,8974.51886874433
Naoero,NRU,2012,9842.77032731856
Naoero,NRU,2011,6444.03642094634
Naoero,NRU,2010,4735.92000502092
Naoero,NRU,2009,4410.56764668962
Naoero,NRU,2008,3756.84531228766
Naoero,NRU,2007,2272.15291307045
Naoero,NRU,2006,2910.14145794684
Naoero,NRU,2005,2992.40382776926
Naoero,NRU,2004,3040.51349889
Naoero,NRU,2003,2463.28259078079
Naoero,NRU,2002,2084.64824520971
Naoero,NRU,2001,2232.30874026726
Naoero,NRU,2000,2648.60152860938
Nepal,NPL,2023,1382.38300895424
Nepal,NPL,2022,1385.91066002922
Nepal,NPL,2021,1252.75076731986
Nepal,NPL,2020,1154.21517578318
Nepal,NPL,2019,1203.14294706401
Nepal,NPL,2018,1179.19843190389
Nepal,NPL,2017,1034.28374906846
Nepal,NPL,2016,877.256454696737
Nepal,NPL,2015,875.543635474862
Nepal,NPL,2014,821.455224911731
Nepal,NPL,2013,803.269595420477
Nepal,NPL,2012,788.202937148377
Nepal,NPL,2011,785.518656222132
Nepal,NPL,2010,585.278491984574
Nepal,NPL,2009,473.078751198621
Nepal,NPL,2008,464.817391891529
Nepal,NPL,2007,385.449767660642
Nepal,NPL,2006,340.431796437968
Nepal,NPL,2005,309.024168339372
Nepal,NPL,2004,279.587750044428
Nepal,NPL,2003,246.429706587633
Nepal,NPL,2002,238.89140296106
Nepal,NPL,2001,240.795114544664
Nepal,NPL,2000,223.830289183078
Netherlands,NLD,2023,63515.6030780019
Netherlands,NLD,2022,59123.318556487
Netherlands,NLD,2021,60141.9880911492
Netherlands,NLD,2020,53467.9277413737
Netherlands,NLD,2019,53554.9007491475
Netherlands,NLD,2018,53955.0770024266
Netherlands,NLD,2017,49513.6817346384
Netherlands,NLD,2016,46808.5291492503
Netherlands,NLD,2015,45793.8135434697
Netherlands,NLD,2014,53457.2234864322
Netherlands,NLD,2013,52602.2860520766
Netherlands,NLD,2012,50473.9442002689
Netherlands,NLD,2011,54701.7728030611
Netherlands,NLD,2010,51305.7338533973
Netherlands,NLD,2009,53172.0261581418
Netherlands,NLD,2008,58246.7026905874
Netherlands,NLD,2007,52100.7996285947
Netherlands,NLD,2006,45123.5432406426
Netherlands,NLD,2005,42165.396168388
Netherlands,NLD,2004,40611.3414353091
Netherlands,NLD,2003,35896.7504630706
Netherlands,NLD,2002,29446.5330872868
Netherlands,NLD,2001,26955.7128032278
Netherlands,NLD,2000,26225.1697734149
New Caledonia,NCL,2023,33701.8923322781
New Caledonia,NCL,2022,33516.363085906
New Caledonia,NCL,2021,35311.5543551452
New Caledonia,NCL,2020,33270.330597637
New Caledonia,NCL,2019,33411.3358835672
New Caledonia,NCL,2018,34902.8968780031
New Caledonia,NCL,2017,32354.7102832901
New Caledonia,NCL,2016,30782.8544433514
New Caledonia,NCL,2015,30858.7237060533
New Caledonia,NCL,2014,37816.9558599295
New Caledonia,NCL,2013,36671.1566752621
New Caledonia,NCL,2012,35559.5672006157
New Caledonia,NCL,2011,38835.9401851385
New Caledonia,NCL,2010,35798.9084757829
New Caledonia,NCL,2009,33836.494080472
New Caledonia,NCL,2008,35723.9033194947
New Caledonia,NCL,2007,35177.6535261448
New Caledonia,NCL,2006,28193.2537573387
New Caledonia,NCL,2005,25528.2918353444
New Caledonia,NCL,2004,24475.6488547037
New Caledonia,NCL,2003,20768.1061488848
New Caledonia,NCL,2002,16104.5520406819
New Caledonia,NCL,2001,14482.3606263602
New Caledonia,NCL,2000,15329.7297200058
New Zealand,NZL,2023,49302.341876493
New Zealand,NZL,2022,49141.6316294227
New Zealand,NZL,2021,49902.154346032
New Zealand,NZL,2020,42054.6743136586
New Zealand,NZL,2019,42872.2681243427
New Zealand,NZL,2018,43204.1305124872
New Zealand,NZL,2017,42912.1537002148
New Zealand,NZL,2016,40088.3205470499
New Zealand,NZL,2015,38648.7302562109
New Zealand,NZL,2014,44599.8992733675
New Zealand,NZL,2013,42984.9571801167
New Zealand,NZL,2012,40041.7524816244
New Zealand,NZL,2011,38425.829997974
New Zealand,NZL,2010,33761.9009639947
New Zealand,NZL,2009,28276.7255416225
New Zealand,NZL,2008,31324.7397977102
New Zealand,NZL,2007,32479.9817381467
New Zealand,NZL,2006,26654.5932018985
New Zealand,NZL,2005,27751.0654708859
New Zealand,NZL,2004,25420.234882944
New Zealand,NZL,2003,21913.7081719961
New Zealand,NZL,2002,16874.1874918196
New Zealand,NZL,2001,13882.8568268586
New Zealand,NZL,2000,13641.1027183822
Nicaragua,NIC,2023,2609.44491147975
Nicaragua,NIC,2022,2322.89069619459
Nicaragua,NIC,2021,2138.38573878237
Nicaragua,NIC,2020,1938.44704754382
Nicaragua,NIC,2019,1958.62051528095
Nicaragua,NIC,2018,2035.16549390507
Nicaragua,NIC,2017,2182.61380995674
Nicaragua,NIC,2016,2131.68704828322
Nicaragua,NIC,2015,2074.45620634731
Nicaragua,NIC,2014,1958.37047579547
Nicaragua,NIC,2013,1835.43996363715
Nicaragua,NIC,2012,1784.69836017555
Nicaragua,NIC,2011,1679.71192084633
Nicaragua,NIC,2010,1526.56706951408
Nicaragua,NIC,2009,1467.08288052845
Nicaragua,NIC,2008,1523.68437086409
Nicaragua,NIC,2007,1350.38145753377
Nicaragua,NIC,2006,1248.17371577788
Nicaragua,NIC,2005,1183.30214010175
Nicaragua,NIC,2004,1098.62118662335
Nicaragua,NIC,2003,1021.35216668794
Nicaragua,NIC,2002,1014.3339042591
Nicaragua,NIC,2001,1051.874235891
Nicaragua,NIC,2000,1017.3124434882
Niger,NER,2023,647.930108509567
Niger,NER,2022,613.614736429298
Niger,NER,2021,609.585703670137
Niger,NER,2020,575.451340306915
Niger,NER,2019,541.265819870273
Niger,NER,2018,576.927536415462
Niger,NER,2017,529.929418934868
Niger,NER,2016,499.910520068193
Niger,NER,2015,485.662574175279
Niger,NER,2014,565.30989731175
Niger,NER,2013,552.103334363117
Niger,NER,2012,528.510104469655
Niger,NER,2011,510.75956176268
Niger,NER,2010,474.425692340831
Niger,NER,2009,461.131533961487
Niger,NER,2008,475.044955398162
Niger,NER,2007,387.168065883301
Niger,NER,2006,333.345078419447
Niger,NER,2005,318.643121918273
Niger,NER,2004,283.468281798296
Niger,NER,2003,265.225363452469
Niger,NER,2002,225.294391147438
Niger,NER,2001,205.417936120931
Niger,NER,2000,194.771959898935
Nigeria,NGA,2023,2138.76383718757
Nigeria,NGA,2022,2899.16047469267
Nigeria,NGA,2021,2787.48779220991
Nigeria,NGA,2020,2797.184580679
Nigeria,NGA,2019,3189.81286496183
Nigeria,NGA,2018,2057.87944554011
Nigeria,NGA,2017,1876.34027111773
Nigeria,NGA,2016,2070.4127339595
Nigeria,NGA,2015,2585.73360671797
Nigeria,NGA,2014,3088.72131316169
Nigeria,NGA,2013,2872.79083379398
Nigeria,NGA,2012,2633.19734671361
Nigeria,NGA,2011,2418.41316975875
Nigeria,NGA,2010,2202.25672957344
Nigeria,NGA,2009,1820.48633854782
Nigeria,NGA,2008,2154.10543545364
Nigeria,NGA,2007,1815.52697545827
Nigeria,NGA,2006,1599.53891556365
Nigeria,NGA,2005,1211.37703504386
Nigeria,NGA,2004,962.48104194733
Nigeria,NGA,2003,763.388745367223
Nigeria,NGA,2002,712.164852077686
Nigeria,NGA,2001,566.428231812933
Nigeria,NGA,2000,547.318298903379
North Macedonia,MKD,2023,8674.35846327485
North Macedonia,MKD,2022,7606.2375253797
North Macedonia,MKD,2021,7620.80296977508
North Macedonia,MKD,2020,6659.59651070776
North Macedonia,MKD,2019,6718.85826635458
North Macedonia,MKD,2018,6713.98925398989
North Macedonia,MKD,2017,5955.2973863451
North Macedonia,MKD,2016,5598.48622617967
North Macedonia,MKD,2015,5262.68671928674
North Macedonia,MKD,2014,5925.38592218015
North Macedonia,MKD,2013,5626.26115664893
North Macedonia,MKD,2012,5049.8265386157
North Macedonia,MKD,2011,5416.86672931659
North Macedonia,MKD,2010,4833.36586759968
North Macedonia,MKD,2009,4799.78722768888
North Macedonia,MKD,2008,5026.4202989873
North Macedonia,MKD,2007,4204.11328760452
North Macedonia,MKD,2006,3440.4411057968
North Macedonia,MKD,2005,3120.98401394233
North Macedonia,MKD,2004,2818.5814561242
North Macedonia,MKD,2003,2445.36286400013
North Macedonia,MKD,2002,1989.13537265159
North Macedonia,MKD,2001,1823.02267682636
North Macedonia,MKD,2000,1861.89899780644
Northern Mariana Islands,MNP,2023,
Northern Mariana Islands,MNP,2022,23785.754590043
Northern Mariana Islands,MNP,2021,19455.50139424
Northern Mariana Islands,MNP,2020,18220.8382427201
Northern Mariana Islands,MNP,2019,24496.6652122421
Northern Mariana Islands,MNP,2018,26509.3628379893
Northern Mariana Islands,MNP,2017,31225.6049960968
Northern Mariana Islands,MNP,2016,24225.474169342
Northern Mariana Islands,MNP,2015,17665.1007493109
Northern Mariana Islands,MNP,2014,15945.417608954
Northern Mariana Islands,MNP,2013,14632.8518897608
Northern Mariana Islands,MNP,2012,14013.6003306158
Northern Mariana Islands,MNP,2011,13598.7166094613
Northern Mariana Islands,MNP,2010,14771.4037455399
Northern Mariana Islands,MNP,2009,14369.6339810212
Northern Mariana Islands,MNP,2008,16430.4461942257
Northern Mariana Islands,MNP,2007,15914.2193040498
Northern Mariana Islands,MNP,2006,16314.5578590027
Northern Mariana Islands,MNP,2005,17015.7487891715
Northern Mariana Islands,MNP,2004,18924.5831899653
Northern Mariana Islands,MNP,2003,18938.8728389967
Northern Mariana Islands,MNP,2002,19227.8894246608
Northern Mariana Islands,MNP,2001,
Northern Mariana Islands,MNP,2000,
Norway,NOR,2023,90984.4087141111
Norway,NOR,2022,113122.130765691
Norway,NOR,2021,96442.5552173002
Norway,NOR,2020,71057.5879471399
Norway,NOR,2019,79329.3075190012
Norway,NOR,2018,85579.0776455494
Norway,NOR,2017,78771.2151264554
Norway,NOR,2016,73222.4006864905
Norway,NOR,2015,77220.9524311414
Norway,NOR,2014,100410.020200979
Norway,NOR,2013,106333.138368566
Norway,NOR,2012,104627.93694681
Norway,NOR,2011,103545.218988177
Norway,NOR,2010,90020.342257973
Norway,NOR,2009,81939.726548458
Norway,NOR,2008,99001.5300678626
Norway,NOR,2007,86600.2387607877
Norway,NOR,2006,75047.741700385
Norway,NOR,2005,67358.3615969796
Norway,NOR,2004,57854.5698169407
Norway,NOR,2003,50208.0960234078
Norway,NOR,2002,43048.288735011
Norway,NOR,2001,38458.2530907659
Norway,NOR,2000,37991.8907576589
Oman,OMN,2023,21027.7384572657
Oman,OMN,2022,23223.5829405935
Oman,OMN,2021,19403.4600160211
Oman,OMN,2020,16784.8630630058
Oman,OMN,2019,19180.1864152801
Oman,OMN,2018,19901.7615642016
Oman,OMN,2017,17820.0661809335
Oman,OMN,2016,17110.1897460545
Oman,OMN,2015,18808.3077921839
Oman,OMN,2014,23160.6502252547
Oman,OMN,2013,23458.0233840053
Oman,OMN,2012,24642.2978768596
Oman,OMN,2011,25188.0074151885
Oman,OMN,2010,23570.1798147325
Oman,OMN,2009,20655.9180249218
Oman,OMN,2008,26576.779241509
Oman,OMN,2007,18792.653772482
Oman,OMN,2006,16930.8565071853
Oman,OMN,2005,14434.8577924647
Oman,OMN,2004,11800.8507411171
Oman,OMN,2003,10463.5425832141
Oman,OMN,2002,9869.13050219438
Oman,OMN,2001,9611.96360191054
Oman,OMN,2000,9753.84755185404
Pakistan,PAK,2023,1360.32417758419
Pakistan,PAK,2022,1538.3228133171
Pakistan,PAK,2021,1455.31922370186
Pakistan,PAK,2020,1278.39735206896
Pakistan,PAK,2019,1390.41690981745
Pakistan,PAK,2018,1569.33814626355
Pakistan,PAK,2017,1519.23459514248
Pakistan,PAK,2016,1424.69161195897
Pakistan,PAK,2015,1380.47020838317
Pakistan,PAK,2014,1266.61340849959
Pakistan,PAK,2013,1225.4340119198
Pakistan,PAK,2012,1204.36475491585
Pakistan,PAK,2011,1131.73513834324
Pakistan,PAK,2010,987.304571124485
Pakistan,PAK,2009,963.788066395225
Pakistan,PAK,2008,1067.04324565284
Pakistan,PAK,2007,998.090114197524
Pakistan,PAK,2006,900.873564984808
Pakistan,PAK,2005,827.619861189926
Pakistan,PAK,2004,771.902247348954
Pakistan,PAK,2003,672.44178669894
Pakistan,PAK,2002,599.937345723927
Pakistan,PAK,2001,609.939506905073
Pakistan,PAK,2000,642.338346499898
Palau,PLW,2023,15578.3497630733
Palau,PLW,2022,13934.951996171
Palau,PLW,2021,13267.4877340719
Palau,PLW,2020,14556.30954221
Palau,PLW,2019,15841.8923474548
Palau,PLW,2018,16179.877834849
Palau,PLW,2017,16280.241199753
Palau,PLW,2016,17043.6660673147
Palau,PLW,2015,15938.3652222848
Palau,PLW,2014,13854.730278013
Palau,PLW,2013,12820.5931621147
Palau,PLW,2012,12098.4124331551
Palau,PLW,2011,10795.639900708
Palau,PLW,2010,10018.065238367
Palau,PLW,2009,9837.49883077663
Palau,PLW,2008,10471.1510008417
Palau,PLW,2007,10155.0470806134
Palau,PLW,2006,9737.01943934058
Palau,PLW,2005,9367.68615343862
Palau,PLW,2004,8393.73029137235
Palau,PLW,2003,7862.39286077623
Palau,PLW,2002,8340.18965031021
Palau,PLW,2001,8239.26386807565
Palau,PLW,2000,7798.07510558974
Panama,PAN,2023,18797.1933894611
Panama,PAN,2022,17378.6070083597
Panama,PAN,2021,15509.8069109784
Panama,PAN,2020,13290.5608347594
Panama,PAN,2019,16477.9066285687
Panama,PAN,2018,16151.3273478476
Panama,PAN,2017,15694.6297454295
Panama,PAN,2016,14832.3611608191
Panama,PAN,2015,14082.6548502728
Panama,PAN,2014,13213.1989637473
Panama,PAN,2013,12273.3225037637
Panama,PAN,2012,11064.8063606203
Panama,PAN,2011,9662.29592216607
Panama,PAN,2010,8331.46421351868
Panama,PAN,2009,7796.92617035048
Panama,PAN,2008,7347.59050324397
Panama,PAN,2007,6317.81730274124
Panama,PAN,2006,5528.76705469354
Panama,PAN,2005,5017.7410922824
Panama,PAN,2004,4644.56582353041
Panama,PAN,2003,4264.66428846636
Panama,PAN,2002,4090.58617397129
Panama,PAN,2001,3991.7767076924
Panama,PAN,2000,3975.09308659503
Papua New Guinea,PNG,2023,2966.06455045333
Papua New Guinea,PNG,2022,3102.29409730005
Papua New Guinea,PNG,2021,2607.97769973161
Papua New Guinea,PNG,2020,2429.61134585269
Papua New Guinea,PNG,2019,2575.77274140393
Papua New Guinea,PNG,2018,2566.36833735041
Papua New Guinea,PNG,2017,2477.76530986323
Papua New Guinea,PNG,2016,2316.39479758492
Papua New Guinea,PNG,2015,2484.5963398603
Papua New Guinea,PNG,2014,2723.17529825196
Papua New Guinea,PNG,2013,2560.77458976327
Papua New Guinea,PNG,2012,2635.0873631547
Papua New Guinea,PNG,2011,2288.37591141234
Papua New Guinea,PNG,2010,1866.86889851208
Papua New Guinea,PNG,2009,1568.83193368607
Papua New Guinea,PNG,2008,1624.79319935188
Papua New Guinea,PNG,2007,1370.753415829
Papua New Guinea,PNG,2006,1238.18282926706
Papua New Guinea,PNG,2005,744.486489977433
Papua New Guinea,PNG,2004,620.596147680561
Papua New Guinea,PNG,2003,577.467922387259
Papua New Guinea,PNG,2002,506.331789534482
Papua New Guinea,PNG,2001,537.847459634131
Papua New Guinea,PNG,2000,635.957919047725
Paraguay,PRY,2023,6303.26495017292
Paraguay,PRY,2022,6189.10205375331
Paraguay,PRY,2021,5974.9057185863
Paraguay,PRY,2020,5365.47220721191
Paraguay,PRY,2019,5821.18199548637
Paraguay,PRY,2018,6258.44991640954
Paraguay,PRY,2017,6152.26711537703
Paraguay,PRY,2016,5775.1596339946
Paraguay,PRY,2015,5879.33792308671
Paraguay,PRY,2014,6652.25478942291
Paraguay,PRY,2013,6435.68342733182
Paraguay,PRY,2012,5642.1699167298
Paraguay,PRY,2011,5805.40154543044
Paraguay,PRY,2010,4750.96273669322
Paraguay,PRY,2009,3941.84815479271
Paraguay,PRY,2008,4384.9546943793
Paraguay,PRY,2007,3211.93621659546
Paraguay,PRY,2006,2439.43124694576
Paraguay,PRY,2005,1970.87169852378
Paraguay,PRY,2004,1786.21533938543
Paraguay,PRY,2003,1443.99885236205
Paraguay,PRY,2002,1367.76506935997
Paraguay,PRY,2001,1637.68615122932
Paraguay,PRY,2000,1736.11729210765
Peru,PER,2023,7919.04634828547
Peru,PER,2022,7353.74598721667
Peru,PER,2021,6828.53422535638
Peru,PER,2020,6133.32552410183
Peru,PER,2019,7037.00803692604
Peru,PER,2018,6978.49121548627
Peru,PER,2017,6736.16693725487
Peru,PER,2016,6217.03599995447
Peru,PER,2015,6231.71150338894
Peru,PER,2014,6667.13410360861
Peru,PER,2013,6746.80025696601
Peru,PER,2012,6519.37852981527
Peru,PER,2011,5861.35793645245
Peru,PER,2010,5072.11494019615
Peru,PER,2009,4181.18755462253
Peru,PER,2008,4197.58444634142
Peru,PER,2007,3581.0893081917
Peru,PER,2006,3129.55996496982
Peru,PER,2005,2706.66947297608
Peru,PER,2004,2397.25147277714
Peru,PER,2003,2129.44114197634
Peru,PER,2002,2007.37019626753
Peru,PER,2001,1929.57273038846
Peru,PER,2000,1945.41338451698
Philippines,PHL,2023,3804.08274131718
Philippines,PHL,2022,3548.06930572116
Philippines,PHL,2021,3484.38593882819
Philippines,PHL,2020,3227.57910235199
Philippines,PHL,2019,3400.78949767074
Philippines,PHL,2018,3168.51036609727
Philippines,PHL,2017,3038.12124959289
Philippines,PHL,2016,2985.19564024046
Philippines,PHL,2015,2909.85818010301
Philippines,PHL,2014,2866.83803761407
Philippines,PHL,2013,2781.27957677397
Philippines,PHL,2012,2614.61644401308
Philippines,PHL,2011,2383.91892522087
Philippines,PHL,2010,2162.91375885614
Philippines,PHL,2009,1864.45043406471
Philippines,PHL,2008,1959.29233534978
Philippines,PHL,2007,1712.65543282793
Philippines,PHL,2006,1426.14649179546
Philippines,PHL,2005,1220.46018559867
Philippines,PHL,2004,1099.63013023758
Philippines,PHL,2003,1027.2301192843
Philippines,PHL,2002,1014.90879320106
Philippines,PHL,2001,969.530611744453
Philippines,PHL,2000,1050.79273107952
Poland,POL,2023,22145.2660647429
Poland,POL,2022,18891.2121169279
Poland,POL,2021,18635.5104895754
Poland,POL,2020,16150.9304813473
Poland,POL,2019,15874.5220531254
Poland,POL,2018,15658.210586693
Poland,POL,2017,13913.3415190124
Poland,POL,2016,12464.0121044827
Poland,POL,2015,12637.5220324406
Poland,POL,2014,14262.2841914116
Poland,POL,2013,13621.9023794031
Poland,POL,2012,13087.420943321
Poland,POL,2011,13867.6669408192
Poland,POL,2010,12567.7317676382
Poland,POL,2009,11556.3026866026
Poland,POL,2008,14048.5604672654
Poland,POL,2007,11272.5293683383
Poland,POL,2006,9068.85528307627
Poland,POL,2005,8043.92332253757
Poland,POL,2004,6711.72715262967
Poland,POL,2003,5720.81366178104
Poland,POL,2002,5223.45178967082
Poland,POL,2001,5015.23790036613
Poland,POL,2000,4520.64100449111
Portugal,PRT,2023,27634.6183139773
Portugal,PRT,2022,24620.5197587181
Portugal,PRT,2021,24711.4510062111
Portugal,PRT,2020,22299.4044062173
Portugal,PRT,2019,23343.3628970034
Portugal,PRT,2018,23541.1401075289
Portugal,PRT,2017,21442.3842768879
Portugal,PRT,2016,19980.2808866516
Portugal,PRT,2015,19215.7813014347
Portugal,PRT,2014,22120.6850127107
Portugal,PRT,2013,21676.4859642714
Portugal,PRT,2012,20593.4274224109
Portugal,PRT,2011,23246.5425416481
Portugal,PRT,2010,22551.935098809
Portugal,PRT,2009,23151.2154130712
Portugal,PRT,2008,24949.0413566739
Portugal,PRT,2007,22811.0564844365
Portugal,PRT,2006,19839.4540499032
Portugal,PRT,2005,18780.12751241
Portugal,PRT,2004,18064.1580932987
Portugal,PRT,2003,15797.7821340276
Portugal,PRT,2002,12936.6928204482
Portugal,PRT,2001,11734.7649743954
Portugal,PRT,2000,11526.3720667968
Puerto Rico (US),PRI,2023,36980.7653928068
Puerto Rico (US),PRI,2022,35353.5613891039
Puerto Rico (US),PRI,2021,32618.8705106244
Puerto Rico (US),PRI,2020,31427.1034994916
Puerto Rico (US),PRI,2019,31830.5284993358
Puerto Rico (US),PRI,2018,30679.9181934488
Puerto Rico (US),PRI,2017,30328.479490518
Puerto Rico (US),PRI,2016,29978.0889268918
Puerto Rico (US),PRI,2015,29242.041465085
Puerto Rico (US),PRI,2014,28576.0988023209
Puerto Rico (US),PRI,2013,28212.0499737431
Puerto Rico (US),PRI,2012,27742.024476618
Puerto Rico (US),PRI,2011,27170.0766543278
Puerto Rico (US),PRI,2010,26414.8810634548
Puerto Rico (US),PRI,2009,25768.7258883384
Puerto Rico (US),PRI,2008,24898.3345857045
Puerto Rico (US),PRI,2007,23664.8823485096
Puerto Rico (US),PRI,2006,22935.9411586313
Puerto Rico (US),PRI,2005,21959.322696986
Puerto Rico (US),PRI,2004,20988.9923326534
Puerto Rico (US),PRI,2003,19557.1202492358
Puerto Rico (US),PRI,2002,18731.4593897378
Puerto Rico (US),PRI,2001,18123.1987019918
Puerto Rico (US),PRI,2000,16192.1269719638
Qatar,QAT,2023,80195.8746508549
Qatar,QAT,2022,88701.463352273
Qatar,QAT,2021,71751.8831257169
Qatar,QAT,2020,51683.5054376677
Qatar,QAT,2019,66841.3013484919
Qatar,QAT,2018,71039.8490579352
Qatar,QAT,2017,63279.8556949332
Qatar,QAT,2016,61253.6375482797
Qatar,QAT,2015,68985.2946961507
Qatar,QAT,2014,95840.6310094498
Qatar,QAT,2013,103697.008372373
Qatar,QAT,2012,108470.378825036
Qatar,QAT,2011,103261.510293068
Qatar,QAT,2010,77387.2936379616
Qatar,QAT,2009,60785.7351551657
Qatar,QAT,2008,80781.2113909506
Qatar,QAT,2007,65954.1146428814
Qatar,QAT,2006,62582.4453138755
Qatar,QAT,2005,53949.6764091147
Qatar,QAT,2004,41035.5008380177
Qatar,QAT,2003,31602.470865136
Qatar,QAT,2002,27226.6593510117
Qatar,QAT,2001,25870.7991864314
Qatar,QAT,2000,27535.182940934
Romania,ROU,2023,18244.4186876321
Romania,ROU,2022,15503.4691366242
Romania,ROU,2021,14908.0412813921
Romania,ROU,2020,13009.1525348396
Romania,ROU,2019,12909.6104013244
Romania,ROU,2018,12416.134317959
Romania,ROU,2017,10727.9822007426
Romania,ROU,2016,9404.54005870715
Romania,ROU,2015,8977.01748158196
Romania,ROU,2014,10031.7710755404
Romania,ROU,2013,9497.67411615237
Romania,ROU,2012,8929.95366231474
Romania,ROU,2011,9560.6755277458
Romania,ROU,2010,8399.5374234284
Romania,ROU,2009,8548.4543409242
Romania,ROU,2008,10435.1561230787
Romania,ROU,2007,8360.33775916596
Romania,ROU,2006,5757.53127301178
Romania,ROU,2005,4618.00350802913
Romania,ROU,2004,3494.99056448955
Romania,ROU,2003,2679.40626016154
Romania,ROU,2002,2119.85509684554
Romania,ROU,2001,1825.19299373184
Romania,ROU,2000,1659.92904910528
Russian Federation,RUS,2023,13986.9951171875
Russian Federation,RUS,2022,15625.6328125
Russian Federation,RUS,2021,12425.029296875
Russian Federation,RUS,2020,10108.3271484375
Russian Federation,RUS,2019,11447.701171875
Russian Federation,RUS,2018,11211.8876953125
Russian Federation,RUS,2017,10658.9130859375
Russian Federation,RUS,2016,8663.158203125
Russian Federation,RUS,2015,9277.7138671875
Russian Federation,RUS,2014,14055.47265625
Russian Federation,RUS,2013,15941.4482421875
Russian Federation,RUS,2012,15401.8515625
Russian Federation,RUS,2011,14305.33203125
Russian Federation,RUS,2010,10674.990234375
Russian Federation,RUS,2009,8562.82421875
Russian Federation,RUS,2008,11635.2841796875
Russian Federation,RUS,2007,9101.2392578125
Russian Federation,RUS,2006,6920.19970703125
Russian Federation,RUS,2005,5323.455078125
Russian Federation,RUS,2004,4102.36474609375
Russian Federation,RUS,2003,2975.123046875
Russian Federation,RUS,2002,2377.52954101563
Russian Federation,RUS,2001,2100.3525390625
Russian Federation,RUS,2000,1771.59411621094
Rwanda,RWA,2023,1061.05788154076
Rwanda,RWA,2022,1007.05989322914
Rwanda,RWA,2021,842.581492947672
Rwanda,RWA,2020,802.638686936204
Rwanda,RWA,2019,823.355304065304
Rwanda,RWA,2018,772.754982959354
Rwanda,RWA,2017,751.049039527547
Rwanda,RWA,2016,721.258515833094
Rwanda,RWA,2015,725.691418696952
Rwanda,RWA,2014,715.36808783393
Rwanda,RWA,2013,695.397140963607
Rwanda,RWA,2012,697.760143509565
Rwanda,RWA,2011,643.356138618166
Rwanda,RWA,2010,586.599950359877
Rwanda,RWA,2009,556.97399621739
Rwanda,RWA,2008,522.288339420679
Rwanda,RWA,2007,420.733580702508
Rwanda,RWA,2006,352.093916578347
Rwanda,RWA,2005,324.016863847189
Rwanda,RWA,2004,269.540446333402
Rwanda,RWA,2003,249.012274982252
Rwanda,RWA,2002,234.043016755733
Rwanda,RWA,2001,237.308846200901
Rwanda,RWA,2000,251.86926386091
Samoa,WSM,2023,4822.74084650019
Samoa,WSM,2022,4132.44717734444
Samoa,WSM,2021,4021.55934894283
Samoa,WSM,2020,4099.59660548583
Samoa,WSM,2019,4351.94234943706
Samoa,WSM,2018,4231.81409469194
Samoa,WSM,2017,4307.59381964907
Samoa,WSM,2016,4147.07097674888
Samoa,WSM,2015,4084.36083819933
Samoa,WSM,2014,3982.68080202084
Samoa,WSM,2013,4023.5254013825
Samoa,WSM,2012,3934.60320799981
Samoa,WSM,2011,3821.50678264479
Samoa,WSM,2010,3524.2479246203
Samoa,WSM,2009,3279.18269477295
Samoa,WSM,2008,3373.60639884263
Samoa,WSM,2007,3038.61904093377
Samoa,WSM,2006,2663.29135939532
Samoa,WSM,2005,2550.04221437511
Samoa,WSM,2004,2189.26042607992
Samoa,WSM,2003,1798.12429714048
Samoa,WSM,2002,1527.55790455937
Samoa,WSM,2001,1453.87021324606
Samoa,WSM,2000,1424.75240002471
San Marino,SMR,2023,59871.3288101478
San Marino,SMR,2022,54264.5837022908
San Marino,SMR,2021,54168.9744311193
San Marino,SMR,2020,44426.6259613672
San Marino,SMR,2019,46626.9998571568
San Marino,SMR,2018,47950.7076296808
San Marino,SMR,2017,45192.0530047599
San Marino,SMR,2016,44359.4574206971
San Marino,SMR,2015,43146.8035302005
San Marino,SMR,2014,51260.4804236805
San Marino,SMR,2013,50807.8206340193
San Marino,SMR,2012,47945.8917557105
San Marino,SMR,2011,55601.4008139955
San Marino,SMR,2010,56543.190562068
San Marino,SMR,2009,62429.0202738462
San Marino,SMR,2008,75902.1677701187
San Marino,SMR,2007,70124.4249984768
San Marino,SMR,2006,63270.7994496499
San Marino,SMR,2005,59877.7862692185
San Marino,SMR,2004,58232.0431338765
San Marino,SMR,2003,52529.9136967576
San Marino,SMR,2002,41790.8434204136
San Marino,SMR,2001,39035.1004348216
San Marino,SMR,2000,37600.7049136309
Sao Tome and Principe,STP,2023,2990.6606143535
Sao Tome and Principe,STP,2022,2389.73729784737
Sao Tome and Principe,STP,2021,2362.58827248102
Sao Tome and Principe,STP,2020,2167.22001796925
Sao Tome and Principe,STP,2019,1935.2931816596
Sao Tome and Principe,STP,2018,1825.59971753966
Sao Tome and Principe,STP,2017,1555.79477812888
Sao Tome and Principe,STP,2016,1434.87018050521
Sao Tome and Principe,STP,2015,1298.10946596396
Sao Tome and Principe,STP,2014,1489.67633417608
Sao Tome and Principe,STP,2013,1382.5757842916
Sao Tome and Principe,STP,2012,1210.7926479817
Sao Tome and Principe,STP,2011,1219.80189089671
Sao Tome and Principe,STP,2010,1045.20958234528
Sao Tome and Principe,STP,2009,1128.28046213305
Sao Tome and Principe,STP,2008,1081.8684584729
Sao Tome and Principe,STP,2007,878.885791918745
Sao Tome and Principe,STP,2006,861.970707697664
Sao Tome and Principe,STP,2005,844.169181884274
Sao Tome and Principe,STP,2004,726.560882130444
Sao Tome and Principe,STP,2003,663.696211810494
Sao Tome and Principe,STP,2002,568.10257252271
Sao Tome and Principe,STP,2001,518.88050130005
Sao Tome and Principe,STP,2000,529.089383412262
Saudi Arabia,SAU,2023,36156.8562500172
Saudi Arabia,SAU,2022,38510.2276211037
Saudi Arabia,SAU,2021,31920.7653655643
Saudi Arabia,SAU,2020,24338.8307301067
Saudi Arabia,SAU,2019,29566.7933827436
Saudi Arabia,SAU,2018,29360.0658968566
Saudi Arabia,SAU,2017,23929.2907135982
Saudi Arabia,SAU,2016,22267.7217050387
Saudi Arabia,SAU,2015,23256.1549553531
Saudi Arabia,SAU,2014,27805.4850319422
Saudi Arabia,SAU,2013,27865.465604962
Saudi Arabia,SAU,2012,28733.4375513452
Saudi Arabia,SAU,2011,27126.7498747702
Saudi Arabia,SAU,2010,22028.3901426586
Saudi Arabia,SAU,2009,17718.3911648365
Saudi Arabia,SAU,2008,22320.4888964331
Saudi Arabia,SAU,2007,18596.1502627898
Saudi Arabia,SAU,2006,17563.6145370639
Saudi Arabia,SAU,2005,15975.7473782258
Saudi Arabia,SAU,2004,13154.4978989446
Saudi Arabia,SAU,2003,11487.220410693
Saudi Arabia,SAU,2002,10586.0543471363
Saudi Arabia,SAU,2001,10805.311325122
Saudi Arabia,SAU,2000,11714.5623675159
Senegal,SEN,2023,1698.03387300843
Senegal,SEN,2022,1574.0281059306
Senegal,SEN,2021,1598.10676952274
Senegal,SEN,2020,1461.08720350553
Senegal,SEN,2019,1431.18128932159
Senegal,SEN,2018,1452.55612562445
Senegal,SEN,2017,1354.77007193387
Senegal,SEN,2016,1266.43957151587
Senegal,SEN,2015,1218.00613555438
Senegal,SEN,2014,1398.89137601382
Senegal,SEN,2013,1379.83196553924
Senegal,SEN,2012,1326.83798848379
Senegal,SEN,2011,1374.67591873844
Senegal,SEN,2010,1275.88357492357
Senegal,SEN,2009,1308.69404336205
Senegal,SEN,2008,1398.79218010021
Senegal,SEN,2007,1188.93877808175
Senegal,SEN,2006,1017.20196747987
Senegal,SEN,2005,979.846101520171
Senegal,SEN,2004,918.102079522155
Senegal,SEN,2003,817.888034221442
Senegal,SEN,2002,669.430447319209
Senegal,SEN,2001,637.213530563724
Senegal,SEN,2000,603.233162455158
Serbia,SRB,2023,12281.707946167
Serbia,SRB,2022,10024.8191112596
Serbia,SRB,2021,9680.52798074468
Serbia,SRB,2020,8098.70955668849
Serbia,SRB,2019,7755.632986437
Serbia,SRB,2018,7559.86165747394
Serbia,SRB,2017,6548.03653824187
Serbia,SRB,2016,5982.37030126471
Serbia,SRB,2015,5820.3215576888
Serbia,SRB,2014,6886.67809068704
Serbia,SRB,2013,7040.41812068781
Serbia,SRB,2012,6263.04086072815
Serbia,SRB,2011,7082.2861666075
Serbia,SRB,2010,5970.92660940072
Serbia,SRB,2009,6414.0448463847
Serbia,SRB,2008,7376.73517910716
Serbia,SRB,2007,6081.08765700202
Serbia,SRB,2006,4492.7136699046
Serbia,SRB,2005,3807.97417321786
Serbia,SRB,2004,3597.08798057009
Serbia,SRB,2003,3153.9011312754
Serbia,SRB,2002,2390.73459447107
Serbia,SRB,2001,1812.42088281393
Serbia,SRB,2000,974.725469278615
Seychelles,SYC,2023,18130.5297135548
Seychelles,SYC,2022,16682.6990711785
Seychelles,SYC,2021,14982.9111487767
Seychelles,SYC,2020,14041.4754074575
Seychelles,SYC,2019,19141.5118743615
Seychelles,SYC,2018,18440.2340460932
Seychelles,SYC,2017,17480.3651911372
Seychelles,SYC,2016,16566.9946042294
Seychelles,SYC,2015,15333.1051727105
Seychelles,SYC,2014,15188.1902175113
Seychelles,SYC,2013,14821.2921476077
Seychelles,SYC,2012,12337.1554669388
Seychelles,SYC,2011,12110.0937461973
Seychelles,SYC,2010,10934.79494629
Seychelles,SYC,2009,9747.09180546291
Seychelles,SYC,2008,11265.4376270005
Seychelles,SYC,2007,12669.3026687222
Seychelles,SYC,2006,12782.9938926475
Seychelles,SYC,2005,11802.1118276833
Seychelles,SYC,2004,10827.671636033
Seychelles,SYC,2003,9070.28460757013
Seychelles,SYC,2002,8864.16919495467
Seychelles,SYC,2001,8153.2986369879
Seychelles,SYC,2000,8063.65500575169
Sierra Leone,SLE,2023,758.329137301888
Sierra Leone,SLE,2022,860.371067874555
Sierra Leone,SLE,2021,885.396401613729
Sierra Leone,SLE,2020,845.277558236182
Sierra Leone,SLE,2019,843.71251730417
Sierra Leone,SLE,2018,845.914540460932
Sierra Leone,SLE,2017,779.186007841728
Sierra Leone,SLE,2016,844.416411175476
Sierra Leone,SLE,2015,964.575980888989
Sierra Leone,SLE,2014,1117.7586465721
Sierra Leone,SLE,2013,1117.47183075115
Sierra Leone,SLE,2012,937.504428180231
Sierra Leone,SLE,2011,761.146365577281
Sierra Leone,SLE,2010,685.039673490948
Sierra Leone,SLE,2009,652.845806767943
Sierra Leone,SLE,2008,705.359014080005
Sierra Leone,SLE,2007,631.889926264998
Sierra Leone,SLE,2006,580.26796974773
Sierra Leone,SLE,2005,462.633324427945
Sierra Leone,SLE,2004,417.749983329227
Sierra Leone,SLE,2003,413.817607346927
Sierra Leone,SLE,2002,388.995111216836
Sierra Leone,SLE,2001,358.315716051546
Sierra Leone,SLE,2000,143.743743239644
Singapore,SGP,2023,86382.5900499252
Singapore,SGP,2022,91227.6970426492
Singapore,SGP,2021,80884.8565369236
Singapore,SGP,2020,61772.5036492256
Singapore,SGP,2019,66068.7003106378
Singapore,SGP,2018,67032.8225769734
Singapore,SGP,2017,61436.1325502558
Singapore,SGP,2016,57204.0340105222
Singapore,SGP,2015,55645.6068614606
Singapore,SGP,2014,57564.8023114977
Singapore,SGP,2013,56967.4257940383
Singapore,SGP,2012,55547.5553077786
Singapore,SGP,2011,53891.4570264372
Singapore,SGP,2010,47236.683084953
Singapore,SGP,2009,38926.8054365453
Singapore,SGP,2008,40008.5720489092
Singapore,SGP,2007,39432.8860198877
Singapore,SGP,2006,33768.4528234651
Singapore,SGP,2005,29961.3172812732
Singapore,SGP,2004,27608.080013423
Singapore,SGP,2003,23730.3840054566
Singapore,SGP,2002,22159.8373710639
Singapore,SGP,2001,21699.7414868907
Singapore,SGP,2000,23852.8389514753
Sint Maarten (Dutch part),SXM,2023,39451.822911732
Sint Maarten (Dutch part),SXM,2022,37793.1283815826
Sint Maarten (Dutch part),SXM,2021,32548.4366854902
Sint Maarten (Dutch part),SXM,2020,30150.8998380477
Sint Maarten (Dutch part),SXM,2019,34861.469528968
Sint Maarten (Dutch part),SXM,2018,31708.3110124742
Sint Maarten (Dutch part),SXM,2017,34701.3058494468
Sint Maarten (Dutch part),SXM,2016,37308.6147795736
Sint Maarten (Dutch part),SXM,2015,37839.6283815163
Sint Maarten (Dutch part),SXM,2014,37134.912423099
Sint Maarten (Dutch part),SXM,2013,28529.7324687053
Sint Maarten (Dutch part),SXM,2012,28149.0997855041
Sint Maarten (Dutch part),SXM,2011,27317.5178881974
Sint Maarten (Dutch part),SXM,2010,26403.8143692163
Sint Maarten (Dutch part),SXM,2009,25528.412619483
Sint Maarten (Dutch part),SXM,2008,
Sint Maarten (Dutch part),SXM,2007,
Sint Maarten (Dutch part),SXM,2006,
Sint Maarten (Dutch part),SXM,2005,
Sint Maarten (Dutch part),SXM,2004,
Sint Maarten (Dutch part),SXM,2003,
Sint Maarten (Dutch part),SXM,2002,
Sint Maarten (Dutch part),SXM,2001,
Sint Maarten (Dutch part),SXM,2000,
Slovak Republic,SVK,2023,24614.8734642794
Slovak Republic,SVK,2022,21317.7943982363
Slovak Republic,SVK,2021,22123.3342114545
Slovak Republic,SVK,2020,19735.4858280801
Slovak Republic,SVK,2019,19406.0589683582
Slovak Republic,SVK,2018,19573.3717031314
Slovak Republic,SVK,2017,17645.5298716761
Slovak Republic,SVK,2016,16636.0769133073
Slovak Republic,SVK,2015,16442.0760860018
Slovak Republic,SVK,2014,18770.9289896545
Slovak Republic,SVK,2013,18312.7805149823
Slovak Republic,SVK,2012,17516.9691054078
Slovak Republic,SVK,2011,18469.4354316836
Slovak Republic,SVK,2010,16899.448680529
Slovak Republic,SVK,2009,16586.7527805228
Slovak Republic,SVK,2008,17973.8436435514
Slovak Republic,SVK,2007,14330.2064943926
Slovak Republic,SVK,2006,10629.1782325838
Slovak Republic,SVK,2005,9087.20357002472
Slovak Republic,SVK,2004,7996.74076556872
Slovak Republic,SVK,2003,6283.15169311309
Slovak Republic,SVK,2002,4606.38793538107
Slovak Republic,SVK,2001,3974.36802854653
Slovak Republic,SVK,2000,3827.72506501314
Slovenia,SVN,2023,32660.4753581346
Slovenia,SVN,2022,28360.3041467268
Slovenia,SVN,2021,29192.8401933019
Slovenia,SVN,2020,25392.0651093612
Slovenia,SVN,2019,25814.1687167572
Slovenia,SVN,2018,25888.0481065655
Slovenia,SVN,2017,23303.077705959
Slovenia,SVN,2016,21447.8377796036
Slovenia,SVN,2015,20697.2748530619
Slovenia,SVN,2014,24013.0682060959
Slovenia,SVN,2013,23236.9655321695
Slovenia,SVN,2012,22442.1417859955
Slovenia,SVN,2011,24940.6284841605
Slovenia,SVN,2010,23329.8417691156
Slovenia,SVN,2009,24501.7897290425
Slovenia,SVN,2008,27461.9764165315
Slovenia,SVN,2007,23725.1596001515
Slovenia,SVN,2006,19563.005059144
Slovenia,SVN,2005,17969.7095907161
Slovenia,SVN,2004,17103.8297783905
Slovenia,SVN,2003,14711.674874253
Slovenia,SVN,2002,11639.1297780477
Slovenia,SVN,2001,10375.6255869861
Slovenia,SVN,2000,10135.7219109212
Solomon Islands,SLB,2023,1882.64394148042
Solomon Islands,SLB,2022,1877.78104490956
Solomon Islands,SLB,2021,2043.44413170658
Solomon Islands,SLB,2020,2063.32780991967
Solomon Islands,SLB,2019,2223.65890942466
Solomon Islands,SLB,2018,2278.19908624102
Solomon Islands,SLB,2017,2143.57670489272
Solomon Islands,SLB,2016,2082.62383124213
Solomon Islands,SLB,2015,2045.47721526649
Solomon Islands,SLB,2014,2164.95289873002
Solomon Islands,SLB,2013,2161.38627543917
Solomon Islands,SLB,2012,2066.25738638356
Solomon Islands,SLB,2011,1924.05795643133
Solomon Islands,SLB,2010,1685.14535823757
Solomon Islands,SLB,2009,1554.70671006386
Solomon Islands,SLB,2008,1525.84666261203
Solomon Islands,SLB,2007,1390.14870956707
Solomon Islands,SLB,2006,1255.62447417684
Solomon Islands,SLB,2005,1144.49233397681
Solomon Islands,SLB,2004,986.070953503889
Solomon Islands,SLB,2003,895.984242546501
Solomon Islands,SLB,2002,756.890296490792
Solomon Islands,SLB,2001,911.791935385411
Solomon Islands,SLB,2000,953.17190137706
"Somalia, Fed. Rep.",SOM,2023,596.885985135589
"Somalia, Fed. Rep.",SOM,2022,573.141165798229
"Somalia, Fed. Rep.",SOM,2021,549.056994756254
"Somalia, Fed. Rep.",SOM,2020,518.16113333875
"Somalia, Fed. Rep.",SOM,2019,539.954816211694
"Somalia, Fed. Rep.",SOM,2018,509.497273804534
"Somalia, Fed. Rep.",SOM,2017,510.939952317726
"Somalia, Fed. Rep.",SOM,2016,460.928490585175
"Somalia, Fed. Rep.",SOM,2015,445.583080073396
"Somalia, Fed. Rep.",SOM,2014,429.431656725102
"Somalia, Fed. Rep.",SOM,2013,393.398703952979
"Somalia, Fed. Rep.",SOM,2012,350.261946720512
"Somalia, Fed. Rep.",SOM,2011,235.325945610434
"Somalia, Fed. Rep.",SOM,2010,219.202453852397
"Somalia, Fed. Rep.",SOM,2009,246.513251675105
"Somalia, Fed. Rep.",SOM,2008,507.03744334738
"Somalia, Fed. Rep.",SOM,2007,479.635628065289
"Somalia, Fed. Rep.",SOM,2006,457.996662206659
"Somalia, Fed. Rep.",SOM,2005,439.979907805478
"Somalia, Fed. Rep.",SOM,2004,375.410326225387
"Somalia, Fed. Rep.",SOM,2003,286.273025198975
"Somalia, Fed. Rep.",SOM,2002,229.598918310039
"Somalia, Fed. Rep.",SOM,2001,244.914842538455
"Somalia, Fed. Rep.",SOM,2000,386.119274401275
South Africa,ZAF,2023,6034.27208964673
South Africa,ZAF,2022,6534.24867783397
South Africa,ZAF,2021,6828.75624590017
South Africa,ZAF,2020,5580.60383075189
South Africa,ZAF,2019,6533.71121032856
South Africa,ZAF,2018,6914.1780318076
South Africa,ZAF,2017,6618.33508255701
South Africa,ZAF,2016,5651.20585165749
South Africa,ZAF,2015,6112.27382485974
South Africa,ZAF,2014,6856.73137092522
South Africa,ZAF,2013,7331.65467384919
South Africa,ZAF,2012,8076.97678479741
South Africa,ZAF,2011,8646.05571071635
South Africa,ZAF,2010,7973.47195771517
South Africa,ZAF,2009,6374.70560042992
South Africa,ZAF,2008,6184.75474328399
South Africa,ZAF,2007,6591.85535960564
South Africa,ZAF,2006,6077.38293388876
South Africa,ZAF,2005,5836.87663325127
South Africa,ZAF,2004,5221.46333731721
South Africa,ZAF,2003,4062.21755993786
South Africa,ZAF,2002,2688.23676032806
South Africa,ZAF,2001,2847.15191945908
South Africa,ZAF,2000,3217.84693448467
South Sudan,SSD,2023,
South Sudan,SSD,2022,
South Sudan,SSD,2021,
South Sudan,SSD,2020,
South Sudan,SSD,2019,
South Sudan,SSD,2018,
South Sudan,SSD,2017,
South Sudan,SSD,2016,
South Sudan,SSD,2015,1080.14718624765
South Sudan,SSD,2014,1242.73450181032
South Sudan,SSD,2013,1650.18943353528
South Sudan,SSD,2012,1109.26050083408
South Sudan,SSD,2011,1448.98435006408
South Sudan,SSD,2010,1498.27034985194
South Sudan,SSD,2009,1323.22068747862
South Sudan,SSD,2008,1654.21153546555
South Sudan,SSD,2007,
South Sudan,SSD,2006,
South Sudan,SSD,2005,
South Sudan,SSD,2004,
South Sudan,SSD,2003,
South Sudan,SSD,2002,
South Sudan,SSD,2001,
South Sudan,SSD,2000,
Spain,ESP,2023,33493.2225409111
Spain,ESP,2022,30319.4987196616
Spain,ESP,2021,30799.4775937775
Spain,ESP,2020,27233.9426461608
Spain,ESP,2019,29786.5245689007
Spain,ESP,2018,30602.4212881113
Spain,ESP,2017,28381.3425596906
Spain,ESP,2016,26755.6061149398
Spain,ESP,2015,25982.4416197775
Spain,ESP,2014,29707.765509467
Spain,ESP,2013,29228.846559842
Spain,ESP,2012,28456.4438151477
Spain,ESP,2011,31824.6219134777
Spain,ESP,2010,30658.7422282912
Spain,ESP,2009,32279.8208476151
Spain,ESP,2008,35603.248328071
Spain,ESP,2007,32652.015594702
Spain,ESP,2006,28421.686527407
Spain,ESP,2005,26450.9530130382
Spain,ESP,2004,24925.0267844576
Spain,ESP,2003,21522.0170990262
Spain,ESP,2002,17111.0685058941
Spain,ESP,2001,15368.2337984435
Spain,ESP,2000,14743.2671031455
Sri Lanka,LKA,2023,3815.41531767474
Sri Lanka,LKA,2022,3342.63650438046
Sri Lanka,LKA,2021,3996.96240531688
Sri Lanka,LKA,2020,3847.60136741182
Sri Lanka,LKA,2019,4081.94772178134
Sri Lanka,LKA,2018,4358.56095905888
Sri Lanka,LKA,2017,4398.88828786059
Sri Lanka,LKA,2016,4149.19189391879
Sri Lanka,LKA,2015,4057.71582716521
Sri Lanka,LKA,2014,3972.04377042271
Sri Lanka,LKA,2013,3739.43182292825
Sri Lanka,LKA,2012,3327.77612404326
Sri Lanka,LKA,2011,3224.95745082305
Sri Lanka,LKA,2010,2808.36245207687
Sri Lanka,LKA,2009,2026.65939950702
Sri Lanka,LKA,2008,1973.58476901287
Sri Lanka,LKA,2007,1578.63451125392
Sri Lanka,LKA,2006,1388.89739119932
Sri Lanka,LKA,2005,1207.21994764165
Sri Lanka,LKA,2004,1028.62068132555
Sri Lanka,LKA,2003,946.382255128072
Sri Lanka,LKA,2002,834.936014905338
Sri Lanka,LKA,2001,803.544026627385
Sri Lanka,LKA,2000,860.199884304769
St. Kitts and Nevis,KNA,2023,22576.9248439166
St. Kitts and Nevis,KNA,2022,21011.5744209816
St. Kitts and Nevis,KNA,2021,18361.1449697886
St. Kitts and Nevis,KNA,2020,18859.0190361046
St. Kitts and Nevis,KNA,2019,23595.4923231291
St. Kitts and Nevis,KNA,2018,22901.3816403197
St. Kitts and Nevis,KNA,2017,22464.9899633959
St. Kitts and Nevis,KNA,2016,21387.5415511103
St. Kitts and Nevis,KNA,2015,20328.8003530109
St. Kitts and Nevis,KNA,2014,20219.3954237956
St. Kitts and Nevis,KNA,2013,18580.1301949935
St. Kitts and Nevis,KNA,2012,17532.0559008608
St. Kitts and Nevis,KNA,2011,17832.4572919975
St. Kitts and Nevis,KNA,2010,16622.9457908577
St. Kitts and Nevis,KNA,2009,16503.4119292794
St. Kitts and Nevis,KNA,2008,16604.9448615905
St. Kitts and Nevis,KNA,2007,14757.9579751035
St. Kitts and Nevis,KNA,2006,13837.8495311219
St. Kitts and Nevis,KNA,2005,11783.7867154145
St. Kitts and Nevis,KNA,2004,10944.6183741768
St. Kitts and Nevis,KNA,2003,10175.6295449989
St. Kitts and Nevis,KNA,2002,10453.6587064313
St. Kitts and Nevis,KNA,2001,10022.5919235637
St. Kitts and Nevis,KNA,2000,9319.65545093525
St. Lucia,LCA,2023,13616.6397593734
St. Lucia,LCA,2022,12976.1489693474
St. Lucia,LCA,2021,10481.1233971786
St. Lucia,LCA,2020,8537.11495506727
St. Lucia,LCA,2019,11764.3944032403
St. Lucia,LCA,2018,11642.6984727769
St. Lucia,LCA,2017,11333.1123822102
St. Lucia,LCA,2016,10638.1269396653
St. Lucia,LCA,2015,10334.9860823918
St. Lucia,LCA,2014,10044.8218377677
St. Lucia,LCA,2013,9577.21733754358
St. Lucia,LCA,2012,9260.30006551714
St. Lucia,LCA,2011,9128.99442011613
St. Lucia,LCA,2010,8673.68720340529
St. Lucia,LCA,2009,8250.52180732734
St. Lucia,LCA,2008,8516.96075488787
St. Lucia,LCA,2007,7964.38211480117
St. Lucia,LCA,2006,7611.17856675319
St. Lucia,LCA,2005,6863.43641919345
St. Lucia,LCA,2004,6494.60034867886
St. Lucia,LCA,2003,6058.60622059326
St. Lucia,LCA,2002,5567.89428424719
St. Lucia,LCA,2001,5570.45247098106
St. Lucia,LCA,2000,5879.56191426207
St. Martin (French part),MAF,2023,
St. Martin (French part),MAF,2022,
St. Martin (French part),MAF,2021,21668.3776525323
St. Martin (French part),MAF,2020,
St. Martin (French part),MAF,2019,19033.0649634889
St. Martin (French part),MAF,2018,
St. Martin (French part),MAF,2017,
St. Martin (French part),MAF,2016,
St. Martin (French part),MAF,2015,
St. Martin (French part),MAF,2014,20638.7705882379
St. Martin (French part),MAF,2013,
St. Martin (French part),MAF,2012,
St. Martin (French part),MAF,2011,20930.5821177758
St. Martin (French part),MAF,2010,
St. Martin (French part),MAF,2009,
St. Martin (French part),MAF,2008,
St. Martin (French part),MAF,2007,
St. Martin (French part),MAF,2006,
St. Martin (French part),MAF,2005,
St. Martin (French part),MAF,2004,
St. Martin (French part),MAF,2003,
St. Martin (French part),MAF,2002,
St. Martin (French part),MAF,2001,
St. Martin (French part),MAF,2000,
St. Vincent and the Grenadines,VCT,2023,10582.3656725229
St. Vincent and the Grenadines,VCT,2022,9693.55867833025
St. Vincent and the Grenadines,VCT,2021,8641.27904024443
St. Vincent and the Grenadines,VCT,2020,8351.20324040982
St. Vincent and the Grenadines,VCT,2019,8740.59425232061
St. Vincent and the Grenadines,VCT,2018,8428.12677153069
St. Vincent and the Grenadines,VCT,2017,7988.04445019298
St. Vincent and the Grenadines,VCT,2016,7656.90042881178
St. Vincent and the Grenadines,VCT,2015,7353.73556054184
St. Vincent and the Grenadines,VCT,2014,7168.82875342911
St. Vincent and the Grenadines,VCT,2013,7072.46737188939
St. Vincent and the Grenadines,VCT,2012,6713.80768643865
St. Vincent and the Grenadines,VCT,2011,6527.68996854448
St. Vincent and the Grenadines,VCT,2010,6551.96835992405
St. Vincent and the Grenadines,VCT,2009,6463.78777336717
St. Vincent and the Grenadines,VCT,2008,6598.90531450859
St. Vincent and the Grenadines,VCT,2007,6398.19123532172
St. Vincent and the Grenadines,VCT,2006,5744.8278621257
St. Vincent and the Grenadines,VCT,2005,5157.39373878102
St. Vincent and the Grenadines,VCT,2004,4873.48947742443
St. Vincent and the Grenadines,VCT,2003,4499.61454193342
St. Vincent and the Grenadines,VCT,2002,4303.27976789727
St. Vincent and the Grenadines,VCT,2001,4071.08601098962
St. Vincent and the Grenadines,VCT,2000,3768.95536604022
Sudan,SDN,2023,797.283447265625
Sudan,SDN,2022,1046.24084472656
Sudan,SDN,2021,712.122009277344
Sudan,SDN,2020,577.795227050781
Sudan,SDN,2019,709.975280761719
Sudan,SDN,2018,731.027465820313
Sudan,SDN,2017,966.505676269531
Sudan,SDN,2016,1033.21594238281
Sudan,SDN,2015,1292.37963867188
Sudan,SDN,2014,1275.43835449219
Sudan,SDN,2013,1138.62780761719
Sudan,SDN,2012,1019.22210693359
Sudan,SDN,2011,1332.6572265625
Sudan,SDN,2010,1305.63598632813
Sudan,SDN,2009,1178.22180175781
Sudan,SDN,2008,1527.58239746094
Sudan,SDN,2007,1444.37219238281
Sudan,SDN,2006,1132.474609375
Sudan,SDN,2005,905.543640136719
Sudan,SDN,2004,705.113342285156
Sudan,SDN,2003,580.320251464844
Sudan,SDN,2002,506.262634277344
Sudan,SDN,2001,451.293304443359
Sudan,SDN,2000,362.116882324219
Suriname,SUR,2023,5521.97602122638
Suriname,SUR,2022,6084.43876736445
Suriname,SUR,2021,5029.84838543953
Suriname,SUR,2020,4755.39221710693
Suriname,SUR,2019,6629.66775248603
Suriname,SUR,2018,6665.74180472239
Suriname,SUR,2017,6049.52128553675
Suriname,SUR,2016,5644.2061057532
Suriname,SUR,2015,8813.61705392067
Suriname,SUR,2014,9108.18905406764
Suriname,SUR,2013,9043.19281529222
Suriname,SUR,2012,8851.24050668908
Suriname,SUR,2011,7949.88867218383
Suriname,SUR,2010,7943.60482816915
Suriname,SUR,2009,7129.5768626291
Suriname,SUR,2008,6576.08546307249
Suriname,SUR,2007,5530.17615638309
Suriname,SUR,2006,5002.65798695759
Suriname,SUR,2005,3453.42865937765
Suriname,SUR,2004,2887.7721728844
Suriname,SUR,2003,2516.10404020956
Suriname,SUR,2002,2202.340682196
Suriname,SUR,2001,1714.64846637242
Suriname,SUR,2000,1988.22172925433
Sweden,SWE,2023,54950.2834725622
Sweden,SWE,2022,54836.8907235124
Sweden,SWE,2021,60647.5416365347
Sweden,SWE,2020,52568.5726980146
Sweden,SWE,2019,51648.9892820514
Sweden,SWE,2018,54018.4554391861
Sweden,SWE,2017,53210.2233318965
Sweden,SWE,2016,51703.5088332851
Sweden,SWE,2015,51188.1652120493
Sweden,SWE,2014,59583.4584491714
Sweden,SWE,2013,60843.9888799369
Sweden,SWE,2012,57749.5615420853
Sweden,SWE,2011,60379.4814599322
Sweden,SWE,2010,52542.5759090299
Sweden,SWE,2009,46707.6425044751
Sweden,SWE,2008,55817.1759726485
Sweden,SWE,2007,53568.3057787832
Sweden,SWE,2006,46531.3762240485
Sweden,SWE,2005,43378.4077394363
Sweden,SWE,2004,42758.0048564929
Sweden,SWE,2003,37292.2419727801
Sweden,SWE,2002,29957.7776664916
Sweden,SWE,2001,27259.3174300217
Sweden,SWE,2000,29632.5890811623
Switzerland,CHE,2023,104449.75451772
Switzerland,CHE,2022,97809.095567203
Switzerland,CHE,2021,96582.8687080693
Switzerland,CHE,2020,87529.7016394892
Switzerland,CHE,2019,85872.9702303454
Switzerland,CHE,2018,87002.3382293532
Switzerland,CHE,2017,83610.248611484
Switzerland,CHE,2016,83432.4111596314
Switzerland,CHE,2015,85265.06205193
Switzerland,CHE,2014,90511.6484558843
Switzerland,CHE,2013,88851.2374497983
Switzerland,CHE,2012,87269.5594780124
Switzerland,CHE,2011,91910.3964565203
Switzerland,CHE,2010,77956.1262043942
Switzerland,CHE,2009,72788.2049524379
Switzerland,CHE,2008,75147.5376709155
Switzerland,CHE,2007,66082.1233977532
Switzerland,CHE,2006,59910.293405504
Switzerland,CHE,2005,57080.0704338193
Switzerland,CHE,2004,55349.6164595028
Switzerland,CHE,2003,49947.3910175152
Switzerland,CHE,2002,43094.2492848494
Switzerland,CHE,2001,40133.6101965261
Switzerland,CHE,2000,39298.0968042444
Syrian Arab Republic,SYR,2023,
Syrian Arab Republic,SYR,2022,1056.78264718197
Syrian Arab Republic,SYR,2021,688.566109726934
Syrian Arab Republic,SYR,2020,593.911771822527
Syrian Arab Republic,SYR,2019,1109.53933821464
Syrian Arab Republic,SYR,2018,1098.06667935023
Syrian Arab Republic,SYR,2017,851.501972646386
Syrian Arab Republic,SYR,2016,656.349017520952
Syrian Arab Republic,SYR,2015,847.731545352582
Syrian Arab Republic,SYR,2014,1060.59105887433
Syrian Arab Republic,SYR,2013,985.892669221634
Syrian Arab Republic,SYR,2012,1897.66115018696
Syrian Arab Republic,SYR,2011,2952.14372909443
Syrian Arab Republic,SYR,2010,2730.61487784917
Syrian Arab Republic,SYR,2009,2462.20127278738
Syrian Arab Republic,SYR,2008,2429.1247629459
Syrian Arab Republic,SYR,2007,1937.61199094087
Syrian Arab Republic,SYR,2006,1718.78469956591
Syrian Arab Republic,SYR,2005,1533.90017615946
Syrian Arab Republic,SYR,2004,1368.11263904001
Syrian Arab Republic,SYR,2003,1220.179077256
Syrian Arab Republic,SYR,2002,1189.98119453595
Syrian Arab Republic,SYR,2001,1177.53806921268
Syrian Arab Republic,SYR,2000,1138.18722723683
Tajikistan,TJK,2023,1178.47990060249
Tajikistan,TJK,2022,1052.17949484894
Tajikistan,TJK,2021,896.748053372182
Tajikistan,TJK,2020,834.311715460625
Tajikistan,TJK,2019,871.022372934846
Tajikistan,TJK,2018,834.288404578801
Tajikistan,TJK,2017,829.45714764957
Tajikistan,TJK,2016,788.710481734485
Tajikistan,TJK,2015,956.916310930656
Tajikistan,TJK,2014,1081.54402932039
Tajikistan,TJK,2013,1028.19704279396
Tajikistan,TJK,2012,952.452819695469
Tajikistan,TJK,2011,833.601978202852
Tajikistan,TJK,2010,737.338883219356
Tajikistan,TJK,2009,664.795655734657
Tajikistan,TJK,2008,703.327375898643
Tajikistan,TJK,2007,516.997210618914
Tajikistan,TJK,2006,401.018403316427
Tajikistan,TJK,2005,333.927150941684
Tajikistan,TJK,2004,305.745158587502
Tajikistan,TJK,2003,233.58124845289
Tajikistan,TJK,2002,186.951638285222
Tajikistan,TJK,2001,168.676285365186
Tajikistan,TJK,2000,136.925716400723
Tanzania,TZA,2023,1224.00219726563
Tanzania,TZA,2022,1207.52062988281
Tanzania,TZA,2021,1159.85656738281
Tanzania,TZA,2020,1117.41528320313
Tanzania,TZA,2019,1063.32250976563
Tanzania,TZA,2018,1023.10626220703
Tanzania,TZA,2017,986.674011230469
Tanzania,TZA,2016,953.0107421875
Tanzania,TZA,2015,939.127319335938
Tanzania,TZA,2014,1022.74841308594
Tanzania,TZA,2013,963.05712890625
Tanzania,TZA,2012,861.969909667969
Tanzania,TZA,2011,775.392761230469
Tanzania,TZA,2010,736.530151367188
Tanzania,TZA,2009,693.823547363281
Tanzania,TZA,2008,675.977233886719
Tanzania,TZA,2007,543.198303222656
Tanzania,TZA,2006,475.746734619141
Tanzania,TZA,2005,483.334869384766
Tanzania,TZA,2004,450.385284423828
Tanzania,TZA,2003,422.18359375
Tanzania,TZA,2002,402.649047851563
Tanzania,TZA,2001,396.638732910156
Tanzania,TZA,2000,401.698150634766
Thailand,THA,2023,7210.54130832685
Thailand,THA,2022,6910.00995211206
Thailand,THA,2021,7055.18760721422
Thailand,THA,2020,6983.03412836245
Thailand,THA,2019,7605.69657797759
Thailand,THA,2018,7099.77650081458
Thailand,THA,2017,6413.09182530343
Thailand,THA,2016,5833.57715617098
Thailand,THA,2015,5688.85335397884
Thailand,THA,2014,5801.1978916205
Thailand,THA,2013,6018.08244729255
Thailand,THA,2012,5725.52802835463
Thailand,THA,2011,5373.6232832898
Thailand,THA,2010,4973.86288823778
Thailand,THA,2009,4135.43986952819
Thailand,THA,2008,4309.13509292986
Thailand,THA,2007,3918.52817434581
Thailand,THA,2006,3331.32043511773
Thailand,THA,2005,2867.70383436062
Thailand,THA,2004,2641.56268717857
Thailand,THA,2003,2347.54001286066
Thailand,THA,2002,2089.75183111554
Thailand,THA,2001,1889.93432467144
Thailand,THA,2000,2005.97694514234
Timor-Leste,TLS,2023,1502.4114958903
Timor-Leste,TLS,2022,2343.24955542816
Timor-Leste,TLS,2021,2684.92673717299
Timor-Leste,TLS,2020,1630.86935439232
Timor-Leste,TLS,2019,1562.36458881813
Timor-Leste,TLS,2018,1219.46598597604
Timor-Leste,TLS,2017,1266.17767952941
Timor-Leste,TLS,2016,1335.54390089814
Timor-Leste,TLS,2015,1319.59297370991
Timor-Leste,TLS,2014,1224.74957758801
Timor-Leste,TLS,2013,1204.56841532931
Timor-Leste,TLS,2012,1022.61903188429
Timor-Leste,TLS,2011,939.045241112693
Timor-Leste,TLS,2010,813.060177250597
Timor-Leste,TLS,2009,686.579295832381
Timor-Leste,TLS,2008,628.153219252849
Timor-Leste,TLS,2007,540.154584237662
Timor-Leste,TLS,2006,464.667001844159
Timor-Leste,TLS,2005,487.464555404292
Timor-Leste,TLS,2004,474.420767344689
Timor-Leste,TLS,2003,534.901153697657
Timor-Leste,TLS,2002,533.982476434866
Timor-Leste,TLS,2001,587.700692767858
Timor-Leste,TLS,2000,492.457669429651
Togo,TGO,2023,1182.32951436696
Togo,TGO,2022,1071.61539220759
Togo,TGO,2021,1076.29520076949
Togo,TGO,2020,961.219781201934
Togo,TGO,2019,917.718016777619
Togo,TGO,2018,942.480774393154
Togo,TGO,2017,872.076408845752
Togo,TGO,2016,843.114204338675
Togo,TGO,2015,813.894676975085
Togo,TGO,2014,921.539748631461
Togo,TGO,2013,885.698522723929
Togo,TGO,2012,813.611525037432
Togo,TGO,2011,834.14671980279
Togo,TGO,2010,750.323421086121
Togo,TGO,2009,770.172869777254
Togo,TGO,2008,771.351190404751
Togo,TGO,2007,654.083697666439
Togo,TGO,2006,596.249203137762
Togo,TGO,2005,595.200212014134
Togo,TGO,2004,604.311329116751
Togo,TGO,2003,579.728195854724
Togo,TGO,2002,479.438373869587
Togo,TGO,2001,426.883605884489
Togo,TGO,2000,440.420399069497
Tonga,TON,2023,5651.59357939286
Tonga,TON,2022,5298.01942454298
Tonga,TON,2021,4922.8015864044
Tonga,TON,2020,4792.35872413906
Tonga,TON,2019,4788.83350468584
Tonga,TON,2018,4675.04776047973
Tonga,TON,2017,4365.92929788648
Tonga,TON,2016,3987.98618837043
Tonga,TON,2015,4123.90347238813
Tonga,TON,2014,4136.59010898445
Tonga,TON,2013,4219.24670113014
Tonga,TON,2012,4384.17058724217
Tonga,TON,2011,3849.99375750134
Tonga,TON,2010,3416.08356601207
Tonga,TON,2009,2914.23774004564
Tonga,TON,2008,3218.45303993196
Tonga,TON,2007,2797.06560109144
Tonga,TON,2006,2750.34778600857
Tonga,TON,2005,2477.72620144825
Tonga,TON,2004,2195.44890047673
Tonga,TON,2003,1936.04104012389
Tonga,TON,2002,1759.4805324576
Tonga,TON,2001,1753.51667576626
Tonga,TON,2000,1995.07667546271
Trinidad and Tobago,TTO,2023,18308.4536298575
Trinidad and Tobago,TTO,2022,20750.5202434652
Trinidad and Tobago,TTO,2021,17712.5674104655
Trinidad and Tobago,TTO,2020,15283.6270531554
Trinidad and Tobago,TTO,2019,17212.6128892163
Trinidad and Tobago,TTO,2018,17571.498737278
Trinidad and Tobago,TTO,2017,17566.0999700656
Trinidad and Tobago,TTO,2016,17449.1538801956
Trinidad and Tobago,TTO,2015,19887.2327716498
Trinidad and Tobago,TTO,2014,21908.3014555644
Trinidad and Tobago,TTO,2013,21304.9777496628
Trinidad and Tobago,TTO,2012,20332.1389531925
Trinidad and Tobago,TTO,2011,19151.0870229722
Trinidad and Tobago,TTO,2010,16815.424737361
Trinidad and Tobago,TTO,2009,14634.0565003912
Trinidad and Tobago,TTO,2008,21298.9945258063
Trinidad and Tobago,TTO,2007,16606.675360681
Trinidad and Tobago,TTO,2006,14152.6607422113
Trinidad and Tobago,TTO,2005,12346.4373094075
Trinidad and Tobago,TTO,2004,9871.03419820086
Trinidad and Tobago,TTO,2003,8445.04653518298
Trinidad and Tobago,TTO,2002,6762.93080808096
Trinidad and Tobago,TTO,2001,6657.41466937221
Trinidad and Tobago,TTO,2000,6178.58975559687
Tunisia,TUN,2023,3951.11683376921
Tunisia,TUN,2022,3707.29283414381
Tunisia,TUN,2021,3906.93926319391
Tunisia,TUN,2020,3548.65363663803
Tunisia,TUN,2019,3528.87213306798
Tunisia,TUN,2018,3628.10366464236
Tunisia,TUN,2017,3619.03247319953
Tunisia,TUN,2016,3847.80354448809
Tunisia,TUN,2015,4014.94773686432
Tunisia,TUN,2014,4458.97895464547
Tunisia,TUN,2013,4369.79345826358
Tunisia,TUN,2012,4297.26782454273
Tunisia,TUN,2011,4420.64772206537
Tunisia,TUN,2010,4291.86120891575
Tunisia,TUN,2009,4080.09032448781
Tunisia,TUN,2008,4255.05008019523
Tunisia,TUN,2007,3726.91672935667
Tunisia,TUN,2006,3322.56933570096
Tunisia,TUN,2005,3146.8260743927
Tunisia,TUN,2004,3067.41936376975
Tunisia,TUN,2003,2725.8643148859
Tunisia,TUN,2002,2320.7723805785
Tunisia,TUN,2001,2235.71981624751
Tunisia,TUN,2000,2199.04465936314
Turkiye,TUR,2023,13375.0947282864
Turkiye,TUR,2022,10897.8397861365
Turkiye,TUR,2021,9981.76398411336
Turkiye,TUR,2020,8798.11791709313
Turkiye,TUR,2019,9395.23378001368
Turkiye,TUR,2018,9684.11819884721
Turkiye,TUR,2017,10756.3877677883
Turkiye,TUR,2016,10984.3643169061
Turkiye,TUR,2015,11064.6494504662
Turkiye,TUR,2014,12209.3862327674
Turkiye,TUR,2013,12635.5570016068
Turkiye,TUR,2012,11776.7593362033
Turkiye,TUR,2011,11373.6355760885
Turkiye,TUR,2010,10698.9699409757
Turkiye,TUR,2009,9076.92472236977
Turkiye,TUR,2008,10913.4079047769
Turkiye,TUR,2007,9766.91734545294
Turkiye,TUR,2006,7990.08251407245
Turkiye,TUR,2005,7331.85429430255
Turkiye,TUR,2004,5979.6054216148
Turkiye,TUR,2003,4649.63668068586
Turkiye,TUR,2002,3591.08628982587
Turkiye,TUR,2001,3052.2256706793
Turkiye,TUR,2000,4199.3798635759
Turkmenistan,TKM,2023,5298.46421949276
Turkmenistan,TKM,2022,5198.18947409551
Turkmenistan,TKM,2021,3713.20113171765
Turkmenistan,TKM,2020,3935.37749365223
Turkmenistan,TKM,2019,4365.1152919542
Turkmenistan,TKM,2018,3911.98557297865
Turkmenistan,TKM,2017,5125.54920055808
Turkmenistan,TKM,2016,5238.00827202546
Turkmenistan,TKM,2015,5759.497903834
Turkmenistan,TKM,2014,7164.14536184006
Turkmenistan,TKM,2013,6599.64529055481
Turkmenistan,TKM,2012,6053.8748468749
Turkmenistan,TKM,2011,5143.61929334647
Turkmenistan,TKM,2010,4058.53937000739
Turkmenistan,TKM,2009,3707.97850699617
Turkmenistan,TKM,2008,3605.50395120549
Turkmenistan,TKM,2007,2414.96071986964
Turkmenistan,TKM,2006,1996.59310717308
Turkmenistan,TKM,2005,1604.01618452312
Turkmenistan,TKM,2004,1379.23009682692
Turkmenistan,TKM,2003,1228.94870289404
Turkmenistan,TKM,2002,935.540801478466
Turkmenistan,TKM,2001,756.034976276398
Turkmenistan,TKM,2000,633.835487638011
Turks and Caicos Islands,TCA,2023,35470.2151608295
Turks and Caicos Islands,TCA,2022,31280.5418020808
Turks and Caicos Islands,TCA,2021,27329.2885087196
Turks and Caicos Islands,TCA,2020,20690.9160546118
Turks and Caicos Islands,TCA,2019,31780.5217068989
Turks and Caicos Islands,TCA,2018,31625.616593277
Turks and Caicos Islands,TCA,2017,30014.2309523213
Turks and Caicos Islands,TCA,2016,31373.5612684327
Turks and Caicos Islands,TCA,2015,29457.0140691162
Turks and Caicos Islands,TCA,2014,27292.5820256776
Turks and Caicos Islands,TCA,2013,25653.819867471
Turks and Caicos Islands,TCA,2012,25923.6156503875
Turks and Caicos Islands,TCA,2011,27327.4006354146
Turks and Caicos Islands,TCA,2010,23093.8498268267
Turks and Caicos Islands,TCA,2009,24596.8938015951
Turks and Caicos Islands,TCA,2008,31453.8228752689
Turks and Caicos Islands,TCA,2007,29443.8523030072
Turks and Caicos Islands,TCA,2006,28734.2873064523
Turks and Caicos Islands,TCA,2005,24122.3028180757
Turks and Caicos Islands,TCA,2004,21246.00980049
Turks and Caicos Islands,TCA,2003,18859.1890274773
Turks and Caicos Islands,TCA,2002,17803.9471767733
Turks and Caicos Islands,TCA,2001,18325.7458111974
Turks and Caicos Islands,TCA,2000,
Tuvalu,TUV,2023,5143.8397437226
Tuvalu,TUV,2022,5414.74642912412
Tuvalu,TUV,2021,6042.51983141155
Tuvalu,TUV,2020,5029.57159284173
Tuvalu,TUV,2019,5058.85266607659
Tuvalu,TUV,2018,4467.21144027065
Tuvalu,TUV,2017,4166.79162422818
Tuvalu,TUV,2016,3779.15293916285
Tuvalu,TUV,2015,3352.66722400181
Tuvalu,TUV,2014,3518.13249227107
Tuvalu,TUV,2013,3524.00277634143
Tuvalu,TUV,2012,3558.89749224226
Tuvalu,TUV,2011,3679.5325726267
Tuvalu,TUV,2010,3054.96154183353
Tuvalu,TUV,2009,2662.42865634448
Tuvalu,TUV,2008,3062.00125965971
Tuvalu,TUV,2007,2803.75365477849
Tuvalu,TUV,2006,2413.97836453913
Tuvalu,TUV,2005,2298.44257265761
Tuvalu,TUV,2004,2330.77403351989
Tuvalu,TUV,2003,2020.10103886055
Tuvalu,TUV,2002,1729.16968588975
Tuvalu,TUV,2001,1475.03705936258
Tuvalu,TUV,2000,1559.22072281826
Uganda,UGA,2023,1002.30913917142
Uganda,UGA,2022,963.067314117178
Uganda,UGA,2021,882.791717542504
Uganda,UGA,2020,845.766463890124
Uganda,UGA,2019,822.171150036357
Uganda,UGA,2018,792.16570022814
Uganda,UGA,2017,765.218332297361
Uganda,UGA,2016,752.696571725656
Uganda,UGA,2015,862.934610355811
Uganda,UGA,2014,896.054795546394
Uganda,UGA,2013,818.285427416713
Uganda,UGA,2012,795.222867553127
Uganda,UGA,2011,835.620060555838
Uganda,UGA,2010,823.488144282
Uganda,UGA,2009,798.947089938247
Uganda,UGA,2008,472.842681495852
Uganda,UGA,2007,401.389130865581
Uganda,UGA,2006,346.518255310647
Uganda,UGA,2005,330.405402707025
Uganda,UGA,2004,292.38185796262
Uganda,UGA,2003,250.71543664681
Uganda,UGA,2002,241.984688408335
Uganda,UGA,2001,236.021188853993
Uganda,UGA,2000,258.050338731086
Ukraine,UKR,2023,5139.59814453125
Ukraine,UKR,2022,4199.6708984375
Ukraine,UKR,2021,4775.94580078125
Ukraine,UKR,2020,3709.76928710938
Ukraine,UKR,2019,3619.86157226563
Ukraine,UKR,2018,3059.0517578125
Ukraine,UKR,2017,2604.28759765625
Ukraine,UKR,2016,2158.46118164063
Ukraine,UKR,2015,2094.47387695313
Ukraine,UKR,2014,3054.908203125
Ukraine,UKR,2013,4129.89697265625
Ukraine,UKR,2012,3951.34228515625
Ukraine,UKR,2011,3656.69799804688
Ukraine,UKR,2010,3039.63232421875
Ukraine,UKR,2009,2607.08764648438
Ukraine,UKR,2008,4017.806640625
Ukraine,UKR,2007,3160.32763671875
Ukraine,UKR,2006,2366.494140625
Ukraine,UKR,2005,1875.33508300781
Ukraine,UKR,2004,1401.01806640625
Ukraine,UKR,2003,1076.48156738281
Ukraine,UKR,2002,903.011901855469
Ukraine,UKR,2001,800.49072265625
Ukraine,UKR,2000,653.294311523438
United Arab Emirates,ARE,2023,49850.6945082084
United Arab Emirates,ARE,2022,50759.7590190204
United Arab Emirates,ARE,2021,44118.4936214315
United Arab Emirates,ARE,2020,37991.738387966
United Arab Emirates,ARE,2019,45938.6084572227
United Arab Emirates,ARE,2018,47135.3478795605
United Arab Emirates,ARE,2017,43733.6242018215
United Arab Emirates,ARE,2016,42721.1136110991
United Arab Emirates,ARE,2015,44910.3458860776
United Arab Emirates,ARE,2014,52725.2307981936
United Arab Emirates,ARE,2013,53247.2278745159
United Arab Emirates,ARE,2012,53141.6251661086
United Arab Emirates,ARE,2011,51921.8890746408
United Arab Emirates,ARE,2010,44795.2846234991
United Arab Emirates,ARE,2009,37803.0663737818
United Arab Emirates,ARE,2008,50054.1700685968
United Arab Emirates,ARE,2007,45854.7352436978
United Arab Emirates,ARE,2006,44342.603055045
United Arab Emirates,ARE,2005,38719.3138285388
United Arab Emirates,ARE,2004,33376.6880534412
United Arab Emirates,ARE,2003,29659.5710296993
United Arab Emirates,ARE,2002,27753.5810466782
United Arab Emirates,ARE,2001,27745.1684523079
United Arab Emirates,ARE,2000,29865.5285002232
United Kingdom,GBR,2023,49919.6896621586
United Kingdom,GBR,2022,47034.7795621476
United Kingdom,GBR,2021,47695.6491523474
United Kingdom,GBR,2020,40815.1255364787
United Kingdom,GBR,2019,43160.6843971799
United Kingdom,GBR,2018,43704.3162296687
United Kingdom,GBR,2017,40918.0520870944
United Kingdom,GBR,2016,41258.5374285695
United Kingdom,GBR,2015,45256.040227057
United Kingdom,GBR,2014,47746.9810645521
United Kingdom,GBR,2013,43607.6636827371
United Kingdom,GBR,2012,42688.3263728372
United Kingdom,GBR,2011,42295.9273835322
United Kingdom,GBR,2010,39778.3220528565
United Kingdom,GBR,2009,39009.3715547821
United Kingdom,GBR,2008,47652.4030691881
United Kingdom,GBR,2007,50629.0799172887
United Kingdom,GBR,2006,44695.161023424
United Kingdom,GBR,2005,42240.2462987547
United Kingdom,GBR,2004,40504.4118103928
United Kingdom,GBR,2003,34556.7726095905
United Kingdom,GBR,2002,30158.7017807858
United Kingdom,GBR,2001,28013.8729635508
United Kingdom,GBR,2000,28383.8761094996
United States,USA,2023,82586.7847707894
United States,USA,2022,78008.6895811877
United States,USA,2021,71441.2319805947
United States,USA,2020,64465.2971415748
United States,USA,2019,65227.9565911038
United States,USA,2018,62875.6661382728
United States,USA,2017,60047.7190728307
United States,USA,2016,57976.628204291
United States,USA,2015,56849.4697923159
United States,USA,2014,55153.3940182967
United States,USA,2013,53297.3862901595
United States,USA,2012,51708.3940614082
United States,USA,2011,50024.8812320773
United States,USA,2010,48642.6312088213
United States,USA,2009,47194.9500893872
United States,USA,2008,48570.0594269601
United States,USA,2007,48050.227412195
United States,USA,2006,46301.9876485519
United States,USA,2005,44123.3996470026
United States,USA,2004,41724.6411982614
United States,USA,2003,39490.3023903176
United States,USA,2002,37997.7424300242
United States,USA,2001,37133.6203973517
United States,USA,2000,36329.9702595751
Uruguay,URY,2023,23378.6399733516
Uruguay,URY,2022,21009.2883798725
Uruguay,URY,2021,17881.8119616753
Uruguay,URY,2020,15757.5341990356
Uruguay,URY,2019,18315.7350377437
Uruguay,URY,2018,19249.9404677501
Uruguay,URY,2017,19184.6626114272
Uruguay,URY,2016,17009.7584207276
Uruguay,URY,2015,17125.9016800298
Uruguay,URY,2014,18322.4276767157
Uruguay,URY,2013,18335.2594772322
Uruguay,URY,2012,16259.5940814256
Uruguay,URY,2011,15132.2675725587
Uruguay,URY,2010,12641.0576849008
Uruguay,URY,2009,9881.39573127081
Uruguay,URY,2008,9423.96562595893
Uruguay,URY,2007,7222.05403645877
Uruguay,URY,2006,6001.33294783172
Uruguay,URY,2005,5284.25677987129
Uruguay,URY,2004,4168.66065438387
Uruguay,URY,2003,3671.12329256883
Uruguay,URY,2002,4149.76140312687
Uruguay,URY,2001,6382.76104740859
Uruguay,URY,2000,6987.70098766257
Uzbekistan,UZB,2023,3015.97705069457
Uzbekistan,UZB,2022,2698.60262953369
Uzbekistan,UZB,2021,2370.36480555669
Uzbekistan,UZB,2020,2087.96374711792
Uzbekistan,UZB,2019,2128.66067138334
Uzbekistan,UZB,2018,1894.09088741408
Uzbekistan,UZB,2017,2271.4730109511
Uzbekistan,UZB,2016,3128.42307170099
Uzbekistan,UZB,2015,3172.89899391083
Uzbekistan,UZB,2014,3021.00331668049
Uzbekistan,UZB,2013,2781.38869470315
Uzbekistan,UZB,2012,2573.95586785056
Uzbekistan,UZB,2011,2338.55462817306
Uzbekistan,UZB,2010,1956.78127255673
Uzbekistan,UZB,2009,1205.7993547038
Uzbekistan,UZB,2008,1074.72928796701
Uzbekistan,UZB,2007,824.028192334768
Uzbekistan,UZB,2006,649.118167003925
Uzbekistan,UZB,2005,542.835808692209
Uzbekistan,UZB,2004,462.171492867885
Uzbekistan,UZB,2003,394.164028897235
Uzbekistan,UZB,2002,381.409296889283
Uzbekistan,UZB,2001,454.415812256778
Uzbekistan,UZB,2000,555.149231099186
Vanuatu,VUT,2023,3708.18942411253
Vanuatu,VUT,2022,3679.53524327491
Vanuatu,VUT,2021,3576.13770954363
Vanuatu,VUT,2020,3404.30359167624
Vanuatu,VUT,2019,3635.62344878185
Vanuatu,VUT,2018,3626.18862522473
Vanuatu,VUT,2017,3585.31798081216
Vanuatu,VUT,2016,3339.83436471043
Vanuatu,VUT,2015,3214.41948587141
Vanuatu,VUT,2014,3378.36411965135
Vanuatu,VUT,2013,3392.56675091682
Vanuatu,VUT,2012,3004.78416664293
Vanuatu,VUT,2011,3163.1861645138
Vanuatu,VUT,2010,2815.18828985779
Vanuatu,VUT,2009,2546.38324565986
Vanuatu,VUT,2008,2603.60883136724
Vanuatu,VUT,2007,2333.70506748914
Vanuatu,VUT,2006,2034.79289624351
Vanuatu,VUT,2005,1873.99142640619
Vanuatu,VUT,2004,1774.31867585894
Vanuatu,VUT,2003,1566.51396790858
Vanuatu,VUT,2002,1340.71537528287
Vanuatu,VUT,2001,1350.18338238522
Vanuatu,VUT,2000,1460.23817692229
"Venezuela, RB",VEN,2023,3617.47038396528
"Venezuela, RB",VEN,2022,3155.04190923584
"Venezuela, RB",VEN,2021,2004.93572921136
"Venezuela, RB",VEN,2020,1506.04169391285
"Venezuela, RB",VEN,2019,2523.11527549578
"Venezuela, RB",VEN,2018,3421.51341607593
"Venezuela, RB",VEN,2017,3791.63262049576
"Venezuela, RB",VEN,2016,3671.23004093383
"Venezuela, RB",VEN,2015,4096.61989137473
"Venezuela, RB",VEN,2014,7101.15006382986
"Venezuela, RB",VEN,2013,8642.37380007027
"Venezuela, RB",VEN,2012,12582.0125686037
"Venezuela, RB",VEN,2011,10843.9229703167
"Venezuela, RB",VEN,2010,13646.3046622664
"Venezuela, RB",VEN,2009,11596.6021921731
"Venezuela, RB",VEN,2008,11262.4514256759
"Venezuela, RB",VEN,2007,8331.62096991844
"Venezuela, RB",VEN,2006,6739.38065342218
"Venezuela, RB",VEN,2005,5432.4854184654
"Venezuela, RB",VEN,2004,4269.08970872392
"Venezuela, RB",VEN,2003,3229.50557082079
"Venezuela, RB",VEN,2002,3652.09896501865
"Venezuela, RB",VEN,2001,4920.39313600453
"Venezuela, RB",VEN,2000,4776.2816763938
Viet Nam,VNM,2023,4322.82572261566
Viet Nam,VNM,2022,4147.69777213621
Viet Nam,VNM,2021,3704.1935590038
Viet Nam,VNM,2020,3534.03953482647
Viet Nam,VNM,2019,3440.90025375434
Viet Nam,VNM,2018,3222.31003125366
Viet Nam,VNM,2017,2956.10992127753
Viet Nam,VNM,2016,2735.0604380416
Viet Nam,VNM,2015,2577.56885340113
Viet Nam,VNM,2014,2546.38464459903
Viet Nam,VNM,2013,2359.51736472828
Viet Nam,VNM,2012,2185.11767654291
Viet Nam,VNM,2011,1950.92504174913
Viet Nam,VNM,2010,1683.16182443979
Viet Nam,VNM,2009,1226.16976051536
Viet Nam,VNM,2008,1163.83195772873
Viet Nam,VNM,2007,925.640338348717
Viet Nam,VNM,2006,807.756645117054
Viet Nam,VNM,2005,710.746759994861
Viet Nam,VNM,2004,565.452284586212
Viet Nam,VNM,2003,497.117089249256
Viet Nam,VNM,2002,445.132861817313
Viet Nam,VNM,2001,419.205677580901
Viet Nam,VNM,2000,404.029784055118
Virgin Islands (U.S.),VIR,2023,
Virgin Islands (U.S.),VIR,2022,44320.909185774
Virgin Islands (U.S.),VIR,2021,42571.0777368471
Virgin Islands (U.S.),VIR,2020,39787.3741650202
Virgin Islands (U.S.),VIR,2019,38633.5298915336
Virgin Islands (U.S.),VIR,2018,36663.2087550584
Virgin Islands (U.S.),VIR,2017,35365.0693039774
Virgin Islands (U.S.),VIR,2016,35324.9748874586
Virgin Islands (U.S.),VIR,2015,34007.3529411765
Virgin Islands (U.S.),VIR,2014,33045.3643795999
Virgin Islands (U.S.),VIR,2013,34597.9766940328
Virgin Islands (U.S.),VIR,2012,37795.3192590675
Virgin Islands (U.S.),VIR,2011,38997.1373164651
Virgin Islands (U.S.),VIR,2010,39905.1284180994
Virgin Islands (U.S.),VIR,2009,38753.1825393897
Virgin Islands (U.S.),VIR,2008,39152.3750657306
Virgin Islands (U.S.),VIR,2007,44158.5054044325
Virgin Islands (U.S.),VIR,2006,41377.1466009652
Virgin Islands (U.S.),VIR,2005,40828.7460927775
Virgin Islands (U.S.),VIR,2004,35006.3614404514
Virgin Islands (U.S.),VIR,2003,31731.2566241187
Virgin Islands (U.S.),VIR,2002,30062.0225050457
Virgin Islands (U.S.),VIR,2001,
Virgin Islands (U.S.),VIR,2000,
West Bank and Gaza,PSE,2023,3607.41611858821
West Bank and Gaza,PSE,2022,3799.95527015163
West Bank and Gaza,PSE,2021,3678.63565662194
West Bank and Gaza,PSE,2020,3233.56863835858
West Bank and Gaza,PSE,2019,3656.85827137011
West Bank and Gaza,PSE,2018,3562.33094270256
West Bank and Gaza,PSE,2017,3620.36048715937
West Bank and Gaza,PSE,2016,3527.61382413178
West Bank and Gaza,PSE,2015,3272.15432360708
West Bank and Gaza,PSE,2014,3352.11259506043
West Bank and Gaza,PSE,2013,3315.29753909282
West Bank and Gaza,PSE,2012,3067.43872735614
West Bank and Gaza,PSE,2011,2880.79843707909
West Bank and Gaza,PSE,2010,2557.07562356699
West Bank and Gaza,PSE,2009,2191.78178736868
West Bank and Gaza,PSE,2008,2035.20234121766
West Bank and Gaza,PSE,2007,1664.24571669276
West Bank and Gaza,PSE,2006,1570.10439962728
West Bank and Gaza,PSE,2005,1543.70141392774
West Bank and Gaza,PSE,2004,1422.19088643544
West Bank and Gaza,PSE,2003,1257.69857009689
West Bank and Gaza,PSE,2002,1156.21747345769
West Bank and Gaza,PSE,2001,1335.55319529359
West Bank and Gaza,PSE,2000,1476.17185000238
"Yemen, Rep.",YEM,2023,
"Yemen, Rep.",YEM,2022,
"Yemen, Rep.",YEM,2021,
"Yemen, Rep.",YEM,2020,
"Yemen, Rep.",YEM,2019,
"Yemen, Rep.",YEM,2018,633.887202451545
"Yemen, Rep.",YEM,2017,811.165970405745
"Yemen, Rep.",YEM,2016,975.359417003225
"Yemen, Rep.",YEM,2015,1362.1738120601
"Yemen, Rep.",YEM,2014,1430.16420964026
"Yemen, Rep.",YEM,2013,1378.75002954928
"Yemen, Rep.",YEM,2012,1245.05068272078
"Yemen, Rep.",YEM,2011,1186.47500581215
"Yemen, Rep.",YEM,2010,1155.20305261418
"Yemen, Rep.",YEM,2009,969.243509864478
"Yemen, Rep.",YEM,2008,1071.63583282105
"Yemen, Rep.",YEM,2007,890.305768114988
"Yemen, Rep.",YEM,2006,809.713127624703
"Yemen, Rep.",YEM,2005,734.159908450927
"Yemen, Rep.",YEM,2004,627.632023395762
"Yemen, Rep.",YEM,2003,548.905883049973
"Yemen, Rep.",YEM,2002,513.241486570603
"Yemen, Rep.",YEM,2001,487.141257946318
"Yemen, Rep.",YEM,2000,493.235182634814
Zambia,ZMB,2023,1330.72780576709
Zambia,ZMB,2022,1447.12310138035
Zambia,ZMB,2021,1127.16077872857
Zambia,ZMB,2020,951.644316655957
Zambia,ZMB,2019,1258.98619844462
Zambia,ZMB,2018,1463.89997855593
Zambia,ZMB,2017,1483.46577328065
Zambia,ZMB,2016,1239.08527877713
Zambia,ZMB,2015,1295.87788680068
Zambia,ZMB,2014,1707.48573136694
Zambia,ZMB,2013,1820.71854827391
Zambia,ZMB,2012,1710.05061343728
Zambia,ZMB,2011,1624.86817763443
Zambia,ZMB,2010,1451.10616017155
Zambia,ZMB,2009,1136.24168316848
Zambia,ZMB,2008,1375.50211006997
Zambia,ZMB,2007,1118.73162626953
Zambia,ZMB,2006,1051.71714895686
Zambia,ZMB,2005,710.982068171696
Zambia,ZMB,2004,548.685974566277
Zambia,ZMB,2003,446.290104839041
Zambia,ZMB,2002,393.864625518616
Zambia,ZMB,2001,396.548952993504
Zambia,ZMB,2000,359.429500988221
Zimbabwe,ZWE,2023,2195.22502010174
Zimbabwe,ZWE,2022,2536.40197087505
Zimbabwe,ZWE,2021,2613.6167414057
Zimbabwe,ZWE,2020,2059.63704025274
Zimbabwe,ZWE,2019,2184.52155388801
Zimbabwe,ZWE,2018,2270.89531874302
Zimbabwe,ZWE,2017,3445.44941020134
Zimbabwe,ZWE,2016,1408.13945253431
Zimbabwe,ZWE,2015,1387.12632595026
Zimbabwe,ZWE,2014,1372.91526173161
Zimbabwe,ZWE,2013,1362.99498323368
Zimbabwe,ZWE,2012,1239.22709745709
Zimbabwe,ZWE,2011,1037.77565157218
Zimbabwe,ZWE,2010,902.010759067388
Zimbabwe,ZWE,2009,735.821693871697
Zimbabwe,ZWE,2008,340.917447588572
Zimbabwe,ZWE,2007,413.521244592925
Zimbabwe,ZWE,2006,431.034994414964
Zimbabwe,ZWE,2005,461.271387547912
Zimbabwe,ZWE,2004,469.719298949304
Zimbabwe,ZWE,2003,468.471932927213
Zimbabwe,ZWE,2002,524.936478570323
Zimbabwe,ZWE,2001,566.388746448872
Zimbabwe,ZWE,2000,562.833757496076
