country,iso3,year,value
Africa Eastern and Southern,AFE,2023,65.1462279163724
Africa Eastern and Southern,AFE,2022,64.4871517904367
Africa Eastern and Southern,AFE,2021,62.9799991857494
Africa Eastern and Southern,AFE,2020,63.7664840026943
Africa Eastern and Southern,AFE,2019,63.8572612837043
Africa Eastern and Southern,AFE,2018,63.3306913582336
Africa Eastern and Southern,AFE,2017,62.5912750961501
Africa Eastern and Southern,AFE,2016,62.1679813169199
Africa Eastern and Southern,AFE,2015,61.713030523495
Africa Eastern and Southern,AFE,2014,61.251436015671
Africa Eastern and Southern,AFE,2013,60.895739752772
Africa Eastern and Southern,AFE,2012,60.2495123598467
Africa Eastern and Southern,AFE,2011,59.2000040300701
Africa Eastern and Southern,AFE,2010,58.8272792062821
Africa Eastern and Southern,AFE,2009,58.0955271436463
Africa Eastern and Southern,AFE,2008,57.2401063228798
Africa Eastern and Southern,AFE,2007,56.4843531784534
Africa Eastern and Southern,AFE,2006,55.6935152578453
Africa Eastern and Southern,AFE,2005,54.8076807136336
Africa Eastern and Southern,AFE,2004,54.1929278660434
Africa Eastern and Southern,AFE,2003,53.6783047685822
Africa Eastern and Southern,AFE,2002,53.2067443343026
Africa Eastern and Southern,AFE,2001,52.8755360536287
Africa Eastern and Southern,AFE,2000,52.5573418626777
Africa Western and Central,AFW,2023,58.8474833840405
Africa Western and Central,AFW,2022,57.9789954665232
Africa Western and Central,AFW,2021,57.3550150454372
Africa Western and Central,AFW,2020,57.3577091392887
Africa Western and Central,AFW,2019,57.1428268060515
Africa Western and Central,AFW,2018,57.0307711269764
Africa Western and Central,AFW,2017,56.6207642286762
Africa Western and Central,AFW,2016,56.3875627997136
Africa Western and Central,AFW,2015,56.0339962553159
Africa Western and Central,AFW,2014,55.691576869905
Africa Western and Central,AFW,2013,55.5516641369456
Africa Western and Central,AFW,2012,55.2898561158278
Africa Western and Central,AFW,2011,54.961240165203
Africa Western and Central,AFW,2010,54.6006466175842
Africa Western and Central,AFW,2009,53.8488138665276
Africa Western and Central,AFW,2008,53.9130304683259
Africa Western and Central,AFW,2007,53.4788420646953
Africa Western and Central,AFW,2006,52.9746257663093
Africa Western and Central,AFW,2005,52.5514240106227
Africa Western and Central,AFW,2004,52.1016113772048
Africa Western and Central,AFW,2003,51.5733887376781
Africa Western and Central,AFW,2002,51.1030145641167
Africa Western and Central,AFW,2001,50.6726047685125
Africa Western and Central,AFW,2000,50.292605166594
Arab World,ARB,2023,72.4446783578531
Arab World,ARB,2022,71.8760955992222
Arab World,ARB,2021,70.4041144889903
Arab World,ARB,2020,70.7265588103862
Arab World,ARB,2019,71.8398932674972
Arab World,ARB,2018,71.4312997859137
Arab World,ARB,2017,71.1128560080647
Arab World,ARB,2016,70.8964881164428
Arab World,ARB,2015,70.6580123695192
Arab World,ARB,2014,70.5350666310281
Arab World,ARB,2013,70.1921058451273
Arab World,ARB,2012,69.842316602094
Arab World,ARB,2011,69.3633376859826
Arab World,ARB,2010,69.8073221012027
Arab World,ARB,2009,69.7069035410593
Arab World,ARB,2008,69.2581327561764
Arab World,ARB,2007,68.8792264386993
Arab World,ARB,2006,68.4912652387812
Arab World,ARB,2005,68.0405024136348
Arab World,ARB,2004,67.7331029040443
Arab World,ARB,2003,67.6503349498777
Arab World,ARB,2002,67.5806302791343
Arab World,ARB,2001,67.2406170439926
Arab World,ARB,2000,66.8906998949344
Caribbean small states,CSS,2023,73.1716450013098
Caribbean small states,CSS,2022,72.8322921090607
Caribbean small states,CSS,2021,69.9228107471769
Caribbean small states,CSS,2020,71.9394359303317
Caribbean small states,CSS,2019,72.1292604830284
Caribbean small states,CSS,2018,72.2210854022703
Caribbean small states,CSS,2017,72.1731041595093
Caribbean small states,CSS,2016,72.0516361154512
Caribbean small states,CSS,2015,71.8641021665476
Caribbean small states,CSS,2014,71.7739411761824
Caribbean small states,CSS,2013,71.5692506084297
Caribbean small states,CSS,2012,71.4019143290264
Caribbean small states,CSS,2011,71.266093287793
Caribbean small states,CSS,2010,71.0114366987074
Caribbean small states,CSS,2009,70.797737511813
Caribbean small states,CSS,2008,70.5499974705246
Caribbean small states,CSS,2007,70.2937333399206
Caribbean small states,CSS,2006,69.9344232165599
Caribbean small states,CSS,2005,69.6320513314341
Caribbean small states,CSS,2004,69.3609701933726
Caribbean small states,CSS,2003,69.0876488979237
Caribbean small states,CSS,2002,68.8997139018751
Caribbean small states,CSS,2001,68.6619722928042
Caribbean small states,CSS,2000,68.3976758324657
Central Europe and the Baltics,CEB,2023,77.7580384683685
Central Europe and the Baltics,CEB,2022,76.6522987292583
Central Europe and the Baltics,CEB,2021,74.7232827859077
Central Europe and the Baltics,CEB,2020,76.0162701269145
Central Europe and the Baltics,CEB,2019,77.2659141936307
Central Europe and the Baltics,CEB,2018,76.9764380835075
Central Europe and the Baltics,CEB,2017,76.929788715597
Central Europe and the Baltics,CEB,2016,76.9703062304413
Central Europe and the Baltics,CEB,2015,76.5755119772504
Central Europe and the Baltics,CEB,2014,76.6887696437325
Central Europe and the Baltics,CEB,2013,76.3747350098375
Central Europe and the Baltics,CEB,2012,76.0033944660035
Central Europe and the Baltics,CEB,2011,75.8884748834282
Central Europe and the Baltics,CEB,2010,75.2939657786314
Central Europe and the Baltics,CEB,2009,74.9303639266576
Central Europe and the Baltics,CEB,2008,74.5759526780779
Central Europe and the Baltics,CEB,2007,74.2506487210768
Central Europe and the Baltics,CEB,2006,74.0926027308098
Central Europe and the Baltics,CEB,2005,73.8449951359211
Central Europe and the Baltics,CEB,2004,73.7304349327381
Central Europe and the Baltics,CEB,2003,73.3822527825258
Central Europe and the Baltics,CEB,2002,73.2424154880921
Central Europe and the Baltics,CEB,2001,73.0961481937343
Central Europe and the Baltics,CEB,2000,72.719724722779
Early-demographic dividend,EAR,2023,71.7962449795855
Early-demographic dividend,EAR,2022,71.4304552508694
Early-demographic dividend,EAR,2021,68.1790994839634
Early-demographic dividend,EAR,2020,69.8801308490982
Early-demographic dividend,EAR,2019,70.8424064605001
Early-demographic dividend,EAR,2018,70.5486659921504
Early-demographic dividend,EAR,2017,70.2729949393554
Early-demographic dividend,EAR,2016,69.9484837084835
Early-demographic dividend,EAR,2015,69.6305484421664
Early-demographic dividend,EAR,2014,69.3249758824304
Early-demographic dividend,EAR,2013,68.962837783411
Early-demographic dividend,EAR,2012,68.6094630284121
Early-demographic dividend,EAR,2011,68.2600380693651
Early-demographic dividend,EAR,2010,67.8244434669729
Early-demographic dividend,EAR,2009,67.496408245139
Early-demographic dividend,EAR,2008,67.0218187568003
Early-demographic dividend,EAR,2007,66.7605467353128
Early-demographic dividend,EAR,2006,66.3919300050345
Early-demographic dividend,EAR,2005,65.9797864104925
Early-demographic dividend,EAR,2004,65.5132392756465
Early-demographic dividend,EAR,2003,65.2791550496845
Early-demographic dividend,EAR,2002,64.9680746751559
Early-demographic dividend,EAR,2001,64.55670545203
Early-demographic dividend,EAR,2000,64.2196098284934
East Asia & Pacific,EAS,2023,76.6572021082574
East Asia & Pacific,EAS,2022,76.6767167147452
East Asia & Pacific,EAS,2021,76.152941315904
East Asia & Pacific,EAS,2020,76.5433946923267
East Asia & Pacific,EAS,2019,76.5862412994962
East Asia & Pacific,EAS,2018,76.3914229383171
East Asia & Pacific,EAS,2017,76.0789923585537
East Asia & Pacific,EAS,2016,75.9870166732102
East Asia & Pacific,EAS,2015,75.7926010192992
East Asia & Pacific,EAS,2014,75.5644270391791
East Asia & Pacific,EAS,2013,75.3347729864006
East Asia & Pacific,EAS,2012,75.1059726864745
East Asia & Pacific,EAS,2011,74.8252830592191
East Asia & Pacific,EAS,2010,74.6299790050688
East Asia & Pacific,EAS,2009,74.3683471715786
East Asia & Pacific,EAS,2008,73.8481629943997
East Asia & Pacific,EAS,2007,73.8948513504332
East Asia & Pacific,EAS,2006,73.5640440034614
East Asia & Pacific,EAS,2005,73.2984345512681
East Asia & Pacific,EAS,2004,72.812660596894
East Asia & Pacific,EAS,2003,72.7346908938812
East Asia & Pacific,EAS,2002,72.3571058107458
East Asia & Pacific,EAS,2001,72.0413059988773
East Asia & Pacific,EAS,2000,71.7028323240299
East Asia & Pacific (excluding high income),EAP,2023,75.8806830895266
East Asia & Pacific (excluding high income),EAP,2022,75.9325409436903
East Asia & Pacific (excluding high income),EAP,2021,75.2781418410849
East Asia & Pacific (excluding high income),EAP,2020,75.6976393295064
East Asia & Pacific (excluding high income),EAP,2019,75.7689690321509
East Asia & Pacific (excluding high income),EAP,2018,75.57828618156
East Asia & Pacific (excluding high income),EAP,2017,75.2396714880306
East Asia & Pacific (excluding high income),EAP,2016,75.1559117663434
East Asia & Pacific (excluding high income),EAP,2015,74.9511243848739
East Asia & Pacific (excluding high income),EAP,2014,74.7194528121745
East Asia & Pacific (excluding high income),EAP,2013,74.4859323786011
East Asia & Pacific (excluding high income),EAP,2012,74.2597872053228
East Asia & Pacific (excluding high income),EAP,2011,73.9857453156401
East Asia & Pacific (excluding high income),EAP,2010,73.7616390609633
East Asia & Pacific (excluding high income),EAP,2009,73.4677878146597
East Asia & Pacific (excluding high income),EAP,2008,72.9241376220933
East Asia & Pacific (excluding high income),EAP,2007,72.9937536648265
East Asia & Pacific (excluding high income),EAP,2006,72.6518704363172
East Asia & Pacific (excluding high income),EAP,2005,72.3983266445825
East Asia & Pacific (excluding high income),EAP,2004,71.8588009229193
East Asia & Pacific (excluding high income),EAP,2003,71.80399562865
East Asia & Pacific (excluding high income),EAP,2002,71.3967499620569
East Asia & Pacific (excluding high income),EAP,2001,71.0740923872156
East Asia & Pacific (excluding high income),EAP,2000,70.7357071585237
East Asia & Pacific (IDA & IBRD countries),TEA,2023,75.9085643603807
East Asia & Pacific (IDA & IBRD countries),TEA,2022,75.9610347461336
East Asia & Pacific (IDA & IBRD countries),TEA,2021,75.3009806060199
East Asia & Pacific (IDA & IBRD countries),TEA,2020,75.7338497054699
East Asia & Pacific (IDA & IBRD countries),TEA,2019,75.8042877234534
East Asia & Pacific (IDA & IBRD countries),TEA,2018,75.6101241544348
East Asia & Pacific (IDA & IBRD countries),TEA,2017,75.2671640185859
East Asia & Pacific (IDA & IBRD countries),TEA,2016,75.1832269955477
East Asia & Pacific (IDA & IBRD countries),TEA,2015,74.9777768374826
East Asia & Pacific (IDA & IBRD countries),TEA,2014,74.7479822020749
East Asia & Pacific (IDA & IBRD countries),TEA,2013,74.5190033698096
East Asia & Pacific (IDA & IBRD countries),TEA,2012,74.2971126258118
East Asia & Pacific (IDA & IBRD countries),TEA,2011,74.0266932049917
East Asia & Pacific (IDA & IBRD countries),TEA,2010,73.8065980873171
East Asia & Pacific (IDA & IBRD countries),TEA,2009,73.5161019563418
East Asia & Pacific (IDA & IBRD countries),TEA,2008,72.9707321912267
East Asia & Pacific (IDA & IBRD countries),TEA,2007,73.0450331089394
East Asia & Pacific (IDA & IBRD countries),TEA,2006,72.698344733116
East Asia & Pacific (IDA & IBRD countries),TEA,2005,72.440234089532
East Asia & Pacific (IDA & IBRD countries),TEA,2004,71.8921244592524
East Asia & Pacific (IDA & IBRD countries),TEA,2003,71.8352733706059
East Asia & Pacific (IDA & IBRD countries),TEA,2002,71.534352902059
East Asia & Pacific (IDA & IBRD countries),TEA,2001,71.2077369930428
East Asia & Pacific (IDA & IBRD countries),TEA,2000,70.8650826611101
Euro area,EMU,2023,82.1378956135498
Euro area,EMU,2022,81.4869473735593
Euro area,EMU,2021,81.3931203059577
Euro area,EMU,2020,81.3366927821764
Euro area,EMU,2019,82.1461011396487
Euro area,EMU,2018,81.8676373939947
Euro area,EMU,2017,81.747020423342
Euro area,EMU,2016,81.7681051866776
Euro area,EMU,2015,81.381552979083
Euro area,EMU,2014,81.7426558325458
Euro area,EMU,2013,81.3323585033306
Euro area,EMU,2012,81.0387114639645
Euro area,EMU,2011,81.0342959599905
Euro area,EMU,2010,80.5463865166925
Euro area,EMU,2009,80.304609573735
Euro area,EMU,2008,80.093489056692
Euro area,EMU,2007,79.8861982263507
Euro area,EMU,2006,79.6483122606306
Euro area,EMU,2005,79.2220583562048
Euro area,EMU,2004,79.0807404551257
Euro area,EMU,2003,78.5041960429858
Euro area,EMU,2002,78.47640957321
Euro area,EMU,2001,78.3814988457687
Euro area,EMU,2000,78.039870197159
Europe & Central Asia,ECS,2023,78.3912342010497
Europe & Central Asia,ECS,2022,77.8345651348625
Europe & Central Asia,ECS,2021,76.7286208536036
Europe & Central Asia,ECS,2020,77.1754769112247
Europe & Central Asia,ECS,2019,78.3038616280055
Europe & Central Asia,ECS,2018,78.030262884925
Europe & Central Asia,ECS,2017,77.8990078299354
Europe & Central Asia,ECS,2016,77.6812778388278
Europe & Central Asia,ECS,2015,77.3309344089138
Europe & Central Asia,ECS,2014,77.3535744682317
Europe & Central Asia,ECS,2013,77.0324350526049
Europe & Central Asia,ECS,2012,76.6804966624792
Europe & Central Asia,ECS,2011,76.4793686032862
Europe & Central Asia,ECS,2010,75.9953558296811
Europe & Central Asia,ECS,2009,75.6891993778767
Europe & Central Asia,ECS,2008,75.3023142874929
Europe & Central Asia,ECS,2007,75.0086537519123
Europe & Central Asia,ECS,2006,74.6397717965131
Europe & Central Asia,ECS,2005,74.1536447949151
Europe & Central Asia,ECS,2004,73.9880374819429
Europe & Central Asia,ECS,2003,73.5627467942119
Europe & Central Asia,ECS,2002,73.4464115251961
Europe & Central Asia,ECS,2001,73.3558243150228
Europe & Central Asia,ECS,2000,73.1137123890211
Europe & Central Asia (excluding high income),ECA,2023,74.7901416269909
Europe & Central Asia (excluding high income),ECA,2022,74.5731684190474
Europe & Central Asia (excluding high income),ECA,2021,72.8823762052943
Europe & Central Asia (excluding high income),ECA,2020,73.5536868675669
Europe & Central Asia (excluding high income),ECA,2019,74.8158340567546
Europe & Central Asia (excluding high income),ECA,2018,74.5927989243036
Europe & Central Asia (excluding high income),ECA,2017,74.4033539029016
Europe & Central Asia (excluding high income),ECA,2016,74.0313769065099
Europe & Central Asia (excluding high income),ECA,2015,73.755408258866
Europe & Central Asia (excluding high income),ECA,2014,73.4195161256746
Europe & Central Asia (excluding high income),ECA,2013,73.1258294397593
Europe & Central Asia (excluding high income),ECA,2012,72.6735984954506
Europe & Central Asia (excluding high income),ECA,2011,72.1509502224104
Europe & Central Asia (excluding high income),ECA,2010,71.9125911481178
Europe & Central Asia (excluding high income),ECA,2009,71.442292156273
Europe & Central Asia (excluding high income),ECA,2008,70.9743175160426
Europe & Central Asia (excluding high income),ECA,2007,70.5579786921334
Europe & Central Asia (excluding high income),ECA,2006,70.2178659389806
Europe & Central Asia (excluding high income),ECA,2005,69.9595147646973
Europe & Central Asia (excluding high income),ECA,2004,69.7911486482047
Europe & Central Asia (excluding high income),ECA,2003,69.5879019097604
Europe & Central Asia (excluding high income),ECA,2002,69.3187306210866
Europe & Central Asia (excluding high income),ECA,2001,69.0902777061194
Europe & Central Asia (excluding high income),ECA,2000,68.8570531906331
Europe & Central Asia (IDA & IBRD countries),TEC,2023,74.6977324805541
Europe & Central Asia (IDA & IBRD countries),TEC,2022,74.1883654842503
Europe & Central Asia (IDA & IBRD countries),TEC,2021,72.1506406826172
Europe & Central Asia (IDA & IBRD countries),TEC,2020,73.1492512511888
Europe & Central Asia (IDA & IBRD countries),TEC,2019,74.590946255432
Europe & Central Asia (IDA & IBRD countries),TEC,2018,74.2976622013592
Europe & Central Asia (IDA & IBRD countries),TEC,2017,74.1318681774556
Europe & Central Asia (IDA & IBRD countries),TEC,2016,73.6902109808947
Europe & Central Asia (IDA & IBRD countries),TEC,2015,73.3408132950813
Europe & Central Asia (IDA & IBRD countries),TEC,2014,73.0389491798356
Europe & Central Asia (IDA & IBRD countries),TEC,2013,72.7942035795041
Europe & Central Asia (IDA & IBRD countries),TEC,2012,72.3336150257883
Europe & Central Asia (IDA & IBRD countries),TEC,2011,71.9266644042886
Europe & Central Asia (IDA & IBRD countries),TEC,2010,71.4358973425353
Europe & Central Asia (IDA & IBRD countries),TEC,2009,71.0832338433596
Europe & Central Asia (IDA & IBRD countries),TEC,2008,70.5451641405676
Europe & Central Asia (IDA & IBRD countries),TEC,2007,70.1803431982885
Europe & Central Asia (IDA & IBRD countries),TEC,2006,69.6987479861711
Europe & Central Asia (IDA & IBRD countries),TEC,2005,69.1399718973032
Europe & Central Asia (IDA & IBRD countries),TEC,2004,69.0029078332647
Europe & Central Asia (IDA & IBRD countries),TEC,2003,68.6968166323048
Europe & Central Asia (IDA & IBRD countries),TEC,2002,68.5629095629382
Europe & Central Asia (IDA & IBRD countries),TEC,2001,68.5080250387666
Europe & Central Asia (IDA & IBRD countries),TEC,2000,68.3665797468115
European Union,EUU,2023,81.4249329538218
European Union,EUU,2022,80.7133261894067
European Union,EUU,2021,80.3071959761974
European Union,EUU,2020,80.4414754678551
European Union,EUU,2019,81.3194524901835
European Union,EUU,2018,81.0303425240609
European Union,EUU,2017,80.9301511681956
European Union,EUU,2016,80.9529785979391
European Union,EUU,2015,80.5707965259
European Union,EUU,2014,80.8760173893061
European Union,EUU,2013,80.4734324600181
European Union,EUU,2012,80.1657773209271
European Union,EUU,2011,80.1439505204153
European Union,EUU,2010,79.6354307923887
European Union,EUU,2009,79.362438680677
European Union,EUU,2008,79.1296281887548
European Union,EUU,2007,78.9060450955774
European Union,EUU,2006,78.6721282949285
European Union,EUU,2005,78.2751410316852
European Union,EUU,2004,78.1178281794517
European Union,EUU,2003,77.5923748441053
European Union,EUU,2002,77.5340746440768
European Union,EUU,2001,77.4256390326754
European Union,EUU,2000,77.0782450771112
Heavily indebted poor countries (HIPC),HPC,2023,64.7182457242664
Heavily indebted poor countries (HIPC),HPC,2022,63.8422370507134
Heavily indebted poor countries (HIPC),HPC,2021,62.5327589317045
Heavily indebted poor countries (HIPC),HPC,2020,63.0748180653434
Heavily indebted poor countries (HIPC),HPC,2019,63.0919384793173
Heavily indebted poor countries (HIPC),HPC,2018,62.8008051848255
Heavily indebted poor countries (HIPC),HPC,2017,62.3173413995614
Heavily indebted poor countries (HIPC),HPC,2016,62.005914221112
Heavily indebted poor countries (HIPC),HPC,2015,61.5637757860854
Heavily indebted poor countries (HIPC),HPC,2014,61.0420808723887
Heavily indebted poor countries (HIPC),HPC,2013,60.6299359643784
Heavily indebted poor countries (HIPC),HPC,2012,60.0870140052247
Heavily indebted poor countries (HIPC),HPC,2011,59.2312188364054
Heavily indebted poor countries (HIPC),HPC,2010,58.7335452944083
Heavily indebted poor countries (HIPC),HPC,2009,58.2402216249579
Heavily indebted poor countries (HIPC),HPC,2008,57.8565431037631
Heavily indebted poor countries (HIPC),HPC,2007,57.2467051523111
Heavily indebted poor countries (HIPC),HPC,2006,56.574273244383
Heavily indebted poor countries (HIPC),HPC,2005,55.7774195124879
Heavily indebted poor countries (HIPC),HPC,2004,55.1510876118445
Heavily indebted poor countries (HIPC),HPC,2003,54.6072034004947
Heavily indebted poor countries (HIPC),HPC,2002,54.0571476517769
Heavily indebted poor countries (HIPC),HPC,2001,53.534081588322
Heavily indebted poor countries (HIPC),HPC,2000,53.0016053702188
IBRD only,IBD,2023,74.5179764623959
IBRD only,IBD,2022,74.2512821129351
IBRD only,IBD,2021,71.974203378406
IBRD only,IBD,2020,73.2951356970762
IBRD only,IBD,2019,74.031271888226
IBRD only,IBD,2018,73.794943952938
IBRD only,IBD,2017,73.4857607809887
IBRD only,IBD,2016,73.2592309044272
IBRD only,IBD,2015,73.0328490236398
IBRD only,IBD,2014,72.7509651570745
IBRD only,IBD,2013,72.4633474422255
IBRD only,IBD,2012,72.1636704451454
IBRD only,IBD,2011,71.8270333930904
IBRD only,IBD,2010,71.5021795019761
IBRD only,IBD,2009,71.1602132108325
IBRD only,IBD,2008,70.7624457262186
IBRD only,IBD,2007,70.5142450680001
IBRD only,IBD,2006,70.1501236836392
IBRD only,IBD,2005,69.8265165341661
IBRD only,IBD,2004,69.3984001306866
IBRD only,IBD,2003,69.1727555942431
IBRD only,IBD,2002,68.9043764886684
IBRD only,IBD,2001,68.5847135093888
IBRD only,IBD,2000,68.2869649318369
IDA & IBRD total,IBT,2023,71.9999928217283
IDA & IBRD total,IBT,2022,71.6790095761174
IDA & IBRD total,IBT,2021,69.6690947451642
IDA & IBRD total,IBT,2020,70.7501213262472
IDA & IBRD total,IBT,2019,71.3952528317139
IDA & IBRD total,IBT,2018,71.1543116878265
IDA & IBRD total,IBT,2017,70.8321134052096
IDA & IBRD total,IBT,2016,70.6151792552285
IDA & IBRD total,IBT,2015,70.3727711035674
IDA & IBRD total,IBT,2014,70.1214372145127
IDA & IBRD total,IBT,2013,69.8695763064636
IDA & IBRD total,IBT,2012,69.574186280902
IDA & IBRD total,IBT,2011,69.2357087629053
IDA & IBRD total,IBT,2010,68.9266614063009
IDA & IBRD total,IBT,2009,68.58797297018
IDA & IBRD total,IBT,2008,68.1843907566277
IDA & IBRD total,IBT,2007,67.9670001124436
IDA & IBRD total,IBT,2006,67.6024062399178
IDA & IBRD total,IBT,2005,67.2256354770038
IDA & IBRD total,IBT,2004,66.8247049419343
IDA & IBRD total,IBT,2003,66.5877558604324
IDA & IBRD total,IBT,2002,66.2945209481454
IDA & IBRD total,IBT,2001,65.9675772813036
IDA & IBRD total,IBT,2000,65.6568764523372
IDA blend,IDB,2023,62.4621643327349
IDA blend,IDB,2022,62.1288641416852
IDA blend,IDB,2021,60.876535738179
IDA blend,IDB,2020,60.8180066140619
IDA blend,IDB,2019,61.3259973798573
IDA blend,IDB,2018,61.0740542759518
IDA blend,IDB,2017,60.818392907263
IDA blend,IDB,2016,60.5761664527178
IDA blend,IDB,2015,60.2944946354402
IDA blend,IDB,2014,60.0998681978251
IDA blend,IDB,2013,59.8685731055257
IDA blend,IDB,2012,59.6305637403653
IDA blend,IDB,2011,59.364406133511
IDA blend,IDB,2010,59.0515129063523
IDA blend,IDB,2009,58.7507843707772
IDA blend,IDB,2008,58.4143046583873
IDA blend,IDB,2007,58.0600906051007
IDA blend,IDB,2006,57.7016203087693
IDA blend,IDB,2005,56.9989286118874
IDA blend,IDB,2004,57.0294559998555
IDA blend,IDB,2003,56.6359126305936
IDA blend,IDB,2002,56.270235525387
IDA blend,IDB,2001,55.889906446422
IDA blend,IDB,2000,55.5992722966425
IDA only,IDX,2023,67.0575957681524
IDA only,IDX,2022,66.3634983426878
IDA only,IDX,2021,64.8793395181521
IDA only,IDX,2020,65.4148502167518
IDA only,IDX,2019,65.586275114442
IDA only,IDX,2018,65.1762396022628
IDA only,IDX,2017,64.6129528273956
IDA only,IDX,2016,64.3130750207169
IDA only,IDX,2015,63.8848479810589
IDA only,IDX,2014,63.6108317883765
IDA only,IDX,2013,63.3883167400328
IDA only,IDX,2012,62.962468993378
IDA only,IDX,2011,62.4359401192322
IDA only,IDX,2010,62.0465381671517
IDA only,IDX,2009,61.5371473230212
IDA only,IDX,2008,60.9000867842919
IDA only,IDX,2007,60.7328901331075
IDA only,IDX,2006,60.1817423826443
IDA only,IDX,2005,59.5374266334029
IDA only,IDX,2004,58.8719775064056
IDA only,IDX,2003,58.4895588317437
IDA only,IDX,2002,57.9268624074352
IDA only,IDX,2001,57.4095843162393
IDA only,IDX,2000,56.843202730123
IDA total,IDA,2023,65.4550660808135
IDA total,IDA,2022,64.8837178854478
IDA total,IDA,2021,63.4785278004251
IDA total,IDA,2020,63.8036707405637
IDA total,IDA,2019,64.0900291161311
IDA total,IDA,2018,63.732426814433
IDA total,IDA,2017,63.2751134869149
IDA total,IDA,2016,62.9933197277529
IDA total,IDA,2015,62.614846093746
IDA total,IDA,2014,62.3681207907556
IDA total,IDA,2013,62.1423584064168
IDA total,IDA,2012,61.7836144097129
IDA total,IDA,2011,61.3496821632737
IDA total,IDA,2010,60.9887312592622
IDA total,IDA,2009,60.5550916523175
IDA total,IDA,2008,60.02592521814
IDA total,IDA,2007,59.7951639068012
IDA total,IDA,2006,59.3132154681105
IDA total,IDA,2005,58.6492614977887
IDA total,IDA,2004,58.2280770979486
IDA total,IDA,2003,57.8426411102076
IDA total,IDA,2002,57.3489936510874
IDA total,IDA,2001,56.8798581050815
IDA total,IDA,2000,56.4104989348264
Late-demographic dividend,LTE,2023,77.1240537371626
Late-demographic dividend,LTE,2022,76.9543673255695
Late-demographic dividend,LTE,2021,76.3060137275686
Late-demographic dividend,LTE,2020,76.6935638089228
Late-demographic dividend,LTE,2019,76.9979606258316
Late-demographic dividend,LTE,2018,76.7781489421434
Late-demographic dividend,LTE,2017,76.4174343501022
Late-demographic dividend,LTE,2016,76.2928997245812
Late-demographic dividend,LTE,2015,76.0762328807768
Late-demographic dividend,LTE,2014,75.8239893452747
Late-demographic dividend,LTE,2013,75.5790485316218
Late-demographic dividend,LTE,2012,75.2993648872023
Late-demographic dividend,LTE,2011,74.9999962879426
Late-demographic dividend,LTE,2010,74.7108209347901
Late-demographic dividend,LTE,2009,74.3481601286124
Late-demographic dividend,LTE,2008,73.9252633570755
Late-demographic dividend,LTE,2007,73.7749281005029
Late-demographic dividend,LTE,2006,73.3817363374868
Late-demographic dividend,LTE,2005,73.007214154553
Late-demographic dividend,LTE,2004,72.622308504374
Late-demographic dividend,LTE,2003,72.3420403334068
Late-demographic dividend,LTE,2002,71.9275718160017
Late-demographic dividend,LTE,2001,71.6274933298313
Late-demographic dividend,LTE,2000,71.2853076947069
Latin America & Caribbean,LCN,2023,75.6435273357906
Latin America & Caribbean,LCN,2022,74.6472096226697
Latin America & Caribbean,LCN,2021,71.8141764640132
Latin America & Caribbean,LCN,2020,73.1889367787058
Latin America & Caribbean,LCN,2019,75.2042598654921
Latin America & Caribbean,LCN,2018,75.052717198381
Latin America & Caribbean,LCN,2017,74.8318087892113
Latin America & Caribbean,LCN,2016,74.6774848833781
Latin America & Caribbean,LCN,2015,74.7432221893097
Latin America & Caribbean,LCN,2014,74.5608348669826
Latin America & Caribbean,LCN,2013,74.3809772735109
Latin America & Caribbean,LCN,2012,74.1643943654901
Latin America & Caribbean,LCN,2011,73.9248923022491
Latin America & Caribbean,LCN,2010,73.4093227755616
Latin America & Caribbean,LCN,2009,73.4422623291815
Latin America & Caribbean,LCN,2008,73.2561404095911
Latin America & Caribbean,LCN,2007,73.0593298775944
Latin America & Caribbean,LCN,2006,72.8332266680253
Latin America & Caribbean,LCN,2005,72.5638143751286
Latin America & Caribbean,LCN,2004,72.203823196463
Latin America & Caribbean,LCN,2003,71.878308455923
Latin America & Caribbean,LCN,2002,71.5629004971875
Latin America & Caribbean,LCN,2001,71.1505464911298
Latin America & Caribbean,LCN,2000,70.8691414957334
Latin America & Caribbean (excluding high income),LAC,2023,75.3619658099591
Latin America & Caribbean (excluding high income),LAC,2022,74.4013120327618
Latin America & Caribbean (excluding high income),LAC,2021,71.442251113131
Latin America & Caribbean (excluding high income),LAC,2020,72.8521491389008
Latin America & Caribbean (excluding high income),LAC,2019,74.9415412899456
Latin America & Caribbean (excluding high income),LAC,2018,74.7784467692697
Latin America & Caribbean (excluding high income),LAC,2017,74.5563362550727
Latin America & Caribbean (excluding high income),LAC,2016,74.3981617062286
Latin America & Caribbean (excluding high income),LAC,2015,74.4738475625624
Latin America & Caribbean (excluding high income),LAC,2014,74.2961500729974
Latin America & Caribbean (excluding high income),LAC,2013,74.1119744203538
Latin America & Caribbean (excluding high income),LAC,2012,73.9046419624981
Latin America & Caribbean (excluding high income),LAC,2011,73.6572563740251
Latin America & Caribbean (excluding high income),LAC,2010,73.1176199242098
Latin America & Caribbean (excluding high income),LAC,2009,73.1637293630776
Latin America & Caribbean (excluding high income),LAC,2008,72.9784448770196
Latin America & Caribbean (excluding high income),LAC,2007,72.7789303182258
Latin America & Caribbean (excluding high income),LAC,2006,72.547009904381
Latin America & Caribbean (excluding high income),LAC,2005,72.2728732661841
Latin America & Caribbean (excluding high income),LAC,2004,71.9021929729155
Latin America & Caribbean (excluding high income),LAC,2003,71.5736738142404
Latin America & Caribbean (excluding high income),LAC,2002,71.2447484060795
Latin America & Caribbean (excluding high income),LAC,2001,70.8246679458028
Latin America & Caribbean (excluding high income),LAC,2000,70.5498986335483
Latin America & the Caribbean (IDA & IBRD countries),TLA,2023,75.5699258379688
Latin America & the Caribbean (IDA & IBRD countries),TLA,2022,74.5684293540859
Latin America & the Caribbean (IDA & IBRD countries),TLA,2021,71.7449274626405
Latin America & the Caribbean (IDA & IBRD countries),TLA,2020,73.0747493617473
Latin America & the Caribbean (IDA & IBRD countries),TLA,2019,75.1319711493442
Latin America & the Caribbean (IDA & IBRD countries),TLA,2018,74.9760978010797
Latin America & the Caribbean (IDA & IBRD countries),TLA,2017,74.7614101353626
Latin America & the Caribbean (IDA & IBRD countries),TLA,2016,74.5894794269073
Latin America & the Caribbean (IDA & IBRD countries),TLA,2015,74.6505904118153
Latin America & the Caribbean (IDA & IBRD countries),TLA,2014,74.4642031483392
Latin America & the Caribbean (IDA & IBRD countries),TLA,2013,74.2726524054357
Latin America & the Caribbean (IDA & IBRD countries),TLA,2012,74.0531427389642
Latin America & the Caribbean (IDA & IBRD countries),TLA,2011,73.8112572375492
Latin America & the Caribbean (IDA & IBRD countries),TLA,2010,73.2840381673624
Latin America & the Caribbean (IDA & IBRD countries),TLA,2009,73.3248238756312
Latin America & the Caribbean (IDA & IBRD countries),TLA,2008,73.133810817189
Latin America & the Caribbean (IDA & IBRD countries),TLA,2007,72.9337716205704
Latin America & the Caribbean (IDA & IBRD countries),TLA,2006,72.7029489273067
Latin America & the Caribbean (IDA & IBRD countries),TLA,2005,72.4275917225936
Latin America & the Caribbean (IDA & IBRD countries),TLA,2004,72.0585594152496
Latin America & the Caribbean (IDA & IBRD countries),TLA,2003,71.7199407794109
Latin America & the Caribbean (IDA & IBRD countries),TLA,2002,71.4081069056409
Latin America & the Caribbean (IDA & IBRD countries),TLA,2001,70.9952366364032
Latin America & the Caribbean (IDA & IBRD countries),TLA,2000,70.7184102333167
Least developed countries: UN classification,LDC,2023,66.5196263232195
Least developed countries: UN classification,LDC,2022,65.7663286665813
Least developed countries: UN classification,LDC,2021,64.2699057684324
Least developed countries: UN classification,LDC,2020,64.8355012784588
Least developed countries: UN classification,LDC,2019,64.9756210416769
Least developed countries: UN classification,LDC,2018,64.6054293900193
Least developed countries: UN classification,LDC,2017,64.0368817418845
Least developed countries: UN classification,LDC,2016,63.726492423797
Least developed countries: UN classification,LDC,2015,63.3074864756394
Least developed countries: UN classification,LDC,2014,62.9617174792618
Least developed countries: UN classification,LDC,2013,62.7257554327064
Least developed countries: UN classification,LDC,2012,62.2276732048151
Least developed countries: UN classification,LDC,2011,61.5023936634084
Least developed countries: UN classification,LDC,2010,61.0428031511838
Least developed countries: UN classification,LDC,2009,60.5743561841469
Least developed countries: UN classification,LDC,2008,59.8135647530126
Least developed countries: UN classification,LDC,2007,59.6139962487597
Least developed countries: UN classification,LDC,2006,59.0169336288555
Least developed countries: UN classification,LDC,2005,58.3100149055359
Least developed countries: UN classification,LDC,2004,57.71121787803
Least developed countries: UN classification,LDC,2003,57.1743521785809
Least developed countries: UN classification,LDC,2002,56.5350287539977
Least developed countries: UN classification,LDC,2001,55.9858159581879
Least developed countries: UN classification,LDC,2000,55.4013109927151
Low & middle income,LMY,2023,71.8872400935005
Low & middle income,LMY,2022,71.5990630119306
Low & middle income,LMY,2021,69.5994726083483
Low & middle income,LMY,2020,70.6688288777218
Low & middle income,LMY,2019,71.2751936184695
Low & middle income,LMY,2018,71.0377085637557
Low & middle income,LMY,2017,70.7083294342373
Low & middle income,LMY,2016,70.5023449377455
Low & middle income,LMY,2015,70.2660277698023
Low & middle income,LMY,2014,70.0129747334528
Low & middle income,LMY,2013,69.7578943672838
Low & middle income,LMY,2012,69.4672754810116
Low & middle income,LMY,2011,69.1237816714452
Low & middle income,LMY,2010,68.829079801859
Low & middle income,LMY,2009,68.4826507476362
Low & middle income,LMY,2008,68.0858529818689
Low & middle income,LMY,2007,67.8705140876484
Low & middle income,LMY,2006,67.5165744610236
Low & middle income,LMY,2005,67.1609764802491
Low & middle income,LMY,2004,66.7485375374222
Low & middle income,LMY,2003,66.5206935734983
Low & middle income,LMY,2002,66.1730202625342
Low & middle income,LMY,2001,65.8252012990643
Low & middle income,LMY,2000,65.5026469068866
"Middle East, North Africa, Afghanistan & Pakistan",MEA,2023,72.0838364704563
"Middle East, North Africa, Afghanistan & Pakistan",MEA,2022,71.6917293154863
"Middle East, North Africa, Afghanistan & Pakistan",MEA,2021,69.7113193479505
"Middle East, North Africa, Afghanistan & Pakistan",MEA,2020,69.9110789555644
"Middle East, North Africa, Afghanistan & Pakistan",MEA,2019,71.2438695042576
"Middle East, North Africa, Afghanistan & Pakistan",MEA,2018,70.9403213532696
"Middle East, North Africa, Afghanistan & Pakistan",MEA,2017,70.7096592741194
"Middle East, North Africa, Afghanistan & Pakistan",MEA,2016,70.4288635225293
"Middle East, North Africa, Afghanistan & Pakistan",MEA,2015,70.1510409297575
"Middle East, North Africa, Afghanistan & Pakistan",MEA,2014,69.9897867130321
"Middle East, North Africa, Afghanistan & Pakistan",MEA,2013,69.708340253746
"Middle East, North Africa, Afghanistan & Pakistan",MEA,2012,69.4551250054337
"Middle East, North Africa, Afghanistan & Pakistan",MEA,2011,69.3940300698411
"Middle East, North Africa, Afghanistan & Pakistan",MEA,2010,69.2105446964534
"Middle East, North Africa, Afghanistan & Pakistan",MEA,2009,68.9987213130448
"Middle East, North Africa, Afghanistan & Pakistan",MEA,2008,68.7041650814368
"Middle East, North Africa, Afghanistan & Pakistan",MEA,2007,68.346588319376
"Middle East, North Africa, Afghanistan & Pakistan",MEA,2006,68.0590796974229
"Middle East, North Africa, Afghanistan & Pakistan",MEA,2005,67.529947021124
"Middle East, North Africa, Afghanistan & Pakistan",MEA,2004,67.5318434649335
"Middle East, North Africa, Afghanistan & Pakistan",MEA,2003,67.083794061249
"Middle East, North Africa, Afghanistan & Pakistan",MEA,2002,66.9641479857025
"Middle East, North Africa, Afghanistan & Pakistan",MEA,2001,66.597196122581
"Middle East, North Africa, Afghanistan & Pakistan",MEA,2000,66.2225138150545
"Middle East, North Africa, Afghanistan & Pakistan (excluding high income)",MNA,2023,71.2758849884582
"Middle East, North Africa, Afghanistan & Pakistan (excluding high income)",MNA,2022,71.0055315443397
"Middle East, North Africa, Afghanistan & Pakistan (excluding high income)",MNA,2021,68.9280214782653
"Middle East, North Africa, Afghanistan & Pakistan (excluding high income)",MNA,2020,69.050634286622
"Middle East, North Africa, Afghanistan & Pakistan (excluding high income)",MNA,2019,70.417484585256
"Middle East, North Africa, Afghanistan & Pakistan (excluding high income)",MNA,2018,70.0733668958653
"Middle East, North Africa, Afghanistan & Pakistan (excluding high income)",MNA,2017,69.8141316373328
"Middle East, North Africa, Afghanistan & Pakistan (excluding high income)",MNA,2016,69.5328376363007
"Middle East, North Africa, Afghanistan & Pakistan (excluding high income)",MNA,2015,69.2873263613117
"Middle East, North Africa, Afghanistan & Pakistan (excluding high income)",MNA,2014,69.1715558421355
"Middle East, North Africa, Afghanistan & Pakistan (excluding high income)",MNA,2013,68.9136300385634
"Middle East, North Africa, Afghanistan & Pakistan (excluding high income)",MNA,2012,68.6913310388784
"Middle East, North Africa, Afghanistan & Pakistan (excluding high income)",MNA,2011,68.6624095113408
"Middle East, North Africa, Afghanistan & Pakistan (excluding high income)",MNA,2010,68.4912505131132
"Middle East, North Africa, Afghanistan & Pakistan (excluding high income)",MNA,2009,68.2744546682628
"Middle East, North Africa, Afghanistan & Pakistan (excluding high income)",MNA,2008,67.9910660173055
"Middle East, North Africa, Afghanistan & Pakistan (excluding high income)",MNA,2007,67.6503603993861
"Middle East, North Africa, Afghanistan & Pakistan (excluding high income)",MNA,2006,67.3815240346302
"Middle East, North Africa, Afghanistan & Pakistan (excluding high income)",MNA,2005,66.853402612801
"Middle East, North Africa, Afghanistan & Pakistan (excluding high income)",MNA,2004,66.8873537609515
"Middle East, North Africa, Afghanistan & Pakistan (excluding high income)",MNA,2003,66.4455527298438
"Middle East, North Africa, Afghanistan & Pakistan (excluding high income)",MNA,2002,66.3529323677295
"Middle East, North Africa, Afghanistan & Pakistan (excluding high income)",MNA,2001,65.9952073676464
"Middle East, North Africa, Afghanistan & Pakistan (excluding high income)",MNA,2000,65.6368471519478
"Middle East, North Africa, Afghanistan & Pakistan (IDA & IBRD)",TMN,2023,71.3194560888195
"Middle East, North Africa, Afghanistan & Pakistan (IDA & IBRD)",TMN,2022,70.965432550888
"Middle East, North Africa, Afghanistan & Pakistan (IDA & IBRD)",TMN,2021,68.8931032282321
"Middle East, North Africa, Afghanistan & Pakistan (IDA & IBRD)",TMN,2020,69.0090964026373
"Middle East, North Africa, Afghanistan & Pakistan (IDA & IBRD)",TMN,2019,70.3800917806817
"Middle East, North Africa, Afghanistan & Pakistan (IDA & IBRD)",TMN,2018,70.0368444388331
"Middle East, North Africa, Afghanistan & Pakistan (IDA & IBRD)",TMN,2017,69.7772409464567
"Middle East, North Africa, Afghanistan & Pakistan (IDA & IBRD)",TMN,2016,69.4961826399098
"Middle East, North Africa, Afghanistan & Pakistan (IDA & IBRD)",TMN,2015,69.2515348606398
"Middle East, North Africa, Afghanistan & Pakistan (IDA & IBRD)",TMN,2014,69.147274936726
"Middle East, North Africa, Afghanistan & Pakistan (IDA & IBRD)",TMN,2013,68.8786484698568
"Middle East, North Africa, Afghanistan & Pakistan (IDA & IBRD)",TMN,2012,68.6578262057094
"Middle East, North Africa, Afghanistan & Pakistan (IDA & IBRD)",TMN,2011,68.6299635824863
"Middle East, North Africa, Afghanistan & Pakistan (IDA & IBRD)",TMN,2010,68.4594967501144
"Middle East, North Africa, Afghanistan & Pakistan (IDA & IBRD)",TMN,2009,68.2479599816693
"Middle East, North Africa, Afghanistan & Pakistan (IDA & IBRD)",TMN,2008,67.9635063066435
"Middle East, North Africa, Afghanistan & Pakistan (IDA & IBRD)",TMN,2007,67.6216572647968
"Middle East, North Africa, Afghanistan & Pakistan (IDA & IBRD)",TMN,2006,67.3526959987589
"Middle East, North Africa, Afghanistan & Pakistan (IDA & IBRD)",TMN,2005,66.8201250398649
"Middle East, North Africa, Afghanistan & Pakistan (IDA & IBRD)",TMN,2004,66.8602521893277
"Middle East, North Africa, Afghanistan & Pakistan (IDA & IBRD)",TMN,2003,66.4165076290855
"Middle East, North Africa, Afghanistan & Pakistan (IDA & IBRD)",TMN,2002,66.3239554028688
"Middle East, North Africa, Afghanistan & Pakistan (IDA & IBRD)",TMN,2001,65.9712698137957
"Middle East, North Africa, Afghanistan & Pakistan (IDA & IBRD)",TMN,2000,65.6072409047927
Middle income,MIC,2023,72.7277443304535
Middle income,MIC,2022,72.5034114518773
Middle income,MIC,2021,70.3885567961503
Middle income,MIC,2020,71.5113174647439
Middle income,MIC,2019,72.1773912892027
Middle income,MIC,2018,71.9484629361219
Middle income,MIC,2017,71.6459926445355
Middle income,MIC,2016,71.4300275716491
Middle income,MIC,2015,71.2016487222758
Middle income,MIC,2014,70.9352424200034
Middle income,MIC,2013,70.653650805728
Middle income,MIC,2012,70.3714424713366
Middle income,MIC,2011,70.0433399389519
Middle income,MIC,2010,69.7152724941539
Middle income,MIC,2009,69.3980951064878
Middle income,MIC,2008,68.9800130190862
Middle income,MIC,2007,68.7885219423492
Middle income,MIC,2006,68.4498049465259
Middle income,MIC,2005,68.1199928300658
Middle income,MIC,2004,67.7057737444581
Middle income,MIC,2003,67.4882937058145
Middle income,MIC,2002,67.1873346010373
Middle income,MIC,2001,66.8362757800678
Middle income,MIC,2000,66.5190293920721
North America,NAC,2023,78.7304513464606
North America,NAC,2022,77.817206254568
North America,NAC,2021,76.8590190564362
North America,NAC,2020,77.4492825889982
North America,NAC,2019,79.1328897249464
North America,NAC,2018,78.960276789842
North America,NAC,2017,78.868288279967
North America,NAC,2016,78.8800103845064
North America,NAC,2015,79.0036254654542
North America,NAC,2014,79.135655352291
North America,NAC,2013,79.0411295925553
North America,NAC,2012,79.0322253270364
North America,NAC,2011,78.9234323511493
North America,NAC,2010,78.8169547045614
North America,NAC,2009,78.6547128363776
North America,NAC,2008,78.3038592516027
North America,NAC,2007,78.2395331531403
North America,NAC,2006,77.9690402937581
North America,NAC,2005,77.7462382909607
North America,NAC,2004,77.7343375427686
North America,NAC,2003,77.3002796759891
North America,NAC,2002,77.1919358768587
North America,NAC,2001,77.0883485337654
North America,NAC,2000,76.8850332429286
OECD members,OED,2023,80.1629734061989
OECD members,OED,2022,79.5170877696899
OECD members,OED,2021,78.5867205183939
OECD members,OED,2020,78.9578582698334
OECD members,OED,2019,80.2449221878264
OECD members,OED,2018,80.0273651713987
OECD members,OED,2017,79.9309175598336
OECD members,OED,2016,79.8914217482034
OECD members,OED,2015,79.7619467978058
OECD members,OED,2014,79.876650819389
OECD members,OED,2013,79.6249265687692
OECD members,OED,2012,79.429885982955
OECD members,OED,2011,79.2685938676768
OECD members,OED,2010,79.0473008520596
OECD members,OED,2009,78.8670589595977
OECD members,OED,2008,78.6146332445559
OECD members,OED,2007,78.4729454763552
OECD members,OED,2006,78.2501352258837
OECD members,OED,2005,77.953987145508
OECD members,OED,2004,77.8261405899935
OECD members,OED,2003,77.4260355491099
OECD members,OED,2002,77.2833606924084
OECD members,OED,2001,77.1207466135963
OECD members,OED,2000,76.8195165967813
Other small states,OSS,2023,73.5849815358082
Other small states,OSS,2022,72.9062214171014
Other small states,OSS,2021,71.7699719301416
Other small states,OSS,2020,72.5097097789427
Other small states,OSS,2019,72.6570116424877
Other small states,OSS,2018,72.4217850423792
Other small states,OSS,2017,72.1178742995091
Other small states,OSS,2016,71.7707341897413
Other small states,OSS,2015,71.4757935597765
Other small states,OSS,2014,71.0941610047193
Other small states,OSS,2013,70.8040790092001
Other small states,OSS,2012,70.3920318149408
Other small states,OSS,2011,69.9373436903887
Other small states,OSS,2010,69.566524844548
Other small states,OSS,2009,69.0687004196222
Other small states,OSS,2008,68.5798272966725
Other small states,OSS,2007,68.1699901591828
Other small states,OSS,2006,67.8310957913256
Other small states,OSS,2005,67.5574840535073
Other small states,OSS,2004,67.2249688020829
Other small states,OSS,2003,67.0073081269231
Other small states,OSS,2002,66.8105993387088
Other small states,OSS,2001,66.6129499326785
Other small states,OSS,2000,66.4385365444731
Pacific island small states,PSS,2023,69.2745949035856
Pacific island small states,PSS,2022,69.1004348993561
Pacific island small states,PSS,2021,67.4810209240703
Pacific island small states,PSS,2020,68.3568108792759
Pacific island small states,PSS,2019,68.6421578303985
Pacific island small states,PSS,2018,68.5825887890247
Pacific island small states,PSS,2017,68.519287500513
Pacific island small states,PSS,2016,68.2856508563666
Pacific island small states,PSS,2015,68.1166096033138
Pacific island small states,PSS,2014,68.0376132124002
Pacific island small states,PSS,2013,68.0054625635404
Pacific island small states,PSS,2012,67.6660532253593
Pacific island small states,PSS,2011,68.0222810195532
Pacific island small states,PSS,2010,67.9059171883101
Pacific island small states,PSS,2009,67.4527929020498
Pacific island small states,PSS,2008,67.5747311016589
Pacific island small states,PSS,2007,67.3668379536838
Pacific island small states,PSS,2006,67.3577049121232
Pacific island small states,PSS,2005,67.2332794133166
Pacific island small states,PSS,2004,67.1038169577792
Pacific island small states,PSS,2003,66.9599297545214
Pacific island small states,PSS,2002,66.7584824574172
Pacific island small states,PSS,2001,67.0167243338519
Pacific island small states,PSS,2000,66.8914832838297
Post-demographic dividend,PST,2023,80.8342678318764
Post-demographic dividend,PST,2022,80.1925594478523
Post-demographic dividend,PST,2021,79.7932796702764
Post-demographic dividend,PST,2020,80.0657027820539
Post-demographic dividend,PST,2019,80.9699107710013
Post-demographic dividend,PST,2018,80.7434751770259
Post-demographic dividend,PST,2017,80.6648214527058
Post-demographic dividend,PST,2016,80.611199448631
Post-demographic dividend,PST,2015,80.4400588000625
Post-demographic dividend,PST,2014,80.5389847887351
Post-demographic dividend,PST,2013,80.2734408942833
Post-demographic dividend,PST,2012,80.088710974095
Post-demographic dividend,PST,2011,79.9443824717695
Post-demographic dividend,PST,2010,79.6785405516336
Post-demographic dividend,PST,2009,79.4684041481196
Post-demographic dividend,PST,2008,79.1456240590947
Post-demographic dividend,PST,2007,78.9805173339684
Post-demographic dividend,PST,2006,78.7291498117515
Post-demographic dividend,PST,2005,78.410884260835
Post-demographic dividend,PST,2004,78.3070690267902
Post-demographic dividend,PST,2003,77.8873480039422
Post-demographic dividend,PST,2002,77.771842585777
Post-demographic dividend,PST,2001,77.6340698596268
Post-demographic dividend,PST,2000,77.3513756471438
Pre-demographic dividend,PRE,2023,62.1630603690952
Pre-demographic dividend,PRE,2022,61.3824217457713
Pre-demographic dividend,PRE,2021,60.2743516231876
Pre-demographic dividend,PRE,2020,60.5007902438254
Pre-demographic dividend,PRE,2019,60.5564155644205
Pre-demographic dividend,PRE,2018,60.207194494983
Pre-demographic dividend,PRE,2017,59.5398409028105
Pre-demographic dividend,PRE,2016,59.2361026971089
Pre-demographic dividend,PRE,2015,58.9361548123525
Pre-demographic dividend,PRE,2014,58.608641358086
Pre-demographic dividend,PRE,2013,58.4505165351906
Pre-demographic dividend,PRE,2012,58.015496924455
Pre-demographic dividend,PRE,2011,57.3117928365729
Pre-demographic dividend,PRE,2010,57.1220509386403
Pre-demographic dividend,PRE,2009,56.509207413095
Pre-demographic dividend,PRE,2008,56.1355264401913
Pre-demographic dividend,PRE,2007,55.550345439484
Pre-demographic dividend,PRE,2006,54.9712541124866
Pre-demographic dividend,PRE,2005,54.3650816168261
Pre-demographic dividend,PRE,2004,53.7989567605991
Pre-demographic dividend,PRE,2003,53.2927125516406
Pre-demographic dividend,PRE,2002,52.7410145652031
Pre-demographic dividend,PRE,2001,52.2506407628639
Pre-demographic dividend,PRE,2000,51.7498417942543
Small states,SST,2023,72.9130400157843
Small states,SST,2022,72.380297225352
Small states,SST,2021,70.7756825891382
Small states,SST,2020,71.8255552822673
Small states,SST,2019,72.0009607335469
Small states,SST,2018,71.8640735615265
Small states,SST,2017,71.6518752446228
Small states,SST,2016,71.3735507555474
Small states,SST,2015,71.1218770493238
Small states,SST,2014,70.850031877117
Small states,SST,2013,70.6156980246326
Small states,SST,2012,70.2725959153837
Small states,SST,2011,70.0014375655617
Small states,SST,2010,69.6933118913694
Small states,SST,2009,69.2706797451225
Small states,SST,2008,68.9208192339965
Small states,SST,2007,68.5761118394504
Small states,SST,2006,68.2773677005452
Small states,SST,2005,68.0184220231352
Small states,SST,2004,67.7344645790668
Small states,SST,2003,67.5137796957376
Small states,SST,2002,67.320533039585
Small states,SST,2001,67.1751397089871
Small states,SST,2000,66.9881018420458
South Asia,SAS,2023,72.3247648783903
South Asia,SAS,2022,72.0115731308447
South Asia,SAS,2021,67.8215299767513
South Asia,SAS,2020,70.3622206982499
South Asia,SAS,2019,70.9975623145981
South Asia,SAS,2018,70.6523573971364
South Asia,SAS,2017,70.2904723380061
South Asia,SAS,2016,69.9184707063298
South Asia,SAS,2015,69.5110334122263
South Asia,SAS,2014,69.1208563538772
South Asia,SAS,2013,68.6853288301062
South Asia,SAS,2012,68.2629615309516
South Asia,SAS,2011,67.8108394834024
South Asia,SAS,2010,67.3525068406787
South Asia,SAS,2009,66.84109704634
South Asia,SAS,2008,66.4314116387286
South Asia,SAS,2007,65.9890229742237
South Asia,SAS,2006,65.5691020177667
South Asia,SAS,2005,65.131596636791
South Asia,SAS,2004,64.5911610689622
South Asia,SAS,2003,64.2408303344517
South Asia,SAS,2002,63.7751981046195
South Asia,SAS,2001,63.2621106390743
South Asia,SAS,2000,62.8036305165364
South Asia (IDA & IBRD),TSA,2023,72.3247648783903
South Asia (IDA & IBRD),TSA,2022,72.0115731308447
South Asia (IDA & IBRD),TSA,2021,67.8215299767513
South Asia (IDA & IBRD),TSA,2020,70.3622206982499
South Asia (IDA & IBRD),TSA,2019,70.9975623145981
South Asia (IDA & IBRD),TSA,2018,70.6523573971364
South Asia (IDA & IBRD),TSA,2017,70.2904723380061
South Asia (IDA & IBRD),TSA,2016,69.9184707063298
South Asia (IDA & IBRD),TSA,2015,69.5110334122263
South Asia (IDA & IBRD),TSA,2014,69.1208563538772
South Asia (IDA & IBRD),TSA,2013,68.6853288301062
South Asia (IDA & IBRD),TSA,2012,68.2629615309516
South Asia (IDA & IBRD),TSA,2011,67.8108394834024
South Asia (IDA & IBRD),TSA,2010,67.3525068406787
South Asia (IDA & IBRD),TSA,2009,66.84109704634
South Asia (IDA & IBRD),TSA,2008,66.4314116387286
South Asia (IDA & IBRD),TSA,2007,65.9890229742236
South Asia (IDA & IBRD),TSA,2006,65.5691020177667
South Asia (IDA & IBRD),TSA,2005,65.131596636791
South Asia (IDA & IBRD),TSA,2004,64.5911610689622
South Asia (IDA & IBRD),TSA,2003,64.2408303344517
South Asia (IDA & IBRD),TSA,2002,63.7751981046195
South Asia (IDA & IBRD),TSA,2001,63.2621106390743
South Asia (IDA & IBRD),TSA,2000,62.8036305165364
Sub-Saharan Africa,SSF,2023,62.6027406477464
Sub-Saharan Africa,SSF,2022,61.8569116778883
Sub-Saharan Africa,SSF,2021,60.7030048050853
Sub-Saharan Africa,SSF,2020,61.1676740309985
Sub-Saharan Africa,SSF,2019,61.129417043288
Sub-Saharan Africa,SSF,2018,60.7668941967258
Sub-Saharan Africa,SSF,2017,60.1584852136877
Sub-Saharan Africa,SSF,2016,59.8122443592399
Sub-Saharan Africa,SSF,2015,59.3988936826923
Sub-Saharan Africa,SSF,2014,58.985759679416
Sub-Saharan Africa,SSF,2013,58.7182244214244
Sub-Saharan Africa,SSF,2012,58.2283469511484
Sub-Saharan Africa,SSF,2011,57.4734640185534
Sub-Saharan Africa,SSF,2010,57.107097844285
Sub-Saharan Africa,SSF,2009,56.367784162949
Sub-Saharan Africa,SSF,2008,55.8870079518376
Sub-Saharan Africa,SSF,2007,55.2628174960913
Sub-Saharan Africa,SSF,2006,54.589354695264
Sub-Saharan Africa,SSF,2005,53.8922539208949
Sub-Saharan Africa,SSF,2004,53.3453281368772
Sub-Saharan Africa,SSF,2003,52.8261333445824
Sub-Saharan Africa,SSF,2002,52.3560404373729
Sub-Saharan Africa,SSF,2001,51.9857897497051
Sub-Saharan Africa,SSF,2000,51.6437803457957
Sub-Saharan Africa (excluding high income),SSA,2023,62.6015210435979
Sub-Saharan Africa (excluding high income),SSA,2022,61.855676568586
Sub-Saharan Africa (excluding high income),SSA,2021,60.701952995968
Sub-Saharan Africa (excluding high income),SSA,2020,61.1663194682411
Sub-Saharan Africa (excluding high income),SSA,2019,61.1283093108513
Sub-Saharan Africa (excluding high income),SSA,2018,60.7658407661798
Sub-Saharan Africa (excluding high income),SSA,2017,60.1572303772595
Sub-Saharan Africa (excluding high income),SSA,2016,59.8109397138943
Sub-Saharan Africa (excluding high income),SSA,2015,59.3975354580919
Sub-Saharan Africa (excluding high income),SSA,2014,58.9844549293868
Sub-Saharan Africa (excluding high income),SSA,2013,58.716889879682
Sub-Saharan Africa (excluding high income),SSA,2012,58.2268465604768
Sub-Saharan Africa (excluding high income),SSA,2011,57.472012962771
Sub-Saharan Africa (excluding high income),SSA,2010,57.1054824459401
Sub-Saharan Africa (excluding high income),SSA,2009,56.3661066129672
Sub-Saharan Africa (excluding high income),SSA,2008,55.8852324866472
Sub-Saharan Africa (excluding high income),SSA,2007,55.2609700981639
Sub-Saharan Africa (excluding high income),SSA,2006,54.5874922955175
Sub-Saharan Africa (excluding high income),SSA,2005,53.8903142647049
Sub-Saharan Africa (excluding high income),SSA,2004,53.3432269082173
Sub-Saharan Africa (excluding high income),SSA,2003,52.8240910544882
Sub-Saharan Africa (excluding high income),SSA,2002,52.3538567888642
Sub-Saharan Africa (excluding high income),SSA,2001,51.9833195606955
Sub-Saharan Africa (excluding high income),SSA,2000,51.6412613573806
Sub-Saharan Africa (IDA & IBRD countries),TSS,2023,62.6027406477464
Sub-Saharan Africa (IDA & IBRD countries),TSS,2022,61.8569116778883
Sub-Saharan Africa (IDA & IBRD countries),TSS,2021,60.7030048050853
Sub-Saharan Africa (IDA & IBRD countries),TSS,2020,61.1676740309985
Sub-Saharan Africa (IDA & IBRD countries),TSS,2019,61.129417043288
Sub-Saharan Africa (IDA & IBRD countries),TSS,2018,60.7668941967258
Sub-Saharan Africa (IDA & IBRD countries),TSS,2017,60.1584852136877
Sub-Saharan Africa (IDA & IBRD countries),TSS,2016,59.8122443592399
Sub-Saharan Africa (IDA & IBRD countries),TSS,2015,59.3988936826923
Sub-Saharan Africa (IDA & IBRD countries),TSS,2014,58.985759679416
Sub-Saharan Africa (IDA & IBRD countries),TSS,2013,58.7182244214244
Sub-Saharan Africa (IDA & IBRD countries),TSS,2012,58.2283469511484
Sub-Saharan Africa (IDA & IBRD countries),TSS,2011,57.4734640185534
Sub-Saharan Africa (IDA & IBRD countries),TSS,2010,57.107097844285
Sub-Saharan Africa (IDA & IBRD countries),TSS,2009,56.367784162949
Sub-Saharan Africa (IDA & IBRD countries),TSS,2008,55.8870079518376
Sub-Saharan Africa (IDA & IBRD countries),TSS,2007,55.2628174960913
Sub-Saharan Africa (IDA & IBRD countries),TSS,2006,54.589354695264
Sub-Saharan Africa (IDA & IBRD countries),TSS,2005,53.8922539208949
Sub-Saharan Africa (IDA & IBRD countries),TSS,2004,53.3453281368772
Sub-Saharan Africa (IDA & IBRD countries),TSS,2003,52.8261333445824
Sub-Saharan Africa (IDA & IBRD countries),TSS,2002,52.3560404373729
Sub-Saharan Africa (IDA & IBRD countries),TSS,2001,51.9857897497051
Sub-Saharan Africa (IDA & IBRD countries),TSS,2000,51.6437803457957
World,WLD,2023,73.3302230276374
World,WLD,2022,72.9689585478052
World,WLD,2021,71.2160780260296
World,WLD,2020,72.1832040176208
World,WLD,2019,72.869911203356
World,WLD,2018,72.6442408544831
World,WLD,2017,72.3662967648278
World,WLD,2016,72.1858228976022
World,WLD,2015,71.9656376386893
World,WLD,2014,71.7763867362613
World,WLD,2013,71.5334887297047
World,WLD,2012,71.2645542969028
World,WLD,2011,70.9688028224075
World,WLD,2010,70.6826307784169
World,WLD,2009,70.3803491247646
World,WLD,2008,70.0043236169628
World,WLD,2007,69.8049778312625
World,WLD,2006,69.4690022328376
World,WLD,2005,69.111445965915
World,WLD,2004,68.7710985282211
World,WLD,2003,68.5157832704694
World,WLD,2002,68.2313680755001
World,WLD,2001,67.9451852910729
World,WLD,2000,67.6504778738489
Afghanistan,AFG,2023,66.035
Afghanistan,AFG,2022,65.617
Afghanistan,AFG,2021,60.417
Afghanistan,AFG,2020,61.454
Afghanistan,AFG,2019,62.941
Afghanistan,AFG,2018,62.443
Afghanistan,AFG,2017,62.406
Afghanistan,AFG,2016,62.646
Afghanistan,AFG,2015,62.27
Afghanistan,AFG,2014,62.26
Afghanistan,AFG,2013,62.188
Afghanistan,AFG,2012,61.735
Afghanistan,AFG,2011,61.25
Afghanistan,AFG,2010,60.702
Afghanistan,AFG,2009,60.248
Afghanistan,AFG,2008,59.708
Afghanistan,AFG,2007,58.956
Afghanistan,AFG,2006,58.553
Afghanistan,AFG,2005,58.247
Afghanistan,AFG,2004,57.81
Afghanistan,AFG,2003,57.171
Afghanistan,AFG,2002,56.225
Afghanistan,AFG,2001,55.511
Afghanistan,AFG,2000,55.005
Albania,ALB,2023,79.602
Albania,ALB,2022,78.769
Albania,ALB,2021,76.844
Albania,ALB,2020,77.824
Albania,ALB,2019,79.467
Albania,ALB,2018,79.238
Albania,ALB,2017,78.9
Albania,ALB,2016,78.643
Albania,ALB,2015,78.358
Albania,ALB,2014,78.029
Albania,ALB,2013,77.995
Albania,ALB,2012,78.084
Albania,ALB,2011,78.303
Albania,ALB,2010,78.414
Albania,ALB,2009,78.509
Albania,ALB,2008,78.248
Albania,ALB,2007,77.691
Albania,ALB,2006,76.994
Albania,ALB,2005,76.427
Albania,ALB,2004,75.951
Albania,ALB,2003,75.557
Albania,ALB,2002,75.299
Albania,ALB,2001,75.083
Albania,ALB,2000,74.826
Algeria,DZA,2023,76.261
Algeria,DZA,2022,76.129
Algeria,DZA,2021,75.208
Algeria,DZA,2020,73.257
Algeria,DZA,2019,75.682
Algeria,DZA,2018,75.555
Algeria,DZA,2017,75.431
Algeria,DZA,2016,75.31
Algeria,DZA,2015,75.159
Algeria,DZA,2014,74.992
Algeria,DZA,2013,74.809
Algeria,DZA,2012,74.609
Algeria,DZA,2011,74.383
Algeria,DZA,2010,74.144
Algeria,DZA,2009,73.871
Algeria,DZA,2008,73.618
Algeria,DZA,2007,73.346
Algeria,DZA,2006,73.116
Algeria,DZA,2005,72.836
Algeria,DZA,2004,72.536
Algeria,DZA,2003,71.906
Algeria,DZA,2002,71.644
Algeria,DZA,2001,71.025
Algeria,DZA,2000,70.576
American Samoa,ASM,2023,72.852
American Samoa,ASM,2022,72.752
American Samoa,ASM,2021,72.708
American Samoa,ASM,2020,72.672
American Samoa,ASM,2019,72.751
American Samoa,ASM,2018,72.794
American Samoa,ASM,2017,72.801
American Samoa,ASM,2016,72.64
American Samoa,ASM,2015,72.654
American Samoa,ASM,2014,72.687
American Samoa,ASM,2013,72.769
American Samoa,ASM,2012,72.709
American Samoa,ASM,2011,72.662
American Samoa,ASM,2010,72.587
American Samoa,ASM,2009,70.839
American Samoa,ASM,2008,72.43
American Samoa,ASM,2007,72.365
American Samoa,ASM,2006,72.397
American Samoa,ASM,2005,72.382
American Samoa,ASM,2004,72.277
American Samoa,ASM,2003,71.698
American Samoa,ASM,2002,71.755
American Samoa,ASM,2001,71.573
American Samoa,ASM,2000,71.443
Andorra,AND,2023,84.041
Andorra,AND,2022,84.016
Andorra,AND,2021,82.331
Andorra,AND,2020,79.418
Andorra,AND,2019,84.098
Andorra,AND,2018,84.242
Andorra,AND,2017,84.359
Andorra,AND,2016,84.489
Andorra,AND,2015,84.532
Andorra,AND,2014,84.485
Andorra,AND,2013,84.406
Andorra,AND,2012,84.334
Andorra,AND,2011,84.296
Andorra,AND,2010,84.197
Andorra,AND,2009,84.1
Andorra,AND,2008,83.855
Andorra,AND,2007,83.632
Andorra,AND,2006,83.374
Andorra,AND,2005,83.086
Andorra,AND,2004,82.815
Andorra,AND,2003,82.718
Andorra,AND,2002,82.448
Andorra,AND,2001,82.162
Andorra,AND,2000,81.863
Angola,AGO,2023,64.617
Angola,AGO,2022,64.246
Angola,AGO,2021,62.958
Angola,AGO,2020,63.116
Angola,AGO,2019,63.051
Angola,AGO,2018,62.622
Angola,AGO,2017,62.122
Angola,AGO,2016,61.619
Angola,AGO,2015,61.042
Angola,AGO,2014,60.396
Angola,AGO,2013,59.705
Angola,AGO,2012,58.916
Angola,AGO,2011,58.093
Angola,AGO,2010,57.242
Angola,AGO,2009,56.225
Angola,AGO,2008,55.281
Angola,AGO,2007,54.2
Angola,AGO,2006,52.965
Angola,AGO,2005,52.13
Angola,AGO,2004,51.123
Angola,AGO,2003,50.218
Angola,AGO,2002,47.874
Angola,AGO,2001,47.032
Angola,AGO,2000,46.501
Antigua and Barbuda,ATG,2023,77.598
Antigua and Barbuda,ATG,2022,77.483
Antigua and Barbuda,ATG,2021,77.197
Antigua and Barbuda,ATG,2020,77.161
Antigua and Barbuda,ATG,2019,77.168
Antigua and Barbuda,ATG,2018,77.132
Antigua and Barbuda,ATG,2017,77.03
Antigua and Barbuda,ATG,2016,76.968
Antigua and Barbuda,ATG,2015,76.892
Antigua and Barbuda,ATG,2014,76.912
Antigua and Barbuda,ATG,2013,77.05
Antigua and Barbuda,ATG,2012,77.1
Antigua and Barbuda,ATG,2011,77.023
Antigua and Barbuda,ATG,2010,76.701
Antigua and Barbuda,ATG,2009,76.386
Antigua and Barbuda,ATG,2008,76.075
Antigua and Barbuda,ATG,2007,75.72
Antigua and Barbuda,ATG,2006,75.506
Antigua and Barbuda,ATG,2005,75.364
Antigua and Barbuda,ATG,2004,75.329
Antigua and Barbuda,ATG,2003,75.313
Antigua and Barbuda,ATG,2002,75.237
Antigua and Barbuda,ATG,2001,75.108
Antigua and Barbuda,ATG,2000,74.819
Argentina,ARG,2023,77.395
Argentina,ARG,2022,75.806
Argentina,ARG,2021,73.948
Argentina,ARG,2020,75.878
Argentina,ARG,2019,76.847
Argentina,ARG,2018,76.77
Argentina,ARG,2017,76.543
Argentina,ARG,2016,76.105
Argentina,ARG,2015,76.6
Argentina,ARG,2014,76.268
Argentina,ARG,2013,75.829
Argentina,ARG,2012,75.802
Argentina,ARG,2011,76.1
Argentina,ARG,2010,75.68
Argentina,ARG,2009,75.577
Argentina,ARG,2008,75.428
Argentina,ARG,2007,74.783
Argentina,ARG,2006,75.279
Argentina,ARG,2005,75.231
Argentina,ARG,2004,74.871
Argentina,ARG,2003,74.307
Argentina,ARG,2002,74.312
Argentina,ARG,2001,74.154
Argentina,ARG,2000,73.91
Armenia,ARM,2023,77.4658536585366
Armenia,ARM,2022,74.7658536585366
Armenia,ARM,2021,72.2780487804878
Armenia,ARM,2020,73.3756097560976
Armenia,ARM,2019,76.2219512195122
Armenia,ARM,2018,75.619512195122
Armenia,ARM,2017,75.2170731707317
Armenia,ARM,2016,74.8682926829268
Armenia,ARM,2015,74.8707317073171
Armenia,ARM,2014,74.8731707317073
Armenia,ARM,2013,74.6219512195122
Armenia,ARM,2012,74.119512195122
Armenia,ARM,2011,73.8170731707317
Armenia,ARM,2010,73.1731707317073
Armenia,ARM,2009,73.0731707317073
Armenia,ARM,2008,73.0731707317073
Armenia,ARM,2007,72.8731707317073
Armenia,ARM,2006,72.8243902439025
Armenia,ARM,2005,73.0756097560976
Armenia,ARM,2004,73.0268292682927
Armenia,ARM,2003,72.8268292682927
Armenia,ARM,2002,72.8268292682927
Armenia,ARM,2001,72.9756097560976
Armenia,ARM,2000,72.8804878048781
Aruba,ABW,2023,76.353
Aruba,ABW,2022,76.226
Aruba,ABW,2021,73.655
Aruba,ABW,2020,75.406
Aruba,ABW,2019,76.019
Aruba,ABW,2018,75.88
Aruba,ABW,2017,75.62
Aruba,ABW,2016,75.54
Aruba,ABW,2015,75.405
Aruba,ABW,2014,75.261
Aruba,ABW,2013,75.072
Aruba,ABW,2012,74.841
Aruba,ABW,2011,74.578
Aruba,ABW,2010,74.297
Aruba,ABW,2009,73.974
Aruba,ABW,2008,73.783
Aruba,ABW,2007,73.642
Aruba,ABW,2006,73.498
Aruba,ABW,2005,73.415
Aruba,ABW,2004,73.223
Aruba,ABW,2003,73.236
Aruba,ABW,2002,73.135
Aruba,ABW,2001,73.044
Aruba,ABW,2000,72.939
Australia,AUS,2023,83.0512195121951
Australia,AUS,2022,83.2
Australia,AUS,2021,83.3
Australia,AUS,2020,83.2
Australia,AUS,2019,82.9
Australia,AUS,2018,82.7487804878049
Australia,AUS,2017,82.5
Australia,AUS,2016,82.4487804878049
Australia,AUS,2015,82.4
Australia,AUS,2014,82.3
Australia,AUS,2013,82.1487804878049
Australia,AUS,2012,82.0463414634146
Australia,AUS,2011,81.8951219512195
Australia,AUS,2010,81.6951219512195
Australia,AUS,2009,81.5439024390244
Australia,AUS,2008,81.3951219512195
Australia,AUS,2007,81.2926829268293
Australia,AUS,2006,81.0414634146342
Australia,AUS,2005,80.8414634146341
Australia,AUS,2004,80.490243902439
Australia,AUS,2003,80.2390243902439
Australia,AUS,2002,79.9365853658537
Australia,AUS,2001,79.6341463414634
Australia,AUS,2000,79.2341463414634
Austria,AUT,2023,81.7926829268293
Austria,AUT,2022,81.2951219512195
Austria,AUT,2021,81.190243902439
Austria,AUT,2020,81.1926829268293
Austria,AUT,2019,81.8951219512195
Austria,AUT,2018,81.6926829268293
Austria,AUT,2017,81.6439024390244
Austria,AUT,2016,81.6414634146342
Austria,AUT,2015,81.190243902439
Austria,AUT,2014,81.490243902439
Austria,AUT,2013,81.1365853658537
Austria,AUT,2012,80.9365853658537
Austria,AUT,2011,80.9829268292683
Austria,AUT,2010,80.5804878048781
Austria,AUT,2009,80.3317073170732
Austria,AUT,2008,80.4317073170732
Austria,AUT,2007,80.1804878048781
Austria,AUT,2006,79.8804878048781
Austria,AUT,2005,79.3317073170732
Austria,AUT,2004,79.1804878048781
Austria,AUT,2003,78.6317073170732
Austria,AUT,2002,78.6780487804878
Austria,AUT,2001,78.5756097560976
Austria,AUT,2000,78.1268292682927
Azerbaijan,AZE,2023,74.429
Azerbaijan,AZE,2022,74.125
Azerbaijan,AZE,2021,70.999
Azerbaijan,AZE,2020,70.312
Azerbaijan,AZE,2019,73.29
Azerbaijan,AZE,2018,73.016
Azerbaijan,AZE,2017,72.694
Azerbaijan,AZE,2016,72.568
Azerbaijan,AZE,2015,72.349
Azerbaijan,AZE,2014,71.93
Azerbaijan,AZE,2013,71.485
Azerbaijan,AZE,2012,71.08
Azerbaijan,AZE,2011,70.565
Azerbaijan,AZE,2010,70.309
Azerbaijan,AZE,2009,69.874
Azerbaijan,AZE,2008,69.355
Azerbaijan,AZE,2007,68.659
Azerbaijan,AZE,2006,68.489
Azerbaijan,AZE,2005,67.71
Azerbaijan,AZE,2004,67.488
Azerbaijan,AZE,2003,67.036
Azerbaijan,AZE,2002,66.769
Azerbaijan,AZE,2001,66.043
Azerbaijan,AZE,2000,65.377
"Bahamas, The",BHS,2023,74.552
"Bahamas, The",BHS,2022,74.491
"Bahamas, The",BHS,2021,70.752
"Bahamas, The",BHS,2020,72.994
"Bahamas, The",BHS,2019,71.408
"Bahamas, The",BHS,2018,74.062
"Bahamas, The",BHS,2017,74.031
"Bahamas, The",BHS,2016,74.042
"Bahamas, The",BHS,2015,73.805
"Bahamas, The",BHS,2014,74.029
"Bahamas, The",BHS,2013,73.93
"Bahamas, The",BHS,2012,73.707
"Bahamas, The",BHS,2011,73.571
"Bahamas, The",BHS,2010,73.449
"Bahamas, The",BHS,2009,73.455
"Bahamas, The",BHS,2008,73.445
"Bahamas, The",BHS,2007,73.463
"Bahamas, The",BHS,2006,73.456
"Bahamas, The",BHS,2005,73.413
"Bahamas, The",BHS,2004,73.235
"Bahamas, The",BHS,2003,73.213
"Bahamas, The",BHS,2002,73.023
"Bahamas, The",BHS,2001,72.765
"Bahamas, The",BHS,2000,72.481
Bahrain,BHR,2023,81.284
Bahrain,BHR,2022,80.992
Bahrain,BHR,2021,78.083
Bahrain,BHR,2020,78.683
Bahrain,BHR,2019,80.471
Bahrain,BHR,2018,80.412
Bahrain,BHR,2017,80.407
Bahrain,BHR,2016,80.407
Bahrain,BHR,2015,80.338
Bahrain,BHR,2014,80.214
Bahrain,BHR,2013,79.998
Bahrain,BHR,2012,79.622
Bahrain,BHR,2011,79.141
Bahrain,BHR,2010,78.593
Bahrain,BHR,2009,78.016
Bahrain,BHR,2008,77.457
Bahrain,BHR,2007,76.952
Bahrain,BHR,2006,76.51
Bahrain,BHR,2005,76.125
Bahrain,BHR,2004,75.787
Bahrain,BHR,2003,75.486
Bahrain,BHR,2002,75.209
Bahrain,BHR,2001,74.942
Bahrain,BHR,2000,74.673
Bangladesh,BGD,2023,74.672
Bangladesh,BGD,2022,74.265
Bangladesh,BGD,2021,71.103
Bangladesh,BGD,2020,71.421
Bangladesh,BGD,2019,72.625
Bangladesh,BGD,2018,72.122
Bangladesh,BGD,2017,71.606
Bangladesh,BGD,2016,71.075
Bangladesh,BGD,2015,70.543
Bangladesh,BGD,2014,70.016
Bangladesh,BGD,2013,69.487
Bangladesh,BGD,2012,68.989
Bangladesh,BGD,2011,68.499
Bangladesh,BGD,2010,68.009
Bangladesh,BGD,2009,67.527
Bangladesh,BGD,2008,67.047
Bangladesh,BGD,2007,66.458
Bangladesh,BGD,2006,66.048
Bangladesh,BGD,2005,65.509
Bangladesh,BGD,2004,64.912
Bangladesh,BGD,2003,64.288
Bangladesh,BGD,2002,63.591
Bangladesh,BGD,2001,62.836
Bangladesh,BGD,2000,62.049
Barbados,BRB,2023,76.178
Barbados,BRB,2022,75.676
Barbados,BRB,2021,76.58
Barbados,BRB,2020,76.647
Barbados,BRB,2019,76.495
Barbados,BRB,2018,76.378
Barbados,BRB,2017,76.237
Barbados,BRB,2016,76.168
Barbados,BRB,2015,76.055
Barbados,BRB,2014,75.926
Barbados,BRB,2013,75.816
Barbados,BRB,2012,75.737
Barbados,BRB,2011,75.599
Barbados,BRB,2010,75.488
Barbados,BRB,2009,75.458
Barbados,BRB,2008,75.3
Barbados,BRB,2007,75.263
Barbados,BRB,2006,75.049
Barbados,BRB,2005,74.96
Barbados,BRB,2004,75.15
Barbados,BRB,2003,74.865
Barbados,BRB,2002,74.82
Barbados,BRB,2001,74.707
Barbados,BRB,2000,74.58
Belarus,BLR,2023,74.1837804878049
Belarus,BLR,2022,74.1033658536585
Belarus,BLR,2021,72.0714634146342
Belarus,BLR,2020,72.1385609756098
Belarus,BLR,2019,74.2268292682927
Belarus,BLR,2018,74.1756097560976
Belarus,BLR,2017,74.1292682926829
Belarus,BLR,2016,73.8268292682927
Belarus,BLR,2015,73.6243902439025
Belarus,BLR,2014,72.9707317073171
Belarus,BLR,2013,72.4707317073171
Belarus,BLR,2012,71.9658536585366
Belarus,BLR,2011,70.5536585365854
Belarus,BLR,2010,70.4048780487805
Belarus,BLR,2009,70.4073170731707
Belarus,BLR,2008,70.4560975609756
Belarus,BLR,2007,70.2073170731707
Belarus,BLR,2006,69.4048780487805
Belarus,BLR,2005,68.8512195121951
Belarus,BLR,2004,68.9560975609756
Belarus,BLR,2003,68.5536585365854
Belarus,BLR,2002,68.0560975609756
Belarus,BLR,2001,68.5073170731707
Belarus,BLR,2000,68.9121951219512
Belgium,BEL,2023,82.4
Belgium,BEL,2022,81.7487804878049
Belgium,BEL,2021,81.790243902439
Belgium,BEL,2020,80.6951219512195
Belgium,BEL,2019,81.9951219512195
Belgium,BEL,2018,81.5951219512195
Belgium,BEL,2017,81.4926829268293
Belgium,BEL,2016,81.4390243902439
Belgium,BEL,2015,80.9926829268293
Belgium,BEL,2014,81.2878048780488
Belgium,BEL,2013,80.5878048780488
Belgium,BEL,2012,80.3853658536585
Belgium,BEL,2011,80.5853658536585
Belgium,BEL,2010,80.1829268292683
Belgium,BEL,2009,80.0341463414634
Belgium,BEL,2008,79.6804878048781
Belgium,BEL,2007,79.7829268292683
Belgium,BEL,2006,79.380487804878
Belgium,BEL,2005,78.9804878048781
Belgium,BEL,2004,78.8780487804878
Belgium,BEL,2003,78.1292682926829
Belgium,BEL,2002,78.0756097560976
Belgium,BEL,2001,77.9731707317073
Belgium,BEL,2000,77.7219512195122
Belize,BLZ,2023,73.566
Belize,BLZ,2022,72.19
Belize,BLZ,2021,70.917
Belize,BLZ,2020,71.58
Belize,BLZ,2019,72.577
Belize,BLZ,2018,72.322
Belize,BLZ,2017,72.062
Belize,BLZ,2016,71.843
Belize,BLZ,2015,71.647
Belize,BLZ,2014,71.437
Belize,BLZ,2013,71.276
Belize,BLZ,2012,71.134
Belize,BLZ,2011,70.975
Belize,BLZ,2010,70.875
Belize,BLZ,2009,70.806
Belize,BLZ,2008,70.665
Belize,BLZ,2007,70.652
Belize,BLZ,2006,70.535
Belize,BLZ,2005,70.335
Belize,BLZ,2004,70.152
Belize,BLZ,2003,69.819
Belize,BLZ,2002,69.528
Belize,BLZ,2001,68.944
Belize,BLZ,2000,68.911
Benin,BEN,2023,60.774
Benin,BEN,2022,60.475
Benin,BEN,2021,59.61
Benin,BEN,2020,60.154
Benin,BEN,2019,59.888
Benin,BEN,2018,59.71
Benin,BEN,2017,59.528
Benin,BEN,2016,59.283
Benin,BEN,2015,59.123
Benin,BEN,2014,59.008
Benin,BEN,2013,58.863
Benin,BEN,2012,58.559
Benin,BEN,2011,58.462
Benin,BEN,2010,58.387
Benin,BEN,2009,58.258
Benin,BEN,2008,58.099
Benin,BEN,2007,58.249
Benin,BEN,2006,57.966
Benin,BEN,2005,57.738
Benin,BEN,2004,57.346
Benin,BEN,2003,57.092
Benin,BEN,2002,56.851
Benin,BEN,2001,56.654
Benin,BEN,2000,56.594
Bermuda,BMU,2023,82.309
Bermuda,BMU,2022,82.062
Bermuda,BMU,2021,81.745
Bermuda,BMU,2020,81.456
Bermuda,BMU,2019,81.251
Bermuda,BMU,2018,80.986
Bermuda,BMU,2017,80.686
Bermuda,BMU,2016,80.476
Bermuda,BMU,2015,80.338
Bermuda,BMU,2014,80.199
Bermuda,BMU,2013,80.016
Bermuda,BMU,2012,79.847
Bermuda,BMU,2011,79.651
Bermuda,BMU,2010,79.414
Bermuda,BMU,2009,79.229
Bermuda,BMU,2008,79.101
Bermuda,BMU,2007,79.006
Bermuda,BMU,2006,78.87
Bermuda,BMU,2005,78.874
Bermuda,BMU,2004,78.898
Bermuda,BMU,2003,78.715
Bermuda,BMU,2002,78.841
Bermuda,BMU,2001,78.637
Bermuda,BMU,2000,78.251
Bhutan,BTN,2023,72.975
Bhutan,BTN,2022,72.754
Bhutan,BTN,2021,72.448
Bhutan,BTN,2020,72.253
Bhutan,BTN,2019,72.005
Bhutan,BTN,2018,71.711
Bhutan,BTN,2017,71.413
Bhutan,BTN,2016,71.119
Bhutan,BTN,2015,70.797
Bhutan,BTN,2014,70.504
Bhutan,BTN,2013,70.161
Bhutan,BTN,2012,69.759
Bhutan,BTN,2011,69.28
Bhutan,BTN,2010,68.765
Bhutan,BTN,2009,68.156
Bhutan,BTN,2008,67.733
Bhutan,BTN,2007,67.152
Bhutan,BTN,2006,66.499
Bhutan,BTN,2005,65.875
Bhutan,BTN,2004,65.29
Bhutan,BTN,2003,64.662
Bhutan,BTN,2002,63.984
Bhutan,BTN,2001,63.323
Bhutan,BTN,2000,61.842
Bolivia,BOL,2023,68.581
Bolivia,BOL,2022,67.434
Bolivia,BOL,2021,61.427
Bolivia,BOL,2020,62.906
Bolivia,BOL,2019,67.82
Bolivia,BOL,2018,67.699
Bolivia,BOL,2017,67.536
Bolivia,BOL,2016,67.392
Bolivia,BOL,2015,67.205
Bolivia,BOL,2014,66.97
Bolivia,BOL,2013,66.777
Bolivia,BOL,2012,66.586
Bolivia,BOL,2011,66.282
Bolivia,BOL,2010,66.003
Bolivia,BOL,2009,65.656
Bolivia,BOL,2008,65.299
Bolivia,BOL,2007,64.939
Bolivia,BOL,2006,64.529
Bolivia,BOL,2005,64.182
Bolivia,BOL,2004,63.819
Bolivia,BOL,2003,63.455
Bolivia,BOL,2002,63.068
Bolivia,BOL,2001,62.538
Bolivia,BOL,2000,62.057
Bosnia and Herzegovina,BIH,2023,77.85
Bosnia and Herzegovina,BIH,2022,76.777
Bosnia and Herzegovina,BIH,2021,74.567
Bosnia and Herzegovina,BIH,2020,76.04
Bosnia and Herzegovina,BIH,2019,77.394
Bosnia and Herzegovina,BIH,2018,77.942
Bosnia and Herzegovina,BIH,2017,77.385
Bosnia and Herzegovina,BIH,2016,77.124
Bosnia and Herzegovina,BIH,2015,77.073
Bosnia and Herzegovina,BIH,2014,77.089
Bosnia and Herzegovina,BIH,2013,77.129
Bosnia and Herzegovina,BIH,2012,77.037
Bosnia and Herzegovina,BIH,2011,76.963
Bosnia and Herzegovina,BIH,2010,76.827
Bosnia and Herzegovina,BIH,2009,76.701
Bosnia and Herzegovina,BIH,2008,76.3
Bosnia and Herzegovina,BIH,2007,76.162
Bosnia and Herzegovina,BIH,2006,76.028
Bosnia and Herzegovina,BIH,2005,76.424
Bosnia and Herzegovina,BIH,2004,76.489
Bosnia and Herzegovina,BIH,2003,76.449
Bosnia and Herzegovina,BIH,2002,75.994
Bosnia and Herzegovina,BIH,2001,75.573
Bosnia and Herzegovina,BIH,2000,75.292
Botswana,BWA,2023,69.163
Botswana,BWA,2022,68.749
Botswana,BWA,2021,63.303
Botswana,BWA,2020,67.643
Botswana,BWA,2019,67.167
Botswana,BWA,2018,66.371
Botswana,BWA,2017,65.42
Botswana,BWA,2016,64.32
Botswana,BWA,2015,63.215
Botswana,BWA,2014,62.167
Botswana,BWA,2013,61.217
Botswana,BWA,2012,60.384
Botswana,BWA,2011,59.715
Botswana,BWA,2010,59.137
Botswana,BWA,2009,58.297
Botswana,BWA,2008,57.661
Botswana,BWA,2007,56.735
Botswana,BWA,2006,55.112
Botswana,BWA,2005,54.386
Botswana,BWA,2004,53.573
Botswana,BWA,2003,52.851
Botswana,BWA,2002,52.373
Botswana,BWA,2001,52.21
Botswana,BWA,2000,52.263
Brazil,BRA,2023,75.848
Brazil,BRA,2022,74.872
Brazil,BRA,2021,73.038
Brazil,BRA,2020,74.506
Brazil,BRA,2019,75.809
Brazil,BRA,2018,75.633
Brazil,BRA,2017,75.383
Brazil,BRA,2016,75.081
Brazil,BRA,2015,75.106
Brazil,BRA,2014,74.823
Brazil,BRA,2013,74.609
Brazil,BRA,2012,74.335
Brazil,BRA,2011,74.047
Brazil,BRA,2010,73.779
Brazil,BRA,2009,73.457
Brazil,BRA,2008,73.111
Brazil,BRA,2007,72.73
Brazil,BRA,2006,72.296
Brazil,BRA,2005,71.832
Brazil,BRA,2004,71.361
Brazil,BRA,2003,70.884
Brazil,BRA,2002,70.396
Brazil,BRA,2001,69.98
Brazil,BRA,2000,69.584
British Virgin Islands,VGB,2023,77.276
British Virgin Islands,VGB,2022,77.177
British Virgin Islands,VGB,2021,75.297
British Virgin Islands,VGB,2020,76.894
British Virgin Islands,VGB,2019,76.845
British Virgin Islands,VGB,2018,76.728
British Virgin Islands,VGB,2017,75.67
British Virgin Islands,VGB,2016,76.624
British Virgin Islands,VGB,2015,76.558
British Virgin Islands,VGB,2014,76.527
British Virgin Islands,VGB,2013,76.472
British Virgin Islands,VGB,2012,76.433
British Virgin Islands,VGB,2011,76.363
British Virgin Islands,VGB,2010,76.289
British Virgin Islands,VGB,2009,76.205
British Virgin Islands,VGB,2008,76.07
British Virgin Islands,VGB,2007,75.893
British Virgin Islands,VGB,2006,75.745
British Virgin Islands,VGB,2005,75.569
British Virgin Islands,VGB,2004,75.404
British Virgin Islands,VGB,2003,75.183
British Virgin Islands,VGB,2002,74.971
British Virgin Islands,VGB,2001,74.831
British Virgin Islands,VGB,2000,74.753
Brunei Darussalam,BRN,2023,75.327
Brunei Darussalam,BRN,2022,72.917
Brunei Darussalam,BRN,2021,74.869
Brunei Darussalam,BRN,2020,75.114
Brunei Darussalam,BRN,2019,75.049
Brunei Darussalam,BRN,2018,74.992
Brunei Darussalam,BRN,2017,74.943
Brunei Darussalam,BRN,2016,74.905
Brunei Darussalam,BRN,2015,74.88
Brunei Darussalam,BRN,2014,74.862
Brunei Darussalam,BRN,2013,74.854
Brunei Darussalam,BRN,2012,74.843
Brunei Darussalam,BRN,2011,74.835
Brunei Darussalam,BRN,2010,74.82
Brunei Darussalam,BRN,2009,74.814
Brunei Darussalam,BRN,2008,74.814
Brunei Darussalam,BRN,2007,74.793
Brunei Darussalam,BRN,2006,74.753
Brunei Darussalam,BRN,2005,74.683
Brunei Darussalam,BRN,2004,74.603
Brunei Darussalam,BRN,2003,74.509
Brunei Darussalam,BRN,2002,74.365
Brunei Darussalam,BRN,2001,74.209
Brunei Darussalam,BRN,2000,74.017
Bulgaria,BGR,2023,75.7560975609756
Bulgaria,BGR,2022,74.1609756097561
Bulgaria,BGR,2021,71.2121951219512
Bulgaria,BGR,2020,73.3560975609756
Bulgaria,BGR,2019,75.1121951219512
Bulgaria,BGR,2018,74.9634146341464
Bulgaria,BGR,2017,74.8146341463415
Bulgaria,BGR,2016,74.8121951219512
Bulgaria,BGR,2015,74.6146341463415
Bulgaria,BGR,2014,74.4658536585366
Bulgaria,BGR,2013,74.8609756097561
Bulgaria,BGR,2012,74.3146341463415
Bulgaria,BGR,2011,74.1634146341463
Bulgaria,BGR,2010,73.5121951219512
Bulgaria,BGR,2009,73.4121951219512
Bulgaria,BGR,2008,72.9634146341463
Bulgaria,BGR,2007,72.6634146341463
Bulgaria,BGR,2006,72.6121951219512
Bulgaria,BGR,2005,72.5609756097561
Bulgaria,BGR,2004,72.5634146341463
Bulgaria,BGR,2003,72.0658536585366
Bulgaria,BGR,2002,71.8658536585366
Bulgaria,BGR,2001,71.7682926829268
Bulgaria,BGR,2000,71.6634146341463
Burkina Faso,BFA,2023,61.092
Burkina Faso,BFA,2022,60.7
Burkina Faso,BFA,2021,60.046
Burkina Faso,BFA,2020,60.454
Burkina Faso,BFA,2019,60.184
Burkina Faso,BFA,2018,59.972
Burkina Faso,BFA,2017,59.578
Burkina Faso,BFA,2016,59.173
Burkina Faso,BFA,2015,58.778
Burkina Faso,BFA,2014,58.331
Burkina Faso,BFA,2013,57.903
Burkina Faso,BFA,2012,57.457
Burkina Faso,BFA,2011,57.001
Burkina Faso,BFA,2010,56.343
Burkina Faso,BFA,2009,55.791
Burkina Faso,BFA,2008,55.199
Burkina Faso,BFA,2007,54.377
Burkina Faso,BFA,2006,53.784
Burkina Faso,BFA,2005,53.271
Burkina Faso,BFA,2004,52.6
Burkina Faso,BFA,2003,51.959
Burkina Faso,BFA,2002,51.447
Burkina Faso,BFA,2001,51.188
Burkina Faso,BFA,2000,50.808
Burundi,BDI,2023,63.651
Burundi,BDI,2022,62.882
Burundi,BDI,2021,62.101
Burundi,BDI,2020,62.569
Burundi,BDI,2019,62.18
Burundi,BDI,2018,61.806
Burundi,BDI,2017,61.345
Burundi,BDI,2016,60.789
Burundi,BDI,2015,60.107
Burundi,BDI,2014,59.764
Burundi,BDI,2013,59.179
Burundi,BDI,2012,58.501
Burundi,BDI,2011,57.804
Burundi,BDI,2010,57.088
Burundi,BDI,2009,56.422
Burundi,BDI,2008,55.581
Burundi,BDI,2007,54.832
Burundi,BDI,2006,53.962
Burundi,BDI,2005,53.053
Burundi,BDI,2004,52.217
Burundi,BDI,2003,50.997
Burundi,BDI,2002,49.924
Burundi,BDI,2001,48.509
Burundi,BDI,2000,47.617
Cabo Verde,CPV,2023,76.059
Cabo Verde,CPV,2022,75.907
Cabo Verde,CPV,2021,74.424
Cabo Verde,CPV,2020,73.818
Cabo Verde,CPV,2019,75.449
Cabo Verde,CPV,2018,74.84
Cabo Verde,CPV,2017,74.71
Cabo Verde,CPV,2016,74.35
Cabo Verde,CPV,2015,74.096
Cabo Verde,CPV,2014,73.788
Cabo Verde,CPV,2013,73.481
Cabo Verde,CPV,2012,73.315
Cabo Verde,CPV,2011,72.913
Cabo Verde,CPV,2010,72.507
Cabo Verde,CPV,2009,72.142
Cabo Verde,CPV,2008,71.888
Cabo Verde,CPV,2007,71.487
Cabo Verde,CPV,2006,71.341
Cabo Verde,CPV,2005,70.936
Cabo Verde,CPV,2004,70.499
Cabo Verde,CPV,2003,70.006
Cabo Verde,CPV,2002,69.447
Cabo Verde,CPV,2001,68.707
Cabo Verde,CPV,2000,68.117
Cambodia,KHM,2023,70.668
Cambodia,KHM,2022,70.528
Cambodia,KHM,2021,69.301
Cambodia,KHM,2020,70.059
Cambodia,KHM,2019,70.127
Cambodia,KHM,2018,69.993
Cambodia,KHM,2017,69.842
Cambodia,KHM,2016,69.635
Cambodia,KHM,2015,69.398
Cambodia,KHM,2014,69.117
Cambodia,KHM,2013,68.755
Cambodia,KHM,2012,68.371
Cambodia,KHM,2011,67.869
Cambodia,KHM,2010,67.311
Cambodia,KHM,2009,66.747
Cambodia,KHM,2008,66.147
Cambodia,KHM,2007,65.549
Cambodia,KHM,2006,64.886
Cambodia,KHM,2005,64.113
Cambodia,KHM,2004,63.256
Cambodia,KHM,2003,62.345
Cambodia,KHM,2002,61.395
Cambodia,KHM,2001,60.457
Cambodia,KHM,2000,59.491
Cameroon,CMR,2023,63.7
Cameroon,CMR,2022,62.443
Cameroon,CMR,2021,61.146
Cameroon,CMR,2020,61.674
Cameroon,CMR,2019,61.695
Cameroon,CMR,2018,61.189
Cameroon,CMR,2017,60.817
Cameroon,CMR,2016,60.293
Cameroon,CMR,2015,59.687
Cameroon,CMR,2014,59.13
Cameroon,CMR,2013,58.73
Cameroon,CMR,2012,58.17
Cameroon,CMR,2011,57.482
Cameroon,CMR,2010,56.965
Cameroon,CMR,2009,56.486
Cameroon,CMR,2008,56.116
Cameroon,CMR,2007,55.71
Cameroon,CMR,2006,55.301
Cameroon,CMR,2005,54.904
Cameroon,CMR,2004,54.578
Cameroon,CMR,2003,54.253
Cameroon,CMR,2002,53.922
Cameroon,CMR,2001,53.598
Cameroon,CMR,2000,53.338
Canada,CAN,2023,81.6263414634146
Canada,CAN,2022,81.0948780487805
Canada,CAN,2021,81.4514634146342
Canada,CAN,2020,81.53
Canada,CAN,2019,82.1585365853659
Canada,CAN,2018,81.8036585365854
Canada,CAN,2017,81.8078048780488
Canada,CAN,2016,81.94
Canada,CAN,2015,81.8258536585366
Canada,CAN,2014,81.7843902439025
Canada,CAN,2013,81.7448780487805
Canada,CAN,2012,81.6636585365854
Canada,CAN,2011,81.4826829268293
Canada,CAN,2010,81.3221951219512
Canada,CAN,2009,81.0660975609756
Canada,CAN,2008,80.7246341463415
Canada,CAN,2007,80.5436585365854
Canada,CAN,2006,80.5436585365854
Canada,CAN,2005,80.1126829268293
Canada,CAN,2004,79.9921951219512
Canada,CAN,2003,79.7151219512195
Canada,CAN,2002,79.5307317073171
Canada,CAN,2001,79.3980487804878
Canada,CAN,2000,79.1668292682927
Cayman Islands,CYM,2023,80.358
Cayman Islands,CYM,2022,79.984
Cayman Islands,CYM,2021,79.3
Cayman Islands,CYM,2020,79.23
Cayman Islands,CYM,2019,79.052
Cayman Islands,CYM,2018,78.835
Cayman Islands,CYM,2017,78.615
Cayman Islands,CYM,2016,78.367
Cayman Islands,CYM,2015,78.119
Cayman Islands,CYM,2014,77.865
Cayman Islands,CYM,2013,77.652
Cayman Islands,CYM,2012,77.121
Cayman Islands,CYM,2011,76.562
Cayman Islands,CYM,2010,76.069
Cayman Islands,CYM,2009,75.671
Cayman Islands,CYM,2008,75.386
Cayman Islands,CYM,2007,75.152
Cayman Islands,CYM,2006,75.0
Cayman Islands,CYM,2005,74.863
Cayman Islands,CYM,2004,74.596
Cayman Islands,CYM,2003,74.639
Cayman Islands,CYM,2002,74.609
Cayman Islands,CYM,2001,74.529
Cayman Islands,CYM,2000,74.378
Central African Republic,CAF,2023,57.408
Central African Republic,CAF,2022,18.818
Central African Republic,CAF,2021,40.279
Central African Republic,CAF,2020,50.596
Central African Republic,CAF,2019,31.53
Central African Republic,CAF,2018,52.297
Central African Republic,CAF,2017,45.231
Central African Republic,CAF,2016,50.999
Central African Republic,CAF,2015,51.934
Central African Republic,CAF,2014,40.265
Central African Republic,CAF,2013,49.487
Central African Republic,CAF,2012,51.336
Central African Republic,CAF,2011,50.107
Central African Republic,CAF,2010,46.871
Central African Republic,CAF,2009,14.665
Central African Republic,CAF,2008,49.873
Central African Republic,CAF,2007,49.327
Central African Republic,CAF,2006,48.687
Central African Republic,CAF,2005,48.207
Central African Republic,CAF,2004,47.696
Central African Republic,CAF,2003,47.306
Central African Republic,CAF,2002,46.84
Central African Republic,CAF,2001,46.734
Central African Republic,CAF,2000,46.609
Chad,TCD,2023,55.069
Chad,TCD,2022,54.528
Chad,TCD,2021,53.136
Chad,TCD,2020,53.082
Chad,TCD,2019,52.993
Chad,TCD,2018,52.447
Chad,TCD,2017,51.875
Chad,TCD,2016,51.603
Chad,TCD,2015,51.32
Chad,TCD,2014,51.141
Chad,TCD,2013,51.051
Chad,TCD,2012,50.765
Chad,TCD,2011,50.426
Chad,TCD,2010,50.107
Chad,TCD,2009,49.828
Chad,TCD,2008,49.503
Chad,TCD,2007,49.21
Chad,TCD,2006,48.747
Chad,TCD,2005,48.86
Chad,TCD,2004,48.687
Chad,TCD,2003,48.609
Chad,TCD,2002,48.36
Chad,TCD,2001,48.306
Chad,TCD,2000,47.937
Channel Islands,CHI,2023,81.1
Channel Islands,CHI,2022,81.0
Channel Islands,CHI,2021,80.3
Channel Islands,CHI,2020,80.9
Channel Islands,CHI,2019,81.2
Channel Islands,CHI,2018,81.1
Channel Islands,CHI,2017,81.0
Channel Islands,CHI,2016,81.2
Channel Islands,CHI,2015,81.4
Channel Islands,CHI,2014,81.6
Channel Islands,CHI,2013,81.5
Channel Islands,CHI,2012,81.3
Channel Islands,CHI,2011,81.4
Channel Islands,CHI,2010,81.2
Channel Islands,CHI,2009,81.0
Channel Islands,CHI,2008,80.8
Channel Islands,CHI,2007,80.6
Channel Islands,CHI,2006,80.4
Channel Islands,CHI,2005,80.1
Channel Islands,CHI,2004,79.8
Channel Islands,CHI,2003,79.4
Channel Islands,CHI,2002,79.1
Channel Islands,CHI,2001,79.0
Channel Islands,CHI,2000,78.8
Chile,CHL,2023,81.167
Chile,CHL,2022,79.176
Chile,CHL,2021,78.876
Chile,CHL,2020,79.349
Chile,CHL,2019,80.324
Chile,CHL,2018,80.559
Chile,CHL,2017,80.61
Chile,CHL,2016,80.295
Chile,CHL,2015,80.008
Chile,CHL,2014,79.714
Chile,CHL,2013,79.551
Chile,CHL,2012,79.221
Chile,CHL,2011,79.236
Chile,CHL,2010,79.095
Chile,CHL,2009,78.89
Chile,CHL,2008,78.752
Chile,CHL,2007,78.652
Chile,CHL,2006,78.533
Chile,CHL,2005,78.459
Chile,CHL,2004,78.276
Chile,CHL,2003,77.884
Chile,CHL,2002,77.84
Chile,CHL,2001,77.58
Chile,CHL,2000,77.128
China,CHN,2023,77.953
China,CHN,2022,78.202
China,CHN,2021,78.117
China,CHN,2020,78.019
China,CHN,2019,77.94
China,CHN,2018,77.709
China,CHN,2017,77.235
China,CHN,2016,77.214
China,CHN,2015,76.975
China,CHN,2014,76.714
China,CHN,2013,76.452
China,CHN,2012,76.2
China,CHN,2011,75.889
China,CHN,2010,75.668
China,CHN,2009,75.317
China,CHN,2008,74.833
China,CHN,2007,74.789
China,CHN,2006,74.404
China,CHN,2005,74.085
China,CHN,2004,73.727
China,CHN,2003,73.385
China,CHN,2002,73.034
China,CHN,2001,72.675
China,CHN,2000,72.288
Colombia,COL,2023,77.725
Colombia,COL,2022,76.508
Colombia,COL,2021,72.698
Colombia,COL,2020,74.757
Colombia,COL,2019,76.793
Colombia,COL,2018,76.579
Colombia,COL,2017,76.418
Colombia,COL,2016,76.228
Colombia,COL,2015,76.067
Colombia,COL,2014,75.95
Colombia,COL,2013,75.834
Colombia,COL,2012,75.611
Colombia,COL,2011,75.18
Colombia,COL,2010,74.876
Colombia,COL,2009,74.531
Colombia,COL,2008,74.206
Colombia,COL,2007,73.751
Colombia,COL,2006,73.497
Colombia,COL,2005,73.156
Colombia,COL,2004,72.76
Colombia,COL,2003,72.309
Colombia,COL,2002,71.537
Colombia,COL,2001,71.185
Colombia,COL,2000,70.905
Comoros,COM,2023,66.777
Comoros,COM,2022,66.481
Comoros,COM,2021,65.201
Comoros,COM,2020,65.756
Comoros,COM,2019,65.662
Comoros,COM,2018,65.401
Comoros,COM,2017,65.127
Comoros,COM,2016,64.792
Comoros,COM,2015,64.473
Comoros,COM,2014,64.143
Comoros,COM,2013,63.839
Comoros,COM,2012,63.463
Comoros,COM,2011,63.105
Comoros,COM,2010,62.747
Comoros,COM,2009,62.302
Comoros,COM,2008,61.955
Comoros,COM,2007,61.475
Comoros,COM,2006,61.229
Comoros,COM,2005,60.883
Comoros,COM,2004,60.557
Comoros,COM,2003,60.24
Comoros,COM,2002,59.723
Comoros,COM,2001,59.587
Comoros,COM,2000,58.941
"Congo, Dem. Rep.",COD,2023,61.895
"Congo, Dem. Rep.",COD,2022,60.979
"Congo, Dem. Rep.",COD,2021,60.044
"Congo, Dem. Rep.",COD,2020,60.428
"Congo, Dem. Rep.",COD,2019,60.242
"Congo, Dem. Rep.",COD,2018,59.926
"Congo, Dem. Rep.",COD,2017,59.495
"Congo, Dem. Rep.",COD,2016,59.081
"Congo, Dem. Rep.",COD,2015,58.658
"Congo, Dem. Rep.",COD,2014,58.236
"Congo, Dem. Rep.",COD,2013,57.795
"Congo, Dem. Rep.",COD,2012,57.35
"Congo, Dem. Rep.",COD,2011,56.911
"Congo, Dem. Rep.",COD,2010,56.411
"Congo, Dem. Rep.",COD,2009,55.798
"Congo, Dem. Rep.",COD,2008,55.388
"Congo, Dem. Rep.",COD,2007,54.954
"Congo, Dem. Rep.",COD,2006,54.498
"Congo, Dem. Rep.",COD,2005,54.001
"Congo, Dem. Rep.",COD,2004,53.534
"Congo, Dem. Rep.",COD,2003,52.952
"Congo, Dem. Rep.",COD,2002,52.371
"Congo, Dem. Rep.",COD,2001,52.205
"Congo, Dem. Rep.",COD,2000,51.887
"Congo, Rep.",COG,2023,65.772
"Congo, Rep.",COG,2022,65.0
"Congo, Rep.",COG,2021,64.192
"Congo, Rep.",COG,2020,64.391
"Congo, Rep.",COG,2019,63.152
"Congo, Rep.",COG,2018,64.472
"Congo, Rep.",COG,2017,64.203
"Congo, Rep.",COG,2016,63.911
"Congo, Rep.",COG,2015,63.662
"Congo, Rep.",COG,2014,63.349
"Congo, Rep.",COG,2013,62.969
"Congo, Rep.",COG,2012,62.662
"Congo, Rep.",COG,2011,62.286
"Congo, Rep.",COG,2010,61.731
"Congo, Rep.",COG,2009,61.215
"Congo, Rep.",COG,2008,60.79
"Congo, Rep.",COG,2007,60.05
"Congo, Rep.",COG,2006,59.474
"Congo, Rep.",COG,2005,58.73
"Congo, Rep.",COG,2004,57.957
"Congo, Rep.",COG,2003,57.131
"Congo, Rep.",COG,2002,56.414
"Congo, Rep.",COG,2001,55.885
"Congo, Rep.",COG,2000,55.371
Costa Rica,CRI,2023,80.799
Costa Rica,CRI,2022,79.316
Costa Rica,CRI,2021,78.05
Costa Rica,CRI,2020,79.725
Costa Rica,CRI,2019,80.296
Costa Rica,CRI,2018,80.09
Costa Rica,CRI,2017,79.994
Costa Rica,CRI,2016,79.988
Costa Rica,CRI,2015,80.407
Costa Rica,CRI,2014,80.231
Costa Rica,CRI,2013,80.189
Costa Rica,CRI,2012,79.925
Costa Rica,CRI,2011,79.624
Costa Rica,CRI,2010,79.354
Costa Rica,CRI,2009,79.372
Costa Rica,CRI,2008,79.18
Costa Rica,CRI,2007,79.098
Costa Rica,CRI,2006,79.049
Costa Rica,CRI,2005,78.877
Costa Rica,CRI,2004,78.512
Costa Rica,CRI,2003,78.214
Costa Rica,CRI,2002,77.939
Costa Rica,CRI,2001,77.609
Costa Rica,CRI,2000,77.317
Cote d'Ivoire,CIV,2023,61.944
Cote d'Ivoire,CIV,2022,61.562
Cote d'Ivoire,CIV,2021,60.29
Cote d'Ivoire,CIV,2020,60.14
Cote d'Ivoire,CIV,2019,60.274
Cote d'Ivoire,CIV,2018,59.795
Cote d'Ivoire,CIV,2017,59.315
Cote d'Ivoire,CIV,2016,58.814
Cote d'Ivoire,CIV,2015,58.281
Cote d'Ivoire,CIV,2014,57.772
Cote d'Ivoire,CIV,2013,57.057
Cote d'Ivoire,CIV,2012,56.57
Cote d'Ivoire,CIV,2011,55.972
Cote d'Ivoire,CIV,2010,55.282
Cote d'Ivoire,CIV,2009,54.744
Cote d'Ivoire,CIV,2008,54.179
Cote d'Ivoire,CIV,2007,53.452
Cote d'Ivoire,CIV,2006,52.885
Cote d'Ivoire,CIV,2005,52.432
Cote d'Ivoire,CIV,2004,51.939
Cote d'Ivoire,CIV,2003,51.443
Cote d'Ivoire,CIV,2002,51.544
Cote d'Ivoire,CIV,2001,51.428
Cote d'Ivoire,CIV,2000,51.393
Croatia,HRV,2023,78.4731707317073
Croatia,HRV,2022,77.5756097560976
Croatia,HRV,2021,76.4243902439025
Croatia,HRV,2020,77.5243902439024
Croatia,HRV,2019,78.2243902439024
Croatia,HRV,2018,77.919512195122
Croatia,HRV,2017,77.7268292682927
Croatia,HRV,2016,77.9219512195122
Croatia,HRV,2015,77.2756097560976
Croatia,HRV,2014,77.7243902439024
Croatia,HRV,2013,77.5707317073171
Croatia,HRV,2012,77.1682926829268
Croatia,HRV,2011,76.7756097560976
Croatia,HRV,2010,76.4756097560976
Croatia,HRV,2009,76.1682926829268
Croatia,HRV,2008,75.9121951219512
Croatia,HRV,2007,75.7056097560976
Croatia,HRV,2006,75.8368292682927
Croatia,HRV,2005,75.2446341463415
Croatia,HRV,2004,75.520243902439
Croatia,HRV,2003,74.6139024390244
Croatia,HRV,2002,74.7173170731707
Croatia,HRV,2001,74.5129268292683
Croatia,HRV,2000,72.8078048780488
Cuba,CUB,2023,78.085
Cuba,CUB,2022,77.629
Cuba,CUB,2021,73.201
Cuba,CUB,2020,77.407
Cuba,CUB,2019,77.413
Cuba,CUB,2018,77.426
Cuba,CUB,2017,77.3
Cuba,CUB,2016,77.571
Cuba,CUB,2015,77.745
Cuba,CUB,2014,77.825
Cuba,CUB,2013,78.028
Cuba,CUB,2012,78.162
Cuba,CUB,2011,78.051
Cuba,CUB,2010,77.876
Cuba,CUB,2009,77.584
Cuba,CUB,2008,77.589
Cuba,CUB,2007,77.55
Cuba,CUB,2006,77.406
Cuba,CUB,2005,77.54
Cuba,CUB,2004,77.326
Cuba,CUB,2003,77.405
Cuba,CUB,2002,76.766
Cuba,CUB,2001,76.429
Cuba,CUB,2000,75.922
Curacao,CUW,2023,76.8
Curacao,CUW,2022,76.729
Curacao,CUW,2021,75.686
Curacao,CUW,2020,76.501
Curacao,CUW,2019,76.492
Curacao,CUW,2018,76.493
Curacao,CUW,2017,76.423
Curacao,CUW,2016,76.322
Curacao,CUW,2015,76.482
Curacao,CUW,2014,76.384
Curacao,CUW,2013,76.239
Curacao,CUW,2012,75.96
Curacao,CUW,2011,75.576
Curacao,CUW,2010,75.117
Curacao,CUW,2009,74.485
Curacao,CUW,2008,74.314
Curacao,CUW,2007,74.137
Curacao,CUW,2006,73.978
Curacao,CUW,2005,73.873
Curacao,CUW,2004,73.735
Curacao,CUW,2003,73.603
Curacao,CUW,2002,73.472
Curacao,CUW,2001,73.36
Curacao,CUW,2000,73.283
Cyprus,CYP,2023,81.648
Cyprus,CYP,2022,80.434
Cyprus,CYP,2021,80.573
Cyprus,CYP,2020,81.23
Cyprus,CYP,2019,81.454
Cyprus,CYP,2018,81.556
Cyprus,CYP,2017,81.543
Cyprus,CYP,2016,81.534
Cyprus,CYP,2015,81.464
Cyprus,CYP,2014,81.337
Cyprus,CYP,2013,81.317
Cyprus,CYP,2012,81.128
Cyprus,CYP,2011,80.855
Cyprus,CYP,2010,80.632
Cyprus,CYP,2009,80.375
Cyprus,CYP,2008,79.906
Cyprus,CYP,2007,79.798
Cyprus,CYP,2006,79.456
Cyprus,CYP,2005,79.198
Cyprus,CYP,2004,79.007
Cyprus,CYP,2003,78.908
Cyprus,CYP,2002,78.758
Cyprus,CYP,2001,78.185
Cyprus,CYP,2000,77.9
Czechia,CZE,2023,79.8268292682927
Czechia,CZE,2022,78.9292682926829
Czechia,CZE,2021,77.2219512195122
Czechia,CZE,2020,78.2268292682927
Czechia,CZE,2019,79.2292682926829
Czechia,CZE,2018,79.0292682926829
Czechia,CZE,2017,78.9780487804878
Czechia,CZE,2016,79.0268292682927
Czechia,CZE,2015,78.5780487804878
Czechia,CZE,2014,78.8243902439024
Czechia,CZE,2013,78.1756097560976
Czechia,CZE,2012,78.0756097560976
Czechia,CZE,2011,77.8731707317073
Czechia,CZE,2010,77.4243902439025
Czechia,CZE,2009,77.0780487804878
Czechia,CZE,2008,76.9756097560976
Czechia,CZE,2007,76.7243902439025
Czechia,CZE,2006,76.5243902439024
Czechia,CZE,2005,75.9243902439025
Czechia,CZE,2004,75.7219512195122
Czechia,CZE,2003,75.1707317073171
Czechia,CZE,2002,75.2219512195122
Czechia,CZE,2001,75.1731707317073
Czechia,CZE,2000,74.9682926829268
Denmark,DNK,2023,81.7536585365854
Denmark,DNK,2022,81.3048780487805
Denmark,DNK,2021,81.4048780487805
Denmark,DNK,2020,81.6024390243903
Denmark,DNK,2019,81.4512195121951
Denmark,DNK,2018,80.9536585365854
Denmark,DNK,2017,81.1024390243903
Denmark,DNK,2016,80.8536585365854
Denmark,DNK,2015,80.7024390243902
Denmark,DNK,2014,80.7
Denmark,DNK,2013,80.3
Denmark,DNK,2012,80.0512195121951
Denmark,DNK,2011,79.8
Denmark,DNK,2010,79.1
Denmark,DNK,2009,78.5975609756098
Denmark,DNK,2008,78.4463414634146
Denmark,DNK,2007,78.1951219512195
Denmark,DNK,2006,78.0951219512195
Denmark,DNK,2005,77.8439024390244
Denmark,DNK,2004,77.4926829268293
Denmark,DNK,2003,77.1439024390244
Denmark,DNK,2002,76.8951219512195
Denmark,DNK,2001,76.7926829268293
Denmark,DNK,2000,76.5926829268293
Djibouti,DJI,2023,65.987
Djibouti,DJI,2022,65.54
Djibouti,DJI,2021,63.83
Djibouti,DJI,2020,64.2
Djibouti,DJI,2019,64.381
Djibouti,DJI,2018,64.105
Djibouti,DJI,2017,63.71
Djibouti,DJI,2016,63.335
Djibouti,DJI,2015,62.833
Djibouti,DJI,2014,62.427
Djibouti,DJI,2013,62.116
Djibouti,DJI,2012,61.719
Djibouti,DJI,2011,61.337
Djibouti,DJI,2010,60.743
Djibouti,DJI,2009,60.351
Djibouti,DJI,2008,59.815
Djibouti,DJI,2007,59.362
Djibouti,DJI,2006,58.962
Djibouti,DJI,2005,58.548
Djibouti,DJI,2004,58.103
Djibouti,DJI,2003,58.041
Djibouti,DJI,2002,57.824
Djibouti,DJI,2001,57.506
Djibouti,DJI,2000,56.734
Dominica,DMA,2023,71.132
Dominica,DMA,2022,71.081
Dominica,DMA,2021,69.832
Dominica,DMA,2020,71.269
Dominica,DMA,2019,71.305
Dominica,DMA,2018,71.378
Dominica,DMA,2017,68.62
Dominica,DMA,2016,71.189
Dominica,DMA,2015,69.968
Dominica,DMA,2014,71.189
Dominica,DMA,2013,71.228
Dominica,DMA,2012,71.391
Dominica,DMA,2011,71.517
Dominica,DMA,2010,71.68
Dominica,DMA,2009,71.835
Dominica,DMA,2008,71.945
Dominica,DMA,2007,71.901
Dominica,DMA,2006,72.007
Dominica,DMA,2005,72.016
Dominica,DMA,2004,71.987
Dominica,DMA,2003,71.942
Dominica,DMA,2002,71.927
Dominica,DMA,2001,71.862
Dominica,DMA,2000,71.715
Dominican Republic,DOM,2023,73.72
Dominican Republic,DOM,2022,74.211
Dominican Republic,DOM,2021,71.757
Dominican Republic,DOM,2020,72.636
Dominican Republic,DOM,2019,73.112
Dominican Republic,DOM,2018,73.555
Dominican Republic,DOM,2017,73.37
Dominican Republic,DOM,2016,72.889
Dominican Republic,DOM,2015,72.982
Dominican Republic,DOM,2014,73.145
Dominican Republic,DOM,2013,73.038
Dominican Republic,DOM,2012,72.817
Dominican Republic,DOM,2011,72.496
Dominican Republic,DOM,2010,72.039
Dominican Republic,DOM,2009,71.587
Dominican Republic,DOM,2008,71.331
Dominican Republic,DOM,2007,71.097
Dominican Republic,DOM,2006,71.054
Dominican Republic,DOM,2005,71.043
Dominican Republic,DOM,2004,70.73
Dominican Republic,DOM,2003,70.856
Dominican Republic,DOM,2002,70.719
Dominican Republic,DOM,2001,70.553
Dominican Republic,DOM,2000,70.365
Ecuador,ECU,2023,77.392
Ecuador,ECU,2022,76.577
Ecuador,ECU,2021,72.746
Ecuador,ECU,2020,72.004
Ecuador,ECU,2019,77.286
Ecuador,ECU,2018,77.248
Ecuador,ECU,2017,76.22
Ecuador,ECU,2016,76.094
Ecuador,ECU,2015,76.222
Ecuador,ECU,2014,76.141
Ecuador,ECU,2013,75.832
Ecuador,ECU,2012,75.486
Ecuador,ECU,2011,75.179
Ecuador,ECU,2010,75.188
Ecuador,ECU,2009,74.901
Ecuador,ECU,2008,74.709
Ecuador,ECU,2007,74.226
Ecuador,ECU,2006,74.01
Ecuador,ECU,2005,73.909
Ecuador,ECU,2004,73.868
Ecuador,ECU,2003,73.632
Ecuador,ECU,2002,73.164
Ecuador,ECU,2001,72.571
Ecuador,ECU,2000,72.09
"Egypt, Arab Rep.",EGY,2023,71.633
"Egypt, Arab Rep.",EGY,2022,71.01
"Egypt, Arab Rep.",EGY,2021,68.976
"Egypt, Arab Rep.",EGY,2020,69.79
"Egypt, Arab Rep.",EGY,2019,71.213
"Egypt, Arab Rep.",EGY,2018,70.974
"Egypt, Arab Rep.",EGY,2017,70.709
"Egypt, Arab Rep.",EGY,2016,70.437
"Egypt, Arab Rep.",EGY,2015,70.135
"Egypt, Arab Rep.",EGY,2014,69.911
"Egypt, Arab Rep.",EGY,2013,69.632
"Egypt, Arab Rep.",EGY,2012,69.464
"Egypt, Arab Rep.",EGY,2011,69.232
"Egypt, Arab Rep.",EGY,2010,69.078
"Egypt, Arab Rep.",EGY,2009,68.915
"Egypt, Arab Rep.",EGY,2008,68.761
"Egypt, Arab Rep.",EGY,2007,68.627
"Egypt, Arab Rep.",EGY,2006,68.493
"Egypt, Arab Rep.",EGY,2005,68.355
"Egypt, Arab Rep.",EGY,2004,68.211
"Egypt, Arab Rep.",EGY,2003,68.045
"Egypt, Arab Rep.",EGY,2002,67.846
"Egypt, Arab Rep.",EGY,2001,67.612
"Egypt, Arab Rep.",EGY,2000,67.332
El Salvador,SLV,2023,72.099
El Salvador,SLV,2022,71.969
El Salvador,SLV,2021,69.941
El Salvador,SLV,2020,70.244
El Salvador,SLV,2019,71.725
El Salvador,SLV,2018,71.384
El Salvador,SLV,2017,71.007
El Salvador,SLV,2016,70.908
El Salvador,SLV,2015,70.952
El Salvador,SLV,2014,71.144
El Salvador,SLV,2013,71.225
El Salvador,SLV,2012,71.42
El Salvador,SLV,2011,71.192
El Salvador,SLV,2010,70.909
El Salvador,SLV,2009,70.359
El Salvador,SLV,2008,70.138
El Salvador,SLV,2007,69.82
El Salvador,SLV,2006,69.612
El Salvador,SLV,2005,69.336
El Salvador,SLV,2004,69.295
El Salvador,SLV,2003,68.792
El Salvador,SLV,2002,68.526
El Salvador,SLV,2001,67.965
El Salvador,SLV,2000,67.711
Equatorial Guinea,GNQ,2023,63.707
Equatorial Guinea,GNQ,2022,63.355
Equatorial Guinea,GNQ,2021,62.447
Equatorial Guinea,GNQ,2020,62.141
Equatorial Guinea,GNQ,2019,62.297
Equatorial Guinea,GNQ,2018,61.915
Equatorial Guinea,GNQ,2017,61.481
Equatorial Guinea,GNQ,2016,61.081
Equatorial Guinea,GNQ,2015,60.635
Equatorial Guinea,GNQ,2014,60.228
Equatorial Guinea,GNQ,2013,59.784
Equatorial Guinea,GNQ,2012,59.301
Equatorial Guinea,GNQ,2011,58.827
Equatorial Guinea,GNQ,2010,58.344
Equatorial Guinea,GNQ,2009,57.881
Equatorial Guinea,GNQ,2008,57.384
Equatorial Guinea,GNQ,2007,56.857
Equatorial Guinea,GNQ,2006,56.354
Equatorial Guinea,GNQ,2005,55.766
Equatorial Guinea,GNQ,2004,55.307
Equatorial Guinea,GNQ,2003,54.791
Equatorial Guinea,GNQ,2002,54.324
Equatorial Guinea,GNQ,2001,53.827
Equatorial Guinea,GNQ,2000,53.395
Eritrea,ERI,2023,68.624
Eritrea,ERI,2022,67.789
Eritrea,ERI,2021,66.94
Eritrea,ERI,2020,66.98
Eritrea,ERI,2019,67.306
Eritrea,ERI,2018,66.979
Eritrea,ERI,2017,66.612
Eritrea,ERI,2016,66.242
Eritrea,ERI,2015,65.909
Eritrea,ERI,2014,65.517
Eritrea,ERI,2013,65.005
Eritrea,ERI,2012,64.697
Eritrea,ERI,2011,64.231
Eritrea,ERI,2010,63.665
Eritrea,ERI,2009,63.203
Eritrea,ERI,2008,62.422
Eritrea,ERI,2007,61.998
Eritrea,ERI,2006,61.457
Eritrea,ERI,2005,60.628
Eritrea,ERI,2004,60.063
Eritrea,ERI,2003,59.455
Eritrea,ERI,2002,58.941
Eritrea,ERI,2001,58.359
Eritrea,ERI,2000,56.285
Estonia,EST,2023,78.7926829268293
Estonia,EST,2022,77.8439024390244
Estonia,EST,2021,76.9439024390244
Estonia,EST,2020,78.5951219512195
Estonia,EST,2019,78.6463414634147
Estonia,EST,2018,78.2439024390244
Estonia,EST,2017,78.0926829268293
Estonia,EST,2016,77.6414634146342
Estonia,EST,2015,77.590243902439
Estonia,EST,2014,77.0341463414634
Estonia,EST,2013,77.1414634146341
Estonia,EST,2012,76.3268292682927
Estonia,EST,2011,76.2292682926829
Estonia,EST,2010,75.4292682926829
Estonia,EST,2009,74.8243902439024
Estonia,EST,2008,73.7707317073171
Estonia,EST,2007,72.8146341463415
Estonia,EST,2006,72.6914634146341
Estonia,EST,2005,72.5682926829268
Estonia,EST,2004,71.909756097561
Estonia,EST,2003,71.3170731707317
Estonia,EST,2002,70.9048780487805
Estonia,EST,2001,70.2585365853659
Estonia,EST,2000,70.4170731707317
Eswatini,SWZ,2023,64.123
Eswatini,SWZ,2022,63.028
Eswatini,SWZ,2021,58.228
Eswatini,SWZ,2020,59.862
Eswatini,SWZ,2019,59.85
Eswatini,SWZ,2018,58.707
Eswatini,SWZ,2017,57.574
Eswatini,SWZ,2016,56.228
Eswatini,SWZ,2015,54.941
Eswatini,SWZ,2014,53.491
Eswatini,SWZ,2013,52.11
Eswatini,SWZ,2012,50.714
Eswatini,SWZ,2011,49.057
Eswatini,SWZ,2010,48.331
Eswatini,SWZ,2009,46.913
Eswatini,SWZ,2008,45.853
Eswatini,SWZ,2007,45.16
Eswatini,SWZ,2006,44.563
Eswatini,SWZ,2005,43.958
Eswatini,SWZ,2004,43.906
Eswatini,SWZ,2003,44.632
Eswatini,SWZ,2002,45.38
Eswatini,SWZ,2001,46.344
Eswatini,SWZ,2000,47.627
Ethiopia,ETH,2023,67.315
Ethiopia,ETH,2022,66.897
Ethiopia,ETH,2021,65.33
Ethiopia,ETH,2020,65.969
Ethiopia,ETH,2019,65.741
Ethiopia,ETH,2018,65.257
Ethiopia,ETH,2017,64.766
Ethiopia,ETH,2016,64.162
Ethiopia,ETH,2015,63.592
Ethiopia,ETH,2014,62.927
Ethiopia,ETH,2013,62.161
Ethiopia,ETH,2012,61.443
Ethiopia,ETH,2011,60.595
Ethiopia,ETH,2010,59.709
Ethiopia,ETH,2009,58.715
Ethiopia,ETH,2008,57.733
Ethiopia,ETH,2007,56.566
Ethiopia,ETH,2006,55.402
Ethiopia,ETH,2005,54.364
Ethiopia,ETH,2004,53.735
Ethiopia,ETH,2003,52.877
Ethiopia,ETH,2002,52.085
Ethiopia,ETH,2001,51.428
Ethiopia,ETH,2000,50.88
Faroe Islands,FRO,2023,82.9521195121951
Faroe Islands,FRO,2022,82.8162292682927
Faroe Islands,FRO,2021,82.6763219512195
Faroe Islands,FRO,2020,82.5341926829268
Faroe Islands,FRO,2019,82.3912829268293
Faroe Islands,FRO,2018,82.2486024390244
Faroe Islands,FRO,2017,82.1062926829268
Faroe Islands,FRO,2016,81.962112195122
Faroe Islands,FRO,2015,81.7995975609756
Faroe Islands,FRO,2014,81.5912048780488
Faroe Islands,FRO,2013,81.356643902439
Faroe Islands,FRO,2012,81.1060951219512
Faroe Islands,FRO,2011,80.8518097560976
Faroe Islands,FRO,2010,80.604956097561
Faroe Islands,FRO,2009,80.3695317073171
Faroe Islands,FRO,2008,80.1460804878049
Faroe Islands,FRO,2007,79.9238243902439
Faroe Islands,FRO,2006,79.6898609756098
Faroe Islands,FRO,2005,79.4453463414634
Faroe Islands,FRO,2004,79.2049804878049
Faroe Islands,FRO,2003,78.9848073170732
Faroe Islands,FRO,2002,78.7876585365854
Faroe Islands,FRO,2001,78.6017292682927
Faroe Islands,FRO,2000,78.4119073170732
Fiji,FJI,2023,67.316
Fiji,FJI,2022,67.148
Fiji,FJI,2021,64.904
Fiji,FJI,2020,66.924
Fiji,FJI,2019,67.009
Fiji,FJI,2018,66.965
Fiji,FJI,2017,67.06
Fiji,FJI,2016,66.657
Fiji,FJI,2015,66.48
Fiji,FJI,2014,66.581
Fiji,FJI,2013,66.545
Fiji,FJI,2012,65.812
Fiji,FJI,2011,66.88
Fiji,FJI,2010,66.778
Fiji,FJI,2009,66.347
Fiji,FJI,2008,66.32
Fiji,FJI,2007,66.161
Fiji,FJI,2006,66.126
Fiji,FJI,2005,65.983
Fiji,FJI,2004,65.841
Fiji,FJI,2003,65.653
Fiji,FJI,2002,65.492
Fiji,FJI,2001,66.205
Fiji,FJI,2000,66.194
Finland,FIN,2023,81.5853658536585
Finland,FIN,2022,81.1878048780488
Finland,FIN,2021,81.8853658536585
Finland,FIN,2020,81.9317073170732
Finland,FIN,2019,81.9829268292683
Finland,FIN,2018,81.7341463414634
Finland,FIN,2017,81.6317073170732
Finland,FIN,2016,81.4292682926829
Finland,FIN,2015,81.4804878048781
Finland,FIN,2014,81.1804878048781
Finland,FIN,2013,80.9756097560976
Finland,FIN,2012,80.6268292682927
Finland,FIN,2011,80.4707317073171
Finland,FIN,2010,79.8707317073171
Finland,FIN,2009,79.719512195122
Finland,FIN,2008,79.5682926829268
Finland,FIN,2007,79.2634146341464
Finland,FIN,2006,79.2146341463415
Finland,FIN,2005,78.8170731707317
Finland,FIN,2004,78.7146341463415
Finland,FIN,2003,78.3682926829268
Finland,FIN,2002,78.119512195122
Finland,FIN,2001,77.9658536585366
Finland,FIN,2000,77.4658536585366
France,FRA,2023,82.8317073170732
France,FRA,2022,82.1292682926829
France,FRA,2021,82.3243902439024
France,FRA,2020,82.1756097560976
France,FRA,2019,82.8268292682927
France,FRA,2018,82.6756097560976
France,FRA,2017,82.5756097560976
France,FRA,2016,82.5731707317073
France,FRA,2015,82.3219512195122
France,FRA,2014,82.719512195122
France,FRA,2013,82.219512195122
France,FRA,2012,81.9682926829268
France,FRA,2011,82.1146341463415
France,FRA,2010,81.6634146341463
France,FRA,2009,81.4146341463415
France,FRA,2008,81.2146341463415
France,FRA,2007,81.1121951219512
France,FRA,2006,80.8121951219512
France,FRA,2005,80.1634146341463
France,FRA,2004,80.1634146341463
France,FRA,2003,79.1146341463415
France,FRA,2002,79.2609756097561
France,FRA,2001,79.1585365853659
France,FRA,2000,79.0560975609756
French Polynesia,PYF,2023,84.07
French Polynesia,PYF,2022,83.859
French Polynesia,PYF,2021,79.571
French Polynesia,PYF,2020,82.459
French Polynesia,PYF,2019,83.195
French Polynesia,PYF,2018,82.985
French Polynesia,PYF,2017,82.774
French Polynesia,PYF,2016,82.555
French Polynesia,PYF,2015,82.339
French Polynesia,PYF,2014,82.151
French Polynesia,PYF,2013,81.935
French Polynesia,PYF,2012,81.695
French Polynesia,PYF,2011,81.434
French Polynesia,PYF,2010,81.141
French Polynesia,PYF,2009,80.867
French Polynesia,PYF,2008,80.587
French Polynesia,PYF,2007,80.328
French Polynesia,PYF,2006,80.1
French Polynesia,PYF,2005,79.951
French Polynesia,PYF,2004,79.829
French Polynesia,PYF,2003,79.71
French Polynesia,PYF,2002,79.544
French Polynesia,PYF,2001,79.316
French Polynesia,PYF,2000,79.0
Gabon,GAB,2023,68.337
Gabon,GAB,2022,67.713
Gabon,GAB,2021,67.072
Gabon,GAB,2020,67.073
Gabon,GAB,2019,67.337
Gabon,GAB,2018,67.043
Gabon,GAB,2017,66.816
Gabon,GAB,2016,66.583
Gabon,GAB,2015,66.336
Gabon,GAB,2014,66.07
Gabon,GAB,2013,65.751
Gabon,GAB,2012,65.438
Gabon,GAB,2011,65.102
Gabon,GAB,2010,64.715
Gabon,GAB,2009,64.361
Gabon,GAB,2008,64.011
Gabon,GAB,2007,63.619
Gabon,GAB,2006,63.259
Gabon,GAB,2005,62.978
Gabon,GAB,2004,62.694
Gabon,GAB,2003,62.463
Gabon,GAB,2002,62.175
Gabon,GAB,2001,61.982
Gabon,GAB,2000,61.81
"Gambia, The",GMB,2023,65.86
"Gambia, The",GMB,2022,64.859
"Gambia, The",GMB,2021,63.847
"Gambia, The",GMB,2020,64.418
"Gambia, The",GMB,2019,64.427
"Gambia, The",GMB,2018,64.034
"Gambia, The",GMB,2017,63.708
"Gambia, The",GMB,2016,63.386
"Gambia, The",GMB,2015,62.971
"Gambia, The",GMB,2014,62.576
"Gambia, The",GMB,2013,62.252
"Gambia, The",GMB,2012,61.9
"Gambia, The",GMB,2011,61.561
"Gambia, The",GMB,2010,61.167
"Gambia, The",GMB,2009,60.735
"Gambia, The",GMB,2008,60.473
"Gambia, The",GMB,2007,60.001
"Gambia, The",GMB,2006,59.667
"Gambia, The",GMB,2005,59.11
"Gambia, The",GMB,2004,58.749
"Gambia, The",GMB,2003,58.223
"Gambia, The",GMB,2002,57.736
"Gambia, The",GMB,2001,57.283
"Gambia, The",GMB,2000,56.899
Georgia,GEO,2023,74.496
Georgia,GEO,2022,74.141
Georgia,GEO,2021,71.635
Georgia,GEO,2020,73.509
Georgia,GEO,2019,74.165
Georgia,GEO,2018,73.985
Georgia,GEO,2017,73.435
Georgia,GEO,2016,73.136
Georgia,GEO,2015,73.241
Georgia,GEO,2014,73.105
Georgia,GEO,2013,73.025
Georgia,GEO,2012,72.672
Georgia,GEO,2011,72.485
Georgia,GEO,2010,71.732
Georgia,GEO,2009,71.058
Georgia,GEO,2008,70.949
Georgia,GEO,2007,70.985
Georgia,GEO,2006,70.983
Georgia,GEO,2005,70.689
Georgia,GEO,2004,71.011
Georgia,GEO,2003,71.377
Georgia,GEO,2002,70.438
Georgia,GEO,2001,70.371
Georgia,GEO,2000,70.091
Germany,DEU,2023,81.0414634146342
Germany,DEU,2022,80.6080487804878
Germany,DEU,2021,80.790243902439
Germany,DEU,2020,81.0414634146342
Germany,DEU,2019,81.2926829268293
Germany,DEU,2018,80.8926829268293
Germany,DEU,2017,80.9926829268293
Germany,DEU,2016,80.990243902439
Germany,DEU,2015,80.6414634146341
Germany,DEU,2014,81.090243902439
Germany,DEU,2013,80.490243902439
Germany,DEU,2012,80.5390243902439
Germany,DEU,2011,80.4365853658537
Germany,DEU,2010,79.9878048780488
Germany,DEU,2009,79.8365853658537
Germany,DEU,2008,79.7365853658537
Germany,DEU,2007,79.5341463414634
Germany,DEU,2006,79.1317073170732
Germany,DEU,2005,78.9317073170732
Germany,DEU,2004,78.6804878048781
Germany,DEU,2003,78.3804878048781
Germany,DEU,2002,78.2292682926829
Germany,DEU,2001,78.3292682926829
Germany,DEU,2000,77.9268292682927
Ghana,GHA,2023,65.498
Ghana,GHA,2022,65.246
Ghana,GHA,2021,64.286
Ghana,GHA,2020,64.309
Ghana,GHA,2019,64.455
Ghana,GHA,2018,64.138
Ghana,GHA,2017,63.829
Ghana,GHA,2016,63.522
Ghana,GHA,2015,63.175
Ghana,GHA,2014,62.832
Ghana,GHA,2013,62.397
Ghana,GHA,2012,61.995
Ghana,GHA,2011,61.617
Ghana,GHA,2010,61.297
Ghana,GHA,2009,60.928
Ghana,GHA,2008,60.578
Ghana,GHA,2007,60.282
Ghana,GHA,2006,59.975
Ghana,GHA,2005,59.638
Ghana,GHA,2004,59.316
Ghana,GHA,2003,59.014
Ghana,GHA,2002,58.709
Ghana,GHA,2001,58.403
Ghana,GHA,2000,58.139
Gibraltar,GIB,2023,83.553
Gibraltar,GIB,2022,83.517
Gibraltar,GIB,2021,80.274
Gibraltar,GIB,2020,83.07
Gibraltar,GIB,2019,83.183
Gibraltar,GIB,2018,83.028
Gibraltar,GIB,2017,82.858
Gibraltar,GIB,2016,82.741
Gibraltar,GIB,2015,82.668
Gibraltar,GIB,2014,82.644
Gibraltar,GIB,2013,82.586
Gibraltar,GIB,2012,82.527
Gibraltar,GIB,2011,82.333
Gibraltar,GIB,2010,82.08
Gibraltar,GIB,2009,81.807
Gibraltar,GIB,2008,81.541
Gibraltar,GIB,2007,81.269
Gibraltar,GIB,2006,81.103
Gibraltar,GIB,2005,80.991
Gibraltar,GIB,2004,80.856
Gibraltar,GIB,2003,80.713
Gibraltar,GIB,2002,80.59
Gibraltar,GIB,2001,80.419
Gibraltar,GIB,2000,80.145
Greece,GRC,2023,81.7365853658537
Greece,GRC,2022,80.7878048780488
Greece,GRC,2021,80.0829268292683
Greece,GRC,2020,81.2878048780488
Greece,GRC,2019,81.6390243902439
Greece,GRC,2018,81.7878048780488
Greece,GRC,2017,81.2878048780488
Greece,GRC,2016,81.3878048780488
Greece,GRC,2015,81.0365853658537
Greece,GRC,2014,81.3853658536585
Greece,GRC,2013,81.2853658536585
Greece,GRC,2012,80.6341463414634
Greece,GRC,2011,80.7317073170732
Greece,GRC,2010,80.3878048780488
Greece,GRC,2009,80.1878048780488
Greece,GRC,2008,79.9390243902439
Greece,GRC,2007,79.4390243902439
Greece,GRC,2006,79.4390243902439
Greece,GRC,2005,79.2390243902439
Greece,GRC,2004,79.0390243902439
Greece,GRC,2003,78.8414634146341
Greece,GRC,2002,78.6414634146341
Greece,GRC,2001,78.3878048780488
Greece,GRC,2000,77.8878048780488
Greenland,GRL,2023,70.9724390243902
Greenland,GRL,2022,71.230243902439
Greenland,GRL,2021,71.2614634146342
Greenland,GRL,2020,71.2858536585366
Greenland,GRL,2019,71.4092682926829
Greenland,GRL,2018,71.3609756097561
Greenland,GRL,2017,71.2563414634146
Greenland,GRL,2016,71.1990243902439
Greenland,GRL,2015,70.909756097561
Greenland,GRL,2014,70.5082926829268
Greenland,GRL,2013,70.2917073170732
Greenland,GRL,2012,69.959512195122
Greenland,GRL,2011,69.6146341463415
Greenland,GRL,2010,69.349756097561
Greenland,GRL,2009,69.0321951219512
Greenland,GRL,2008,68.5660975609756
Greenland,GRL,2007,68.2739024390244
Greenland,GRL,2006,67.8180487804878
Greenland,GRL,2005,67.3051219512195
Greenland,GRL,2004,66.8080487804878
Greenland,GRL,2003,66.1229268292683
Greenland,GRL,2002,65.419512195122
Greenland,GRL,2001,65.0058536585366
Greenland,GRL,2000,64.8034146341463
Grenada,GRD,2023,75.205
Grenada,GRD,2022,75.151
Grenada,GRD,2021,74.522
Grenada,GRD,2020,75.019
Grenada,GRD,2019,74.971
Grenada,GRD,2018,74.957
Grenada,GRD,2017,74.977
Grenada,GRD,2016,75.01
Grenada,GRD,2015,75.037
Grenada,GRD,2014,75.045
Grenada,GRD,2013,75.022
Grenada,GRD,2012,74.961
Grenada,GRD,2011,74.861
Grenada,GRD,2010,74.731
Grenada,GRD,2009,74.567
Grenada,GRD,2008,74.374
Grenada,GRD,2007,74.159
Grenada,GRD,2006,73.93
Grenada,GRD,2005,73.7
Grenada,GRD,2004,72.447
Grenada,GRD,2003,73.291
Grenada,GRD,2002,73.142
Grenada,GRD,2001,73.034
Grenada,GRD,2000,72.955
Guam,GUM,2023,77.209
Guam,GUM,2022,77.102
Guam,GUM,2021,75.434
Guam,GUM,2020,75.529
Guam,GUM,2019,76.645
Guam,GUM,2018,76.561
Guam,GUM,2017,76.463
Guam,GUM,2016,76.449
Guam,GUM,2015,76.444
Guam,GUM,2014,76.423
Guam,GUM,2013,76.361
Guam,GUM,2012,76.237
Guam,GUM,2011,76.153
Guam,GUM,2010,76.095
Guam,GUM,2009,76.141
Guam,GUM,2008,76.233
Guam,GUM,2007,76.397
Guam,GUM,2006,76.477
Guam,GUM,2005,76.427
Guam,GUM,2004,76.114
Guam,GUM,2003,75.885
Guam,GUM,2002,75.506
Guam,GUM,2001,75.195
Guam,GUM,2000,74.894
Guatemala,GTM,2023,72.602
Guatemala,GTM,2022,71.206
Guatemala,GTM,2021,67.858
Guatemala,GTM,2020,69.971
Guatemala,GTM,2019,71.639
Guatemala,GTM,2018,71.496
Guatemala,GTM,2017,71.583
Guatemala,GTM,2016,71.215
Guatemala,GTM,2015,70.915
Guatemala,GTM,2014,70.942
Guatemala,GTM,2013,70.878
Guatemala,GTM,2012,70.722
Guatemala,GTM,2011,70.321
Guatemala,GTM,2010,69.885
Guatemala,GTM,2009,69.676
Guatemala,GTM,2008,69.493
Guatemala,GTM,2007,69.299
Guatemala,GTM,2006,68.79
Guatemala,GTM,2005,68.167
Guatemala,GTM,2004,68.245
Guatemala,GTM,2003,68.204
Guatemala,GTM,2002,67.835
Guatemala,GTM,2001,67.436
Guatemala,GTM,2000,67.102
Guinea,GIN,2023,60.74
Guinea,GIN,2022,60.432
Guinea,GIN,2021,59.373
Guinea,GIN,2020,59.35
Guinea,GIN,2019,59.379
Guinea,GIN,2018,59.043
Guinea,GIN,2017,58.715
Guinea,GIN,2016,58.49
Guinea,GIN,2015,57.899
Guinea,GIN,2014,57.581
Guinea,GIN,2013,57.459
Guinea,GIN,2012,57.117
Guinea,GIN,2011,56.778
Guinea,GIN,2010,56.431
Guinea,GIN,2009,56.052
Guinea,GIN,2008,55.703
Guinea,GIN,2007,55.233
Guinea,GIN,2006,54.875
Guinea,GIN,2005,54.422
Guinea,GIN,2004,53.975
Guinea,GIN,2003,53.589
Guinea,GIN,2002,53.2
Guinea,GIN,2001,52.669
Guinea,GIN,2000,52.42
Guinea-Bissau,GNB,2023,64.085
Guinea-Bissau,GNB,2022,63.605
Guinea-Bissau,GNB,2021,61.653
Guinea-Bissau,GNB,2020,61.343
Guinea-Bissau,GNB,2019,62.161
Guinea-Bissau,GNB,2018,61.652
Guinea-Bissau,GNB,2017,61.148
Guinea-Bissau,GNB,2016,60.619
Guinea-Bissau,GNB,2015,60.071
Guinea-Bissau,GNB,2014,59.476
Guinea-Bissau,GNB,2013,58.879
Guinea-Bissau,GNB,2012,58.27
Guinea-Bissau,GNB,2011,57.663
Guinea-Bissau,GNB,2010,56.999
Guinea-Bissau,GNB,2009,56.297
Guinea-Bissau,GNB,2008,55.3
Guinea-Bissau,GNB,2007,54.87
Guinea-Bissau,GNB,2006,54.089
Guinea-Bissau,GNB,2005,52.949
Guinea-Bissau,GNB,2004,52.8
Guinea-Bissau,GNB,2003,52.186
Guinea-Bissau,GNB,2002,51.608
Guinea-Bissau,GNB,2001,51.054
Guinea-Bissau,GNB,2000,50.565
Guyana,GUY,2023,70.18
Guyana,GUY,2022,69.888
Guyana,GUY,2021,64.323
Guyana,GUY,2020,67.751
Guyana,GUY,2019,69.067
Guyana,GUY,2018,68.829
Guyana,GUY,2017,68.543
Guyana,GUY,2016,68.069
Guyana,GUY,2015,67.719
Guyana,GUY,2014,67.334
Guyana,GUY,2013,66.71
Guyana,GUY,2012,66.443
Guyana,GUY,2011,66.469
Guyana,GUY,2010,66.204
Guyana,GUY,2009,66.03
Guyana,GUY,2008,65.721
Guyana,GUY,2007,65.462
Guyana,GUY,2006,64.848
Guyana,GUY,2005,64.392
Guyana,GUY,2004,64.214
Guyana,GUY,2003,64.117
Guyana,GUY,2002,64.183
Guyana,GUY,2001,64.38
Guyana,GUY,2000,64.075
Haiti,HTI,2023,64.936
Haiti,HTI,2022,63.948
Haiti,HTI,2021,62.613
Haiti,HTI,2020,63.773
Haiti,HTI,2019,64.328
Haiti,HTI,2018,64.077
Haiti,HTI,2017,63.832
Haiti,HTI,2016,63.325
Haiti,HTI,2015,63.224
Haiti,HTI,2014,62.969
Haiti,HTI,2013,62.624
Haiti,HTI,2012,62.273
Haiti,HTI,2011,61.581
Haiti,HTI,2010,45.577
Haiti,HTI,2009,61.694
Haiti,HTI,2008,61.28
Haiti,HTI,2007,61.09
Haiti,HTI,2006,60.74
Haiti,HTI,2005,60.318
Haiti,HTI,2004,58.517
Haiti,HTI,2003,59.44
Haiti,HTI,2002,59.041
Haiti,HTI,2001,58.591
Haiti,HTI,2000,58.175
Honduras,HND,2023,72.884
Honduras,HND,2022,72.715
Honduras,HND,2021,69.492
Honduras,HND,2020,70.864
Honduras,HND,2019,72.124
Honduras,HND,2018,72.001
Honduras,HND,2017,71.805
Honduras,HND,2016,71.615
Honduras,HND,2015,71.323
Honduras,HND,2014,71.032
Honduras,HND,2013,70.765
Honduras,HND,2012,70.46
Honduras,HND,2011,70.116
Honduras,HND,2010,69.77
Honduras,HND,2009,69.823
Honduras,HND,2008,69.657
Honduras,HND,2007,69.539
Honduras,HND,2006,69.364
Honduras,HND,2005,69.198
Honduras,HND,2004,69.05
Honduras,HND,2003,68.874
Honduras,HND,2002,68.714
Honduras,HND,2001,68.491
Honduras,HND,2000,68.302
"Hong Kong SAR, China",HKG,2023,85.2473170731707
"Hong Kong SAR, China",HKG,2022,83.6609756097561
"Hong Kong SAR, China",HKG,2021,85.5326829268293
"Hong Kong SAR, China",HKG,2020,85.4963414634146
"Hong Kong SAR, China",HKG,2019,85.1558536585366
"Hong Kong SAR, China",HKG,2018,84.869756097561
"Hong Kong SAR, China",HKG,2017,84.6956097560976
"Hong Kong SAR, China",HKG,2016,84.2114634146342
"Hong Kong SAR, China",HKG,2015,84.2526829268293
"Hong Kong SAR, China",HKG,2014,83.9356097560976
"Hong Kong SAR, China",HKG,2013,83.8312195121951
"Hong Kong SAR, China",HKG,2012,83.450243902439
"Hong Kong SAR, China",HKG,2011,83.4119512195122
"Hong Kong SAR, China",HKG,2010,82.9575609756098
"Hong Kong SAR, China",HKG,2009,82.7751219512195
"Hong Kong SAR, China",HKG,2008,82.3404878048781
"Hong Kong SAR, China",HKG,2007,82.3668292682927
"Hong Kong SAR, China",HKG,2006,82.3848780487805
"Hong Kong SAR, China",HKG,2005,81.6090243902439
"Hong Kong SAR, China",HKG,2004,81.7992682926829
"Hong Kong SAR, China",HKG,2003,81.3434146341464
"Hong Kong SAR, China",HKG,2002,81.4521951219512
"Hong Kong SAR, China",HKG,2001,81.4192682926829
"Hong Kong SAR, China",HKG,2000,80.8731707317073
Hungary,HUN,2023,76.5707317073171
Hungary,HUN,2022,75.8682926829268
Hungary,HUN,2021,74.0658536585366
Hungary,HUN,2020,75.419512195122
Hungary,HUN,2019,76.3195121951219
Hungary,HUN,2018,76.0658536585366
Hungary,HUN,2017,75.8170731707317
Hungary,HUN,2016,76.0634146341464
Hungary,HUN,2015,75.5682926829269
Hungary,HUN,2014,75.7634146341463
Hungary,HUN,2013,75.5658536585366
Hungary,HUN,2012,75.0634146341463
Hungary,HUN,2011,74.8585365853659
Hungary,HUN,2010,74.2073170731707
Hungary,HUN,2009,73.9048780487805
Hungary,HUN,2008,73.7024390243903
Hungary,HUN,2007,73.1512195121951
Hungary,HUN,2006,73.0975609756098
Hungary,HUN,2005,72.6487804878049
Hungary,HUN,2004,72.6487804878049
Hungary,HUN,2003,72.3
Hungary,HUN,2002,72.3487804878049
Hungary,HUN,2001,72.2487804878049
Hungary,HUN,2000,71.2463414634146
Iceland,ISL,2023,82.4560975609756
Iceland,ISL,2022,82.119512195122
Iceland,ISL,2021,83.1658536585366
Iceland,ISL,2020,83.0634146341463
Iceland,ISL,2019,83.1634146341463
Iceland,ISL,2018,82.8609756097561
Iceland,ISL,2017,82.6609756097561
Iceland,ISL,2016,82.2048780487805
Iceland,ISL,2015,82.4682926829268
Iceland,ISL,2014,82.8609756097561
Iceland,ISL,2013,82.0609756097561
Iceland,ISL,2012,82.9170731707317
Iceland,ISL,2011,82.3585365853659
Iceland,ISL,2010,81.8975609756097
Iceland,ISL,2009,81.7512195121951
Iceland,ISL,2008,81.609756097561
Iceland,ISL,2007,81.4536585365854
Iceland,ISL,2006,81.1585365853659
Iceland,ISL,2005,81.5024390243902
Iceland,ISL,2004,80.9975609756098
Iceland,ISL,2003,80.9634146341464
Iceland,ISL,2002,80.5024390243903
Iceland,ISL,2001,80.690243902439
Iceland,ISL,2000,79.6536585365854
India,IND,2023,72.003
India,IND,2022,71.698
India,IND,2021,67.282
India,IND,2020,70.156
India,IND,2019,70.746
India,IND,2018,70.415
India,IND,2017,70.068
India,IND,2016,69.709
India,IND,2015,69.326
India,IND,2014,68.932
India,IND,2013,68.499
India,IND,2012,68.076
India,IND,2011,67.623
India,IND,2010,67.162
India,IND,2009,66.7
India,IND,2008,66.247
India,IND,2007,65.803
India,IND,2006,65.373
India,IND,2005,64.939
India,IND,2004,64.484
India,IND,2003,64.086
India,IND,2002,63.649
India,IND,2001,63.158
India,IND,2000,62.749
Indonesia,IDN,2023,71.146
Indonesia,IDN,2022,70.925
Indonesia,IDN,2021,67.452
Indonesia,IDN,2020,68.817
Indonesia,IDN,2019,70.349
Indonesia,IDN,2018,70.08
Indonesia,IDN,2017,69.953
Indonesia,IDN,2016,69.733
Indonesia,IDN,2015,69.52
Indonesia,IDN,2014,69.292
Indonesia,IDN,2013,69.064
Indonesia,IDN,2012,68.862
Indonesia,IDN,2011,68.629
Indonesia,IDN,2010,68.364
Indonesia,IDN,2009,68.267
Indonesia,IDN,2008,68.085
Indonesia,IDN,2007,67.914
Indonesia,IDN,2006,67.664
Indonesia,IDN,2005,67.531
Indonesia,IDN,2004,65.521
Indonesia,IDN,2003,67.134
Indonesia,IDN,2002,66.954
Indonesia,IDN,2001,66.583
Indonesia,IDN,2000,66.292
"Iran, Islamic Rep.",IRN,2023,77.654
"Iran, Islamic Rep.",IRN,2022,76.799
"Iran, Islamic Rep.",IRN,2021,73.752
"Iran, Islamic Rep.",IRN,2020,74.141
"Iran, Islamic Rep.",IRN,2019,76.855
"Iran, Islamic Rep.",IRN,2018,76.621
"Iran, Islamic Rep.",IRN,2017,76.396
"Iran, Islamic Rep.",IRN,2016,76.155
"Iran, Islamic Rep.",IRN,2015,75.907
"Iran, Islamic Rep.",IRN,2014,75.635
"Iran, Islamic Rep.",IRN,2013,75.349
"Iran, Islamic Rep.",IRN,2012,75.039
"Iran, Islamic Rep.",IRN,2011,74.721
"Iran, Islamic Rep.",IRN,2010,74.39
"Iran, Islamic Rep.",IRN,2009,74.041
"Iran, Islamic Rep.",IRN,2008,73.683
"Iran, Islamic Rep.",IRN,2007,73.299
"Iran, Islamic Rep.",IRN,2006,72.895
"Iran, Islamic Rep.",IRN,2005,72.446
"Iran, Islamic Rep.",IRN,2004,72.04
"Iran, Islamic Rep.",IRN,2003,70.464
"Iran, Islamic Rep.",IRN,2002,71.112
"Iran, Islamic Rep.",IRN,2001,70.619
"Iran, Islamic Rep.",IRN,2000,70.166
Iraq,IRQ,2023,72.324
Iraq,IRQ,2022,72.037
Iraq,IRQ,2021,70.704
Iraq,IRQ,2020,69.651
Iraq,IRQ,2019,71.245
Iraq,IRQ,2018,71.116
Iraq,IRQ,2017,69.788
Iraq,IRQ,2016,68.683
Iraq,IRQ,2015,69.977
Iraq,IRQ,2014,69.679
Iraq,IRQ,2013,69.047
Iraq,IRQ,2012,68.827
Iraq,IRQ,2011,68.435
Iraq,IRQ,2010,68.092
Iraq,IRQ,2009,67.834
Iraq,IRQ,2008,66.465
Iraq,IRQ,2007,64.428
Iraq,IRQ,2006,64.029
Iraq,IRQ,2005,64.899
Iraq,IRQ,2004,64.634
Iraq,IRQ,2003,64.834
Iraq,IRQ,2002,65.724
Iraq,IRQ,2001,65.292
Iraq,IRQ,2000,64.86
Ireland,IRL,2023,82.8073170731707
Ireland,IRL,2022,82.509756097561
Ireland,IRL,2021,82.2536585365854
Ireland,IRL,2020,82.4560975609756
Ireland,IRL,2019,82.7024390243903
Ireland,IRL,2018,82.2048780487805
Ireland,IRL,2017,82.1560975609756
Ireland,IRL,2016,81.6536585365854
Ireland,IRL,2015,81.4536585365854
Ireland,IRL,2014,81.3487804878049
Ireland,IRL,2013,80.9487804878049
Ireland,IRL,2012,80.8463414634146
Ireland,IRL,2011,80.7463414634146
Ireland,IRL,2010,80.7439024390244
Ireland,IRL,2009,80.190243902439
Ireland,IRL,2008,80.0951219512195
Ireland,IRL,2007,79.6414634146341
Ireland,IRL,2006,79.2414634146342
Ireland,IRL,2005,78.9439024390244
Ireland,IRL,2004,78.5390243902439
Ireland,IRL,2003,78.1390243902439
Ireland,IRL,2002,77.6341463414634
Ireland,IRL,2001,77.1341463414634
Ireland,IRL,2000,76.5365853658537
Isle of Man,IMN,2023,80.999
Isle of Man,IMN,2022,80.956
Isle of Man,IMN,2021,80.42
Isle of Man,IMN,2020,80.591
Isle of Man,IMN,2019,80.74
Isle of Man,IMN,2018,80.614
Isle of Man,IMN,2017,80.506
Isle of Man,IMN,2016,80.391
Isle of Man,IMN,2015,80.267
Isle of Man,IMN,2014,80.199
Isle of Man,IMN,2013,80.12
Isle of Man,IMN,2012,80.007
Isle of Man,IMN,2011,79.836
Isle of Man,IMN,2010,79.613
Isle of Man,IMN,2009,79.303
Isle of Man,IMN,2008,78.899
Isle of Man,IMN,2007,78.451
Isle of Man,IMN,2006,77.971
Isle of Man,IMN,2005,77.453
Isle of Man,IMN,2004,76.876
Isle of Man,IMN,2003,76.319
Isle of Man,IMN,2002,75.785
Isle of Man,IMN,2001,75.289
Isle of Man,IMN,2000,74.842
Israel,ISR,2023,83.1951219512195
Israel,ISR,2022,82.7
Israel,ISR,2021,82.5
Israel,ISR,2020,82.6487804878049
Israel,ISR,2019,82.8048780487805
Israel,ISR,2018,82.8024390243903
Israel,ISR,2017,82.5512195121951
Israel,ISR,2016,82.4073170731707
Israel,ISR,2015,82.0512195121951
Israel,ISR,2014,82.1536585365854
Israel,ISR,2013,82.0560975609756
Israel,ISR,2012,81.7048780487805
Israel,ISR,2011,81.6560975609756
Israel,ISR,2010,81.6024390243903
Israel,ISR,2009,81.4048780487805
Israel,ISR,2008,80.9512195121951
Israel,ISR,2007,80.5048780487805
Israel,ISR,2006,80.5536585365854
Israel,ISR,2005,80.1512195121951
Israel,ISR,2004,80.1463414634146
Israel,ISR,2003,79.6487804878049
Israel,ISR,2002,79.4512195121951
Israel,ISR,2001,79.4073170731707
Israel,ISR,2000,78.9536585365854
Italy,ITA,2023,83.3512195121951
Italy,ITA,2022,82.7
Italy,ITA,2021,82.6463414634146
Italy,ITA,2020,82.1951219512195
Italy,ITA,2019,83.4975609756098
Italy,ITA,2018,83.3463414634146
Italy,ITA,2017,82.9463414634147
Italy,ITA,2016,83.2439024390244
Italy,ITA,2015,82.5439024390244
Italy,ITA,2014,83.090243902439
Italy,ITA,2013,82.690243902439
Italy,ITA,2012,82.2390243902439
Italy,ITA,2011,82.1878048780488
Italy,ITA,2010,82.0365853658537
Italy,ITA,2009,81.6365853658537
Italy,ITA,2008,81.4853658536585
Italy,ITA,2007,81.4341463414634
Italy,ITA,2006,81.2829268292683
Italy,ITA,2005,80.7829268292683
Italy,ITA,2004,80.7804878048781
Italy,ITA,2003,79.9829268292683
Italy,ITA,2002,80.2292682926829
Italy,ITA,2001,80.1268292682927
Italy,ITA,2000,79.7780487804878
Jamaica,JAM,2023,71.479
Jamaica,JAM,2022,71.481
Jamaica,JAM,2021,69.085
Jamaica,JAM,2020,71.452
Jamaica,JAM,2019,71.532
Jamaica,JAM,2018,71.606
Jamaica,JAM,2017,71.879
Jamaica,JAM,2016,72.052
Jamaica,JAM,2015,72.214
Jamaica,JAM,2014,72.357
Jamaica,JAM,2013,72.435
Jamaica,JAM,2012,72.405
Jamaica,JAM,2011,72.245
Jamaica,JAM,2010,71.979
Jamaica,JAM,2009,71.717
Jamaica,JAM,2008,71.502
Jamaica,JAM,2007,71.405
Jamaica,JAM,2006,71.395
Jamaica,JAM,2005,71.493
Jamaica,JAM,2004,71.542
Jamaica,JAM,2003,71.585
Jamaica,JAM,2002,71.478
Jamaica,JAM,2001,71.287
Jamaica,JAM,2000,71.281
Japan,JPN,2023,84.0412195121951
Japan,JPN,2022,83.9963414634146
Japan,JPN,2021,84.4456097560976
Japan,JPN,2020,84.56
Japan,JPN,2019,84.3563414634146
Japan,JPN,2018,84.2109756097561
Japan,JPN,2017,84.099756097561
Japan,JPN,2016,83.9848780487805
Japan,JPN,2015,83.7939024390244
Japan,JPN,2014,83.5878048780488
Japan,JPN,2013,83.3319512195122
Japan,JPN,2012,83.0960975609756
Japan,JPN,2011,82.5912195121951
Japan,JPN,2010,82.8426829268293
Japan,JPN,2009,82.9314634146342
Japan,JPN,2008,82.5875609756098
Japan,JPN,2007,82.5070731707317
Japan,JPN,2006,82.3219512195122
Japan,JPN,2005,81.9551219512195
Japan,JPN,2004,82.030243902439
Japan,JPN,2003,81.76
Japan,JPN,2002,81.6907317073171
Japan,JPN,2001,81.4163414634146
Japan,JPN,2000,81.0760975609756
Jordan,JOR,2023,77.814
Jordan,JOR,2022,77.088
Jordan,JOR,2021,74.204
Jordan,JOR,2020,75.583
Jordan,JOR,2019,76.865
Jordan,JOR,2018,76.491
Jordan,JOR,2017,76.071
Jordan,JOR,2016,75.55
Jordan,JOR,2015,75.06
Jordan,JOR,2014,74.606
Jordan,JOR,2013,74.282
Jordan,JOR,2012,74.087
Jordan,JOR,2011,73.929
Jordan,JOR,2010,73.797
Jordan,JOR,2009,73.707
Jordan,JOR,2008,73.563
Jordan,JOR,2007,73.407
Jordan,JOR,2006,73.225
Jordan,JOR,2005,72.977
Jordan,JOR,2004,72.788
Jordan,JOR,2003,72.585
Jordan,JOR,2002,72.359
Jordan,JOR,2001,72.141
Jordan,JOR,2000,71.926
Kazakhstan,KAZ,2023,74.402
Kazakhstan,KAZ,2022,73.503
Kazakhstan,KAZ,2021,70.131
Kazakhstan,KAZ,2020,71.195
Kazakhstan,KAZ,2019,73.658
Kazakhstan,KAZ,2018,73.369
Kazakhstan,KAZ,2017,72.996
Kazakhstan,KAZ,2016,72.549
Kazakhstan,KAZ,2015,72.024
Kazakhstan,KAZ,2014,71.415
Kazakhstan,KAZ,2013,70.719
Kazakhstan,KAZ,2012,69.939
Kazakhstan,KAZ,2011,69.108
Kazakhstan,KAZ,2010,68.257
Kazakhstan,KAZ,2009,67.46
Kazakhstan,KAZ,2008,66.759
Kazakhstan,KAZ,2007,66.18
Kazakhstan,KAZ,2006,65.722
Kazakhstan,KAZ,2005,65.356
Kazakhstan,KAZ,2004,65.04
Kazakhstan,KAZ,2003,64.753
Kazakhstan,KAZ,2002,64.441
Kazakhstan,KAZ,2001,64.108
Kazakhstan,KAZ,2000,63.793
Kenya,KEN,2023,63.646
Kenya,KEN,2022,63.549
Kenya,KEN,2021,61.225
Kenya,KEN,2020,61.596
Kenya,KEN,2019,62.939
Kenya,KEN,2018,62.825
Kenya,KEN,2017,62.725
Kenya,KEN,2016,62.526
Kenya,KEN,2015,62.279
Kenya,KEN,2014,61.99
Kenya,KEN,2013,61.729
Kenya,KEN,2012,61.537
Kenya,KEN,2011,61.283
Kenya,KEN,2010,60.915
Kenya,KEN,2009,60.483
Kenya,KEN,2008,59.955
Kenya,KEN,2007,59.407
Kenya,KEN,2006,59.059
Kenya,KEN,2005,58.51
Kenya,KEN,2004,57.947
Kenya,KEN,2003,57.369
Kenya,KEN,2002,56.759
Kenya,KEN,2001,56.501
Kenya,KEN,2000,56.084
Kiribati,KIR,2023,66.473
Kiribati,KIR,2022,66.269
Kiribati,KIR,2021,64.148
Kiribati,KIR,2020,65.205
Kiribati,KIR,2019,65.866
Kiribati,KIR,2018,65.807
Kiribati,KIR,2017,65.787
Kiribati,KIR,2016,65.799
Kiribati,KIR,2015,65.831
Kiribati,KIR,2014,65.869
Kiribati,KIR,2013,65.898
Kiribati,KIR,2012,65.908
Kiribati,KIR,2011,65.896
Kiribati,KIR,2010,65.859
Kiribati,KIR,2009,65.808
Kiribati,KIR,2008,65.746
Kiribati,KIR,2007,65.677
Kiribati,KIR,2006,65.601
Kiribati,KIR,2005,65.517
Kiribati,KIR,2004,65.416
Kiribati,KIR,2003,65.287
Kiribati,KIR,2002,65.123
Kiribati,KIR,2001,64.918
Kiribati,KIR,2000,64.674
"Korea, Dem. People's Rep.",PRK,2023,73.642
"Korea, Dem. People's Rep.",PRK,2022,73.641
"Korea, Dem. People's Rep.",PRK,2021,73.437
"Korea, Dem. People's Rep.",PRK,2020,72.783
"Korea, Dem. People's Rep.",PRK,2019,72.928
"Korea, Dem. People's Rep.",PRK,2018,73.02
"Korea, Dem. People's Rep.",PRK,2017,73.034
"Korea, Dem. People's Rep.",PRK,2016,72.971
"Korea, Dem. People's Rep.",PRK,2015,72.825
"Korea, Dem. People's Rep.",PRK,2014,72.451
"Korea, Dem. People's Rep.",PRK,2013,71.867
"Korea, Dem. People's Rep.",PRK,2012,71.317
"Korea, Dem. People's Rep.",PRK,2011,70.772
"Korea, Dem. People's Rep.",PRK,2010,70.246
"Korea, Dem. People's Rep.",PRK,2009,69.702
"Korea, Dem. People's Rep.",PRK,2008,69.303
"Korea, Dem. People's Rep.",PRK,2007,69.021
"Korea, Dem. People's Rep.",PRK,2006,69.061
"Korea, Dem. People's Rep.",PRK,2005,69.168
"Korea, Dem. People's Rep.",PRK,2004,69.294
"Korea, Dem. People's Rep.",PRK,2003,69.399
"Korea, Dem. People's Rep.",PRK,2002,60.877
"Korea, Dem. People's Rep.",PRK,2001,60.893
"Korea, Dem. People's Rep.",PRK,2000,60.911
"Korea, Rep.",KOR,2023,83.4292682926829
"Korea, Rep.",KOR,2022,82.6804878048781
"Korea, Rep.",KOR,2021,83.5268292682927
"Korea, Rep.",KOR,2020,83.4268292682927
"Korea, Rep.",KOR,2019,83.2268292682927
"Korea, Rep.",KOR,2018,82.6268292682927
"Korea, Rep.",KOR,2017,82.6268292682927
"Korea, Rep.",KOR,2016,82.2756097560976
"Korea, Rep.",KOR,2015,82.0243902439024
"Korea, Rep.",KOR,2014,81.7219512195122
"Korea, Rep.",KOR,2013,81.2707317073171
"Korea, Rep.",KOR,2012,80.819512195122
"Korea, Rep.",KOR,2011,80.5682926829269
"Korea, Rep.",KOR,2010,80.1170731707317
"Korea, Rep.",KOR,2009,79.9682926829268
"Korea, Rep.",KOR,2008,79.5170731707317
"Korea, Rep.",KOR,2007,79.119512195122
"Korea, Rep.",KOR,2006,78.6682926829268
"Korea, Rep.",KOR,2005,78.1682926829268
"Korea, Rep.",KOR,2004,77.6658536585366
"Korea, Rep.",KOR,2003,77.2146341463415
"Korea, Rep.",KOR,2002,76.7658536585366
"Korea, Rep.",KOR,2001,76.4121951219512
"Korea, Rep.",KOR,2000,75.909756097561
Kosovo,XKX,2023,78.033
Kosovo,XKX,2022,77.623
Kosovo,XKX,2021,74.981
Kosovo,XKX,2020,74.212
Kosovo,XKX,2019,77.249
Kosovo,XKX,2018,77.117
Kosovo,XKX,2017,77.105
Kosovo,XKX,2016,76.748
Kosovo,XKX,2015,76.024
Kosovo,XKX,2014,76.179
Kosovo,XKX,2013,76.336
Kosovo,XKX,2012,75.75
Kosovo,XKX,2011,75.323
Kosovo,XKX,2010,74.609
Kosovo,XKX,2009,74.79
Kosovo,XKX,2008,74.711
Kosovo,XKX,2007,74.422
Kosovo,XKX,2006,73.63
Kosovo,XKX,2005,73.437
Kosovo,XKX,2004,73.132
Kosovo,XKX,2003,72.678
Kosovo,XKX,2002,72.227
Kosovo,XKX,2001,71.782
Kosovo,XKX,2000,71.321
Kuwait,KWT,2023,83.1878048780488
Kuwait,KWT,2022,80.5878048780488
Kuwait,KWT,2021,78.7365853658537
Kuwait,KWT,2020,78.7609756097561
Kuwait,KWT,2019,81.969756097561
Kuwait,KWT,2018,80.1063658536585
Kuwait,KWT,2017,79.9160731707317
Kuwait,KWT,2016,79.6775853658537
Kuwait,KWT,2015,79.3765609756098
Kuwait,KWT,2014,79.0803414634146
Kuwait,KWT,2013,78.7418048780488
Kuwait,KWT,2012,78.3950243902439
Kuwait,KWT,2011,78.052243902439
Kuwait,KWT,2010,77.7262195121951
Kuwait,KWT,2009,77.4333658536585
Kuwait,KWT,2008,77.1890487804878
Kuwait,KWT,2007,77.0101707317073
Kuwait,KWT,2006,76.8876829268293
Kuwait,KWT,2005,76.8007804878049
Kuwait,KWT,2004,76.7276829268293
Kuwait,KWT,2003,76.6445609756098
Kuwait,KWT,2002,76.5316341463415
Kuwait,KWT,2001,76.3843414634146
Kuwait,KWT,2000,76.2258780487805
Kyrgyz Republic,KGZ,2023,72.2487804878049
Kyrgyz Republic,KGZ,2022,72.0487804878049
Kyrgyz Republic,KGZ,2021,71.9
Kyrgyz Republic,KGZ,2020,71.8
Kyrgyz Republic,KGZ,2019,71.6
Kyrgyz Republic,KGZ,2018,71.4
Kyrgyz Republic,KGZ,2017,71.2
Kyrgyz Republic,KGZ,2016,70.9512195121951
Kyrgyz Republic,KGZ,2015,70.6512195121951
Kyrgyz Republic,KGZ,2014,70.4024390243902
Kyrgyz Republic,KGZ,2013,70.2024390243902
Kyrgyz Republic,KGZ,2012,70.0024390243902
Kyrgyz Republic,KGZ,2011,69.6024390243903
Kyrgyz Republic,KGZ,2010,69.3
Kyrgyz Republic,KGZ,2009,69.1024390243903
Kyrgyz Republic,KGZ,2008,68.4512195121951
Kyrgyz Republic,KGZ,2007,67.8951219512195
Kyrgyz Republic,KGZ,2006,67.6951219512195
Kyrgyz Republic,KGZ,2005,67.9560975609756
Kyrgyz Republic,KGZ,2004,68.1536585365854
Kyrgyz Republic,KGZ,2003,68.2560975609756
Kyrgyz Republic,KGZ,2002,68.1560975609756
Kyrgyz Republic,KGZ,2001,68.7073170731707
Kyrgyz Republic,KGZ,2000,68.5585365853659
Lao PDR,LAO,2023,68.964
Lao PDR,LAO,2022,68.715
Lao PDR,LAO,2021,67.807
Lao PDR,LAO,2020,68.339
Lao PDR,LAO,2019,67.911
Lao PDR,LAO,2018,67.594
Lao PDR,LAO,2017,67.345
Lao PDR,LAO,2016,67.014
Lao PDR,LAO,2015,66.688
Lao PDR,LAO,2014,66.35
Lao PDR,LAO,2013,65.723
Lao PDR,LAO,2012,65.126
Lao PDR,LAO,2011,64.505
Lao PDR,LAO,2010,63.69
Lao PDR,LAO,2009,63.023
Lao PDR,LAO,2008,62.248
Lao PDR,LAO,2007,61.694
Lao PDR,LAO,2006,61.074
Lao PDR,LAO,2005,60.688
Lao PDR,LAO,2004,60.08
Lao PDR,LAO,2003,59.643
Lao PDR,LAO,2002,59.302
Lao PDR,LAO,2001,58.887
Lao PDR,LAO,2000,58.317
Latvia,LVA,2023,75.4268292682927
Latvia,LVA,2022,74.2780487804878
Latvia,LVA,2021,72.9804878048781
Latvia,LVA,2020,75.1853658536585
Latvia,LVA,2019,75.3878048780488
Latvia,LVA,2018,74.7829268292683
Latvia,LVA,2017,74.6292682926829
Latvia,LVA,2016,74.580487804878
Latvia,LVA,2015,74.4804878048781
Latvia,LVA,2014,74.1243902439024
Latvia,LVA,2013,73.9829268292683
Latvia,LVA,2012,73.7780487804878
Latvia,LVA,2011,73.5756097560976
Latvia,LVA,2010,73.4829268292683
Latvia,LVA,2009,73.0804878048781
Latvia,LVA,2008,72.419512195122
Latvia,LVA,2007,71.019512195122
Latvia,LVA,2006,70.8658536585366
Latvia,LVA,2005,71.3560975609756
Latvia,LVA,2004,72.0268292682927
Latvia,LVA,2003,71.2658536585366
Latvia,LVA,2002,70.9609756097561
Latvia,LVA,2001,70.7609756097561
Latvia,LVA,2000,70.3146341463415
Lebanon,LBN,2023,77.817
Lebanon,LBN,2022,78.003
Lebanon,LBN,2021,73.65
Lebanon,LBN,2020,76.299
Lebanon,LBN,2019,78.208
Lebanon,LBN,2018,78.263
Lebanon,LBN,2017,78.192
Lebanon,LBN,2016,78.306
Lebanon,LBN,2015,78.275
Lebanon,LBN,2014,78.148
Lebanon,LBN,2013,78.037
Lebanon,LBN,2012,77.941
Lebanon,LBN,2011,77.768
Lebanon,LBN,2010,77.529
Lebanon,LBN,2009,77.262
Lebanon,LBN,2008,76.956
Lebanon,LBN,2007,76.732
Lebanon,LBN,2006,75.677
Lebanon,LBN,2005,76.074
Lebanon,LBN,2004,75.693
Lebanon,LBN,2003,75.275
Lebanon,LBN,2002,74.836
Lebanon,LBN,2001,74.354
Lebanon,LBN,2000,73.895
Lesotho,LSO,2023,57.375
Lesotho,LSO,2022,56.812
Lesotho,LSO,2021,54.209
Lesotho,LSO,2020,55.133
Lesotho,LSO,2019,55.249
Lesotho,LSO,2018,54.638
Lesotho,LSO,2017,53.874
Lesotho,LSO,2016,52.908
Lesotho,LSO,2015,51.83
Lesotho,LSO,2014,50.786
Lesotho,LSO,2013,49.547
Lesotho,LSO,2012,48.235
Lesotho,LSO,2011,46.93
Lesotho,LSO,2010,46.045
Lesotho,LSO,2009,45.055
Lesotho,LSO,2008,44.304
Lesotho,LSO,2007,43.66
Lesotho,LSO,2006,43.182
Lesotho,LSO,2005,43.611
Lesotho,LSO,2004,44.039
Lesotho,LSO,2003,44.921
Lesotho,LSO,2002,45.95
Lesotho,LSO,2001,47.153
Lesotho,LSO,2000,48.783
Liberia,LBR,2023,62.163
Liberia,LBR,2022,61.934
Liberia,LBR,2021,61.166
Liberia,LBR,2020,61.267
Liberia,LBR,2019,61.232
Liberia,LBR,2018,60.999
Liberia,LBR,2017,60.777
Liberia,LBR,2016,60.483
Liberia,LBR,2015,59.248
Liberia,LBR,2014,59.21
Liberia,LBR,2013,59.992
Liberia,LBR,2012,59.785
Liberia,LBR,2011,59.486
Liberia,LBR,2010,59.358
Liberia,LBR,2009,59.106
Liberia,LBR,2008,58.675
Liberia,LBR,2007,58.147
Liberia,LBR,2006,57.495
Liberia,LBR,2005,56.765
Liberia,LBR,2004,55.949
Liberia,LBR,2003,53.045
Liberia,LBR,2002,54.061
Liberia,LBR,2001,53.109
Liberia,LBR,2000,51.852
Libya,LBY,2023,69.339
Libya,LBY,2022,74.462
Libya,LBY,2021,72.062
Libya,LBY,2020,72.388
Libya,LBY,2019,72.941
Libya,LBY,2018,73.151
Libya,LBY,2017,72.721
Libya,LBY,2016,71.799
Libya,LBY,2015,71.644
Libya,LBY,2014,71.3
Libya,LBY,2013,72.339
Libya,LBY,2012,72.188
Libya,LBY,2011,69.95
Libya,LBY,2010,72.196
Libya,LBY,2009,72.071
Libya,LBY,2008,71.936
Libya,LBY,2007,71.788
Libya,LBY,2006,71.632
Libya,LBY,2005,71.439
Libya,LBY,2004,71.21
Libya,LBY,2003,70.996
Libya,LBY,2002,70.788
Libya,LBY,2001,70.653
Libya,LBY,2000,70.542
Liechtenstein,LIE,2023,84.5951219512195
Liechtenstein,LIE,2022,84.1219512195122
Liechtenstein,LIE,2021,84.4024390243902
Liechtenstein,LIE,2020,81.6585365853659
Liechtenstein,LIE,2019,84.1609756097561
Liechtenstein,LIE,2018,83.0414634146342
Liechtenstein,LIE,2017,83.7463414634147
Liechtenstein,LIE,2016,82.2585365853659
Liechtenstein,LIE,2015,82.6560975609756
Liechtenstein,LIE,2014,82.0731707317073
Liechtenstein,LIE,2013,82.2609756097561
Liechtenstein,LIE,2012,82.3829268292683
Liechtenstein,LIE,2011,81.7926829268293
Liechtenstein,LIE,2010,81.8414634146342
Liechtenstein,LIE,2009,81.5
Liechtenstein,LIE,2008,82.6829268292683
Liechtenstein,LIE,2007,81.2951219512195
Liechtenstein,LIE,2006,80.9487804878049
Liechtenstein,LIE,2005,80.6682926829268
Liechtenstein,LIE,2004,81.7707317073171
Liechtenstein,LIE,2003,79.9609756097561
Liechtenstein,LIE,2002,79.6365853658537
Liechtenstein,LIE,2001,79.2756097560976
Liechtenstein,LIE,2000,76.8268292682927
Lithuania,LTU,2023,77.290243902439
Lithuania,LTU,2022,75.6439024390244
Lithuania,LTU,2021,74.0365853658537
Lithuania,LTU,2020,75.0292682926829
Lithuania,LTU,2019,76.2829268292683
Lithuania,LTU,2018,75.6804878048781
Lithuania,LTU,2017,75.4804878048781
Lithuania,LTU,2016,74.6707317073171
Lithuania,LTU,2015,74.3219512195122
Lithuania,LTU,2014,74.5170731707317
Lithuania,LTU,2013,73.9146341463415
Lithuania,LTU,2012,73.8634146341464
Lithuania,LTU,2011,73.5634146341464
Lithuania,LTU,2010,73.2682926829268
Lithuania,LTU,2009,72.9146341463415
Lithuania,LTU,2008,71.8121951219512
Lithuania,LTU,2007,70.9
Lithuania,LTU,2006,71.0560975609756
Lithuania,LTU,2005,71.2536585365854
Lithuania,LTU,2004,71.9609756097561
Lithuania,LTU,2003,72.0609756097561
Lithuania,LTU,2002,71.7609756097561
Lithuania,LTU,2001,71.6585365853659
Lithuania,LTU,2000,72.0195121951219
Luxembourg,LUX,2023,83.309756097561
Luxembourg,LUX,2022,82.9463414634147
Luxembourg,LUX,2021,82.5975609756098
Luxembourg,LUX,2020,82.1439024390244
Luxembourg,LUX,2019,82.6390243902439
Luxembourg,LUX,2018,82.2951219512195
Luxembourg,LUX,2017,82.0951219512195
Luxembourg,LUX,2016,82.6853658536585
Luxembourg,LUX,2015,82.2926829268293
Luxembourg,LUX,2014,82.2292682926829
Luxembourg,LUX,2013,81.8
Luxembourg,LUX,2012,81.3926829268293
Luxembourg,LUX,2011,80.9878048780488
Luxembourg,LUX,2010,80.6317073170732
Luxembourg,LUX,2009,80.6365853658537
Luxembourg,LUX,2008,80.5390243902439
Luxembourg,LUX,2007,79.3829268292683
Luxembourg,LUX,2006,79.2878048780488
Luxembourg,LUX,2005,79.4317073170732
Luxembourg,LUX,2004,79.1219512195122
Luxembourg,LUX,2003,77.7268292682927
Luxembourg,LUX,2002,77.9658536585366
Luxembourg,LUX,2001,77.8243902439025
Luxembourg,LUX,2000,77.8731707317073
"Macao SAR, China",MAC,2023,83.1804878048781
"Macao SAR, China",MAC,2022,83.0804878048781
"Macao SAR, China",MAC,2021,83.7292682926829
"Macao SAR, China",MAC,2020,84.1292682926829
"Macao SAR, China",MAC,2019,83.9292682926829
"Macao SAR, China",MAC,2018,83.6780487804878
"Macao SAR, China",MAC,2017,83.5268292682927
"Macao SAR, China",MAC,2016,83.2756097560976
"Macao SAR, China",MAC,2015,83.2243902439024
"Macao SAR, China",MAC,2014,83.0219512195122
"Macao SAR, China",MAC,2013,82.7219512195122
"Macao SAR, China",MAC,2012,82.4707317073171
"Macao SAR, China",MAC,2011,82.4707317073171
"Macao SAR, China",MAC,2010,82.2731707317073
"Macao SAR, China",MAC,2009,82.1756097560976
"Macao SAR, China",MAC,2008,82.0268292682927
"Macao SAR, China",MAC,2007,81.7292682926829
"Macao SAR, China",MAC,2006,81.7292682926829
"Macao SAR, China",MAC,2005,81.3414634146341
"Macao SAR, China",MAC,2004,80.9926829268293
"Macao SAR, China",MAC,2003,81.0439024390244
"Macao SAR, China",MAC,2002,80.9463414634146
"Macao SAR, China",MAC,2001,80.5878048780488
"Macao SAR, China",MAC,2000,80.1829268292683
Madagascar,MDG,2023,63.632
Madagascar,MDG,2022,63.068
Madagascar,MDG,2021,62.516
Madagascar,MDG,2020,62.706
Madagascar,MDG,2019,63.504
Madagascar,MDG,2018,63.491
Madagascar,MDG,2017,63.433
Madagascar,MDG,2016,63.431
Madagascar,MDG,2015,63.362
Madagascar,MDG,2014,63.261
Madagascar,MDG,2013,63.161
Madagascar,MDG,2012,63.007
Madagascar,MDG,2011,62.86
Madagascar,MDG,2010,62.597
Madagascar,MDG,2009,62.304
Madagascar,MDG,2008,61.992
Madagascar,MDG,2007,61.533
Madagascar,MDG,2006,61.14
Madagascar,MDG,2005,60.664
Madagascar,MDG,2004,60.168
Madagascar,MDG,2003,59.693
Madagascar,MDG,2002,59.17
Madagascar,MDG,2001,58.674
Madagascar,MDG,2000,57.974
Malawi,MWI,2023,67.353
Malawi,MWI,2022,66.037
Malawi,MWI,2021,64.782
Malawi,MWI,2020,65.216
Malawi,MWI,2019,64.995
Malawi,MWI,2018,64.464
Malawi,MWI,2017,63.914
Malawi,MWI,2016,63.163
Malawi,MWI,2015,62.324
Malawi,MWI,2014,61.651
Malawi,MWI,2013,60.816
Malawi,MWI,2012,59.87
Malawi,MWI,2011,58.859
Malawi,MWI,2010,57.787
Malawi,MWI,2009,56.714
Malawi,MWI,2008,55.715
Malawi,MWI,2007,54.687
Malawi,MWI,2006,53.652
Malawi,MWI,2005,52.469
Malawi,MWI,2004,51.073
Malawi,MWI,2003,49.601
Malawi,MWI,2002,48.176
Malawi,MWI,2001,47.205
Malawi,MWI,2000,46.17
Malaysia,MYS,2023,76.657
Malaysia,MYS,2022,75.444
Malaysia,MYS,2021,73.917
Malaysia,MYS,2020,76.057
Malaysia,MYS,2019,75.9
Malaysia,MYS,2018,75.734
Malaysia,MYS,2017,75.542
Malaysia,MYS,2016,75.371
Malaysia,MYS,2015,75.288
Malaysia,MYS,2014,75.345
Malaysia,MYS,2013,75.464
Malaysia,MYS,2012,75.552
Malaysia,MYS,2011,75.488
Malaysia,MYS,2010,75.376
Malaysia,MYS,2009,75.269
Malaysia,MYS,2008,75.151
Malaysia,MYS,2007,74.961
Malaysia,MYS,2006,74.697
Malaysia,MYS,2005,74.37
Malaysia,MYS,2004,74.027
Malaysia,MYS,2003,73.727
Malaysia,MYS,2002,73.469
Malaysia,MYS,2001,73.08
Malaysia,MYS,2000,72.732
Maldives,MDV,2023,81.041
Maldives,MDV,2022,80.76
Maldives,MDV,2021,78.052
Maldives,MDV,2020,78.713
Maldives,MDV,2019,79.707
Maldives,MDV,2018,79.433
Maldives,MDV,2017,79.228
Maldives,MDV,2016,78.913
Maldives,MDV,2015,78.607
Maldives,MDV,2014,78.187
Maldives,MDV,2013,77.847
Maldives,MDV,2012,77.512
Maldives,MDV,2011,77.141
Maldives,MDV,2010,76.756
Maldives,MDV,2009,76.371
Maldives,MDV,2008,75.999
Maldives,MDV,2007,75.711
Maldives,MDV,2006,75.256
Maldives,MDV,2005,74.785
Maldives,MDV,2004,73.008
Maldives,MDV,2003,73.263
Maldives,MDV,2002,72.36
Maldives,MDV,2001,71.659
Maldives,MDV,2000,70.892
Mali,MLI,2023,60.439
Mali,MLI,2022,60.035
Mali,MLI,2021,59.116
Mali,MLI,2020,58.858
Mali,MLI,2019,59.217
Mali,MLI,2018,58.873
Mali,MLI,2017,58.562
Mali,MLI,2016,58.286
Mali,MLI,2015,57.852
Mali,MLI,2014,57.482
Mali,MLI,2013,57.052
Mali,MLI,2012,56.696
Mali,MLI,2011,56.367
Mali,MLI,2010,55.993
Mali,MLI,2009,55.588
Mali,MLI,2008,55.187
Mali,MLI,2007,54.756
Mali,MLI,2006,54.305
Mali,MLI,2005,53.792
Mali,MLI,2004,53.253
Mali,MLI,2003,52.632
Mali,MLI,2002,51.995
Mali,MLI,2001,51.3
Mali,MLI,2000,50.605
Malta,MLT,2023,83.3560975609756
Malta,MLT,2022,82.2975609756098
Malta,MLT,2021,82.2585365853659
Malta,MLT,2020,82.0975609756098
Malta,MLT,2019,82.6585365853659
Malta,MLT,2018,82.2487804878049
Malta,MLT,2017,82.1951219512195
Malta,MLT,2016,82.3536585365854
Malta,MLT,2015,81.7975609756098
Malta,MLT,2014,81.8951219512195
Malta,MLT,2013,81.7463414634146
Malta,MLT,2012,80.7463414634146
Malta,MLT,2011,80.7463414634146
Malta,MLT,2010,81.3975609756098
Malta,MLT,2009,80.2414634146342
Malta,MLT,2008,79.6365853658537
Malta,MLT,2007,79.7926829268293
Malta,MLT,2006,79.4390243902439
Malta,MLT,2005,79.3
Malta,MLT,2004,79.2536585365854
Malta,MLT,2003,78.5463414634146
Malta,MLT,2002,78.7390243902439
Malta,MLT,2001,78.8439024390244
Malta,MLT,2000,78.3487804878049
Marshall Islands,MHL,2023,66.945
Marshall Islands,MHL,2022,66.725
Marshall Islands,MHL,2021,65.421
Marshall Islands,MHL,2020,65.387
Marshall Islands,MHL,2019,66.047
Marshall Islands,MHL,2018,65.87
Marshall Islands,MHL,2017,65.673
Marshall Islands,MHL,2016,65.477
Marshall Islands,MHL,2015,65.292
Marshall Islands,MHL,2014,65.11
Marshall Islands,MHL,2013,64.954
Marshall Islands,MHL,2012,64.776
Marshall Islands,MHL,2011,64.641
Marshall Islands,MHL,2010,64.498
Marshall Islands,MHL,2009,64.395
Marshall Islands,MHL,2008,64.3
Marshall Islands,MHL,2007,64.259
Marshall Islands,MHL,2006,64.207
Marshall Islands,MHL,2005,64.112
Marshall Islands,MHL,2004,64.044
Marshall Islands,MHL,2003,63.956
Marshall Islands,MHL,2002,63.848
Marshall Islands,MHL,2001,63.735
Marshall Islands,MHL,2000,63.323
Mauritania,MRT,2023,68.484
Mauritania,MRT,2022,68.281
Mauritania,MRT,2021,66.762
Mauritania,MRT,2020,66.794
Mauritania,MRT,2019,67.64
Mauritania,MRT,2018,67.419
Mauritania,MRT,2017,67.088
Mauritania,MRT,2016,66.823
Mauritania,MRT,2015,66.498
Mauritania,MRT,2014,66.207
Mauritania,MRT,2013,65.89
Mauritania,MRT,2012,65.808
Mauritania,MRT,2011,65.754
Mauritania,MRT,2010,65.661
Mauritania,MRT,2009,65.485
Mauritania,MRT,2008,65.233
Mauritania,MRT,2007,64.885
Mauritania,MRT,2006,64.493
Mauritania,MRT,2005,63.92
Mauritania,MRT,2004,63.369
Mauritania,MRT,2003,62.805
Mauritania,MRT,2002,62.249
Mauritania,MRT,2001,61.662
Mauritania,MRT,2000,61.044
Mauritius,MUS,2023,73.4121951219512
Mauritius,MUS,2022,73.5146341463415
Mauritius,MUS,2021,73.680243902439
Mauritius,MUS,2020,74.1770731707317
Mauritius,MUS,2019,74.2358536585366
Mauritius,MUS,2018,74.4163414634146
Mauritius,MUS,2017,74.5146341463415
Mauritius,MUS,2016,74.3948780487805
Mauritius,MUS,2015,74.3531707317073
Mauritius,MUS,2014,74.1943902439024
Mauritius,MUS,2013,74.0170731707317
Mauritius,MUS,2012,73.8634146341464
Mauritius,MUS,2011,73.2668292682927
Mauritius,MUS,2010,72.9673170731707
Mauritius,MUS,2009,72.8824390243903
Mauritius,MUS,2008,72.5707317073171
Mauritius,MUS,2007,72.5707317073171
Mauritius,MUS,2006,72.4321951219512
Mauritius,MUS,2005,72.4321951219512
Mauritius,MUS,2004,72.2658536585366
Mauritius,MUS,2003,72.1170731707317
Mauritius,MUS,2002,71.9658536585366
Mauritius,MUS,2001,71.7658536585366
Mauritius,MUS,2000,71.6634146341463
Mexico,MEX,2023,75.069
Mexico,MEX,2022,73.973
Mexico,MEX,2021,69.75
Mexico,MEX,2020,70.449
Mexico,MEX,2019,74.53
Mexico,MEX,2018,74.301
Mexico,MEX,2017,74.261
Mexico,MEX,2016,74.376
Mexico,MEX,2015,74.431
Mexico,MEX,2014,74.404
Mexico,MEX,2013,74.289
Mexico,MEX,2012,74.128
Mexico,MEX,2011,73.921
Mexico,MEX,2010,73.718
Mexico,MEX,2009,73.628
Mexico,MEX,2008,73.695
Mexico,MEX,2007,73.796
Mexico,MEX,2006,73.746
Mexico,MEX,2005,73.627
Mexico,MEX,2004,73.432
Mexico,MEX,2003,73.308
Mexico,MEX,2002,73.106
Mexico,MEX,2001,72.912
Mexico,MEX,2000,72.562
"Micronesia, Fed. Sts.",FSM,2023,67.198
"Micronesia, Fed. Sts.",FSM,2022,66.961
"Micronesia, Fed. Sts.",FSM,2021,66.152
"Micronesia, Fed. Sts.",FSM,2020,65.878
"Micronesia, Fed. Sts.",FSM,2019,66.196
"Micronesia, Fed. Sts.",FSM,2018,65.943
"Micronesia, Fed. Sts.",FSM,2017,65.761
"Micronesia, Fed. Sts.",FSM,2016,65.576
"Micronesia, Fed. Sts.",FSM,2015,65.306
"Micronesia, Fed. Sts.",FSM,2014,65.294
"Micronesia, Fed. Sts.",FSM,2013,65.179
"Micronesia, Fed. Sts.",FSM,2012,65.08
"Micronesia, Fed. Sts.",FSM,2011,64.969
"Micronesia, Fed. Sts.",FSM,2010,64.892
"Micronesia, Fed. Sts.",FSM,2009,64.865
"Micronesia, Fed. Sts.",FSM,2008,64.849
"Micronesia, Fed. Sts.",FSM,2007,64.844
"Micronesia, Fed. Sts.",FSM,2006,64.859
"Micronesia, Fed. Sts.",FSM,2005,64.906
"Micronesia, Fed. Sts.",FSM,2004,64.898
"Micronesia, Fed. Sts.",FSM,2003,64.915
"Micronesia, Fed. Sts.",FSM,2002,63.907
"Micronesia, Fed. Sts.",FSM,2001,64.801
"Micronesia, Fed. Sts.",FSM,2000,64.317
Moldova,MDA,2023,71.198
Moldova,MDA,2022,71.546
Moldova,MDA,2021,68.991
Moldova,MDA,2020,69.914
Moldova,MDA,2019,70.181
Moldova,MDA,2018,70.236
Moldova,MDA,2017,70.375
Moldova,MDA,2016,70.179
Moldova,MDA,2015,70.118
Moldova,MDA,2014,70.241
Moldova,MDA,2013,70.291
Moldova,MDA,2012,70.344
Moldova,MDA,2011,70.173
Moldova,MDA,2010,69.876
Moldova,MDA,2009,69.406
Moldova,MDA,2008,69.0
Moldova,MDA,2007,68.674
Moldova,MDA,2006,68.423
Moldova,MDA,2005,68.197
Moldova,MDA,2004,68.017
Moldova,MDA,2003,67.9
Moldova,MDA,2002,67.793
Moldova,MDA,2001,67.672
Moldova,MDA,2000,67.462
Monaco,MCO,2023,86.372
Monaco,MCO,2022,85.746
Monaco,MCO,2021,85.113
Monaco,MCO,2020,86.089
Monaco,MCO,2019,86.151
Monaco,MCO,2018,86.084
Monaco,MCO,2017,85.878
Monaco,MCO,2016,85.63
Monaco,MCO,2015,85.323
Monaco,MCO,2014,85.093
Monaco,MCO,2013,85.056
Monaco,MCO,2012,85.045
Monaco,MCO,2011,85.01
Monaco,MCO,2010,84.644
Monaco,MCO,2009,84.187
Monaco,MCO,2008,83.827
Monaco,MCO,2007,83.903
Monaco,MCO,2006,84.194
Monaco,MCO,2005,84.34
Monaco,MCO,2004,84.151
Monaco,MCO,2003,83.613
Monaco,MCO,2002,83.055
Monaco,MCO,2001,82.485
Monaco,MCO,2000,82.121
Mongolia,MNG,2023,72.1224390243902
Mongolia,MNG,2022,71.9007317073171
Mongolia,MNG,2021,71.6451219512195
Mongolia,MNG,2020,71.3490243902439
Mongolia,MNG,2019,71.0531707317073
Mongolia,MNG,2018,70.8270731707317
Mongolia,MNG,2017,70.5434146341463
Mongolia,MNG,2016,70.2239024390244
Mongolia,MNG,2015,70.810243902439
Mongolia,MNG,2014,70.5831707317073
Mongolia,MNG,2013,70.0980487804878
Mongolia,MNG,2012,69.500243902439
Mongolia,MNG,2011,69.109268292683
Mongolia,MNG,2010,68.5056097560976
Mongolia,MNG,2009,67.9690243902439
Mongolia,MNG,2008,67.2460975609756
Mongolia,MNG,2007,66.5934146341464
Mongolia,MNG,2006,65.9021951219512
Mongolia,MNG,2005,65.2807317073171
Mongolia,MNG,2004,64.630243902439
Mongolia,MNG,2003,63.5753658536585
Mongolia,MNG,2002,63.540243902439
Mongolia,MNG,2001,63.3917073170732
Mongolia,MNG,2000,63.2104878048781
Montenegro,MNE,2023,77.5878048780488
Montenegro,MNE,2022,76.1878048780488
Montenegro,MNE,2021,73.8243902439024
Montenegro,MNE,2020,75.9317073170732
Montenegro,MNE,2019,76.6829268292683
Montenegro,MNE,2018,77.8853658536585
Montenegro,MNE,2017,76.6853658536585
Montenegro,MNE,2016,76.5414634146342
Montenegro,MNE,2015,76.6024390243903
Montenegro,MNE,2014,76.3390243902439
Montenegro,MNE,2013,76.490243902439
Montenegro,MNE,2012,76.3
Montenegro,MNE,2011,76.0829268292683
Montenegro,MNE,2010,75.990243902439
Montenegro,MNE,2009,75.1439024390244
Montenegro,MNE,2008,75.1365853658537
Montenegro,MNE,2007,74.3390243902439
Montenegro,MNE,2006,73.8390243902439
Montenegro,MNE,2005,73.9829268292683
Montenegro,MNE,2004,74.2056097560976
Montenegro,MNE,2003,74.0557317073171
Montenegro,MNE,2002,73.9652195121951
Montenegro,MNE,2001,73.5801951219512
Montenegro,MNE,2000,73.3968048780488
Morocco,MAR,2023,75.313
Morocco,MAR,2022,75.161
Morocco,MAR,2021,73.385
Morocco,MAR,2020,73.133
Morocco,MAR,2019,74.245
Morocco,MAR,2018,73.946
Morocco,MAR,2017,73.608
Morocco,MAR,2016,73.228
Morocco,MAR,2015,72.894
Morocco,MAR,2014,72.522
Morocco,MAR,2013,72.117
Morocco,MAR,2012,71.674
Morocco,MAR,2011,71.263
Morocco,MAR,2010,70.821
Morocco,MAR,2009,70.454
Morocco,MAR,2008,70.051
Morocco,MAR,2007,69.62
Morocco,MAR,2006,69.157
Morocco,MAR,2005,68.748
Morocco,MAR,2004,68.272
Morocco,MAR,2003,67.958
Morocco,MAR,2002,67.582
Morocco,MAR,2001,67.2
Morocco,MAR,2000,66.794
Mozambique,MOZ,2023,63.611
Mozambique,MOZ,2022,63.011
Mozambique,MOZ,2021,60.268
Mozambique,MOZ,2020,61.39
Mozambique,MOZ,2019,61.306
Mozambique,MOZ,2018,60.79
Mozambique,MOZ,2017,60.148
Mozambique,MOZ,2016,59.455
Mozambique,MOZ,2015,58.711
Mozambique,MOZ,2014,57.965
Mozambique,MOZ,2013,57.189
Mozambique,MOZ,2012,56.46
Mozambique,MOZ,2011,55.733
Mozambique,MOZ,2010,55.04
Mozambique,MOZ,2009,54.4
Mozambique,MOZ,2008,53.799
Mozambique,MOZ,2007,53.255
Mozambique,MOZ,2006,52.748
Mozambique,MOZ,2005,52.322
Mozambique,MOZ,2004,51.855
Mozambique,MOZ,2003,51.383
Mozambique,MOZ,2002,50.879
Mozambique,MOZ,2001,50.259
Mozambique,MOZ,2000,49.476
Myanmar,MMR,2023,66.889
Myanmar,MMR,2022,66.506
Myanmar,MMR,2021,65.553
Myanmar,MMR,2020,66.612
Myanmar,MMR,2019,66.457
Myanmar,MMR,2018,66.232
Myanmar,MMR,2017,65.909
Myanmar,MMR,2016,65.64
Myanmar,MMR,2015,65.288
Myanmar,MMR,2014,64.994
Myanmar,MMR,2013,64.617
Myanmar,MMR,2012,64.251
Myanmar,MMR,2011,63.859
Myanmar,MMR,2010,63.479
Myanmar,MMR,2009,63.095
Myanmar,MMR,2008,56.364
Myanmar,MMR,2007,62.367
Myanmar,MMR,2006,62.026
Myanmar,MMR,2005,61.72
Myanmar,MMR,2004,61.443
Myanmar,MMR,2003,61.196
Myanmar,MMR,2002,60.925
Myanmar,MMR,2001,60.64
Myanmar,MMR,2000,60.357
Namibia,NAM,2023,67.385
Namibia,NAM,2022,64.19
Namibia,NAM,2021,60.85
Namibia,NAM,2020,64.071
Namibia,NAM,2019,63.546
Namibia,NAM,2018,62.579
Namibia,NAM,2017,61.661
Namibia,NAM,2016,60.81
Namibia,NAM,2015,60.008
Namibia,NAM,2014,59.311
Namibia,NAM,2013,58.468
Namibia,NAM,2012,57.733
Namibia,NAM,2011,56.647
Namibia,NAM,2010,56.093
Namibia,NAM,2009,55.347
Namibia,NAM,2008,54.74
Namibia,NAM,2007,54.026
Namibia,NAM,2006,53.183
Namibia,NAM,2005,52.557
Namibia,NAM,2004,52.175
Namibia,NAM,2003,51.918
Namibia,NAM,2002,51.988
Namibia,NAM,2001,51.98
Namibia,NAM,2000,52.946
Naoero,NRU,2023,62.109
Naoero,NRU,2022,61.93
Naoero,NRU,2021,61.331
Naoero,NRU,2020,61.527
Naoero,NRU,2019,61.393
Naoero,NRU,2018,61.238
Naoero,NRU,2017,61.101
Naoero,NRU,2016,60.996
Naoero,NRU,2015,60.897
Naoero,NRU,2014,60.834
Naoero,NRU,2013,60.701
Naoero,NRU,2012,60.533
Naoero,NRU,2011,60.287
Naoero,NRU,2010,60.074
Naoero,NRU,2009,59.852
Naoero,NRU,2008,59.675
Naoero,NRU,2007,59.49
Naoero,NRU,2006,59.409
Naoero,NRU,2005,59.361
Naoero,NRU,2004,59.346
Naoero,NRU,2003,59.359
Naoero,NRU,2002,59.427
Naoero,NRU,2001,59.482
Naoero,NRU,2000,59.574
Nepal,NPL,2023,70.354
Nepal,NPL,2022,70.087
Nepal,NPL,2021,68.385
Nepal,NPL,2020,69.106
Nepal,NPL,2019,69.299
Nepal,NPL,2018,69.036
Nepal,NPL,2017,68.74
Nepal,NPL,2016,68.444
Nepal,NPL,2015,67.374
Nepal,NPL,2014,67.812
Nepal,NPL,2013,67.598
Nepal,NPL,2012,67.364
Nepal,NPL,2011,67.123
Nepal,NPL,2010,66.772
Nepal,NPL,2009,66.6
Nepal,NPL,2008,66.442
Nepal,NPL,2007,66.169
Nepal,NPL,2006,65.891
Nepal,NPL,2005,65.275
Nepal,NPL,2004,64.744
Nepal,NPL,2003,64.229
Nepal,NPL,2002,63.507
Nepal,NPL,2001,63.288
Nepal,NPL,2000,62.642
Netherlands,NLD,2023,81.8634146341464
Netherlands,NLD,2022,81.6146341463415
Netherlands,NLD,2021,81.309756097561
Netherlands,NLD,2020,81.3585365853659
Netherlands,NLD,2019,82.1121951219512
Netherlands,NLD,2018,81.8121951219512
Netherlands,NLD,2017,81.7609756097561
Netherlands,NLD,2016,81.5609756097561
Netherlands,NLD,2015,81.509756097561
Netherlands,NLD,2014,81.7073170731707
Netherlands,NLD,2013,81.3048780487805
Netherlands,NLD,2012,81.1048780487805
Netherlands,NLD,2011,81.2048780487805
Netherlands,NLD,2010,80.7024390243902
Netherlands,NLD,2009,80.5487804878049
Netherlands,NLD,2008,80.2512195121951
Netherlands,NLD,2007,80.0975609756098
Netherlands,NLD,2006,79.6975609756098
Netherlands,NLD,2005,79.3463414634146
Netherlands,NLD,2004,79.0951219512195
Netherlands,NLD,2003,78.4926829268293
Netherlands,NLD,2002,78.2926829268293
Netherlands,NLD,2001,78.190243902439
Netherlands,NLD,2000,77.9878048780488
New Caledonia,NCL,2023,78.766
New Caledonia,NCL,2022,77.698
New Caledonia,NCL,2021,77.113
New Caledonia,NCL,2020,77.049
New Caledonia,NCL,2019,77.262
New Caledonia,NCL,2018,77.557
New Caledonia,NCL,2017,77.504
New Caledonia,NCL,2016,77.359
New Caledonia,NCL,2015,77.206
New Caledonia,NCL,2014,77.053
New Caledonia,NCL,2013,76.867
New Caledonia,NCL,2012,76.615
New Caledonia,NCL,2011,76.315
New Caledonia,NCL,2010,75.992
New Caledonia,NCL,2009,75.676
New Caledonia,NCL,2008,75.398
New Caledonia,NCL,2007,75.181
New Caledonia,NCL,2006,75.016
New Caledonia,NCL,2005,74.867
New Caledonia,NCL,2004,74.713
New Caledonia,NCL,2003,74.5
New Caledonia,NCL,2002,74.278
New Caledonia,NCL,2001,73.958
New Caledonia,NCL,2000,73.574
New Zealand,NZL,2023,81.7585365853659
New Zealand,NZL,2022,81.9585365853658
New Zealand,NZL,2021,82.2073170731707
New Zealand,NZL,2020,82.2560975609756
New Zealand,NZL,2019,82.0560975609756
New Zealand,NZL,2018,81.7073170731707
New Zealand,NZL,2017,81.8585365853659
New Zealand,NZL,2016,81.6585365853659
New Zealand,NZL,2015,81.6124390243903
New Zealand,NZL,2014,81.4568292682927
New Zealand,NZL,2013,81.4048780487805
New Zealand,NZL,2012,81.4073170731707
New Zealand,NZL,2011,81.1560975609756
New Zealand,NZL,2010,80.9048780487805
New Zealand,NZL,2009,80.7024390243902
New Zealand,NZL,2008,80.3512195121951
New Zealand,NZL,2007,80.1512195121951
New Zealand,NZL,2006,80.0487804878049
New Zealand,NZL,2005,79.8512195121951
New Zealand,NZL,2004,79.5487804878049
New Zealand,NZL,2003,79.1463414634146
New Zealand,NZL,2002,78.8463414634146
New Zealand,NZL,2001,78.6926829268293
New Zealand,NZL,2000,78.6365853658537
Nicaragua,NIC,2023,74.947
Nicaragua,NIC,2022,74.463
Nicaragua,NIC,2021,70.478
Nicaragua,NIC,2020,70.766
Nicaragua,NIC,2019,73.764
Nicaragua,NIC,2018,73.879
Nicaragua,NIC,2017,73.389
Nicaragua,NIC,2016,73.18
Nicaragua,NIC,2015,72.899
Nicaragua,NIC,2014,72.792
Nicaragua,NIC,2013,72.551
Nicaragua,NIC,2012,72.435
Nicaragua,NIC,2011,72.033
Nicaragua,NIC,2010,71.761
Nicaragua,NIC,2009,71.499
Nicaragua,NIC,2008,71.404
Nicaragua,NIC,2007,71.197
Nicaragua,NIC,2006,70.958
Nicaragua,NIC,2005,70.374
Nicaragua,NIC,2004,69.51
Nicaragua,NIC,2003,68.749
Nicaragua,NIC,2002,67.95
Nicaragua,NIC,2001,67.028
Nicaragua,NIC,2000,66.36
Niger,NER,2023,61.183
Niger,NER,2022,60.398
Niger,NER,2021,59.542
Niger,NER,2020,59.89
Niger,NER,2019,60.031
Niger,NER,2018,59.765
Niger,NER,2017,59.524
Niger,NER,2016,59.228
Niger,NER,2015,58.85
Niger,NER,2014,58.693
Niger,NER,2013,58.364
Niger,NER,2012,57.987
Niger,NER,2011,57.6
Niger,NER,2010,57.08
Niger,NER,2009,56.487
Niger,NER,2008,55.852
Niger,NER,2007,55.063
Niger,NER,2006,54.223
Niger,NER,2005,53.32
Niger,NER,2004,52.402
Niger,NER,2003,51.545
Niger,NER,2002,50.645
Niger,NER,2001,49.872
Niger,NER,2000,49.172
Nigeria,NGA,2023,54.462
Nigeria,NGA,2022,54.079
Nigeria,NGA,2021,53.455
Nigeria,NGA,2020,53.072
Nigeria,NGA,2019,53.009
Nigeria,NGA,2018,52.669
Nigeria,NGA,2017,52.397
Nigeria,NGA,2016,52.189
Nigeria,NGA,2015,51.939
Nigeria,NGA,2014,51.94
Nigeria,NGA,2013,51.827
Nigeria,NGA,2012,51.688
Nigeria,NGA,2011,51.49
Nigeria,NGA,2010,51.315
Nigeria,NGA,2009,51.08
Nigeria,NGA,2008,50.748
Nigeria,NGA,2007,50.381
Nigeria,NGA,2006,49.876
Nigeria,NGA,2005,49.538
Nigeria,NGA,2004,49.148
Nigeria,NGA,2003,48.618
Nigeria,NGA,2002,48.02
Nigeria,NGA,2001,47.549
Nigeria,NGA,2000,47.143
North Macedonia,MKD,2023,75.3160975609756
North Macedonia,MKD,2022,74.4248780487805
North Macedonia,MKD,2021,73.2463414634146
North Macedonia,MKD,2020,74.3951219512195
North Macedonia,MKD,2019,76.6024390243903
North Macedonia,MKD,2018,76.6487804878049
North Macedonia,MKD,2017,75.9536585365854
North Macedonia,MKD,2016,75.4
North Macedonia,MKD,2015,75.4024390243902
North Macedonia,MKD,2014,75.4512195121951
North Macedonia,MKD,2013,75.4
North Macedonia,MKD,2012,74.9024390243903
North Macedonia,MKD,2011,75.1
North Macedonia,MKD,2010,74.9975609756098
North Macedonia,MKD,2009,74.4463414634146
North Macedonia,MKD,2008,74.4
North Macedonia,MKD,2007,73.8
North Macedonia,MKD,2006,73.8951219512195
North Macedonia,MKD,2005,73.6975609756098
North Macedonia,MKD,2004,73.5975609756098
North Macedonia,MKD,2003,73.2414634146342
North Macedonia,MKD,2002,73.0390243902439
North Macedonia,MKD,2001,73.4365853658537
North Macedonia,MKD,2000,72.9463414634147
Northern Mariana Islands,MNP,2023,78.808
Northern Mariana Islands,MNP,2022,78.531
Northern Mariana Islands,MNP,2021,78.16
Northern Mariana Islands,MNP,2020,78.03
Northern Mariana Islands,MNP,2019,77.844
Northern Mariana Islands,MNP,2018,77.51
Northern Mariana Islands,MNP,2017,77.47
Northern Mariana Islands,MNP,2016,77.392
Northern Mariana Islands,MNP,2015,77.36
Northern Mariana Islands,MNP,2014,77.377
Northern Mariana Islands,MNP,2013,77.452
Northern Mariana Islands,MNP,2012,77.566
Northern Mariana Islands,MNP,2011,77.688
Northern Mariana Islands,MNP,2010,77.8
Northern Mariana Islands,MNP,2009,77.903
Northern Mariana Islands,MNP,2008,77.938
Northern Mariana Islands,MNP,2007,77.863
Northern Mariana Islands,MNP,2006,77.688
Northern Mariana Islands,MNP,2005,77.307
Northern Mariana Islands,MNP,2004,76.789
Northern Mariana Islands,MNP,2003,76.505
Northern Mariana Islands,MNP,2002,75.934
Northern Mariana Islands,MNP,2001,75.419
Northern Mariana Islands,MNP,2000,74.9
Norway,NOR,2023,83.0121951219512
Norway,NOR,2022,82.509756097561
Norway,NOR,2021,83.1634146341463
Norway,NOR,2020,83.209756097561
Norway,NOR,2019,82.9585365853659
Norway,NOR,2018,82.7585365853659
Norway,NOR,2017,82.609756097561
Norway,NOR,2016,82.4073170731707
Norway,NOR,2015,82.3048780487805
Norway,NOR,2014,82.1
Norway,NOR,2013,81.7512195121951
Norway,NOR,2012,81.4512195121951
Norway,NOR,2011,81.2951219512195
Norway,NOR,2010,80.9975609756098
Norway,NOR,2009,80.7951219512195
Norway,NOR,2008,80.5926829268293
Norway,NOR,2007,80.3951219512195
Norway,NOR,2006,80.3439024390244
Norway,NOR,2005,80.0414634146342
Norway,NOR,2004,79.8414634146342
Norway,NOR,2003,79.390243902439
Norway,NOR,2002,78.9878048780488
Norway,NOR,2001,78.7853658536585
Norway,NOR,2000,78.6341463414634
Oman,OMN,2023,80.031
Oman,OMN,2022,77.911
Oman,OMN,2021,75.969
Oman,OMN,2020,77.763
Oman,OMN,2019,79.946
Oman,OMN,2018,79.864
Oman,OMN,2017,79.748
Oman,OMN,2016,79.581
Oman,OMN,2015,79.346
Oman,OMN,2014,79.03
Oman,OMN,2013,78.633
Oman,OMN,2012,78.187
Oman,OMN,2011,77.74
Oman,OMN,2010,77.184
Oman,OMN,2009,76.631
Oman,OMN,2008,76.124
Oman,OMN,2007,75.596
Oman,OMN,2006,75.354
Oman,OMN,2005,75.07
Oman,OMN,2004,74.82
Oman,OMN,2003,74.521
Oman,OMN,2002,74.276
Oman,OMN,2001,73.979
Oman,OMN,2000,73.643
Pakistan,PAK,2023,67.649
Pakistan,PAK,2022,67.417
Pakistan,PAK,2021,65.773
Pakistan,PAK,2020,65.701
Pakistan,PAK,2019,66.729
Pakistan,PAK,2018,66.481
Pakistan,PAK,2017,66.223
Pakistan,PAK,2016,65.943
Pakistan,PAK,2015,65.641
Pakistan,PAK,2014,65.374
Pakistan,PAK,2013,65.129
Pakistan,PAK,2012,64.883
Pakistan,PAK,2011,64.659
Pakistan,PAK,2010,64.378
Pakistan,PAK,2009,64.206
Pakistan,PAK,2008,64.002
Pakistan,PAK,2007,63.807
Pakistan,PAK,2006,63.624
Pakistan,PAK,2005,62.416
Pakistan,PAK,2004,63.097
Pakistan,PAK,2003,62.834
Pakistan,PAK,2002,62.556
Pakistan,PAK,2001,62.241
Pakistan,PAK,2000,61.903
Palau,PLW,2023,69.269
Palau,PLW,2022,68.922
Palau,PLW,2021,68.563
Palau,PLW,2020,68.689
Palau,PLW,2019,68.982
Palau,PLW,2018,68.989
Palau,PLW,2017,69.019
Palau,PLW,2016,69.046
Palau,PLW,2015,69.07
Palau,PLW,2014,69.062
Palau,PLW,2013,68.981
Palau,PLW,2012,68.863
Palau,PLW,2011,68.638
Palau,PLW,2010,68.347
Palau,PLW,2009,67.99
Palau,PLW,2008,67.562
Palau,PLW,2007,67.113
Palau,PLW,2006,66.633
Palau,PLW,2005,66.219
Palau,PLW,2004,65.816
Palau,PLW,2003,65.446
Palau,PLW,2002,65.076
Palau,PLW,2001,64.8
Palau,PLW,2000,64.499
Panama,PAN,2023,79.594
Panama,PAN,2022,79.324
Panama,PAN,2021,77.004
Panama,PAN,2020,76.33
Panama,PAN,2019,78.514
Panama,PAN,2018,78.266
Panama,PAN,2017,77.901
Panama,PAN,2016,77.772
Panama,PAN,2015,77.583
Panama,PAN,2014,77.365
Panama,PAN,2013,77.129
Panama,PAN,2012,76.877
Panama,PAN,2011,76.659
Panama,PAN,2010,76.417
Panama,PAN,2009,76.228
Panama,PAN,2008,75.937
Panama,PAN,2007,75.675
Panama,PAN,2006,75.429
Panama,PAN,2005,75.16
Panama,PAN,2004,74.845
Panama,PAN,2003,74.567
Panama,PAN,2002,74.195
Panama,PAN,2001,73.82
Panama,PAN,2000,73.443
Papua New Guinea,PNG,2023,66.134
Papua New Guinea,PNG,2022,65.274
Papua New Guinea,PNG,2021,64.358
Papua New Guinea,PNG,2020,65.075
Papua New Guinea,PNG,2019,65.331
Papua New Guinea,PNG,2018,65.114
Papua New Guinea,PNG,2017,64.923
Papua New Guinea,PNG,2016,64.7
Papua New Guinea,PNG,2015,64.473
Papua New Guinea,PNG,2014,64.198
Papua New Guinea,PNG,2013,63.927
Papua New Guinea,PNG,2012,63.639
Papua New Guinea,PNG,2011,63.382
Papua New Guinea,PNG,2010,63.056
Papua New Guinea,PNG,2009,62.772
Papua New Guinea,PNG,2008,62.511
Papua New Guinea,PNG,2007,62.211
Papua New Guinea,PNG,2006,62.018
Papua New Guinea,PNG,2005,61.868
Papua New Guinea,PNG,2004,61.795
Papua New Guinea,PNG,2003,61.741
Papua New Guinea,PNG,2002,61.643
Papua New Guinea,PNG,2001,61.647
Papua New Guinea,PNG,2000,61.609
Paraguay,PRY,2023,73.844
Paraguay,PRY,2022,72.319
Paraguay,PRY,2021,68.108
Paraguay,PRY,2020,72.72
Paraguay,PRY,2019,73.668
Paraguay,PRY,2018,73.627
Paraguay,PRY,2017,73.45
Paraguay,PRY,2016,73.487
Paraguay,PRY,2015,73.454
Paraguay,PRY,2014,73.415
Paraguay,PRY,2013,73.292
Paraguay,PRY,2012,73.105
Paraguay,PRY,2011,72.787
Paraguay,PRY,2010,72.551
Paraguay,PRY,2009,72.282
Paraguay,PRY,2008,72.047
Paraguay,PRY,2007,71.817
Paraguay,PRY,2006,71.584
Paraguay,PRY,2005,71.317
Paraguay,PRY,2004,71.054
Paraguay,PRY,2003,70.795
Paraguay,PRY,2002,70.539
Paraguay,PRY,2001,70.281
Paraguay,PRY,2000,70.026
Peru,PER,2023,77.74
Peru,PER,2022,76.834
Peru,PER,2021,71.596
Peru,PER,2020,73.832
Peru,PER,2019,76.275
Peru,PER,2018,76.018
Peru,PER,2017,75.958
Peru,PER,2016,75.951
Peru,PER,2015,75.732
Peru,PER,2014,75.26
Peru,PER,2013,74.591
Peru,PER,2012,73.979
Peru,PER,2011,73.327
Peru,PER,2010,72.886
Peru,PER,2009,72.631
Peru,PER,2008,72.743
Peru,PER,2007,72.746
Peru,PER,2006,72.337
Peru,PER,2005,71.988
Peru,PER,2004,71.447
Peru,PER,2003,71.278
Peru,PER,2002,70.815
Peru,PER,2001,70.315
Peru,PER,2000,69.821
Philippines,PHL,2023,69.833
Philippines,PHL,2022,69.472
Philippines,PHL,2021,66.675
Philippines,PHL,2020,70.097
Philippines,PHL,2019,69.68
Philippines,PHL,2018,69.761
Philippines,PHL,2017,69.966
Philippines,PHL,2016,69.49
Philippines,PHL,2015,69.45
Philippines,PHL,2014,69.311
Philippines,PHL,2013,69.283
Philippines,PHL,2012,69.237
Philippines,PHL,2011,69.096
Philippines,PHL,2010,68.883
Philippines,PHL,2009,68.631
Philippines,PHL,2008,68.643
Philippines,PHL,2007,68.549
Philippines,PHL,2006,68.172
Philippines,PHL,2005,68.423
Philippines,PHL,2004,68.301
Philippines,PHL,2003,68.049
Philippines,PHL,2002,67.886
Philippines,PHL,2001,67.829
Philippines,PHL,2000,67.789
Poland,POL,2023,78.2585365853659
Poland,POL,2022,77.1560975609756
Poland,POL,2021,75.3512195121951
Poland,POL,2020,76.4
Poland,POL,2019,77.9048780487805
Poland,POL,2018,77.6024390243903
Poland,POL,2017,77.7536585365854
Poland,POL,2016,77.8512195121951
Poland,POL,2015,77.4512195121951
Poland,POL,2014,77.6024390243903
Poland,POL,2013,77.0
Poland,POL,2012,76.7463414634146
Poland,POL,2011,76.6951219512195
Poland,POL,2010,76.2463414634146
Poland,POL,2009,75.6951219512195
Poland,POL,2008,75.5439024390244
Poland,POL,2007,75.2439024390244
Poland,POL,2006,75.1439024390244
Poland,POL,2005,74.9951219512195
Poland,POL,2004,74.8463414634146
Poland,POL,2003,74.5975609756098
Poland,POL,2002,74.4975609756098
Poland,POL,2001,74.2
Poland,POL,2000,73.7487804878049
Portugal,PRT,2023,82.3292682926829
Portugal,PRT,2022,81.6317073170732
Portugal,PRT,2021,81.3780487804878
Portugal,PRT,2020,81.3292682926829
Portugal,PRT,2019,81.6756097560976
Portugal,PRT,2018,81.3243902439024
Portugal,PRT,2017,81.4243902439025
Portugal,PRT,2016,81.1243902439025
Portugal,PRT,2015,81.1243902439025
Portugal,PRT,2014,81.1219512195122
Portugal,PRT,2013,80.7219512195122
Portugal,PRT,2012,80.3731707317073
Portugal,PRT,2011,80.4707317073171
Portugal,PRT,2010,79.0268292682927
Portugal,PRT,2009,78.7268292682927
Portugal,PRT,2008,78.5243902439025
Portugal,PRT,2007,78.3219512195122
Portugal,PRT,2006,78.419512195122
Portugal,PRT,2005,78.0707317073171
Portugal,PRT,2004,77.6707317073171
Portugal,PRT,2003,77.219512195122
Portugal,PRT,2002,77.0658536585366
Portugal,PRT,2001,76.8146341463415
Portugal,PRT,2000,76.3146341463415
Puerto Rico (US),PRI,2023,81.69
Puerto Rico (US),PRI,2022,79.427
Puerto Rico (US),PRI,2021,79.77
Puerto Rico (US),PRI,2020,80.009
Puerto Rico (US),PRI,2019,81.438
Puerto Rico (US),PRI,2018,81.086
Puerto Rico (US),PRI,2017,79.07
Puerto Rico (US),PRI,2016,80.355
Puerto Rico (US),PRI,2015,80.677
Puerto Rico (US),PRI,2014,80.039
Puerto Rico (US),PRI,2013,80.318
Puerto Rico (US),PRI,2012,79.258
Puerto Rico (US),PRI,2011,78.766
Puerto Rico (US),PRI,2010,78.717
Puerto Rico (US),PRI,2009,78.377
Puerto Rico (US),PRI,2008,78.111
Puerto Rico (US),PRI,2007,77.659
Puerto Rico (US),PRI,2006,77.561
Puerto Rico (US),PRI,2005,76.703
Puerto Rico (US),PRI,2004,76.913
Puerto Rico (US),PRI,2003,76.941
Puerto Rico (US),PRI,2002,76.819
Puerto Rico (US),PRI,2001,75.972
Puerto Rico (US),PRI,2000,75.514
Qatar,QAT,2023,82.368
Qatar,QAT,2022,81.857
Qatar,QAT,2021,81.083
Qatar,QAT,2020,80.409
Qatar,QAT,2019,82.945
Qatar,QAT,2018,82.714
Qatar,QAT,2017,82.458
Qatar,QAT,2016,82.147
Qatar,QAT,2015,81.785
Qatar,QAT,2014,81.395
Qatar,QAT,2013,80.974
Qatar,QAT,2012,80.499
Qatar,QAT,2011,79.994
Qatar,QAT,2010,79.444
Qatar,QAT,2009,78.837
Qatar,QAT,2008,78.262
Qatar,QAT,2007,77.741
Qatar,QAT,2006,77.323
Qatar,QAT,2005,76.909
Qatar,QAT,2004,76.484
Qatar,QAT,2003,76.097
Qatar,QAT,2002,75.766
Qatar,QAT,2001,75.486
Qatar,QAT,2000,75.25
Romania,ROU,2023,76.4048780487805
Romania,ROU,2022,75.1536585365854
Romania,ROU,2021,72.809756097561
Romania,ROU,2020,74.2536585365854
Romania,ROU,2019,75.6073170731707
Romania,ROU,2018,75.3585365853659
Romania,ROU,2017,75.209756097561
Romania,ROU,2016,75.209756097561
Romania,ROU,2015,74.9121951219512
Romania,ROU,2014,74.909756097561
Romania,ROU,2013,75.0634146341463
Romania,ROU,2012,74.4121951219512
Romania,ROU,2011,74.409756097561
Romania,ROU,2010,73.4585365853659
Romania,ROU,2009,73.309756097561
Romania,ROU,2008,72.5658536585366
Romania,ROU,2007,72.5658536585366
Romania,ROU,2006,72.1634146341463
Romania,ROU,2005,71.9121951219512
Romania,ROU,2004,71.5609756097561
Romania,ROU,2003,71.309756097561
Romania,ROU,2002,71.009756097561
Romania,ROU,2001,71.1609756097561
Romania,ROU,2000,71.1634146341463
Russian Federation,RUS,2023,73.2546341463415
Russian Federation,RUS,2022,72.5456097560976
Russian Federation,RUS,2021,69.900243902439
Russian Federation,RUS,2020,71.3387804878049
Russian Federation,RUS,2019,73.0839024390244
Russian Federation,RUS,2018,72.6621951219512
Russian Federation,RUS,2017,72.4514634146342
Russian Federation,RUS,2016,71.6512195121951
Russian Federation,RUS,2015,71.1834146341463
Russian Federation,RUS,2014,70.7436585365854
Russian Federation,RUS,2013,70.5787804878049
Russian Federation,RUS,2012,70.0721951219512
Russian Federation,RUS,2011,69.6839024390244
Russian Federation,RUS,2010,68.8412195121951
Russian Federation,RUS,2009,68.6846341463415
Russian Federation,RUS,2008,67.9492682926829
Russian Federation,RUS,2007,67.5868292682927
Russian Federation,RUS,2006,66.7275609756098
Russian Federation,RUS,2005,65.529756097561
Russian Federation,RUS,2004,65.4709756097561
Russian Federation,RUS,2003,65.0275609756098
Russian Federation,RUS,2002,65.1287804878049
Russian Federation,RUS,2001,65.3834146341463
Russian Federation,RUS,2000,65.4836585365854
Rwanda,RWA,2023,67.785
Rwanda,RWA,2022,67.528
Rwanda,RWA,2021,66.85
Rwanda,RWA,2020,66.953
Rwanda,RWA,2019,66.691
Rwanda,RWA,2018,66.354
Rwanda,RWA,2017,66.14
Rwanda,RWA,2016,65.733
Rwanda,RWA,2015,65.419
Rwanda,RWA,2014,65.088
Rwanda,RWA,2013,64.651
Rwanda,RWA,2012,64.189
Rwanda,RWA,2011,63.476
Rwanda,RWA,2010,62.804
Rwanda,RWA,2009,61.813
Rwanda,RWA,2008,60.641
Rwanda,RWA,2007,59.504
Rwanda,RWA,2006,58.342
Rwanda,RWA,2005,56.968
Rwanda,RWA,2004,55.52
Rwanda,RWA,2003,53.529
Rwanda,RWA,2002,51.262
Rwanda,RWA,2001,49.49
Rwanda,RWA,2000,47.798
Samoa,WSM,2023,71.698
Samoa,WSM,2022,71.55
Samoa,WSM,2021,71.096
Samoa,WSM,2020,70.727
Samoa,WSM,2019,70.269
Samoa,WSM,2018,71.052
Samoa,WSM,2017,70.991
Samoa,WSM,2016,71.003
Samoa,WSM,2015,71.06
Samoa,WSM,2014,71.142
Samoa,WSM,2013,71.229
Samoa,WSM,2012,71.159
Samoa,WSM,2011,71.393
Samoa,WSM,2010,71.451
Samoa,WSM,2009,69.486
Samoa,WSM,2008,71.531
Samoa,WSM,2007,71.605
Samoa,WSM,2006,71.62
Samoa,WSM,2005,71.487
Samoa,WSM,2004,71.508
Samoa,WSM,2003,71.441
Samoa,WSM,2002,71.233
Samoa,WSM,2001,71.028
Samoa,WSM,2000,70.791
San Marino,SMR,2023,85.706
San Marino,SMR,2022,85.708
San Marino,SMR,2021,83.539
San Marino,SMR,2020,82.65
San Marino,SMR,2019,85.257
San Marino,SMR,2018,85.095
San Marino,SMR,2017,84.933
San Marino,SMR,2016,84.775
San Marino,SMR,2015,84.596
San Marino,SMR,2014,84.394
San Marino,SMR,2013,84.175
San Marino,SMR,2012,83.943
San Marino,SMR,2011,83.713
San Marino,SMR,2010,83.464
San Marino,SMR,2009,83.224
San Marino,SMR,2008,82.894
San Marino,SMR,2007,82.605
San Marino,SMR,2006,82.258
San Marino,SMR,2005,81.926
San Marino,SMR,2004,81.592
San Marino,SMR,2003,81.33
San Marino,SMR,2002,81.061
San Marino,SMR,2001,80.803
San Marino,SMR,2000,80.504
Sao Tome and Principe,STP,2023,69.718
Sao Tome and Principe,STP,2022,69.237
Sao Tome and Principe,STP,2021,68.026
Sao Tome and Principe,STP,2020,67.979
Sao Tome and Principe,STP,2019,68.043
Sao Tome and Principe,STP,2018,67.602
Sao Tome and Principe,STP,2017,67.074
Sao Tome and Principe,STP,2016,66.563
Sao Tome and Principe,STP,2015,66.023
Sao Tome and Principe,STP,2014,65.478
Sao Tome and Principe,STP,2013,64.93
Sao Tome and Principe,STP,2012,64.505
Sao Tome and Principe,STP,2011,64.122
Sao Tome and Principe,STP,2010,63.867
Sao Tome and Principe,STP,2009,63.669
Sao Tome and Principe,STP,2008,63.448
Sao Tome and Principe,STP,2007,63.336
Sao Tome and Principe,STP,2006,63.041
Sao Tome and Principe,STP,2005,62.434
Sao Tome and Principe,STP,2004,62.56
Sao Tome and Principe,STP,2003,62.158
Sao Tome and Principe,STP,2002,61.826
Sao Tome and Principe,STP,2001,61.5
Sao Tome and Principe,STP,2000,61.207
Saudi Arabia,SAU,2023,78.732
Saudi Arabia,SAU,2022,77.31
Saudi Arabia,SAU,2021,77.089
Saudi Arabia,SAU,2020,77.596
Saudi Arabia,SAU,2019,78.313
Saudi Arabia,SAU,2018,78.75
Saudi Arabia,SAU,2017,78.721
Saudi Arabia,SAU,2016,78.354
Saudi Arabia,SAU,2015,77.776
Saudi Arabia,SAU,2014,77.116
Saudi Arabia,SAU,2013,76.517
Saudi Arabia,SAU,2012,76.09
Saudi Arabia,SAU,2011,75.808
Saudi Arabia,SAU,2010,75.616
Saudi Arabia,SAU,2009,75.447
Saudi Arabia,SAU,2008,75.301
Saudi Arabia,SAU,2007,75.066
Saudi Arabia,SAU,2006,74.762
Saudi Arabia,SAU,2005,74.4
Saudi Arabia,SAU,2004,74.027
Saudi Arabia,SAU,2003,73.657
Saudi Arabia,SAU,2002,73.296
Saudi Arabia,SAU,2001,72.951
Saudi Arabia,SAU,2000,72.607
Senegal,SEN,2023,68.683
Senegal,SEN,2022,67.788
Senegal,SEN,2021,66.868
Senegal,SEN,2020,67.496
Senegal,SEN,2019,67.668
Senegal,SEN,2018,67.379
Senegal,SEN,2017,67.059
Senegal,SEN,2016,66.724
Senegal,SEN,2015,66.451
Senegal,SEN,2014,66.001
Senegal,SEN,2013,65.638
Senegal,SEN,2012,65.229
Senegal,SEN,2011,64.799
Senegal,SEN,2010,64.221
Senegal,SEN,2009,63.751
Senegal,SEN,2008,63.201
Senegal,SEN,2007,62.653
Senegal,SEN,2006,61.801
Senegal,SEN,2005,60.98
Senegal,SEN,2004,60.308
Senegal,SEN,2003,59.474
Senegal,SEN,2002,58.912
Senegal,SEN,2001,58.158
Senegal,SEN,2000,57.615
Serbia,SRB,2023,76.1414634146341
Serbia,SRB,2022,75.2365853658537
Serbia,SRB,2021,72.780487804878
Serbia,SRB,2020,74.4780487804878
Serbia,SRB,2019,75.9365853658537
Serbia,SRB,2018,75.890243902439
Serbia,SRB,2017,75.5390243902439
Serbia,SRB,2016,75.6878048780488
Serbia,SRB,2015,75.2878048780488
Serbia,SRB,2014,75.3365853658537
Serbia,SRB,2013,75.1853658536585
Serbia,SRB,2012,74.8365853658537
Serbia,SRB,2011,74.5365853658537
Serbia,SRB,2010,74.3365853658537
Serbia,SRB,2009,73.9853658536585
Serbia,SRB,2008,73.8853658536585
Serbia,SRB,2007,73.6317073170732
Serbia,SRB,2006,73.3853658536585
Serbia,SRB,2005,72.8341463414634
Serbia,SRB,2004,72.6829268292683
Serbia,SRB,2003,72.4365853658537
Serbia,SRB,2002,72.2853658536585
Serbia,SRB,2001,72.2341463414634
Serbia,SRB,2000,71.5829268292683
Seychelles,SYC,2023,75.419512195122
Seychelles,SYC,2022,74.509756097561
Seychelles,SYC,2021,73.3975609756097
Seychelles,SYC,2020,77.2365853658537
Seychelles,SYC,2019,74.0463414634146
Seychelles,SYC,2018,72.8414634146341
Seychelles,SYC,2017,74.3
Seychelles,SYC,2016,74.309756097561
Seychelles,SYC,2015,74.2951219512195
Seychelles,SYC,2014,73.2292682926829
Seychelles,SYC,2013,73.119512195122
Seychelles,SYC,2012,74.2756097560976
Seychelles,SYC,2011,72.7243902439024
Seychelles,SYC,2010,73.1975609756098
Seychelles,SYC,2009,73.0829268292683
Seychelles,SYC,2008,73.1634146341463
Seychelles,SYC,2007,73.1439024390244
Seychelles,SYC,2006,72.2170731707317
Seychelles,SYC,2005,72.1317073170732
Seychelles,SYC,2004,72.6609756097561
Seychelles,SYC,2003,71.0292682926829
Seychelles,SYC,2002,71.0878048780488
Seychelles,SYC,2001,73.2536585365854
Seychelles,SYC,2000,72.7780487804878
Sierra Leone,SLE,2023,61.786
Sierra Leone,SLE,2022,61.275
Sierra Leone,SLE,2021,60.26
Sierra Leone,SLE,2020,59.694
Sierra Leone,SLE,2019,59.593
Sierra Leone,SLE,2018,59.059
Sierra Leone,SLE,2017,57.761
Sierra Leone,SLE,2016,56.937
Sierra Leone,SLE,2015,55.454
Sierra Leone,SLE,2014,54.281
Sierra Leone,SLE,2013,54.051
Sierra Leone,SLE,2012,53.159
Sierra Leone,SLE,2011,52.594
Sierra Leone,SLE,2010,51.927
Sierra Leone,SLE,2009,51.312
Sierra Leone,SLE,2008,50.693
Sierra Leone,SLE,2007,50.024
Sierra Leone,SLE,2006,49.547
Sierra Leone,SLE,2005,48.306
Sierra Leone,SLE,2004,47.485
Sierra Leone,SLE,2003,46.784
Sierra Leone,SLE,2002,46.174
Sierra Leone,SLE,2001,45.448
Sierra Leone,SLE,2000,44.834
Singapore,SGP,2023,83.0975609756098
Singapore,SGP,2022,82.8951219512195
Singapore,SGP,2021,83.0926829268293
Singapore,SGP,2020,83.5439024390244
Singapore,SGP,2019,83.5951219512195
Singapore,SGP,2018,83.2975609756098
Singapore,SGP,2017,83.0951219512195
Singapore,SGP,2016,82.8463414634146
Singapore,SGP,2015,82.7439024390244
Singapore,SGP,2014,82.4951219512195
Singapore,SGP,2013,82.2463414634147
Singapore,SGP,2012,81.9951219512195
Singapore,SGP,2011,81.7439024390244
Singapore,SGP,2010,81.5414634146342
Singapore,SGP,2009,81.2414634146342
Singapore,SGP,2008,80.790243902439
Singapore,SGP,2007,80.4414634146342
Singapore,SGP,2006,80.1414634146341
Singapore,SGP,2005,79.990243902439
Singapore,SGP,2004,79.490243902439
Singapore,SGP,2003,79.0390243902439
Singapore,SGP,2002,78.5512195121951
Singapore,SGP,2001,78.2512195121951
Singapore,SGP,2000,77.9512195121951
Sint Maarten (Dutch part),SXM,2023,76.371
Sint Maarten (Dutch part),SXM,2022,76.18
Sint Maarten (Dutch part),SXM,2021,74.505
Sint Maarten (Dutch part),SXM,2020,75.002
Sint Maarten (Dutch part),SXM,2019,75.68
Sint Maarten (Dutch part),SXM,2018,75.693
Sint Maarten (Dutch part),SXM,2017,75.455
Sint Maarten (Dutch part),SXM,2016,75.952
Sint Maarten (Dutch part),SXM,2015,75.899
Sint Maarten (Dutch part),SXM,2014,75.735
Sint Maarten (Dutch part),SXM,2013,75.391
Sint Maarten (Dutch part),SXM,2012,75.125
Sint Maarten (Dutch part),SXM,2011,74.868
Sint Maarten (Dutch part),SXM,2010,74.821
Sint Maarten (Dutch part),SXM,2009,74.796
Sint Maarten (Dutch part),SXM,2008,74.852
Sint Maarten (Dutch part),SXM,2007,74.812
Sint Maarten (Dutch part),SXM,2006,74.779
Sint Maarten (Dutch part),SXM,2005,74.681
Sint Maarten (Dutch part),SXM,2004,74.618
Sint Maarten (Dutch part),SXM,2003,74.588
Sint Maarten (Dutch part),SXM,2002,74.585
Sint Maarten (Dutch part),SXM,2001,74.525
Sint Maarten (Dutch part),SXM,2000,74.409
Slovak Republic,SVK,2023,78.119512195122
Slovak Republic,SVK,2022,76.9658536585366
Slovak Republic,SVK,2021,74.6146341463415
Slovak Republic,SVK,2020,76.8658536585366
Slovak Republic,SVK,2019,77.6658536585366
Slovak Republic,SVK,2018,77.2658536585366
Slovak Republic,SVK,2017,77.1658536585366
Slovak Republic,SVK,2016,77.1658536585366
Slovak Republic,SVK,2015,76.5634146341463
Slovak Republic,SVK,2014,76.8121951219512
Slovak Republic,SVK,2013,76.4121951219512
Slovak Republic,SVK,2012,76.109756097561
Slovak Republic,SVK,2011,75.9585365853659
Slovak Republic,SVK,2010,75.1121951219512
Slovak Republic,SVK,2009,74.909756097561
Slovak Republic,SVK,2008,74.7048780487805
Slovak Republic,SVK,2007,74.2073170731707
Slovak Republic,SVK,2006,74.2048780487805
Slovak Republic,SVK,2005,73.9048780487805
Slovak Republic,SVK,2004,73.9585365853659
Slovak Republic,SVK,2003,73.6048780487805
Slovak Republic,SVK,2002,73.6048780487805
Slovak Republic,SVK,2001,73.4024390243903
Slovak Republic,SVK,2000,73.0512195121951
Slovenia,SVN,2023,81.9292682926829
Slovenia,SVN,2022,81.2829268292683
Slovenia,SVN,2021,80.6756097560976
Slovenia,SVN,2020,80.5317073170732
Slovenia,SVN,2019,81.5292682926829
Slovenia,SVN,2018,81.3780487804878
Slovenia,SVN,2017,81.0292682926829
Slovenia,SVN,2016,81.1756097560976
Slovenia,SVN,2015,80.7756097560976
Slovenia,SVN,2014,81.0780487804878
Slovenia,SVN,2013,80.3219512195122
Slovenia,SVN,2012,80.1243902439024
Slovenia,SVN,2011,79.9707317073171
Slovenia,SVN,2010,79.4219512195122
Slovenia,SVN,2009,78.9707317073171
Slovenia,SVN,2008,78.7658536585366
Slovenia,SVN,2007,78.5609756097561
Slovenia,SVN,2006,78.0865853658537
Slovenia,SVN,2005,77.6121951219512
Slovenia,SVN,2004,77.2073170731707
Slovenia,SVN,2003,76.8585365853659
Slovenia,SVN,2002,76.0073170731707
Slovenia,SVN,2001,75.7585365853659
Slovenia,SVN,2000,75.4121951219512
Solomon Islands,SLB,2023,70.528
Solomon Islands,SLB,2022,70.409
Solomon Islands,SLB,2021,68.89
Solomon Islands,SLB,2020,69.258
Solomon Islands,SLB,2019,69.981
Solomon Islands,SLB,2018,69.806
Solomon Islands,SLB,2017,69.652
Solomon Islands,SLB,2016,69.501
Solomon Islands,SLB,2015,69.323
Solomon Islands,SLB,2014,68.984
Solomon Islands,SLB,2013,69.007
Solomon Islands,SLB,2012,68.961
Solomon Islands,SLB,2011,68.824
Solomon Islands,SLB,2010,68.669
Solomon Islands,SLB,2009,68.397
Solomon Islands,SLB,2008,68.336
Solomon Islands,SLB,2007,67.845
Solomon Islands,SLB,2006,67.968
Solomon Islands,SLB,2005,67.79
Solomon Islands,SLB,2004,67.628
Solomon Islands,SLB,2003,67.479
Solomon Islands,SLB,2002,67.35
Solomon Islands,SLB,2001,67.237
Solomon Islands,SLB,2000,67.116
"Somalia, Fed. Rep.",SOM,2023,58.816
"Somalia, Fed. Rep.",SOM,2022,53.931
"Somalia, Fed. Rep.",SOM,2021,55.703
"Somalia, Fed. Rep.",SOM,2020,57.095
"Somalia, Fed. Rep.",SOM,2019,57.249
"Somalia, Fed. Rep.",SOM,2018,54.767
"Somalia, Fed. Rep.",SOM,2017,52.19
"Somalia, Fed. Rep.",SOM,2016,55.283
"Somalia, Fed. Rep.",SOM,2015,55.056
"Somalia, Fed. Rep.",SOM,2014,54.442
"Somalia, Fed. Rep.",SOM,2013,54.016
"Somalia, Fed. Rep.",SOM,2012,49.138
"Somalia, Fed. Rep.",SOM,2011,32.453
"Somalia, Fed. Rep.",SOM,2010,48.9
"Somalia, Fed. Rep.",SOM,2009,52.101
"Somalia, Fed. Rep.",SOM,2008,51.456
"Somalia, Fed. Rep.",SOM,2007,50.885
"Somalia, Fed. Rep.",SOM,2006,50.915
"Somalia, Fed. Rep.",SOM,2005,50.894
"Somalia, Fed. Rep.",SOM,2004,50.685
"Somalia, Fed. Rep.",SOM,2003,50.721
"Somalia, Fed. Rep.",SOM,2002,50.82
"Somalia, Fed. Rep.",SOM,2001,50.829
"Somalia, Fed. Rep.",SOM,2000,50.747
South Africa,ZAF,2023,66.139
South Africa,ZAF,2022,65.454
South Africa,ZAF,2021,62.01
South Africa,ZAF,2020,65.15
South Africa,ZAF,2019,66.071
South Africa,ZAF,2018,65.726
South Africa,ZAF,2017,65.422
South Africa,ZAF,2016,64.749
South Africa,ZAF,2015,64.053
South Africa,ZAF,2014,63.184
South Africa,ZAF,2013,62.388
South Africa,ZAF,2012,61.737
South Africa,ZAF,2011,60.602
South Africa,ZAF,2010,58.886
South Africa,ZAF,2009,57.413
South Africa,ZAF,2008,55.982
South Africa,ZAF,2007,54.948
South Africa,ZAF,2006,54.22
South Africa,ZAF,2005,53.914
South Africa,ZAF,2004,53.963
South Africa,ZAF,2003,54.245
South Africa,ZAF,2002,55.58
South Africa,ZAF,2001,57.161
South Africa,ZAF,2000,58.368
South Sudan,SSD,2023,57.617
South Sudan,SSD,2022,57.203
South Sudan,SSD,2021,57.047
South Sudan,SSD,2020,57.648
South Sudan,SSD,2019,58.129
South Sudan,SSD,2018,51.905
South Sudan,SSD,2017,35.351
South Sudan,SSD,2016,36.72
South Sudan,SSD,2015,39.757
South Sudan,SSD,2014,45.625
South Sudan,SSD,2013,58.285
South Sudan,SSD,2012,58.241
South Sudan,SSD,2011,57.674
South Sudan,SSD,2010,57.485
South Sudan,SSD,2009,56.848
South Sudan,SSD,2008,56.28
South Sudan,SSD,2007,55.425
South Sudan,SSD,2006,54.653
South Sudan,SSD,2005,53.965
South Sudan,SSD,2004,53.052
South Sudan,SSD,2003,52.324
South Sudan,SSD,2002,49.394
South Sudan,SSD,2001,48.55
South Sudan,SSD,2000,47.591
Spain,ESP,2023,83.9341463414634
Spain,ESP,2022,83.1341463414634
Spain,ESP,2021,83.1780487804878
Spain,ESP,2020,82.2317073170732
Spain,ESP,2019,83.8317073170732
Spain,ESP,2018,83.4317073170732
Spain,ESP,2017,83.2829268292683
Spain,ESP,2016,83.3292682926829
Spain,ESP,2015,82.8317073170732
Spain,ESP,2014,83.2292682926829
Spain,ESP,2013,83.0780487804878
Spain,ESP,2012,82.4268292682927
Spain,ESP,2011,82.4756097560976
Spain,ESP,2010,81.6268292682927
Spain,ESP,2009,81.4756097560976
Spain,ESP,2008,81.1756097560976
Spain,ESP,2007,80.8731707317073
Spain,ESP,2006,80.8219512195122
Spain,ESP,2005,80.1707317073171
Spain,ESP,2004,79.8707317073171
Spain,ESP,2003,79.619512195122
Spain,ESP,2002,79.5682926829268
Spain,ESP,2001,79.3682926829268
Spain,ESP,2000,78.9658536585366
Sri Lanka,LKA,2023,77.483
Sri Lanka,LKA,2022,77.3
Sri Lanka,LKA,2021,76.278
Sri Lanka,LKA,2020,76.928
Sri Lanka,LKA,2019,76.698
Sri Lanka,LKA,2018,76.485
Sri Lanka,LKA,2017,76.239
Sri Lanka,LKA,2016,76.136
Sri Lanka,LKA,2015,75.99
Sri Lanka,LKA,2014,75.757
Sri Lanka,LKA,2013,75.546
Sri Lanka,LKA,2012,75.187
Sri Lanka,LKA,2011,74.74
Sri Lanka,LKA,2010,74.463
Sri Lanka,LKA,2009,70.298
Sri Lanka,LKA,2008,72.556
Sri Lanka,LKA,2007,72.983
Sri Lanka,LKA,2006,72.825
Sri Lanka,LKA,2005,73.073
Sri Lanka,LKA,2004,68.022
Sri Lanka,LKA,2003,72.442
Sri Lanka,LKA,2002,72.271
Sri Lanka,LKA,2001,71.804
Sri Lanka,LKA,2000,71.179
St. Kitts and Nevis,KNA,2023,72.145
St. Kitts and Nevis,KNA,2022,70.313
St. Kitts and Nevis,KNA,2021,69.271
St. Kitts and Nevis,KNA,2020,71.181
St. Kitts and Nevis,KNA,2019,71.54
St. Kitts and Nevis,KNA,2018,71.336
St. Kitts and Nevis,KNA,2017,71.284
St. Kitts and Nevis,KNA,2016,71.227
St. Kitts and Nevis,KNA,2015,71.211
St. Kitts and Nevis,KNA,2014,71.228
St. Kitts and Nevis,KNA,2013,71.29
St. Kitts and Nevis,KNA,2012,71.362
St. Kitts and Nevis,KNA,2011,71.4
St. Kitts and Nevis,KNA,2010,71.452
St. Kitts and Nevis,KNA,2009,71.488
St. Kitts and Nevis,KNA,2008,71.479
St. Kitts and Nevis,KNA,2007,71.437
St. Kitts and Nevis,KNA,2006,71.356
St. Kitts and Nevis,KNA,2005,71.151
St. Kitts and Nevis,KNA,2004,70.92
St. Kitts and Nevis,KNA,2003,70.614
St. Kitts and Nevis,KNA,2002,70.194
St. Kitts and Nevis,KNA,2001,69.767
St. Kitts and Nevis,KNA,2000,69.249
St. Lucia,LCA,2023,72.697
St. Lucia,LCA,2022,72.67
St. Lucia,LCA,2021,69.119
St. Lucia,LCA,2020,72.308
St. Lucia,LCA,2019,72.249
St. Lucia,LCA,2018,72.655
St. Lucia,LCA,2017,72.522
St. Lucia,LCA,2016,72.552
St. Lucia,LCA,2015,72.932
St. Lucia,LCA,2014,72.676
St. Lucia,LCA,2013,72.687
St. Lucia,LCA,2012,72.86
St. Lucia,LCA,2011,72.962
St. Lucia,LCA,2010,72.768
St. Lucia,LCA,2009,72.946
St. Lucia,LCA,2008,72.963
St. Lucia,LCA,2007,72.86
St. Lucia,LCA,2006,72.794
St. Lucia,LCA,2005,72.544
St. Lucia,LCA,2004,72.453
St. Lucia,LCA,2003,72.188
St. Lucia,LCA,2002,71.707
St. Lucia,LCA,2001,71.367
St. Lucia,LCA,2000,70.779
St. Martin (French part),MAF,2023,80.224
St. Martin (French part),MAF,2022,80.236
St. Martin (French part),MAF,2021,80.206
St. Martin (French part),MAF,2020,80.085
St. Martin (French part),MAF,2019,80.078
St. Martin (French part),MAF,2018,80.029
St. Martin (French part),MAF,2017,78.762
St. Martin (French part),MAF,2016,79.885
St. Martin (French part),MAF,2015,79.829
St. Martin (French part),MAF,2014,79.727
St. Martin (French part),MAF,2013,79.528
St. Martin (French part),MAF,2012,79.302
St. Martin (French part),MAF,2011,79.016
St. Martin (French part),MAF,2010,78.752
St. Martin (French part),MAF,2009,78.513
St. Martin (French part),MAF,2008,78.326
St. Martin (French part),MAF,2007,78.16
St. Martin (French part),MAF,2006,77.989
St. Martin (French part),MAF,2005,77.802
St. Martin (French part),MAF,2004,77.612
St. Martin (French part),MAF,2003,77.419
St. Martin (French part),MAF,2002,77.219
St. Martin (French part),MAF,2001,77.009
St. Martin (French part),MAF,2000,76.793
St. Vincent and the Grenadines,VCT,2023,71.23
St. Vincent and the Grenadines,VCT,2022,71.191
St. Vincent and the Grenadines,VCT,2021,69.132
St. Vincent and the Grenadines,VCT,2020,69.605
St. Vincent and the Grenadines,VCT,2019,70.994
St. Vincent and the Grenadines,VCT,2018,71.017
St. Vincent and the Grenadines,VCT,2017,71.013
St. Vincent and the Grenadines,VCT,2016,70.7
St. Vincent and the Grenadines,VCT,2015,70.463
St. Vincent and the Grenadines,VCT,2014,70.355
St. Vincent and the Grenadines,VCT,2013,70.091
St. Vincent and the Grenadines,VCT,2012,70.539
St. Vincent and the Grenadines,VCT,2011,70.609
St. Vincent and the Grenadines,VCT,2010,70.66
St. Vincent and the Grenadines,VCT,2009,70.712
St. Vincent and the Grenadines,VCT,2008,70.611
St. Vincent and the Grenadines,VCT,2007,70.446
St. Vincent and the Grenadines,VCT,2006,70.434
St. Vincent and the Grenadines,VCT,2005,70.454
St. Vincent and the Grenadines,VCT,2004,70.445
St. Vincent and the Grenadines,VCT,2003,70.43
St. Vincent and the Grenadines,VCT,2002,70.658
St. Vincent and the Grenadines,VCT,2001,70.382
St. Vincent and the Grenadines,VCT,2000,70.35
Sudan,SDN,2023,66.331
Sudan,SDN,2022,65.695
Sudan,SDN,2021,64.46
Sudan,SDN,2020,65.124
Sudan,SDN,2019,65.803
Sudan,SDN,2018,65.501
Sudan,SDN,2017,65.146
Sudan,SDN,2016,64.677
Sudan,SDN,2015,64.375
Sudan,SDN,2014,63.99
Sudan,SDN,2013,63.443
Sudan,SDN,2012,63.427
Sudan,SDN,2011,63.181
Sudan,SDN,2010,62.979
Sudan,SDN,2009,62.676
Sudan,SDN,2008,61.261
Sudan,SDN,2007,61.442
Sudan,SDN,2006,60.4
Sudan,SDN,2005,57.226
Sudan,SDN,2004,56.773
Sudan,SDN,2003,58.319
Sudan,SDN,2002,59.308
Sudan,SDN,2001,59.264
Sudan,SDN,2000,58.946
Suriname,SUR,2023,73.631
Suriname,SUR,2022,73.254
Suriname,SUR,2021,68.943
Suriname,SUR,2020,72.321
Suriname,SUR,2019,71.773
Suriname,SUR,2018,71.468
Suriname,SUR,2017,71.247
Suriname,SUR,2016,70.979
Suriname,SUR,2015,70.567
Suriname,SUR,2014,70.33
Suriname,SUR,2013,70.11
Suriname,SUR,2012,69.957
Suriname,SUR,2011,69.82
Suriname,SUR,2010,69.626
Suriname,SUR,2009,69.323
Suriname,SUR,2008,68.873
Suriname,SUR,2007,68.307
Suriname,SUR,2006,67.643
Suriname,SUR,2005,66.997
Suriname,SUR,2004,66.362
Suriname,SUR,2003,65.778
Suriname,SUR,2002,65.274
Suriname,SUR,2001,64.82
Suriname,SUR,2000,64.409
Sweden,SWE,2023,83.309756097561
Sweden,SWE,2022,83.0585365853659
Sweden,SWE,2021,83.0560975609756
Sweden,SWE,2020,82.3560975609756
Sweden,SWE,2019,83.109756097561
Sweden,SWE,2018,82.5585365853659
Sweden,SWE,2017,82.409756097561
Sweden,SWE,2016,82.3073170731707
Sweden,SWE,2015,82.2048780487805
Sweden,SWE,2014,82.2536585365854
Sweden,SWE,2013,81.9560975609756
Sweden,SWE,2012,81.7048780487805
Sweden,SWE,2011,81.8024390243903
Sweden,SWE,2010,81.4512195121951
Sweden,SWE,2009,81.3512195121951
Sweden,SWE,2008,81.1
Sweden,SWE,2007,80.9
Sweden,SWE,2006,80.7487804878049
Sweden,SWE,2005,80.5463414634146
Sweden,SWE,2004,80.4975609756098
Sweden,SWE,2003,80.0951219512195
Sweden,SWE,2002,79.8463414634146
Sweden,SWE,2001,79.7951219512195
Sweden,SWE,2000,79.6439024390244
Switzerland,CHE,2023,84.1560975609756
Switzerland,CHE,2022,83.6048780487805
Switzerland,CHE,2021,83.7512195121951
Switzerland,CHE,2020,83.0
Switzerland,CHE,2019,83.9048780487805
Switzerland,CHE,2018,83.7536585365854
Switzerland,CHE,2017,83.5512195121951
Switzerland,CHE,2016,83.6024390243903
Switzerland,CHE,2015,82.8975609756098
Switzerland,CHE,2014,83.1975609756098
Switzerland,CHE,2013,82.7975609756098
Switzerland,CHE,2012,82.6975609756098
Switzerland,CHE,2011,82.6951219512195
Switzerland,CHE,2010,82.2463414634147
Switzerland,CHE,2009,82.0439024390244
Switzerland,CHE,2008,81.9926829268293
Switzerland,CHE,2007,81.7414634146342
Switzerland,CHE,2006,81.490243902439
Switzerland,CHE,2005,81.2365853658537
Switzerland,CHE,2004,81.0878048780488
Switzerland,CHE,2003,80.5365853658537
Switzerland,CHE,2002,80.3853658536585
Switzerland,CHE,2001,80.1804878048781
Switzerland,CHE,2000,79.6804878048781
Syrian Arab Republic,SYR,2023,72.12
Syrian Arab Republic,SYR,2022,72.79
Syrian Arab Republic,SYR,2021,72.418
Syrian Arab Republic,SYR,2020,71.944
Syrian Arab Republic,SYR,2019,70.97
Syrian Arab Republic,SYR,2018,67.371
Syrian Arab Republic,SYR,2017,65.651
Syrian Arab Republic,SYR,2016,65.19
Syrian Arab Republic,SYR,2015,63.265
Syrian Arab Republic,SYR,2014,65.492
Syrian Arab Republic,SYR,2013,65.146
Syrian Arab Republic,SYR,2012,66.206
Syrian Arab Republic,SYR,2011,72.259
Syrian Arab Republic,SYR,2010,73.542
Syrian Arab Republic,SYR,2009,73.496
Syrian Arab Republic,SYR,2008,73.368
Syrian Arab Republic,SYR,2007,73.256
Syrian Arab Republic,SYR,2006,73.04
Syrian Arab Republic,SYR,2005,72.797
Syrian Arab Republic,SYR,2004,72.494
Syrian Arab Republic,SYR,2003,72.188
Syrian Arab Republic,SYR,2002,71.742
Syrian Arab Republic,SYR,2001,71.296
Syrian Arab Republic,SYR,2000,70.856
Tajikistan,TJK,2023,71.79
Tajikistan,TJK,2022,71.562
Tajikistan,TJK,2021,69.594
Tajikistan,TJK,2020,68.605
Tajikistan,TJK,2019,70.962
Tajikistan,TJK,2018,70.737
Tajikistan,TJK,2017,70.524
Tajikistan,TJK,2016,69.982
Tajikistan,TJK,2015,69.665
Tajikistan,TJK,2014,69.697
Tajikistan,TJK,2013,69.579
Tajikistan,TJK,2012,69.13
Tajikistan,TJK,2011,68.698
Tajikistan,TJK,2010,68.37
Tajikistan,TJK,2009,68.248
Tajikistan,TJK,2008,67.924
Tajikistan,TJK,2007,67.405
Tajikistan,TJK,2006,66.997
Tajikistan,TJK,2005,66.531
Tajikistan,TJK,2004,66.604
Tajikistan,TJK,2003,65.874
Tajikistan,TJK,2002,64.898
Tajikistan,TJK,2001,64.197
Tajikistan,TJK,2000,63.542
Tanzania,TZA,2023,66.995
Tanzania,TZA,2022,66.879
Tanzania,TZA,2021,66.131
Tanzania,TZA,2020,66.771
Tanzania,TZA,2019,66.007
Tanzania,TZA,2018,65.488
Tanzania,TZA,2017,64.963
Tanzania,TZA,2016,64.404
Tanzania,TZA,2015,63.928
Tanzania,TZA,2014,63.364
Tanzania,TZA,2013,62.788
Tanzania,TZA,2012,62.286
Tanzania,TZA,2011,61.618
Tanzania,TZA,2010,61.127
Tanzania,TZA,2009,60.494
Tanzania,TZA,2008,59.896
Tanzania,TZA,2007,59.26
Tanzania,TZA,2006,58.512
Tanzania,TZA,2005,57.675
Tanzania,TZA,2004,56.836
Tanzania,TZA,2003,55.929
Tanzania,TZA,2002,54.94
Tanzania,TZA,2001,54.124
Tanzania,TZA,2000,53.244
Thailand,THA,2023,76.412
Thailand,THA,2022,75.291
Thailand,THA,2021,77.606
Thailand,THA,2020,77.331
Thailand,THA,2019,77.197
Thailand,THA,2018,77.19
Thailand,THA,2017,76.989
Thailand,THA,2016,76.769
Thailand,THA,2015,76.563
Thailand,THA,2014,76.279
Thailand,THA,2013,75.96
Thailand,THA,2012,75.59
Thailand,THA,2011,75.302
Thailand,THA,2010,75.012
Thailand,THA,2009,74.669
Thailand,THA,2008,74.221
Thailand,THA,2007,73.779
Thailand,THA,2006,73.341
Thailand,THA,2005,72.894
Thailand,THA,2004,72.1
Thailand,THA,2003,72.101
Thailand,THA,2002,71.775
Thailand,THA,2001,71.52
Thailand,THA,2000,71.205
Timor-Leste,TLS,2023,67.689
Timor-Leste,TLS,2022,67.368
Timor-Leste,TLS,2021,66.199
Timor-Leste,TLS,2020,66.919
Timor-Leste,TLS,2019,66.496
Timor-Leste,TLS,2018,66.204
Timor-Leste,TLS,2017,65.898
Timor-Leste,TLS,2016,65.61
Timor-Leste,TLS,2015,65.326
Timor-Leste,TLS,2014,65.027
Timor-Leste,TLS,2013,64.719
Timor-Leste,TLS,2012,64.384
Timor-Leste,TLS,2011,64.022
Timor-Leste,TLS,2010,63.66
Timor-Leste,TLS,2009,63.265
Timor-Leste,TLS,2008,62.858
Timor-Leste,TLS,2007,62.396
Timor-Leste,TLS,2006,61.881
Timor-Leste,TLS,2005,61.272
Timor-Leste,TLS,2004,60.743
Timor-Leste,TLS,2003,60.13
Timor-Leste,TLS,2002,59.477
Timor-Leste,TLS,2001,58.772
Timor-Leste,TLS,2000,58.097
Togo,TGO,2023,62.74
Togo,TGO,2022,62.292
Togo,TGO,2021,61.337
Togo,TGO,2020,61.14
Togo,TGO,2019,61.061
Togo,TGO,2018,60.608
Togo,TGO,2017,60.145
Togo,TGO,2016,59.677
Togo,TGO,2015,59.23
Togo,TGO,2014,58.776
Togo,TGO,2013,58.356
Togo,TGO,2012,57.953
Togo,TGO,2011,57.624
Togo,TGO,2010,57.24
Togo,TGO,2009,56.94
Togo,TGO,2008,56.663
Togo,TGO,2007,56.395
Togo,TGO,2006,56.154
Togo,TGO,2005,55.931
Togo,TGO,2004,55.608
Togo,TGO,2003,55.312
Togo,TGO,2002,55.044
Togo,TGO,2001,54.757
Togo,TGO,2000,54.587
Tonga,TON,2023,72.895
Tonga,TON,2022,72.635
Tonga,TON,2021,72.13
Tonga,TON,2020,72.379
Tonga,TON,2019,72.292
Tonga,TON,2018,72.169
Tonga,TON,2017,72.066
Tonga,TON,2016,71.951
Tonga,TON,2015,71.851
Tonga,TON,2014,71.721
Tonga,TON,2013,71.65
Tonga,TON,2012,71.546
Tonga,TON,2011,71.437
Tonga,TON,2010,71.319
Tonga,TON,2009,70.949
Tonga,TON,2008,71.041
Tonga,TON,2007,70.887
Tonga,TON,2006,70.71
Tonga,TON,2005,70.56
Tonga,TON,2004,70.433
Tonga,TON,2003,70.228
Tonga,TON,2002,70.03
Tonga,TON,2001,69.8
Tonga,TON,2000,69.635
Trinidad and Tobago,TTO,2023,73.49
Trinidad and Tobago,TTO,2022,73.331
Trinidad and Tobago,TTO,2021,71.111
Trinidad and Tobago,TTO,2020,72.645
Trinidad and Tobago,TTO,2019,72.836
Trinidad and Tobago,TTO,2018,72.658
Trinidad and Tobago,TTO,2017,72.984
Trinidad and Tobago,TTO,2016,72.935
Trinidad and Tobago,TTO,2015,72.882
Trinidad and Tobago,TTO,2014,72.898
Trinidad and Tobago,TTO,2013,72.785
Trinidad and Tobago,TTO,2012,72.513
Trinidad and Tobago,TTO,2011,72.232
Trinidad and Tobago,TTO,2010,71.809
Trinidad and Tobago,TTO,2009,71.404
Trinidad and Tobago,TTO,2008,71.117
Trinidad and Tobago,TTO,2007,70.797
Trinidad and Tobago,TTO,2006,70.437
Trinidad and Tobago,TTO,2005,70.185
Trinidad and Tobago,TTO,2004,69.879
Trinidad and Tobago,TTO,2003,69.454
Trinidad and Tobago,TTO,2002,69.232
Trinidad and Tobago,TTO,2001,68.874
Trinidad and Tobago,TTO,2000,68.629
Tunisia,TUN,2023,76.508
Tunisia,TUN,2022,76.05
Tunisia,TUN,2021,72.893
Tunisia,TUN,2020,75.004
Tunisia,TUN,2019,75.599
Tunisia,TUN,2018,75.37
Tunisia,TUN,2017,75.177
Tunisia,TUN,2016,75.007
Tunisia,TUN,2015,74.875
Tunisia,TUN,2014,74.784
Tunisia,TUN,2013,74.674
Tunisia,TUN,2012,74.599
Tunisia,TUN,2011,74.471
Tunisia,TUN,2010,74.438
Tunisia,TUN,2009,74.32
Tunisia,TUN,2008,74.192
Tunisia,TUN,2007,74.039
Tunisia,TUN,2006,73.888
Tunisia,TUN,2005,73.712
Tunisia,TUN,2004,73.519
Tunisia,TUN,2003,73.304
Tunisia,TUN,2002,73.07
Tunisia,TUN,2001,72.822
Tunisia,TUN,2000,72.604
Turkiye,TUR,2023,77.156
Turkiye,TUR,2022,77.591
Turkiye,TUR,2021,75.722
Turkiye,TUR,2020,76.525
Turkiye,TUR,2019,77.737
Turkiye,TUR,2018,77.454
Turkiye,TUR,2017,77.037
Turkiye,TUR,2016,76.595
Turkiye,TUR,2015,76.539
Turkiye,TUR,2014,76.452
Turkiye,TUR,2013,76.171
Turkiye,TUR,2012,75.552
Turkiye,TUR,2011,74.823
Turkiye,TUR,2010,74.964
Turkiye,TUR,2009,74.679
Turkiye,TUR,2008,74.38
Turkiye,TUR,2007,74.129
Turkiye,TUR,2006,73.804
Turkiye,TUR,2005,73.51
Turkiye,TUR,2004,73.223
Turkiye,TUR,2003,72.906
Turkiye,TUR,2002,72.605
Turkiye,TUR,2001,72.271
Turkiye,TUR,2000,71.931
Turkmenistan,TKM,2023,70.073
Turkmenistan,TKM,2022,69.913
Turkmenistan,TKM,2021,69.353
Turkmenistan,TKM,2020,68.846
Turkmenistan,TKM,2019,69.405
Turkmenistan,TKM,2018,69.272
Turkmenistan,TKM,2017,69.19
Turkmenistan,TKM,2016,69.142
Turkmenistan,TKM,2015,69.061
Turkmenistan,TKM,2014,69.001
Turkmenistan,TKM,2013,68.968
Turkmenistan,TKM,2012,68.961
Turkmenistan,TKM,2011,68.87
Turkmenistan,TKM,2010,68.608
Turkmenistan,TKM,2009,68.155
Turkmenistan,TKM,2008,67.584
Turkmenistan,TKM,2007,67.02
Turkmenistan,TKM,2006,66.574
Turkmenistan,TKM,2005,66.275
Turkmenistan,TKM,2004,66.055
Turkmenistan,TKM,2003,65.854
Turkmenistan,TKM,2002,65.593
Turkmenistan,TKM,2001,65.325
Turkmenistan,TKM,2000,64.931
Turks and Caicos Islands,TCA,2023,78.008
Turks and Caicos Islands,TCA,2022,77.918
Turks and Caicos Islands,TCA,2021,77.234
Turks and Caicos Islands,TCA,2020,77.499
Turks and Caicos Islands,TCA,2019,77.691
Turks and Caicos Islands,TCA,2018,77.596
Turks and Caicos Islands,TCA,2017,77.505
Turks and Caicos Islands,TCA,2016,77.437
Turks and Caicos Islands,TCA,2015,77.321
Turks and Caicos Islands,TCA,2014,77.212
Turks and Caicos Islands,TCA,2013,77.1
Turks and Caicos Islands,TCA,2012,76.969
Turks and Caicos Islands,TCA,2011,76.87
Turks and Caicos Islands,TCA,2010,76.784
Turks and Caicos Islands,TCA,2009,76.672
Turks and Caicos Islands,TCA,2008,76.084
Turks and Caicos Islands,TCA,2007,76.427
Turks and Caicos Islands,TCA,2006,76.197
Turks and Caicos Islands,TCA,2005,75.954
Turks and Caicos Islands,TCA,2004,75.63
Turks and Caicos Islands,TCA,2003,75.262
Turks and Caicos Islands,TCA,2002,74.843
Turks and Caicos Islands,TCA,2001,74.409
Turks and Caicos Islands,TCA,2000,73.972
Tuvalu,TUV,2023,67.105
Tuvalu,TUV,2022,66.852
Tuvalu,TUV,2021,65.824
Tuvalu,TUV,2020,66.357
Tuvalu,TUV,2019,66.109
Tuvalu,TUV,2018,65.871
Tuvalu,TUV,2017,65.683
Tuvalu,TUV,2016,65.51
Tuvalu,TUV,2015,65.365
Tuvalu,TUV,2014,65.278
Tuvalu,TUV,2013,65.171
Tuvalu,TUV,2012,65.079
Tuvalu,TUV,2011,64.96
Tuvalu,TUV,2010,64.834
Tuvalu,TUV,2009,64.693
Tuvalu,TUV,2008,64.516
Tuvalu,TUV,2007,64.402
Tuvalu,TUV,2006,64.247
Tuvalu,TUV,2005,64.096
Tuvalu,TUV,2004,63.989
Tuvalu,TUV,2003,63.897
Tuvalu,TUV,2002,63.825
Tuvalu,TUV,2001,63.709
Tuvalu,TUV,2000,63.536
Uganda,UGA,2023,68.252
Uganda,UGA,2022,67.675
Uganda,UGA,2021,66.45
Uganda,UGA,2020,66.41
Uganda,UGA,2019,66.354
Uganda,UGA,2018,65.775
Uganda,UGA,2017,65.174
Uganda,UGA,2016,64.494
Uganda,UGA,2015,63.831
Uganda,UGA,2014,63.057
Uganda,UGA,2013,62.353
Uganda,UGA,2012,61.579
Uganda,UGA,2011,60.791
Uganda,UGA,2010,59.959
Uganda,UGA,2009,59.157
Uganda,UGA,2008,58.253
Uganda,UGA,2007,57.248
Uganda,UGA,2006,56.118
Uganda,UGA,2005,54.926
Uganda,UGA,2004,53.699
Uganda,UGA,2003,52.414
Uganda,UGA,2002,51.443
Uganda,UGA,2001,50.576
Uganda,UGA,2000,49.64
Ukraine,UKR,2023,73.422
Ukraine,UKR,2022,72.658
Ukraine,UKR,2021,71.631
Ukraine,UKR,2020,73.283
Ukraine,UKR,2019,73.92
Ukraine,UKR,2018,73.569
Ukraine,UKR,2017,73.993
Ukraine,UKR,2016,73.389
Ukraine,UKR,2015,72.686
Ukraine,UKR,2014,71.803
Ukraine,UKR,2013,71.474
Ukraine,UKR,2012,71.09
Ukraine,UKR,2011,70.711
Ukraine,UKR,2010,70.188
Ukraine,UKR,2009,69.159
Ukraine,UKR,2008,68.262
Ukraine,UKR,2007,67.715
Ukraine,UKR,2006,67.49
Ukraine,UKR,2005,67.517
Ukraine,UKR,2004,67.472
Ukraine,UKR,2003,67.638
Ukraine,UKR,2002,67.699
Ukraine,UKR,2001,67.675
Ukraine,UKR,2000,67.786
United Arab Emirates,ARE,2023,82.909
United Arab Emirates,ARE,2022,80.487
United Arab Emirates,ARE,2021,79.083
United Arab Emirates,ARE,2020,81.936
United Arab Emirates,ARE,2019,82.596
United Arab Emirates,ARE,2018,82.449
United Arab Emirates,ARE,2017,82.388
United Arab Emirates,ARE,2016,82.195
United Arab Emirates,ARE,2015,82.076
United Arab Emirates,ARE,2014,81.99
United Arab Emirates,ARE,2013,81.95
United Arab Emirates,ARE,2012,81.913
United Arab Emirates,ARE,2011,81.898
United Arab Emirates,ARE,2010,81.886
United Arab Emirates,ARE,2009,81.679
United Arab Emirates,ARE,2008,81.591
United Arab Emirates,ARE,2007,81.438
United Arab Emirates,ARE,2006,81.155
United Arab Emirates,ARE,2005,80.779
United Arab Emirates,ARE,2004,80.272
United Arab Emirates,ARE,2003,79.6
United Arab Emirates,ARE,2002,78.721
United Arab Emirates,ARE,2001,77.621
United Arab Emirates,ARE,2000,76.347
United Kingdom,GBR,2023,81.2380975609756
United Kingdom,GBR,2022,81.0112195121951
United Kingdom,GBR,2021,80.6473170731707
United Kingdom,GBR,2020,80.331756097561
United Kingdom,GBR,2019,81.3691219512195
United Kingdom,GBR,2018,81.2560975609756
United Kingdom,GBR,2017,81.2560975609756
United Kingdom,GBR,2016,81.1560975609756
United Kingdom,GBR,2015,80.9560975609756
United Kingdom,GBR,2014,81.3048780487805
United Kingdom,GBR,2013,81.0048780487805
United Kingdom,GBR,2012,80.9048780487805
United Kingdom,GBR,2011,80.9512195121951
United Kingdom,GBR,2010,80.4024390243902
United Kingdom,GBR,2009,80.0512195121951
United Kingdom,GBR,2008,79.6
United Kingdom,GBR,2007,79.4487804878049
United Kingdom,GBR,2006,79.2487804878049
United Kingdom,GBR,2005,79.0487804878049
United Kingdom,GBR,2004,78.7463414634146
United Kingdom,GBR,2003,78.4463414634146
United Kingdom,GBR,2002,78.1439024390244
United Kingdom,GBR,2001,77.9926829268293
United Kingdom,GBR,2000,77.7414634146342
United States,USA,2023,78.3853658536585
United States,USA,2022,77.4341463414634
United States,USA,2021,76.3292682926829
United States,USA,2020,76.9804878048781
United States,USA,2019,78.7878048780488
United States,USA,2018,78.6390243902439
United States,USA,2017,78.5390243902439
United States,USA,2016,78.5390243902439
United States,USA,2015,78.690243902439
United States,USA,2014,78.8414634146341
United States,USA,2013,78.7414634146342
United States,USA,2012,78.7414634146342
United States,USA,2011,78.6414634146341
United States,USA,2010,78.5414634146342
United States,USA,2009,78.390243902439
United States,USA,2008,78.0390243902439
United States,USA,2007,77.9878048780488
United States,USA,2006,77.6878048780488
United States,USA,2005,77.4878048780488
United States,USA,2004,77.4878048780488
United States,USA,2003,77.0365853658537
United States,USA,2002,76.9365853658537
United States,USA,2001,76.8365853658537
United States,USA,2000,76.6365853658537
Uruguay,URY,2023,78.138
Uruguay,URY,2022,76.468
Uruguay,URY,2021,75.434
Uruguay,URY,2020,78.381
Uruguay,URY,2019,77.503
Uruguay,URY,2018,77.527
Uruguay,URY,2017,77.618
Uruguay,URY,2016,77.351
Uruguay,URY,2015,77.285
Uruguay,URY,2014,77.194
Uruguay,URY,2013,76.953
Uruguay,URY,2012,76.691
Uruguay,URY,2011,76.614
Uruguay,URY,2010,76.691
Uruguay,URY,2009,76.67
Uruguay,URY,2008,76.275
Uruguay,URY,2007,76.15
Uruguay,URY,2006,75.888
Uruguay,URY,2005,75.829
Uruguay,URY,2004,75.319
Uruguay,URY,2003,75.086
Uruguay,URY,2002,74.979
Uruguay,URY,2001,74.987
Uruguay,URY,2000,74.693
Uzbekistan,UZB,2023,72.388
Uzbekistan,UZB,2022,72.147
Uzbekistan,UZB,2021,71.681
Uzbekistan,UZB,2020,71.461
Uzbekistan,UZB,2019,72.093
Uzbekistan,UZB,2018,71.999
Uzbekistan,UZB,2017,71.737
Uzbekistan,UZB,2016,71.58
Uzbekistan,UZB,2015,71.33
Uzbekistan,UZB,2014,70.973
Uzbekistan,UZB,2013,70.692
Uzbekistan,UZB,2012,70.411
Uzbekistan,UZB,2011,70.143
Uzbekistan,UZB,2010,69.836
Uzbekistan,UZB,2009,69.517
Uzbekistan,UZB,2008,69.035
Uzbekistan,UZB,2007,68.483
Uzbekistan,UZB,2006,67.905
Uzbekistan,UZB,2005,67.481
Uzbekistan,UZB,2004,67.203
Uzbekistan,UZB,2003,66.852
Uzbekistan,UZB,2002,66.376
Uzbekistan,UZB,2001,65.853
Uzbekistan,UZB,2000,65.456
Vanuatu,VUT,2023,71.477
Vanuatu,VUT,2022,71.302
Vanuatu,VUT,2021,69.952
Vanuatu,VUT,2020,70.385
Vanuatu,VUT,2019,70.783
Vanuatu,VUT,2018,70.626
Vanuatu,VUT,2017,70.5
Vanuatu,VUT,2016,70.397
Vanuatu,VUT,2015,70.163
Vanuatu,VUT,2014,70.043
Vanuatu,VUT,2013,69.986
Vanuatu,VUT,2012,69.898
Vanuatu,VUT,2011,69.729
Vanuatu,VUT,2010,69.57
Vanuatu,VUT,2009,69.422
Vanuatu,VUT,2008,69.302
Vanuatu,VUT,2007,69.144
Vanuatu,VUT,2006,69.126
Vanuatu,VUT,2005,69.166
Vanuatu,VUT,2004,68.985
Vanuatu,VUT,2003,68.933
Vanuatu,VUT,2002,68.836
Vanuatu,VUT,2001,68.722
Vanuatu,VUT,2000,68.586
"Venezuela, RB",VEN,2023,72.514
"Venezuela, RB",VEN,2022,72.566
"Venezuela, RB",VEN,2021,71.536
"Venezuela, RB",VEN,2020,72.369
"Venezuela, RB",VEN,2019,72.766
"Venezuela, RB",VEN,2018,72.641
"Venezuela, RB",VEN,2017,71.903
"Venezuela, RB",VEN,2016,72.002
"Venezuela, RB",VEN,2015,73.004
"Venezuela, RB",VEN,2014,72.837
"Venezuela, RB",VEN,2013,73.076
"Venezuela, RB",VEN,2012,73.086
"Venezuela, RB",VEN,2011,73.09
"Venezuela, RB",VEN,2010,73.092
"Venezuela, RB",VEN,2009,72.785
"Venezuela, RB",VEN,2008,72.578
"Venezuela, RB",VEN,2007,73.348
"Venezuela, RB",VEN,2006,72.972
"Venezuela, RB",VEN,2005,73.075
"Venezuela, RB",VEN,2004,72.752
"Venezuela, RB",VEN,2003,72.056
"Venezuela, RB",VEN,2002,72.823
"Venezuela, RB",VEN,2001,71.019
"Venezuela, RB",VEN,2000,72.388
Viet Nam,VNM,2023,74.588
Viet Nam,VNM,2022,74.502
Viet Nam,VNM,2021,74.145
Viet Nam,VNM,2020,75.383
Viet Nam,VNM,2019,74.211
Viet Nam,VNM,2018,74.1
Viet Nam,VNM,2017,74.026
Viet Nam,VNM,2016,73.984
Viet Nam,VNM,2015,73.955
Viet Nam,VNM,2014,73.886
Viet Nam,VNM,2013,73.821
Viet Nam,VNM,2012,73.762
Viet Nam,VNM,2011,73.713
Viet Nam,VNM,2010,73.611
Viet Nam,VNM,2009,73.525
Viet Nam,VNM,2008,73.455
Viet Nam,VNM,2007,73.385
Viet Nam,VNM,2006,73.293
Viet Nam,VNM,2005,73.198
Viet Nam,VNM,2004,73.062
Viet Nam,VNM,2003,73.236
Viet Nam,VNM,2002,73.138
Viet Nam,VNM,2001,72.984
Viet Nam,VNM,2000,72.746
Virgin Islands (U.S.),VIR,2023,80.519512195122
Virgin Islands (U.S.),VIR,2022,80.319512195122
Virgin Islands (U.S.),VIR,2021,80.0682926829268
Virgin Islands (U.S.),VIR,2020,79.819512195122
Virgin Islands (U.S.),VIR,2019,79.6682926829268
Virgin Islands (U.S.),VIR,2018,79.5195121951219
Virgin Islands (U.S.),VIR,2017,79.3682926829268
Virgin Islands (U.S.),VIR,2016,79.1682926829268
Virgin Islands (U.S.),VIR,2015,79.0170731707317
Virgin Islands (U.S.),VIR,2014,78.8682926829268
Virgin Islands (U.S.),VIR,2013,78.7170731707317
Virgin Islands (U.S.),VIR,2012,78.5170731707317
Virgin Islands (U.S.),VIR,2011,78.3170731707317
Virgin Islands (U.S.),VIR,2010,77.8658536585366
Virgin Islands (U.S.),VIR,2009,77.5146341463415
Virgin Islands (U.S.),VIR,2008,77.1634146341463
Virgin Islands (U.S.),VIR,2007,76.8634146341463
Virgin Islands (U.S.),VIR,2006,78.3243902439024
Virgin Islands (U.S.),VIR,2005,77.4219512195122
Virgin Islands (U.S.),VIR,2004,77.7731707317073
Virgin Islands (U.S.),VIR,2003,77.5219512195122
Virgin Islands (U.S.),VIR,2002,77.5219512195122
Virgin Islands (U.S.),VIR,2001,77.6219512195122
Virgin Islands (U.S.),VIR,2000,76.619512195122
West Bank and Gaza,PSE,2023,65.17
West Bank and Gaza,PSE,2022,76.662
West Bank and Gaza,PSE,2021,73.89
West Bank and Gaza,PSE,2020,74.998
West Bank and Gaza,PSE,2019,75.811
West Bank and Gaza,PSE,2018,75.38
West Bank and Gaza,PSE,2017,75.216
West Bank and Gaza,PSE,2016,74.917
West Bank and Gaza,PSE,2015,74.577
West Bank and Gaza,PSE,2014,72.781
West Bank and Gaza,PSE,2013,74.14
West Bank and Gaza,PSE,2012,73.722
West Bank and Gaza,PSE,2011,73.557
West Bank and Gaza,PSE,2010,73.302
West Bank and Gaza,PSE,2009,72.306
West Bank and Gaza,PSE,2008,72.204
West Bank and Gaza,PSE,2007,72.064
West Bank and Gaza,PSE,2006,71.831
West Bank and Gaza,PSE,2005,72.004
West Bank and Gaza,PSE,2004,71.094
West Bank and Gaza,PSE,2003,70.967
West Bank and Gaza,PSE,2002,70.88
West Bank and Gaza,PSE,2001,69.75
West Bank and Gaza,PSE,2000,70.298
"Yemen, Rep.",YEM,2023,69.295
"Yemen, Rep.",YEM,2022,67.952
"Yemen, Rep.",YEM,2021,66.019
"Yemen, Rep.",YEM,2020,66.435
"Yemen, Rep.",YEM,2019,66.567
"Yemen, Rep.",YEM,2018,65.915
"Yemen, Rep.",YEM,2017,67.12
"Yemen, Rep.",YEM,2016,67.105
"Yemen, Rep.",YEM,2015,66.761
"Yemen, Rep.",YEM,2014,68.003
"Yemen, Rep.",YEM,2013,67.961
"Yemen, Rep.",YEM,2012,67.569
"Yemen, Rep.",YEM,2011,67.412
"Yemen, Rep.",YEM,2010,67.223
"Yemen, Rep.",YEM,2009,66.905
"Yemen, Rep.",YEM,2008,66.609
"Yemen, Rep.",YEM,2007,66.23
"Yemen, Rep.",YEM,2006,65.8
"Yemen, Rep.",YEM,2005,65.356
"Yemen, Rep.",YEM,2004,64.881
"Yemen, Rep.",YEM,2003,64.407
"Yemen, Rep.",YEM,2002,63.807
"Yemen, Rep.",YEM,2001,63.286
"Yemen, Rep.",YEM,2000,62.761
Zambia,ZMB,2023,66.349
Zambia,ZMB,2022,65.279
Zambia,ZMB,2021,62.363
Zambia,ZMB,2020,63.361
Zambia,ZMB,2019,62.914
Zambia,ZMB,2018,62.138
Zambia,ZMB,2017,61.564
Zambia,ZMB,2016,61.129
Zambia,ZMB,2015,60.728
Zambia,ZMB,2014,60.109
Zambia,ZMB,2013,59.445
Zambia,ZMB,2012,58.704
Zambia,ZMB,2011,57.843
Zambia,ZMB,2010,56.896
Zambia,ZMB,2009,55.886
Zambia,ZMB,2008,54.835
Zambia,ZMB,2007,53.73
Zambia,ZMB,2006,52.693
Zambia,ZMB,2005,51.615
Zambia,ZMB,2004,50.54
Zambia,ZMB,2003,49.616
Zambia,ZMB,2002,48.461
Zambia,ZMB,2001,47.408
Zambia,ZMB,2000,46.577
Zimbabwe,ZWE,2023,62.775
Zimbabwe,ZWE,2022,62.36
Zimbabwe,ZWE,2021,60.135
Zimbabwe,ZWE,2020,61.53
Zimbabwe,ZWE,2019,61.06
Zimbabwe,ZWE,2018,60.906
Zimbabwe,ZWE,2017,60.263
Zimbabwe,ZWE,2016,59.76
Zimbabwe,ZWE,2015,58.989
Zimbabwe,ZWE,2014,58.106
Zimbabwe,ZWE,2013,56.842
Zimbabwe,ZWE,2012,55.386
Zimbabwe,ZWE,2011,53.911
Zimbabwe,ZWE,2010,51.925
Zimbabwe,ZWE,2009,49.75
Zimbabwe,ZWE,2008,48.456
Zimbabwe,ZWE,2007,47.576
Zimbabwe,ZWE,2006,47.056
Zimbabwe,ZWE,2005,46.57
Zimbabwe,ZWE,2004,46.043
Zimbabwe,ZWE,2003,45.373
Zimbabwe,ZWE,2002,45.938
Zimbabwe,ZWE,2001,44.525
Zimbabwe,ZWE,2000,46.034
