iso3,country,year,life_expectancy,gdp_per_capita,under5_mortality,literacy,population,poverty_215
AFE,Africa Eastern and Southern,2023,65.1462279163724,1571.13270407815,59.3756488709871,73.370002746582,750491370.0,
AFE,Africa Eastern and Southern,2022,64.4871517904367,1675.90252377611,63.2067883145526,73.0599975585938,731821393.0,
AFE,Africa Eastern and Southern,2021,62.9799991857494,1560.89462580275,63.1054754572995,72.7200012207031,713090928.0,
AFE,Africa Eastern and Southern,2020,63.7664840026943,1351.50316694933,60.6228105603126,72.9800033569336,694446100.0,
AFE,Africa Eastern and Southern,2019,63.8572612837043,1508.0315245887,61.4916357499261,72.8000030517578,675950189.0,
AFE,Africa Eastern and Southern,2018,63.3306913582336,1553.61794421394,63.4229471071232,71.6699981689453,657801085.0,
AFE,Africa Eastern and Southern,2017,62.5912750961501,1529.92307995549,67.7377996223608,70.879997253418,640058741.0,
AFE,Africa Eastern and Southern,2016,62.1679813169199,1335.7431649955,68.3630285644492,70.9599990844727,623369401.0,
AFE,Africa Eastern and Southern,2015,61.713030523495,1498.71597073834,69.7257641113397,70.2399978637695,607123269.0,
AFE,Africa Eastern and Southern,2014,61.251436015671,1689.98238051624,70.8075544059449,69.8300018310547,590968990.0,
AFE,Africa Eastern and Southern,2013,60.895739752772,1705.83900348854,71.3718833965859,69.370002746582,575202699.0,
AFE,Africa Eastern and Southern,2012,60.2495123598467,1731.86909640114,75.1809855113981,68.5199966430664,559609961.0,
AFE,Africa Eastern and Southern,2011,59.2000040300701,1761.83829586572,83.5500388786075,66.8300018310547,544737983.0,
AFE,Africa Eastern and Southern,2010,58.8272792062821,1628.76857300184,81.9293217658242,64.7099990844727,530308387.0,
AFE,Africa Eastern and Southern,2009,58.0955271436463,1408.61565890435,85.0921790428166,63.9599990844727,516003448.0,
AFE,Africa Eastern and Southern,2008,57.2401063228798,1447.42777531825,89.6062041509218,63.2299995422363,502070763.0,
AFE,Africa Eastern and Southern,2007,56.4843531784534,1381.4452514345,94.6953490064832,62.9700012207031,488580707.0,
AFE,Africa Eastern and Southern,2006,55.6935152578453,1235.17087902029,99.9110205751859,61.9500007629395,475606210.0,
AFE,Africa Eastern and Southern,2005,54.8076807136336,1126.29920363201,106.324608181285,63.939998626709,463076637.0,
AFE,Africa Eastern and Southern,2004,54.1929278660434,989.017114690163,116.029119197957,64.5699996948242,450928044.0,
AFE,Africa Eastern and Southern,2003,53.6783047685822,815.433657549659,121.162607864068,64.3300018310547,439173286.0,
AFE,Africa Eastern and Southern,2002,53.2067443343026,630.513380226995,127.205825419527,63.8400001525879,427820358.0,
AFE,Africa Eastern and Southern,2001,52.8755360536287,625.82886019759,135.625994096863,63.1599998474121,416807868.0,
AFE,Africa Eastern and Southern,2000,52.5573418626777,706.728440776917,138.905542047276,62.6699981689453,406156661.0,
AFW,Africa Western and Central,2023,58.8474833840405,1846.24681069313,93.1384625037946,61.0299987792969,508318102.0,
AFW,Africa Western and Central,2022,57.9789954665232,2143.07209365676,99.2832976933984,60.7799987792969,496366058.0,
AFW,Africa Western and Central,2021,57.3550150454372,2116.9382941844,97.2224382375747,60.5099983215332,484978794.0,
AFW,Africa Western and Central,2020,57.3577091392887,2034.43793971923,97.6133123185047,60.25,473687685.0,
AFW,Africa Western and Central,2019,57.1428268060515,2219.41255534667,100.836050788105,60.1399993896484,462522286.0,
AFW,Africa Western and Central,2018,57.0307711269764,1723.11446346681,100.218415291562,60.3499984741211,451395343.0,
AFW,Africa Western and Central,2017,56.6207642286762,1577.20349674013,102.05803690267,56.8800010681152,440150152.0,
AFW,Africa Western and Central,2016,56.3875627997136,1632.42497788744,103.14513535298,55.8699989318848,428797338.0,
AFW,Africa Western and Central,2015,56.0339962553159,1863.40151301991,104.792583996923,55.4099998474121,417536152.0,
AFW,Africa Western and Central,2014,55.691576869905,2224.32958643376,107.620975614798,54.5400009155273,406457241.0,
AFW,Africa Western and Central,2013,55.5516641369456,2134.24752369303,108.913498765347,53.8400001525879,395543613.0,
AFW,Africa Western and Central,2012,55.2898561158278,1943.37255535786,111.214049041921,53.0,384913331.0,
AFW,Africa Western and Central,2011,54.961240165203,1846.10292552744,114.067745131608,52.439998626709,374374251.0,
AFW,Africa Western and Central,2010,54.6006466175842,1664.49204549878,117.476014195508,51.3899993896484,363951468.0,
AFW,Africa Western and Central,2009,53.8488138665276,1455.22391926317,125.445488444603,50.8499984741211,353922925.0,
AFW,Africa Western and Central,2008,53.9130304683259,1668.61565308526,124.411471397873,50.75,344153435.0,
AFW,Africa Western and Central,2007,53.4788420646953,1407.72881703262,128.649851237291,50.2999992370605,334544275.0,
AFW,Africa Western and Central,2006,52.9746257663093,1236.31604057497,133.167260085583,52.2999992370605,325222154.0,
AFW,Africa Western and Central,2005,52.5514240106227,1001.134464675,138.055291695204,51.6100006103516,316156999.0,
AFW,Africa Western and Central,2004,52.1016113772048,839.345851531298,143.427087874789,51.4900016784668,307309912.0,
AFW,Africa Western and Central,2003,51.5733887376781,698.41059773746,149.038744531491,50.1399993896484,298744790.0,
AFW,Africa Western and Central,2002,51.1030145641167,620.160708220684,154.90808166529,49.560001373291,290455651.0,
AFW,Africa Western and Central,2001,50.6726047685125,533.677179675639,160.781319027226,48.8199996948242,282407479.0,
AFW,Africa Western and Central,2000,50.292605166594,519.642599510731,166.597181522611,47.6199989318848,274612131.0,
ARB,Arab World,2023,72.4446783578531,7504.35637695627,35.0658387461088,78.620002746582,482105978.0,
ARB,Arab World,2022,71.8760955992222,7960.81158770821,36.0409343939478,78.2699966430664,471352066.0,
ARB,Arab World,2021,70.4041144889903,6708.20761928893,34.347184058652,77.870002746582,460646603.0,
ARB,Arab World,2020,70.7265588103862,5749.75163256627,34.9116184492469,77.5599975585938,453723239.0,
ARB,Arab World,2019,71.8398932674972,6683.67016877686,35.8477618830257,77.1500015258789,444281315.0,
ARB,Arab World,2018,71.4312997859137,6708.53121256784,37.4834560622083,76.9100036621094,435998060.0,
ARB,Arab World,2017,71.1128560080647,6105.92161804571,38.7097264210473,76.5899963378906,428315886.0,
ARB,Arab World,2016,70.8964881164428,6051.26103619544,37.4469516814555,75.9199981689453,419808341.0,
ARB,Arab World,2015,70.6580123695192,6299.87807685552,38.3264086280594,77.1500015258789,410190679.0,
ARB,Arab World,2014,70.5350666310281,7347.6211570264,38.966473325527,76.3099975585938,400231008.0,
ARB,Arab World,2013,70.1921058451273,7384.79221541888,40.0651107724651,76.2200012207031,390954281.0,
ARB,Arab World,2012,69.842316602094,7392.55638357541,43.2379757279856,75.1699981689453,381030177.0,
ARB,Arab World,2011,69.3633376859826,6924.20289420703,53.8937199604241,74.2900009155273,372054934.0,
ARB,Arab World,2010,69.8073221012027,5957.50539498481,44.917359877498,72.5599975585938,363568534.0,
ARB,Arab World,2009,69.7069035410593,5142.65633137166,44.8441745490491,71.9499969482422,356386673.0,
ARB,Arab World,2008,69.2581327561764,6100.53937632387,46.471239953465,70.9000015258789,347684619.0,
ARB,Arab World,2007,68.8792264386993,4940.70153714799,48.3025318536282,70.0400009155273,338947976.0,
ARB,Arab World,2006,68.4912652387812,4355.05761532494,50.2836850846917,69.2099990844727,330526310.0,
ARB,Arab World,2005,68.0405024136348,3750.69817199291,53.7749415860122,71.4300003051758,322628451.0,
ARB,Arab World,2004,67.7331029040443,3133.70136960221,55.4712517987444,70.8600006103516,315060277.0,
ARB,Arab World,2003,67.6503349498777,2696.67250919404,55.5366067565137,69.9899978637695,307815105.0,
ARB,Arab World,2002,67.5806302791343,2483.50270297478,57.3667985701484,67.2900009155273,300691509.0,
ARB,Arab World,2001,67.2406170439926,2536.15266480025,59.1626436484532,66.25,293580252.0,
ARB,Arab World,2000,66.8906998949344,2664.12544702947,61.0175247448248,65.1600036621094,286548096.0,
CSS,Caribbean small states,2023,73.1716450013098,17609.6827071212,18.6734280753062,,4519904.0,
CSS,Caribbean small states,2022,72.8322921090607,17449.5193422186,19.2519055409131,,4497310.0,
CSS,Caribbean small states,2021,69.9228107471769,13996.4475071755,19.8300013620473,,4479167.0,
CSS,Caribbean small states,2020,71.9394359303317,11961.4085449634,20.2340787930087,,4459302.0,
CSS,Caribbean small states,2019,72.1292604830284,13995.7626558947,21.4825706165536,,4443134.0,
CSS,Caribbean small states,2018,72.2210854022703,13896.5484095788,21.0948856500277,,4407658.0,
CSS,Caribbean small states,2017,72.1731041595093,13708.7525902396,21.6186888425685,,4366140.0,
CSS,Caribbean small states,2016,72.0516361154512,13377.8260731233,22.1309816388208,,4341333.0,
CSS,Caribbean small states,2015,71.8641021665476,14497.8798625347,22.5926085426782,,4314191.0,
CSS,Caribbean small states,2014,71.7739411761824,14962.943351851,23.084774339181,,4286546.0,
CSS,Caribbean small states,2013,71.5692506084297,14575.4918879542,23.5459317439355,,4257682.0,
CSS,Caribbean small states,2012,71.4019143290264,14225.6111466707,23.9873976108028,,4228445.0,
CSS,Caribbean small states,2011,71.266093287793,13503.1582761636,24.46797830169,,4201107.0,
CSS,Caribbean small states,2010,71.0114366987074,12652.5691256578,24.8751909030545,,4173335.0,
CSS,Caribbean small states,2009,70.797737511813,11554.0589194758,25.2608405148904,,4146899.0,
CSS,Caribbean small states,2008,70.5499974705246,13890.1303094208,25.7292304129259,91.0199966430664,4124966.0,
CSS,Caribbean small states,2007,70.2937333399206,12134.9066978741,26.2060322483835,90.75,4098855.0,
CSS,Caribbean small states,2006,69.9344232165599,10883.0475520742,26.6642978373939,90.1500015258789,4072929.0,
CSS,Caribbean small states,2005,69.6320513314341,9439.33720644986,27.1256315760631,89.9499969482422,4049468.0,
CSS,Caribbean small states,2004,69.3609701933726,8233.61082543875,27.6420531157027,89.6500015258789,4080569.0,
CSS,Caribbean small states,2003,69.0876488979237,7551.08983381761,28.2168081676518,89.4100036621094,4050990.0,
CSS,Caribbean small states,2002,68.8997139018751,6903.07418576198,28.9147169910643,89.1500015258789,4018796.0,
CSS,Caribbean small states,2001,68.6619722928042,6647.62547849072,29.6129024405868,88.879997253418,3987087.0,
CSS,Caribbean small states,2000,68.3976758324657,6477.26482123395,30.3365542135221,88.620002746582,3956229.0,
CEB,Central Europe and the Baltics,2023,77.7580384683685,22693.9504470566,4.75243694513347,99.4899978637695,100183707.0,
CEB,Central Europe and the Baltics,2022,76.6522987292583,19526.2463443821,4.693924319098,99.4800033569336,100071871.0,
CEB,Central Europe and the Baltics,2021,74.7232827859077,19224.3287744219,4.67541577377201,99.4700012207031,100205732.0,
CEB,Central Europe and the Baltics,2020,76.0162701269145,16581.3833261524,4.73289141291711,99.4499969482422,101215763.0,
CEB,Central Europe and the Baltics,2019,77.2659141936307,16534.9661895205,4.86801997531672,99.4400024414062,101864274.0,
CEB,Central Europe and the Baltics,2018,76.9764380835075,16227.2845341706,5.04437891013553,99.4199981689453,102074201.0,
CEB,Central Europe and the Baltics,2017,76.929788715597,14339.8488594791,5.27542081196346,99.370002746582,102337501.0,
CEB,Central Europe and the Baltics,2016,76.9703062304413,12874.7280619541,5.53686433246911,99.3499984741211,102647939.0,
CEB,Central Europe and the Baltics,2015,76.5755119772504,12596.9151136003,5.80488075204549,99.3300018310547,102973167.0,
CEB,Central Europe and the Baltics,2014,76.6887696437325,14208.4390487349,6.03769013915952,99.3099975585938,103280478.0,
CEB,Central Europe and the Baltics,2013,76.3747350098375,13712.7077940364,6.31738620589922,,103570062.0,
CEB,Central Europe and the Baltics,2012,76.0033944660035,13104.0873095326,6.62399998855631,,103929494.0,
CEB,Central Europe and the Baltics,2011,75.8884748834282,13997.3297794653,6.95384740981372,,104174038.0,
CEB,Central Europe and the Baltics,2010,75.2939657786314,12635.7782121319,7.33253040004125,,104421447.0,
CEB,Central Europe and the Baltics,2009,74.9303639266576,12302.0593290327,7.75034641571448,,104800475.0,
CEB,Central Europe and the Baltics,2008,74.5759526780779,14534.2467521669,8.20550739414213,,105001883.0,
CEB,Central Europe and the Baltics,2007,74.2506487210768,11906.4959653819,8.72351795707887,,105378748.0,
CEB,Central Europe and the Baltics,2006,74.0926027308098,9337.74049720614,9.38021929512148,,105772481.0,
CEB,Central Europe and the Baltics,2005,73.8449951359211,8223.09810996167,10.0262533068436,,106041911.0,
CEB,Central Europe and the Baltics,2004,73.7304349327381,7046.22188812688,10.5387676882167,,106331716.0,
CEB,Central Europe and the Baltics,2003,73.3822527825258,5828.29660100317,10.9999607669708,,106624167.0,
CEB,Central Europe and the Baltics,2002,73.2424154880921,4843.41064833504,11.3072685436924,,106959751.0,
CEB,Central Europe and the Baltics,2001,73.0961481937343,4274.13236367221,11.7091399740953,,107660041.0,
CEB,Central Europe and the Baltics,2000,72.719724722779,3880.42695915578,12.3188834146514,,108447824.0,
EAR,Early-demographic dividend,2023,71.7962449795855,4212.16924807645,30.8785826584925,81.6800003051758,3511607650.0,
EAR,Early-demographic dividend,2022,71.4304552508694,4017.48956260692,32.7176454900784,81.2399978637695,3470644834.0,
EAR,Early-demographic dividend,2021,68.1790994839634,3697.4103832017,33.8312680253746,80.7099990844727,3432026092.0,
EAR,Early-demographic dividend,2020,69.8801308490982,3185.49787368673,33.7001179805719,80.3000030517578,3396051187.0,
EAR,Early-demographic dividend,2019,70.8424064605001,3481.75530893525,34.9101641822264,79.7900009155273,3355014793.0,
EAR,Early-demographic dividend,2018,70.5486659921504,3460.86264008666,36.1562766486784,79.6800003051758,3314245247.0,
EAR,Early-demographic dividend,2017,70.2729949393554,3457.91719451195,37.4716956775527,79.3300018310547,3274060446.0,
EAR,Early-demographic dividend,2016,69.9484837084835,3227.64814256759,38.9997656937306,79.0800018310547,3233033717.0,
EAR,Early-demographic dividend,2015,69.6305484421664,3178.86716124226,40.6812813482926,78.4100036621094,3190318707.0,
EAR,Early-demographic dividend,2014,69.3249758824304,3351.66429566368,42.4666258953891,77.5,3146800078.0,
EAR,Early-demographic dividend,2013,68.962837783411,3332.30407501939,44.4942970063474,76.7099990844727,3103677284.0,
EAR,Early-demographic dividend,2012,68.6094630284121,3362.32207931577,46.6221417500773,76.0299987792969,3058869436.0,
EAR,Early-demographic dividend,2011,68.2600380693651,3266.19695006658,48.8209534205075,75.7600021362305,3013476947.0,
EAR,Early-demographic dividend,2010,67.8244434669729,2941.65330428569,51.4346564632238,75.3499984741211,2967104472.0,
EAR,Early-demographic dividend,2009,67.496408245139,2458.1646507679,53.6283446316316,73.879997253418,2921563644.0,
EAR,Early-demographic dividend,2008,67.0218187568003,2595.48033593556,56.6146245609075,73.129997253418,2875943965.0,
EAR,Early-demographic dividend,2007,66.7605467353128,2342.58782127684,58.7468522161505,72.2799987792969,2830531957.0,
EAR,Early-demographic dividend,2006,66.3919300050345,2011.02350805054,61.445917265839,71.3000030517578,2784726644.0,
EAR,Early-demographic dividend,2005,65.9797864104925,1788.22041048826,64.2700700599399,71.2900009155273,2738846905.0,
EAR,Early-demographic dividend,2004,65.5132392756465,1563.0603884093,67.6212725586949,71.2799987792969,2693184997.0,
EAR,Early-demographic dividend,2003,65.2791550496845,1368.4299919013,70.169723758267,70.6100006103516,2647109296.0,
EAR,Early-demographic dividend,2002,64.9680746751559,1251.30345037129,73.2051028865653,69.6699981689453,2601917557.0,
EAR,Early-demographic dividend,2001,64.55670545203,1311.07657774218,76.2893190449641,69.0100021362305,2556335424.0,
EAR,Early-demographic dividend,2000,64.2196098284934,1346.19872596642,79.4553717655462,68.4400024414062,2509431470.0,
EAS,East Asia & Pacific,2023,76.6572021082574,13251.5119797804,13.7,96.4899978637695,2384441485.0,2.2
EAS,East Asia & Pacific,2022,76.6767167147452,13219.5863562213,14.0,96.3600006103516,2379617118.0,2.4
EAS,East Asia & Pacific,2021,76.152941315904,13416.9773441612,14.2,96.2200012207031,2375117716.0,2.6
EAS,East Asia & Pacific,2020,76.5433946923267,11697.5156784805,14.4,96.0899963378906,2369420882.0,2.7
EAS,East Asia & Pacific,2019,76.5862412994962,11677.4429355606,14.3,95.870002746582,2359762190.0,2.6
EAS,East Asia & Pacific,2018,76.3914229383171,11487.5096772887,14.8,95.7300033569336,2347576325.0,3.3
EAS,East Asia & Pacific,2017,76.0789923585537,10612.7930790259,15.0,95.6900024414062,2333475520.0,4.1
EAS,East Asia & Pacific,2016,75.9870166732102,10011.552668647,15.7,95.5,2317076058.0,5.0
EAS,East Asia & Pacific,2015,75.7926010192992,9730.64405529046,16.6,95.3000030517578,2300844269.0,6.1
EAS,East Asia & Pacific,2014,75.5644270391791,9832.43196516945,17.2,95.0899963378906,2284385542.0,7.8
EAS,East Asia & Pacific,2013,75.3347729864006,9580.35094813005,18.2,94.620002746582,2267072102.0,9.0
EAS,East Asia & Pacific,2012,75.1059726864745,9534.44491469921,19.1,94.5400009155273,2249081393.0,13.2
EAS,East Asia & Pacific,2011,74.8252830592191,8976.49484706491,20.3,94.3000030517578,2230826576.0,15.3
EAS,East Asia & Pacific,2010,74.6299790050688,7808.0701040139,21.4,94.0800018310547,2214613815.0,18.9
EAS,East Asia & Pacific,2009,74.3683471715786,6735.16059526359,22.5,94.0899963378906,2199148703.0,21.4
EAS,East Asia & Pacific,2008,73.8481629943997,6593.64477271098,24.9,93.8199996948242,2183472438.0,23.4
EAS,East Asia & Pacific,2007,73.8948513504332,5760.12938767038,25.4,93.5100021362305,2167046538.0,25.0
EAS,East Asia & Pacific,2006,73.5640440034614,5191.90669962482,27.0,92.370002746582,2150688938.0,27.7
EAS,East Asia & Pacific,2005,73.2984345512681,4931.62605587014,28.7,92.0199966430664,2134573057.0,28.9
EAS,East Asia & Pacific,2004,72.812660596894,4657.50834759879,31.5,91.6800003051758,2118747885.0,32.9
EAS,East Asia & Pacific,2003,72.7346908938812,4188.46280036812,32.6,91.3499984741211,2102761941.0,36.2
EAS,East Asia & Pacific,2002,72.3571058107458,3844.08681401566,35.5,90.9800033569336,2086144389.0,40.0
EAS,East Asia & Pacific,2001,72.0413059988773,3814.30946425229,37.5,90.629997253418,2068682053.0,44.1
EAS,East Asia & Pacific,2000,71.7028323240299,4139.47126719887,39.6,90.3099975585938,2050149617.0,46.6
EAP,East Asia & Pacific (excluding high income),2023,75.8806830895266,10126.4304121407,14.4749594363851,96.7200012207031,2137527754.0,
EAP,East Asia & Pacific (excluding high income),2022,75.9325409436903,10107.0569545516,14.8448601956501,96.5899963378906,2133560408.0,
EAP,East Asia & Pacific (excluding high income),2021,75.2781418410849,9974.57917918464,15.0122967009999,96.4499969482422,2128553744.0,
EAP,East Asia & Pacific (excluding high income),2020,75.6976393295064,8391.23898302179,15.1823948934567,96.3099975585938,2121866294.0,
EAP,East Asia & Pacific (excluding high income),2019,75.7689690321509,8286.45749748666,15.0180940327798,96.0999984741211,2112289891.0,
EAP,East Asia & Pacific (excluding high income),2018,75.57828618156,8046.00446277369,15.5381715461795,95.9499969482422,2100698838.0,
EAP,East Asia & Pacific (excluding high income),2017,75.2396714880306,7241.98321346974,15.6474834443702,95.9300003051758,2087238522.0,
EAP,East Asia & Pacific (excluding high income),2016,75.1559117663434,6683.23529656879,16.4720341830735,95.7399978637695,2071486140.0,
EAP,East Asia & Pacific (excluding high income),2015,74.9511243848739,6589.81824245918,17.4865557526411,95.5400009155273,2056050896.0,
EAP,East Asia & Pacific (excluding high income),2014,74.7194528121745,6373.70120967496,18.0713618055203,95.3399963378906,2040383789.0,
EAP,East Asia & Pacific (excluding high income),2013,74.4859323786011,5952.82148677207,19.1365596950918,94.9300003051758,2023850158.0,
EAP,East Asia & Pacific (excluding high income),2012,74.2597872053228,5434.82585097081,19.9737241800297,94.8600006103516,2006566431.0,
EAP,East Asia & Pacific (excluding high income),2011,73.9857453156401,4913.89455378862,21.3685026814193,94.629997253418,1989106668.0,
EAP,East Asia & Pacific (excluding high income),2010,73.7616390609633,4057.8659052455,22.4399493451171,94.4100036621094,1973602166.0,
EAP,East Asia & Pacific (excluding high income),2009,73.4677878146597,3359.51841456412,23.7274578501377,94.3600006103516,1959017463.0,
EAP,East Asia & Pacific (excluding high income),2008,72.9241376220933,3117.832791739,26.206449057273,94.0800018310547,1944305887.0,
EAP,East Asia & Pacific (excluding high income),2007,72.9937536648265,2481.38755806042,26.7559837962097,93.7799987792969,1929185103.0,
EAP,East Asia & Pacific (excluding high income),2006,72.6518704363172,1976.632047491,28.4224115469992,92.5699996948242,1914002124.0,
EAP,East Asia & Pacific (excluding high income),2005,72.3983266445825,1653.67971343756,30.2907051058504,92.2200012207031,1898853723.0,
EAP,East Asia & Pacific (excluding high income),2004,71.8588009229193,1439.93214544909,33.2761577425412,91.9000015258789,1883675167.0,
EAP,East Asia & Pacific (excluding high income),2003,71.80399562865,1251.27771537034,34.4812187182369,91.5800018310547,1868409996.0,
EAP,East Asia & Pacific (excluding high income),2002,71.3967499620569,1113.99915248458,37.5572527592659,91.2399978637695,1852659155.0,
EAP,East Asia & Pacific (excluding high income),2001,71.0740923872156,1014.52467005611,39.884236685369,90.8899993896484,1836260943.0,
EAP,East Asia & Pacific (excluding high income),2000,70.7357071585237,961.301422356711,41.9695455382353,90.5500030517578,1819011507.0,
TEA,East Asia & Pacific (IDA & IBRD countries),2023,75.9085643603807,10240.3474676862,14.4130483778755,96.6800003051758,2111139152.0,
TEA,East Asia & Pacific (IDA & IBRD countries),2022,75.9610347461336,10220.556668162,14.7957069398733,96.5500030517578,2107261123.0,
TEA,East Asia & Pacific (IDA & IBRD countries),2021,75.3009806060199,10086.4082581275,14.9730901463221,96.4100036621094,2102350702.0,
TEA,East Asia & Pacific (IDA & IBRD countries),2020,75.7338497054699,8485.28948088661,15.1483633261233,96.2699966430664,2095759417.0,
TEA,East Asia & Pacific (IDA & IBRD countries),2019,75.8042877234534,8379.42503514668,14.9817931210967,96.0500030517578,2086281644.0,
TEA,East Asia & Pacific (IDA & IBRD countries),2018,75.6101241544348,8136.42934013947,15.5008395354015,95.9000015258789,2074796982.0,
TEA,East Asia & Pacific (IDA & IBRD countries),2017,75.2671640185859,7323.57112357326,15.6073305916676,95.879997253418,2061449949.0,
TEA,East Asia & Pacific (IDA & IBRD countries),2016,75.1832269955477,6758.79473763568,16.4248379117084,95.6900024414062,2045816761.0,
TEA,East Asia & Pacific (IDA & IBRD countries),2015,74.9777768374826,6664.53447337008,17.441339920976,95.4899978637695,2030504270.0,
TEA,East Asia & Pacific (IDA & IBRD countries),2014,74.7479822020749,6446.18938511466,18.0215972955504,95.2799987792969,2014960984.0,
TEA,East Asia & Pacific (IDA & IBRD countries),2013,74.5190033698096,6020.77821511419,19.0818008875774,94.870002746582,1998548872.0,
TEA,East Asia & Pacific (IDA & IBRD countries),2012,74.2971126258118,5497.15541159145,19.913184008335,94.7900009155273,1981382735.0,
TEA,East Asia & Pacific (IDA & IBRD countries),2011,74.0266932049917,4970.50414407986,21.3043803830477,94.5699996948242,1964036970.0,
TEA,East Asia & Pacific (IDA & IBRD countries),2010,73.8065980873171,4104.80139766727,22.3711112891205,94.3399963378906,1948643347.0,
TEA,East Asia & Pacific (IDA & IBRD countries),2009,73.5161019563418,3398.52810801107,23.658345642277,94.2900009155273,1934167856.0,
TEA,East Asia & Pacific (IDA & IBRD countries),2008,72.9707321912267,3154.16917322889,26.1511049620741,94.0100021362305,1919570287.0,
TEA,East Asia & Pacific (IDA & IBRD countries),2007,73.0450331089394,2510.42063084895,26.6902316996262,93.6999969482422,1904568042.0,
TEA,East Asia & Pacific (IDA & IBRD countries),2006,72.698344733116,1999.8599576078,28.3702187955748,92.4800033569336,1889507244.0,
TEA,East Asia & Pacific (IDA & IBRD countries),2005,72.440234089532,1673.18872013796,30.254824557307,92.120002746582,1874487158.0,
TEA,East Asia & Pacific (IDA & IBRD countries),2004,71.8921244592524,1456.9669469541,33.2695203962365,91.7900009155273,1859450104.0,
TEA,East Asia & Pacific (IDA & IBRD countries),2003,71.8352733706059,1266.10778868123,34.4808837104115,91.4700012207031,1844349334.0,
TEA,East Asia & Pacific (IDA & IBRD countries),2002,71.534352902059,1127.25093373191,36.7362169899143,91.120002746582,1828744767.0,
TEA,East Asia & Pacific (IDA & IBRD countries),2001,71.2077369930428,1026.64920971957,39.0471957374983,90.7699966430664,1812475067.0,
TEA,East Asia & Pacific (IDA & IBRD countries),2000,70.8650826611101,972.833173903317,41.1463906897658,90.4300003051758,1795374943.0,
EMU,Euro area,2023,82.1378956135498,44797.6445281418,3.71794577885785,,356209318.0,
EMU,Euro area,2022,81.4869473735593,41105.3462099324,3.73314047472177,,354666175.0,
EMU,Euro area,2021,81.3931203059577,42432.2915720012,3.74819456597552,,353715415.0,
EMU,Euro area,2020,81.3366927821764,37727.4543067337,3.74912764856254,,353536838.0,
EMU,Euro area,2019,82.1461011396487,38679.6118917933,3.77135271572648,,353113327.0,
EMU,Euro area,2018,81.8676373939947,39562.0814189751,3.8222190835292,,352303991.0,
EMU,Euro area,2017,81.747020423342,36691.2109171985,3.85374210654639,,351613647.0,
EMU,Euro area,2016,81.7681051866776,34690.2425639991,3.9272951450282,,351027116.0,
EMU,Euro area,2015,81.381552979083,33928.614137702,3.96175287599302,,350164707.0,
EMU,Euro area,2014,81.7426558325458,39333.1197168101,4.01071564239057,,349302135.0,
EMU,Euro area,2013,81.3323585033306,38455.0565897822,4.06495297338017,,348799535.0,
EMU,Euro area,2012,81.0387114639645,36851.3355744745,4.12530026975936,,348406547.0,
EMU,Euro area,2011,81.0342959599905,39878.1184039802,4.23648831888596,,347715695.0,
EMU,Euro area,2010,80.5463865166925,36841.2601014872,4.33053771112197,,348398403.0,
EMU,Euro area,2009,80.304609573735,37790.1201693815,4.47859369402051,,347581287.0,
EMU,Euro area,2008,80.093489056692,41406.6598917961,4.58145952343906,,346471036.0,
EMU,Euro area,2007,79.8861982263507,37801.9316069832,4.70739923768855,,344828323.0,
EMU,Euro area,2006,79.6483122606306,32961.2886272812,4.84284913293961,,343100724.0,
EMU,Euro area,2005,79.2220583562048,31116.2703580738,5.02231068390932,,341556724.0,
EMU,Euro area,2004,79.0807404551257,30138.8874750838,5.22998909546917,,339856977.0,
EMU,Euro area,2003,78.5041960429858,26413.8767866986,5.41755462289396,,338061667.0,
EMU,Euro area,2002,78.47640957321,21551.1260975546,5.62625734966375,,336306839.0,
EMU,Euro area,2001,78.3814988457687,19818.819395825,5.81608962539807,,334870337.0,
EMU,Euro area,2000,78.039870197159,19563.0908791645,6.07803458003328,,333959803.0,
ECS,Europe & Central Asia,2023,78.3912342010497,30015.7640895399,8.4,98.7699966430664,924805070.0,0.7
ECS,Europe & Central Asia,2022,77.8345651348625,27968.286148204,8.0,98.75,924267385.0,0.8
ECS,Europe & Central Asia,2021,76.7286208536036,27700.9996673888,8.1,98.7399978637695,924375980.0,0.8
ECS,Europe & Central Asia,2020,77.1754769112247,24187.2451763556,8.3,98.6100006103516,923660463.0,0.8
ECS,Europe & Central Asia,2019,78.3038616280055,25045.1218961925,8.5,98.5699996948242,921929161.0,0.8
ECS,Europe & Central Asia,2018,78.030262884925,25435.6875035469,8.6,98.5,918415818.0,0.8
ECS,Europe & Central Asia,2017,77.8990078299354,23839.7319723826,8.8,98.4100036621094,915063823.0,1.0
ECS,Europe & Central Asia,2016,77.6812778388278,22554.6821198127,9.2,98.3300018310547,911578015.0,1.0
ECS,Europe & Central Asia,2015,77.3309344089138,22742.4739859372,9.6,98.2699966430664,907526485.0,1.2
ECS,Europe & Central Asia,2014,77.3535744682317,26517.017870416,10.0,98.2200012207031,903560070.0,1.2
ECS,Europe & Central Asia,2013,77.0324350526049,26236.2854279738,10.4,98.1800003051758,899906171.0,1.1
ECS,Europe & Central Asia,2012,76.6804966624792,25199.9785660563,10.8,98.120002746582,896514509.0,3.6
ECS,Europe & Central Asia,2011,76.4793686032862,26273.0443343471,11.2,98.0199966430664,893009594.0,3.6
ECS,Europe & Central Asia,2010,75.9953558296811,23731.6668640025,11.7,97.870002746582,890990370.0,3.8
ECS,Europe & Central Asia,2009,75.6891993778767,23278.878278705,12.3,97.7099990844727,887741127.0,3.7
ECS,Europe & Central Asia,2008,75.3023142874929,26536.4846361214,13.0,97.4499969482422,884224673.0,3.7
ECS,Europe & Central Asia,2007,75.0086537519123,24200.3324793455,13.8,97.3300018310547,880656346.0,4.0
ECS,Europe & Central Asia,2006,74.6397717965131,20762.3175860338,14.6,97.25,878166933.0,4.4
ECS,Europe & Central Asia,2005,74.1536447949151,19220.7137732995,15.5,97.1900024414062,875563919.0,5.0
ECS,Europe & Central Asia,2004,73.9880374819429,18104.0502985006,16.4,97.0699996948242,873069464.0,5.1
ECS,Europe & Central Asia,2003,73.5627467942119,15575.04178024,17.4,96.9899978637695,870529446.0,6.0
ECS,Europe & Central Asia,2002,73.4464115251961,12842.35970826,18.5,96.9000015258789,868234843.0,6.2
ECS,Europe & Central Asia,2001,73.3558243150228,11750.2018063072,19.7,,866590696.0,6.9
ECS,Europe & Central Asia,2000,73.1137123890211,11645.6378071747,20.9,96.6399993896484,865392479.0,7.6
ECA,Europe & Central Asia (excluding high income),2023,74.7901416269909,8609.12296290637,14.9318910217203,98.9599990844727,248718948.0,
ECA,Europe & Central Asia (excluding high income),2022,74.5731684190474,7264.37321853889,14.1403721981144,98.9100036621094,250514347.0,
ECA,Europe & Central Asia (excluding high income),2021,72.8823762052943,6632.57221034255,14.2754006870893,98.870002746582,251867727.0,
ECA,Europe & Central Asia (excluding high income),2020,73.5536868675669,5734.46191312695,14.5690548624348,98.8300018310547,250351240.0,
ECA,Europe & Central Asia (excluding high income),2019,74.8158340567546,6036.15175345642,14.9067668723198,98.8000030517578,248576676.0,
ECA,Europe & Central Asia (excluding high income),2018,74.5927989243036,5947.15360517457,15.2052863202675,98.6600036621094,246400484.0,
ECA,Europe & Central Asia (excluding high income),2017,74.4033539029016,6129.93083517607,15.5904334752804,98.5899963378906,244308649.0,
ECA,Europe & Central Asia (excluding high income),2016,74.0313769065099,6023.54753164072,16.0721474728614,98.4800033569336,242224182.0,
ECA,Europe & Central Asia (excluding high income),2015,73.755408258866,6338.80741019255,16.8078244064144,98.3600006103516,240083379.0,
ECA,Europe & Central Asia (excluding high income),2014,73.4195161256746,7334.84338588205,17.5388657418696,98.2900009155273,237999321.0,
ECA,Europe & Central Asia (excluding high income),2013,73.1258294397593,7707.27955254226,18.4040261785443,98.2099990844727,235905150.0,
ECA,Europe & Central Asia (excluding high income),2012,72.6735984954506,7126.81359535263,19.3782248485954,98.129997253418,233875199.0,
ECA,Europe & Central Asia (excluding high income),2011,72.1509502224104,6817.02366099691,20.6052052466506,97.870002746582,231988438.0,
ECA,Europe & Central Asia (excluding high income),2010,71.9125911481178,6044.40742137607,21.8327619264082,97.4199981689453,230106440.0,
ECA,Europe & Central Asia (excluding high income),2009,71.442292156273,5125.28238536429,23.1662750310061,96.8499984741211,228250911.0,
ECA,Europe & Central Asia (excluding high income),2008,70.9743175160426,6191.2490187656,24.7537658738244,96.0199966430664,226524480.0,
ECA,Europe & Central Asia (excluding high income),2007,70.5579786921334,5206.58156726071,26.4596456532286,95.9000015258789,225016072.0,
ECA,Europe & Central Asia (excluding high income),2006,70.2178659389806,4142.51945509226,28.2285287698445,95.7300033569336,224417513.0,
ECA,Europe & Central Asia (excluding high income),2005,69.9595147646973,3576.78042249065,30.1880663905664,95.8399963378906,223360135.0,
ECA,Europe & Central Asia (excluding high income),2004,69.7911486482047,2883.61748103773,32.3195945196954,95.5599975585938,222413290.0,
ECA,Europe & Central Asia (excluding high income),2003,69.5879019097604,2249.77906607995,34.358834558628,95.4599990844727,221399692.0,
ECA,Europe & Central Asia (excluding high income),2002,69.3187306210866,1771.95605994237,36.8517204276354,95.3300018310547,220400259.0,
ECA,Europe & Central Asia (excluding high income),2001,69.0902777061194,1529.6291666061,39.354758701548,95.1800003051758,219435056.0,
ECA,Europe & Central Asia (excluding high income),2000,68.8570531906331,1790.79766009483,41.9047834514985,95.0299987792969,218486598.0,
TEC,Europe & Central Asia (IDA & IBRD countries),2023,74.6977324805541,12070.5942969794,11.6608918220628,99.3600006103516,458599775.0,
TEC,Europe & Central Asia (IDA & IBRD countries),2022,74.1883654842503,11422.1622613514,11.1412663683546,99.3300018310547,460942269.0,
TEC,Europe & Central Asia (IDA & IBRD countries),2021,72.1506406826172,9992.00521619821,11.2390654205607,99.3099975585938,463104389.0,
TEC,Europe & Central Asia (IDA & IBRD countries),2020,73.1492512511888,8455.78453528889,11.4402376555719,99.2900009155273,462842288.0,
TEC,Europe & Central Asia (IDA & IBRD countries),2019,74.590946255432,9040.92665915657,11.7213148178318,99.2699966430664,461933206.0,
TEC,Europe & Central Asia (IDA & IBRD countries),2018,74.2976622013592,8885.56352555245,11.9395431519003,99.1999969482422,459946883.0,
TEC,Europe & Central Asia (IDA & IBRD countries),2017,74.1318681774556,8571.09823045668,12.2525480085223,99.0899963378906,458010325.0,
TEC,Europe & Central Asia (IDA & IBRD countries),2016,73.6902109808947,7679.02768410566,12.6684363631334,99.0299987792969,455913002.0,
TEC,Europe & Central Asia (IDA & IBRD countries),2015,73.3408132950813,8034.6842596255,13.343577725526,98.9700012207031,453662073.0,
TEC,Europe & Central Asia (IDA & IBRD countries),2014,73.0389491798356,10330.3982164695,14.0220051709822,98.9199981689453,451432428.0,
TEC,Europe & Central Asia (IDA & IBRD countries),2013,72.7942035795041,10986.3954318467,14.7303815259107,98.879997253418,449128604.0,
TEC,Europe & Central Asia (IDA & IBRD countries),2012,72.3336150257883,10435.8086234655,15.4101584121496,98.8399963378906,446941101.0,
TEC,Europe & Central Asia (IDA & IBRD countries),2011,71.9266644042886,10044.9046719064,16.2944506822689,98.6999969482422,444846366.0,
TEC,Europe & Central Asia (IDA & IBRD countries),2010,71.4358973425353,8293.77511577841,17.0847676839038,98.4800033569336,442936599.0,
TEC,Europe & Central Asia (IDA & IBRD countries),2009,71.0832338433596,7074.11060707405,18.0517614978236,98.1999969482422,441304973.0,
TEC,Europe & Central Asia (IDA & IBRD countries),2008,70.5451641405676,8951.35076734201,19.2850177301123,97.75,439732746.0,
TEC,Europe & Central Asia (IDA & IBRD countries),2007,70.1803431982885,7247.0818892658,20.705915778817,97.6500015258789,438680283.0,
TEC,Europe & Central Asia (IDA & IBRD countries),2006,69.6987479861711,5633.02971807333,22.2317109209457,97.5699996948242,438714358.0,
TEC,Europe & Central Asia (IDA & IBRD countries),2005,69.1399718973032,4660.83802232756,23.7961221368325,97.620002746582,438333196.0,
TEC,Europe & Central Asia (IDA & IBRD countries),2004,69.0029078332647,3723.46934484203,25.4008816088789,97.4800033569336,438136036.0,
TEC,Europe & Central Asia (IDA & IBRD countries),2003,68.6968166323048,2879.67149467058,26.9579816601548,97.4300003051758,437905932.0,
TEC,Europe & Central Asia (IDA & IBRD countries),2002,68.5629095629382,2340.84304586083,28.9894127783,97.3600006103516,437806951.0,
TEC,Europe & Central Asia (IDA & IBRD countries),2001,68.5080250387666,2080.99745064169,31.0677739056348,97.2799987792969,438100368.0,
TEC,Europe & Central Asia (IDA & IBRD countries),2000,68.3665797468115,2044.36249557921,33.1505941426176,97.2099990844727,438423541.0,
EUU,European Union,2023,81.4249329538218,41566.8992410802,3.86580979903847,,448897545.0,
EUU,European Union,2022,80.7133261894067,38066.8240398192,3.86039705868669,,447203596.0,
EUU,European Union,2021,80.3071959761974,39206.9663368683,3.86836841377716,,446228281.0,
EUU,European Union,2020,80.4414754678551,34694.7105012203,3.88832143169013,,446870959.0,
EUU,European Union,2019,81.3194524901835,35374.1493923083,3.93757961783439,,446910453.0,
EUU,European Union,2018,81.0303425240609,36076.9018014875,4.01789187486254,,446058453.0,
EUU,European Union,2017,80.9301511681956,33394.5944932308,4.09574635146789,,445321060.0,
EUU,European Union,2016,80.9529785979391,31456.903580129,4.19492071938833,,444676652.0,
EUU,European Union,2015,80.5707965259,30771.6635221374,4.27261915574541,,443793218.0,
EUU,European Union,2014,80.8760173893061,35590.1074295737,4.34862512103113,,442920819.0,
EUU,European Union,2013,80.4734324600181,34804.7359239781,4.4371936775856,,442425741.0,
EUU,European Union,2012,80.1657773209271,33324.7758491129,4.5453050026796,,442069839.0,
EUU,European Union,2011,80.1439505204153,35963.3218067157,4.69181003554849,,441414078.0,
EUU,European Union,2010,79.6354307923887,33119.5730126034,4.85554870459093,,442088310.0,
EUU,European Union,2009,79.362438680677,33632.1592985196,5.06570514065573,,441388573.0,
EUU,European Union,2008,79.1296281887548,37160.0102168184,5.23785001849768,,440270719.0,
EUU,European Union,2007,78.9060450955774,33682.862816778,5.42348341235373,,438796003.0,
EUU,European Union,2006,78.6721282949285,29169.3897071187,5.65147207409268,,437263803.0,
EUU,European Union,2005,78.2751410316852,27400.009679177,5.91993705430458,,435789139.0,
EUU,European Union,2004,78.1178281794517,26335.8502555339,6.15534521246253,,434193248.0,
EUU,European Union,2003,77.5923748441053,22991.2367735241,6.37822473171958,,432512916.0,
EUU,European Union,2002,77.5340746440768,18773.5039434434,6.60518227697341,,430924112.0,
EUU,European Union,2001,77.4256390326754,17208.9035778997,6.83733219005194,,429909307.0,
EUU,European Union,2000,77.0782450771112,16956.0404946054,7.16598936295681,,429339162.0,
HPC,Heavily indebted poor countries (HIPC),2023,64.7182457242664,1157.85200500349,64.7737608743439,66.3000030517578,916223767.0,
HPC,Heavily indebted poor countries (HIPC),2022,63.8422370507134,1123.26894975331,70.9810827482135,65.870002746582,892885172.0,
HPC,Heavily indebted poor countries (HIPC),2021,62.5327589317045,1062.58689269634,69.7824667658958,65.4199981689453,869987833.0,
HPC,Heavily indebted poor countries (HIPC),2020,63.0748180653434,963.808519118256,68.146309212661,64.9599990844727,846861642.0,
HPC,Heavily indebted poor countries (HIPC),2019,63.0919384793173,984.553372875279,70.6505060809458,64.7099990844727,823805910.0,
HPC,Heavily indebted poor countries (HIPC),2018,62.8008051848255,986.447970381036,71.5972927454548,64.5400009155273,801220102.0,
HPC,Heavily indebted poor countries (HIPC),2017,62.3173413995614,944.105800649501,74.0985605574823,62.5800018310547,778657210.0,
HPC,Heavily indebted poor countries (HIPC),2016,62.005914221112,895.291971418288,75.0531588355873,61.4599990844727,756237630.0,
HPC,Heavily indebted poor countries (HIPC),2015,61.5637757860854,917.924140878178,77.2252196182014,60.8499984741211,734837721.0,
HPC,Heavily indebted poor countries (HIPC),2014,61.0420808723887,987.602359884364,80.1013664951844,60.2700004577637,714234635.0,
HPC,Heavily indebted poor countries (HIPC),2013,60.6299359643784,961.217621514844,82.2392532979546,59.7400016784668,694136340.0,
HPC,Heavily indebted poor countries (HIPC),2012,60.0870140052247,881.63617561985,85.8956616008329,58.6699981689453,674950539.0,
HPC,Heavily indebted poor countries (HIPC),2011,59.2312188364054,873.650099679893,93.139476228705,57.2900009155273,656367599.0,
HPC,Heavily indebted poor countries (HIPC),2010,58.7335452944083,812.484497775064,93.2212751268281,55.060001373291,638389596.0,
HPC,Heavily indebted poor countries (HIPC),2009,58.2402216249579,765.227759350497,98.2895969280398,54.0400009155273,620916734.0,
HPC,Heavily indebted poor countries (HIPC),2008,57.8565431037631,797.853979826874,99.6378865309757,53.8199996948242,603575028.0,
HPC,Heavily indebted poor countries (HIPC),2007,57.2467051523111,688.798854303596,104.102383459321,53.5200004577637,586992483.0,
HPC,Heavily indebted poor countries (HIPC),2006,56.574273244383,593.589508638215,108.918038437956,52.1199989318848,571013586.0,
HPC,Heavily indebted poor countries (HIPC),2005,55.7774195124879,520.051978903637,114.699593733073,53.7799987792969,554927452.0,
HPC,Heavily indebted poor countries (HIPC),2004,55.1510876118445,462.69284908131,123.326110509051,53.5299987792969,539388313.0,
HPC,Heavily indebted poor countries (HIPC),2003,54.6072034004947,413.081573267984,128.471888328471,52.9900016784668,524375932.0,
HPC,Heavily indebted poor countries (HIPC),2002,54.0571476517769,374.815740144912,134.415315047831,52.4500007629395,509293837.0,
HPC,Heavily indebted poor countries (HIPC),2001,53.534081588322,355.439130988616,142.316579600629,51.7299995422363,494824112.0,
HPC,Heavily indebted poor countries (HIPC),2000,53.0016053702188,377.738635531548,146.100097583984,50.9099998474121,481628012.0,
IBD,IBRD only,2023,74.5179764623959,7892.13359236419,20.4507037715747,90.4400024414062,4952209753.0,
IBD,IBRD only,2022,74.2512821129351,7679.78639337735,21.0193519897855,90.1699981689453,4928196300.0,
IBD,IBRD only,2021,71.974203378406,7312.40590533832,21.5924267168741,89.8600006103516,4905212516.0,
IBD,IBRD only,2020,73.2951356970762,6189.46595997499,22.1850623203202,89.6399993896484,4878296727.0,
IBD,IBRD only,2019,74.031271888226,6474.8042775296,22.5844615647677,89.3399963378906,4845075024.0,
IBD,IBRD only,2018,73.794943952938,6392.20731313147,23.4442956099547,89.2900009155273,4806981820.0,
IBD,IBRD only,2017,73.4857607809887,6053.47287028012,23.854318818368,89.0599975585938,4765773411.0,
IBD,IBRD only,2016,73.2592309044272,5535.21577803788,25.1089807081947,88.870002746582,4721566970.0,
IBD,IBRD only,2015,73.0328490236398,5546.81934137697,26.3413290893219,88.6900024414062,4676773551.0,
IBD,IBRD only,2014,72.7509651570745,5950.16216217417,27.4123864989869,88.4100036621094,4630607878.0,
IBD,IBRD only,2013,72.4633474422255,5846.25966334365,29.168083341983,88.0500030517578,4581958556.0,
IBD,IBRD only,2012,72.1636704451454,5618.13811823482,30.5995012213551,87.8000030517578,4532100585.0,
IBD,IBRD only,2011,71.8270333930904,5343.53397444837,32.6633578025476,87.4499969482422,4483152627.0,
IBD,IBRD only,2010,71.5021795019761,4561.8882339923,34.4513038342427,87.1600036621094,4436714947.0,
IBD,IBRD only,2009,71.1602132108325,3790.75249729841,36.4255085372224,86.620002746582,4391389527.0,
IBD,IBRD only,2008,70.7624457262186,3945.34608241117,38.5641990306494,86.1699981689453,4346234014.0,
IBD,IBRD only,2007,70.5142450680001,3321.08172264245,40.935527044949,85.6999969482422,4302067550.0,
IBD,IBRD only,2006,70.1501236836392,2700.5584752855,43.3899001810369,84.8199996948242,4258827055.0,
IBD,IBRD only,2005,69.8265165341661,2300.5584330495,45.9221457752169,84.5299987792969,4214082145.0,
IBD,IBRD only,2004,69.3984001306866,1947.23507651148,48.8462625179564,84.5,4168676771.0,
IBD,IBRD only,2003,69.1727555942431,1652.80727671574,51.0596649636807,84.0999984741211,4122775918.0,
IBD,IBRD only,2002,68.9043764886684,1487.72265916078,53.6325324452846,83.5100021362305,4077229003.0,
IBD,IBRD only,2001,68.5847135093888,1481.39214433174,56.1688158230713,83.1100006103516,4031080605.0,
IBD,IBRD only,2000,68.2869649318369,1477.69267353361,58.3614429812875,82.7900009155273,3983328255.0,
IBT,IDA & IBRD total,2023,71.9999928217283,6126.38809068241,41.382706913428,85.6100006103516,6857438587.0,
IBT,IDA & IBRD total,2022,71.6790095761174,6024.32591287554,43.1834698029139,85.379997253418,6793703268.0,
IBT,IDA & IBRD total,2021,69.6690947451642,5754.17990139813,42.9382742931704,85.0999984741211,6731708832.0,
IBT,IDA & IBRD total,2020,70.7501213262472,4923.39708871472,42.4922083281563,84.8899993896484,6665588686.0,
IBT,IDA & IBRD total,2019,71.3952528317139,5168.03480575859,42.7794421008687,84.6500015258789,6593373309.0,
IBT,IDA & IBRD total,2018,71.1543116878265,5085.0801851085,43.3739482895554,84.620002746582,6517257782.0,
IBT,IDA & IBRD total,2017,70.8321134052096,4833.02970118676,44.1583028931606,84.25,6439279067.0,
IBT,IDA & IBRD total,2016,70.6151792552285,4450.00988856601,45.0167897925032,84.0299987792969,6359496256.0,
IBT,IDA & IBRD total,2015,70.3727711035674,4477.24409653758,46.3869965708754,83.6399993896484,6280370137.0,
IBT,IDA & IBRD total,2014,70.1214372145127,4804.51316862211,47.43517108688,83.1600036621094,6201072972.0,
IBT,IDA & IBRD total,2013,69.8695763064636,4717.03916410479,48.7798966691799,82.7799987792969,6119970296.0,
IBT,IDA & IBRD total,2012,69.574186280902,4533.14634719975,50.4019591519664,82.4100036621094,6038511525.0,
IBT,IDA & IBRD total,2011,69.2357087629053,4326.07595088347,53.5375021107104,82.1699981689453,5956303101.0,
IBT,IDA & IBRD total,2010,68.9266614063009,3717.27572230721,54.8743175277049,81.7600021362305,5876238780.0,
IBT,IDA & IBRD total,2009,68.58797297018,3109.97518704155,57.2665099336567,81.0400009155273,5797573486.0,
IBT,IDA & IBRD total,2008,68.1843907566277,3246.16083645656,59.3783854885707,80.6399993896484,5719633233.0,
IBT,IDA & IBRD total,2007,67.9670001124436,2742.89733889853,61.8548777157548,80.2200012207031,5643066022.0,
IBT,IDA & IBRD total,2006,67.6024062399178,2247.88945009061,64.6848752006473,79.5199966430664,5567795358.0,
IBT,IDA & IBRD total,2005,67.2256354770038,1919.85540188438,67.7155522211802,79.5800018310547,5492049553.0,
IBT,IDA & IBRD total,2004,66.8247049419343,1633.26981850024,71.5345625751571,79.5699996948242,5416713041.0,
IBT,IDA & IBRD total,2003,66.5877558604324,1392.51743382731,74.3042022287337,79.1600036621094,5341441991.0,
IBT,IDA & IBRD total,2002,66.2945209481454,1256.74155740893,77.388816003674,78.5800018310547,5266759631.0,
IBT,IDA & IBRD total,2001,65.9675772813036,1248.9779659314,80.8212518784276,78.1500015258789,5191975532.0,
IBT,IDA & IBRD total,2000,65.6568764523372,1251.89644845646,83.2518339608636,77.7799987792969,5116367192.0,
IDB,IDA blend,2023,62.4621643327349,1922.68195677238,77.1942653568078,68.8600006103516,664395892.0,
IDB,IDA blend,2022,62.1288641416852,2241.22931753571,78.3794185953685,68.5400009155273,651895919.0,
IDB,IDA blend,2021,60.876535738179,2148.31628647273,79.4387739493454,68.2099990844727,639196319.0,
IDB,IDA blend,2020,60.8180066140619,2014.81189013082,80.4458118967861,67.870002746582,626440308.0,
IDB,IDA blend,2019,61.3259973798573,2210.55539131628,81.79549064533,67.5199966430664,614017319.0,
IDB,IDA blend,2018,61.0740542759518,1873.7385939606,82.9417022338448,67.4300003051758,601951913.0,
IDB,IDA blend,2017,60.818392907263,1808.86674135882,84.3590132998074,65.0599975585938,590024074.0,
IDB,IDA blend,2016,60.5761664527178,1810.82104602308,85.7706738523369,64.8499984741211,578463670.0,
IDB,IDA blend,2015,60.2944946354402,1967.8941145813,87.3420837922888,64.129997253418,567234056.0,
IDB,IDA blend,2014,60.0998681978251,2113.88702279641,89.0200242810528,63.4000015258789,555868551.0,
IDB,IDA blend,2013,59.8685731055257,1985.51999918718,90.870695521886,62.5099983215332,544442648.0,
IDB,IDA blend,2012,59.6305637403653,1858.79619423645,93.0603666172748,62.6199989318848,532980174.0,
IDB,IDA blend,2011,59.364406133511,1719.51377446132,95.4071007579972,61.4199981689453,520984443.0,
IDB,IDA blend,2010,59.0515129063523,1546.66486887393,97.7581338926115,61.2299995422363,508422508.0,
IDB,IDA blend,2009,58.7507843707772,1350.16810895914,100.274455807164,60.7599983215332,495610570.0,
IDB,IDA blend,2008,58.4143046583873,1479.93269655131,102.989146998811,60.5299987792969,482975881.0,
IDB,IDA blend,2007,58.0600906051007,1296.2173611862,106.195180936754,59.5800018310547,470476526.0,
IDB,IDA blend,2006,57.7016203087693,1148.89181901573,109.504672853843,61.0400009155273,458394453.0,
IDB,IDA blend,2005,56.9989286118874,957.944483664019,113.096678219845,60.3499984741211,447132945.0,
IDB,IDA blend,2004,57.0294559998555,837.139763788514,116.719834111149,60.7999992370605,436147454.0,
IDB,IDA blend,2003,56.6359126305936,712.277506392089,120.432492409236,60.0800018310547,425311302.0,
IDB,IDA blend,2002,56.270235525387,644.972024028045,124.427727125497,58.9500007629395,414935066.0,
IDB,IDA blend,2001,55.889906446422,602.892871771324,128.523722514361,58.189998626709,404662385.0,
IDB,IDA blend,2000,55.5992722966425,619.821306061985,132.632143378455,57.3899993896484,394129957.0,
IDX,IDA only,2023,67.0575957681524,1330.08005697828,57.7865752666587,70.620002746582,1240832942.0,
IDX,IDA only,2022,66.3634983426878,1333.98547158611,62.9267579403154,70.2399978637695,1213611049.0,
IDX,IDA only,2021,64.8793395181521,1257.78054041357,61.9200563226145,69.8000030517578,1187299997.0,
IDX,IDA only,2020,65.4148502167518,1172.52623503626,60.5473011270219,69.3000030517578,1160851651.0,
IDX,IDA only,2019,65.586275114442,1187.14057928369,62.7277314334513,69.0899963378906,1134280966.0,
IDX,IDA only,2018,65.1762396022628,1159.99786764696,64.0090692798865,68.8300018310547,1108324049.0,
IDX,IDA only,2017,64.6129528273956,1111.6681922431,67.7482970229584,67.4100036621094,1083481582.0,
IDX,IDA only,2016,64.3130750207169,1054.71572764683,68.6289269814824,66.6100006103516,1059465616.0,
IDX,IDA only,2015,63.8848479810589,1024.03892548547,70.2706407758469,64.879997253418,1036362530.0,
IDX,IDA only,2014,63.6108317883765,1049.90073249233,72.0297513904006,63.1199989318848,1014596543.0,
IDX,IDA only,2013,63.3883167400328,1006.28967463937,72.6386136365906,62.6199989318848,993569092.0,
IDX,IDA only,2012,62.962468993378,945.920267718204,75.6643702725594,60.8499984741211,973430766.0,
IDX,IDA only,2011,62.4359401192322,961.703390548921,81.4248111380107,61.3800010681152,952166031.0,
IDX,IDA only,2010,62.0465381671517,877.931098861538,81.5360914415985,59.8699989318848,931101325.0,
IDX,IDA only,2009,61.5371473230212,784.649862360077,85.8050310556144,57.4900016784668,910573389.0,
IDX,IDA only,2008,60.9000867842919,791.399137322918,87.9667991827962,57.2799987792969,890423338.0,
IDX,IDA only,2007,60.7328901331075,667.193009421069,90.7663707698683,56.9099998474121,870521946.0,
IDX,IDA only,2006,60.1817423826443,574.088143326774,95.0277688116048,55.8300018310547,850573850.0,
IDX,IDA only,2005,59.5374266334029,507.282797445149,99.9397845776829,58.0699996948242,830834463.0,
IDX,IDA only,2004,58.8719775064056,449.904326574615,107.197583983109,57.6699981689453,811888816.0,
IDX,IDA only,2003,58.4895588317437,405.965046031424,111.460926785655,57.0800018310547,793354771.0,
IDX,IDA only,2002,57.9268624074352,369.922434331718,116.615942171355,56.4599990844727,774595562.0,
IDX,IDA only,2001,57.4095843162393,356.699060688205,123.420744238808,55.75,756232542.0,
IDX,IDA only,2000,56.843202730123,373.051251961926,127.327180927315,55.0499992370605,738908980.0,
IDA,IDA total,2023,65.4550660808135,1536.73358897841,64.4912684750639,69.7300033569336,1905228834.0,36.1
IDA,IDA total,2022,64.8837178854478,1651.01916315494,68.2791646728512,69.3600006103516,1865506968.0,35.9
IDA,IDA total,2021,63.4785278004251,1569.43031809587,68.0064112201956,68.9400024414062,1826496316.0,36.2
IDA,IDA total,2020,63.8036707405637,1467.74475406134,67.4648126783118,68.4800033569336,1787291959.0,35.7
IDA,IDA total,2019,64.0900291161311,1546.57261928545,69.4074968502149,68.2099990844727,1748298285.0,33.9
IDA,IDA total,2018,63.732426814433,1411.20738303305,70.7073225986315,68.0,1710275962.0,34.0
IDA,IDA total,2017,63.2751134869149,1357.47789528252,73.6820694866744,66.9100036621094,1673505656.0,34.7
IDA,IDA total,2016,62.9933197277529,1321.74768141485,74.8022236414607,66.3199996948242,1637929286.0,35.6
IDA,IDA total,2015,62.614846093746,1357.9051932623,76.4932195987004,64.9199981689453,1603596586.0,36.0
IDA,IDA total,2014,62.3681207907556,1426.50032692763,78.2696531874441,63.5099983215332,1570465094.0,36.2
IDA,IDA total,2013,62.1423584064168,1352.92860920219,79.356290736495,62.8800010681152,1538011740.0,37.1
IDA,IDA total,2012,61.7836144097129,1268.90303240531,82.0984677269542,61.7599983215332,1506410940.0,39.6
IDA,IDA total,2011,61.3496821632737,1229.70549062646,86.6153118509758,61.689998626709,1473150474.0,40.9
IDA,IDA total,2010,60.9887312592622,1114.11982511932,87.54883055336,60.6300010681152,1439523833.0,41.8
IDA,IDA total,2009,60.5550916523175,983.967184072154,91.1394377544346,58.8800010681152,1406183959.0,43.9
IDA,IDA total,2008,60.02592521814,1033.53201301258,93.4632287880326,58.4300003051758,1373399219.0,44.3
IDA,IDA total,2007,59.7951639068012,888.098620952193,96.3474817288562,57.8499984741211,1340998472.0,46.5
IDA,IDA total,2006,59.3132154681105,775.720250575223,100.221727189192,57.6599998474121,1308968303.0,48.3
IDA,IDA total,2005,58.6492614977887,664.968624835506,104.623943899033,58.9099998474121,1277967408.0,50.0
IDA,IDA total,2004,58.2280770979486,585.169295585171,110.573176866386,58.8199996948242,1248036270.0,51.9
IDA,IDA total,2003,57.8426411102076,512.591796853946,114.646346006639,58.1800003051758,1218666073.0,55.3
IDA,IDA total,2002,57.3489936510874,465.592286036378,119.384292046139,57.3800010681152,1189530628.0,57.1
IDA,IDA total,2001,56.8798581050815,442.155782696439,125.226254418226,56.6599998474121,1160894927.0,57.8
IDA,IDA total,2000,56.4104989348264,458.450137815774,129.199281249144,55.9199981689453,1133038937.0,58.5
LTE,Late-demographic dividend,2023,77.1240537371626,12427.24971376,9.32457678981666,96.7300033569336,2326294294.0,
LTE,Late-demographic dividend,2022,76.9543673255695,12287.4566066286,9.62694958591045,96.6100006103516,2323799602.0,
LTE,Late-demographic dividend,2021,76.3060137275686,11760.0897155889,9.79989082006787,96.4800033569336,2320127658.0,
LTE,Late-demographic dividend,2020,76.6935638089228,9874.06805462328,10.0462731195544,96.3600006103516,2316152452.0,
LTE,Late-demographic dividend,2019,76.9979606258316,10120.4663725773,10.209210734269,96.2300033569336,2308878047.0,
LTE,Late-demographic dividend,2018,76.7781489421434,9966.8758096194,10.622397482105,96.0999984741211,2298394042.0,
LTE,Late-demographic dividend,2017,76.4174343501022,9138.44151395876,11.0144899278281,95.9499969482422,2285870134.0,
LTE,Late-demographic dividend,2016,76.2928997245812,8297.33628667142,11.7039737633974,95.7900009155273,2270841806.0,
LTE,Late-demographic dividend,2015,76.0762328807768,8331.63288950883,12.2863199817925,95.5699996948242,2256126712.0,
LTE,Late-demographic dividend,2014,75.8239893452747,8923.25719295961,12.963930913128,95.4100036621094,2241122152.0,
LTE,Late-demographic dividend,2013,75.5790485316218,8644.25759929064,13.7165601776572,95.3199996948242,2225005187.0,
LTE,Late-demographic dividend,2012,75.2993648872023,8073.2092545931,14.4920222605257,95.2399978637695,2209319631.0,
LTE,Late-demographic dividend,2011,74.9999962879426,7598.75700554996,15.4370950892919,95.0500030517578,2193171336.0,
LTE,Late-demographic dividend,2010,74.7108209347901,6277.14833950582,16.3195349532003,94.6600036621094,2179525352.0,
LTE,Late-demographic dividend,2009,74.3481601286124,5245.34288910066,17.5377591257261,94.5299987792969,2167303374.0,
LTE,Late-demographic dividend,2008,73.9252633570755,5453.26292482574,18.5911842714602,94.2600021362305,2153941306.0,
LTE,Late-demographic dividend,2007,73.7749281005029,4409.30545340337,19.9410205907095,94.0400009155273,2139958608.0,
LTE,Late-demographic dividend,2006,73.3817363374868,3519.25786036637,21.4230637555318,93.0400009155273,2126122277.0,
LTE,Late-demographic dividend,2005,73.007214154553,2933.48126780409,23.0666406183677,92.75,2112603351.0,
LTE,Late-demographic dividend,2004,72.622308504374,2447.19375720562,25.0262330776091,92.4700012207031,2099412663.0,
LTE,Late-demographic dividend,2003,72.3420403334068,2048.6554132749,26.7275133876914,92.1999969482422,2086139068.0,
LTE,Late-demographic dividend,2002,71.9275718160017,1809.49031464168,29.6246246696328,91.8099975585938,2072599555.0,
LTE,Late-demographic dividend,2001,71.6274933298313,1717.76267736624,31.8291593637484,91.5100021362305,2058600486.0,
LTE,Late-demographic dividend,2000,71.2853076947069,1673.00080694053,34.0143921184361,91.1999969482422,2043581322.0,
LCN,Latin America & Caribbean,2023,75.6435273357906,10507.6138782353,15.7,94.8300018310547,657616519.0,4.6
LCN,Latin America & Caribbean,2022,74.6472096226697,9412.05924553392,16.0,94.6800003051758,653108131.0,5.0
LCN,Latin America & Caribbean,2021,71.8141764640132,8292.15210222359,16.4,94.5,649236092.0,6.2
LCN,Latin America & Caribbean,2020,73.1889367787058,7169.39235876452,16.7,94.3300018310547,645498187.0,5.8
LCN,Latin America & Caribbean,2019,75.2042598654921,8539.95940708219,17.0,94.2699966430664,640962372.0,6.2
LCN,Latin America & Caribbean,2018,75.052717198381,8778.55673829884,17.4,94.0999984741211,635778081.0,6.1
LCN,Latin America & Caribbean,2017,74.8318087892113,9065.82390216762,17.8,93.9199981689453,630414986.0,6.2
LCN,Latin America & Caribbean,2016,74.6774848833781,8241.51169070648,18.5,93.8899993896484,624737786.0,6.2
LCN,Latin America & Caribbean,2015,74.7432221893097,8546.9179023802,18.3,93.4499969482422,618868462.0,6.0
LCN,Latin America & Caribbean,2014,74.5608348669826,10146.146495038,18.7,93.3099975585938,612849401.0,6.5
LCN,Latin America & Caribbean,2013,74.3809772735109,10305.4184021496,19.2,92.8099975585938,606683307.0,6.8
LCN,Latin America & Caribbean,2012,74.1643943654901,10328.6495660788,19.8,92.8300018310547,600420316.0,7.5
LCN,Latin America & Caribbean,2011,73.9248923022491,10334.0365238871,20.4,92.5199966430664,594086829.0,7.7
LCN,Latin America & Caribbean,2010,73.4093227755616,9183.55248272126,22.7,91.8199996948242,587752505.0,8.5
LCN,Latin America & Caribbean,2009,73.4422623291815,7495.05965615866,21.8,91.9000015258789,581388129.0,9.5
LCN,Latin America & Caribbean,2008,73.2561404095911,8077.96531899755,22.7,91.7099990844727,574908733.0,9.9
LCN,Latin America & Caribbean,2007,73.0593298775944,7035.79956287181,23.6,91.4100036621094,568345245.0,10.8
LCN,Latin America & Caribbean,2006,72.8332266680253,6047.73392908046,24.6,90.5699996948242,561751999.0,12.0
LCN,Latin America & Caribbean,2005,72.5638143751286,5229.89898576251,25.6,90.3600006103516,555120780.0,14.2
LCN,Latin America & Caribbean,2004,72.203823196463,4385.89830635252,26.8,90.379997253418,548455563.0,15.3
LCN,Latin America & Caribbean,2003,71.878308455923,3862.13749613595,28.1,90.0999984741211,541643365.0,16.6
LCN,Latin America & Caribbean,2002,71.5629004971875,3839.19614822294,29.5,89.4000015258789,534691591.0,17.1
LCN,Latin America & Caribbean,2001,71.1505464911298,4326.63992053347,31.0,89.1100006103516,527572583.0,17.9
LCN,Latin America & Caribbean,2000,70.8691414957334,4472.58411072464,32.7,88.9199981689453,520272118.0,18.1
LAC,Latin America & Caribbean (excluding high income),2023,75.3619658099591,9891.4632795533,15.9236740042292,94.5800018310547,618190397.0,
LAC,Latin America & Caribbean (excluding high income),2022,74.4013120327618,8838.67169511547,16.2946960724099,94.4300003051758,613861839.0,
LAC,Latin America & Caribbean (excluding high income),2021,71.442251113131,7694.61136917625,16.6106091323366,94.2399978637695,610122057.0,
LAC,Latin America & Caribbean (excluding high income),2020,72.8521491389008,6651.15822114273,16.9935152165814,94.0500030517578,606535582.0,
LAC,Latin America & Caribbean (excluding high income),2019,74.9415412899456,8006.02224102566,17.2871498011787,93.9899978637695,602249777.0,
LAC,Latin America & Caribbean (excluding high income),2018,74.7784467692697,8231.91428708974,17.6665057888331,93.8099975585938,597518751.0,
LAC,Latin America & Caribbean (excluding high income),2017,74.5563362550727,8568.05689042807,18.0910253911405,93.6100006103516,592522502.0,
LAC,Latin America & Caribbean (excluding high income),2016,74.3981617062286,7751.59336930245,18.8642166926167,93.5599975585938,587206002.0,
LAC,Latin America & Caribbean (excluding high income),2015,74.4738475625624,8087.33242325425,18.6401025520998,93.1100006103516,581649117.0,
LAC,Latin America & Caribbean (excluding high income),2014,74.2961500729974,9758.39172353217,19.0550458732845,92.9800033569336,575915671.0,
LAC,Latin America & Caribbean (excluding high income),2013,74.1119744203538,9901.44144000481,19.5785825323383,92.5100021362305,570030910.0,
LAC,Latin America & Caribbean (excluding high income),2012,73.9046419624981,9967.79376326951,20.167814815645,92.5199966430664,564057086.0,
LAC,Latin America & Caribbean (excluding high income),2011,73.6572563740251,10025.1749134261,20.8103918479881,92.1900024414062,558007918.0,
LAC,Latin America & Caribbean (excluding high income),2010,73.1176199242098,8899.0906686542,23.0719253457918,91.3600006103516,551960581.0,
LAC,Latin America & Caribbean (excluding high income),2009,73.1637293630776,7221.64357521268,22.2837116620653,91.4100036621094,545898245.0,
LAC,Latin America & Caribbean (excluding high income),2008,72.9784448770196,7812.5897626227,23.0910646876721,91.2099990844727,539713061.0,
LAC,Latin America & Caribbean (excluding high income),2007,72.7789303182258,6758.18967480352,24.048301894126,90.8899993896484,533442703.0,
LAC,Latin America & Caribbean (excluding high income),2006,72.547009904381,5770.60290833363,25.0465562706623,90.0599975585938,527135313.0,
LAC,Latin America & Caribbean (excluding high income),2005,72.2728732661841,4984.72783651475,26.1516836669544,89.9100036621094,520792375.0,
LAC,Latin America & Caribbean (excluding high income),2004,71.9021929729155,4155.65949507287,27.4105780846698,89.9499969482422,514373324.0,
LAC,Latin America & Caribbean (excluding high income),2003,71.5736738142404,3662.99926133031,28.727058048678,89.6600036621094,507870430.0,
LAC,Latin America & Caribbean (excluding high income),2002,71.2447484060795,3657.85196421423,30.1389272816993,88.8899993896484,501234679.0,
LAC,Latin America & Caribbean (excluding high income),2001,70.8246679458028,4163.09141082413,31.7424656108912,88.5999984741211,494443065.0,
LAC,Latin America & Caribbean (excluding high income),2000,70.5498986335483,4315.31686378392,33.4441328098718,88.4100036621094,487480396.0,
TLA,Latin America & the Caribbean (IDA & IBRD countries),2023,75.5699258379688,10259.5487208892,15.7828276819354,94.75,642397939.0,
TLA,Latin America & the Caribbean (IDA & IBRD countries),2022,74.5684293540859,9177.79711881332,16.1341844487967,94.5999984741211,637837815.0,
TLA,Latin America & the Caribbean (IDA & IBRD countries),2021,71.7449274626405,8076.87634033776,16.4595146278329,94.4100036621094,633862610.0,
TLA,Latin America & the Caribbean (IDA & IBRD countries),2020,73.0747493617473,6965.15053129735,16.821924099218,94.2300033569336,630051021.0,
TLA,Latin America & the Caribbean (IDA & IBRD countries),2019,75.1319711493442,8363.2081656376,17.1079513892396,94.1699981689453,625467307.0,
TLA,Latin America & the Caribbean (IDA & IBRD countries),2018,74.9760978010797,8620.65095771156,17.4813311235823,94.0,620274430.0,
TLA,Latin America & the Caribbean (IDA & IBRD countries),2017,74.7614101353626,8918.58515585187,17.9065504935804,93.8099975585938,614776664.0,
TLA,Latin America & the Caribbean (IDA & IBRD countries),2016,74.5894794269073,8082.0851229591,18.6490115909887,93.7799987792969,609017063.0,
TLA,Latin America & the Caribbean (IDA & IBRD countries),2015,74.6505904118153,8404.04978849744,18.4493213611046,93.3300018310547,603091701.0,
TLA,Latin America & the Caribbean (IDA & IBRD countries),2014,74.4642031483392,10059.0239257076,18.8600456464094,93.1800003051758,597023419.0,
TLA,Latin America & the Caribbean (IDA & IBRD countries),2013,74.2726524054357,10230.3626492605,19.3845279132999,92.6699981689453,590809938.0,
TLA,Latin America & the Caribbean (IDA & IBRD countries),2012,74.0531427389642,10261.7354879621,19.9629412397373,92.6900024414062,584524334.0,
TLA,Latin America & the Caribbean (IDA & IBRD countries),2011,73.8112572375492,10277.434412177,20.6057385360394,92.370002746582,578171855.0,
TLA,Latin America & the Caribbean (IDA & IBRD countries),2010,73.2840381673624,9115.37372505227,22.7976936225879,91.6399993896484,571822092.0,
TLA,Latin America & the Caribbean (IDA & IBRD countries),2009,73.3248238756312,7386.60044484214,22.0443480318613,91.7200012207031,565454932.0,
TLA,Latin America & the Caribbean (IDA & IBRD countries),2008,73.133810817189,7989.38012096582,22.8256789691668,91.5299987792969,558968822.0,
TLA,Latin America & the Caribbean (IDA & IBRD countries),2007,72.9337716205704,6927.88293213364,23.757604702919,91.2099990844727,552399650.0,
TLA,Latin America & the Caribbean (IDA & IBRD countries),2006,72.7029489273067,5926.88235769307,24.7433305825058,90.3499984741211,545805913.0,
TLA,Latin America & the Caribbean (IDA & IBRD countries),2005,72.4275917225936,5103.97071369353,25.8328234546759,90.129997253418,539188798.0,
TLA,Latin America & the Caribbean (IDA & IBRD countries),2004,72.0585594152496,4252.8384478077,27.0789600673904,90.1500015258789,532556401.0,
TLA,Latin America & the Caribbean (IDA & IBRD countries),2003,71.7199407794109,3728.7274317918,28.3790639608657,89.8600006103516,525787222.0,
TLA,Latin America & the Caribbean (IDA & IBRD countries),2002,71.4081069056409,3714.37478753607,29.7668335025765,89.1399993896484,518881965.0,
TLA,Latin America & the Caribbean (IDA & IBRD countries),2001,70.9952366364032,4222.97448407526,31.3212168603687,88.8399963378906,511809816.0,
TLA,Latin America & the Caribbean (IDA & IBRD countries),2000,70.7184102333167,4388.92619654046,32.9939652238696,88.6500015258789,504556065.0,
LDC,Least developed countries: UN classification,2023,66.5196263232195,1258.15690309732,59.9142356695817,67.9700012207031,1159744187.0,
LDC,Least developed countries: UN classification,2022,65.7663286665813,1298.29338219278,65.2073899956534,67.5500030517578,1133564482.0,
LDC,Least developed countries: UN classification,2021,64.2699057684324,1175.42321388464,64.1944650254906,67.0299987792969,1108233065.0,
LDC,Least developed countries: UN classification,2020,64.8355012784588,1089.46260850363,62.7609575491969,66.4499969482422,1082754466.0,
LDC,Least developed countries: UN classification,2019,64.9756210416769,1106.28664072321,64.9894842046459,66.2200012207031,1057170371.0,
LDC,Least developed countries: UN classification,2018,64.6054293900193,1082.35070462921,66.2088432218734,65.9499969482422,1032309742.0,
LDC,Least developed countries: UN classification,2017,64.0368817418845,1037.25514816682,70.079615665245,65.4899978637695,1008260714.0,
LDC,Least developed countries: UN classification,2016,63.726492423797,968.123330592586,71.054277919873,64.5999984741211,984757534.0,
LDC,Least developed countries: UN classification,2015,63.3074864756394,983.414934367096,72.8100125948255,62.7299995422363,961916563.0,
LDC,Least developed countries: UN classification,2014,62.9617174792618,1056.97673052647,74.8025837290209,60.7999992370605,939749332.0,
LDC,Least developed countries: UN classification,2013,62.7257554327064,1007.4142967268,75.6025193182824,60.2099990844727,917783039.0,
LDC,Least developed countries: UN classification,2012,62.2276732048151,947.852167260893,78.9683107630127,58.1800003051758,896237933.0,
LDC,Least developed countries: UN classification,2011,61.5023936634084,925.476117160599,85.405630660543,58.7700004577637,875269186.0,
LDC,Least developed countries: UN classification,2010,61.0428031511838,831.843840698341,85.6899688374813,57.0800018310547,854941316.0,
LDC,Least developed countries: UN classification,2009,60.5743561841469,751.965080386192,90.199391714479,54.6100006103516,835266189.0,
LDC,Least developed countries: UN classification,2008,59.8135647530126,778.954486616236,92.8247276095734,53.9799995422363,815835455.0,
LDC,Least developed countries: UN classification,2007,59.6139962487597,648.873362581636,95.873261787209,53.6599998474121,797076099.0,
LDC,Least developed countries: UN classification,2006,59.0169336288555,552.997930938455,100.457635767686,52.689998626709,778789026.0,
LDC,Least developed countries: UN classification,2005,58.3100149055359,487.477531865706,105.839816864822,55.2400016784668,760310134.0,
LDC,Least developed countries: UN classification,2004,57.71121787803,420.034056451314,113.52081394987,54.8400001525879,742302769.0,
LDC,Least developed countries: UN classification,2003,57.1743521785809,373.857895132539,118.420245030386,54.2099990844727,724713713.0,
LDC,Least developed countries: UN classification,2002,56.5350287539977,338.101121320549,124.038280132838,53.5499992370605,706880665.0,
LDC,Least developed countries: UN classification,2001,55.9858159581879,314.11849513558,131.328415459567,52.810001373291,689505567.0,
LDC,Least developed countries: UN classification,2000,55.4013109927151,333.541041289596,135.451790803909,52.0800018310547,673273787.0,
LMY,Low & middle income,2023,71.8872400935005,5733.51584469729,41.9595483512666,85.4499969482422,6654784822.0,12.7
LMY,Low & middle income,2022,71.5990630119306,5626.6962378216,43.7631591536405,85.2200012207031,6590522389.0,13.1
LMY,Low & middle income,2021,69.5994726083483,5422.11312035073,43.5403455174506,84.9300003051758,6527758150.0,13.7
LMY,Low & middle income,2020,70.6688288777218,4646.47209072865,43.1040813833532,84.7200012207031,6460393883.0,13.8
LMY,Low & middle income,2019,71.2751936184695,4857.12471542798,43.400655270482,84.4700012207031,6387395177.0,13.0
LMY,Low & middle income,2018,71.0377085637557,4773.03574184686,44.0386420740122,84.4300003051758,6311329885.0,13.4
LMY,Low & middle income,2017,70.7083294342373,4543.08689291431,44.8467778578483,84.0599975585938,6233470764.0,14.3
LMY,Low & middle income,2016,70.5023449377455,4211.54702250163,45.7645870534782,83.8300018310547,6153938165.0,15.2
LMY,Low & middle income,2015,70.2660277698023,4223.77742891002,47.1646714262583,83.4400024414062,6075072158.0,16.3
LMY,Low & middle income,2014,70.0129747334528,4422.77737437186,48.2266301414437,82.9499969482422,5996036961.0,17.6
LMY,Low & middle income,2013,69.7578943672838,4290.6132325261,49.5783672586212,82.5699996948242,5915255859.0,18.9
LMY,Low & middle income,2012,69.4672754810116,4118.30612372108,51.2347363369315,82.1900024414062,5834053766.0,21.8
LMY,Low & middle income,2011,69.1237816714452,3921.45366982115,54.4087946827606,81.9400024414062,5752146479.0,23.4
LMY,Low & middle income,2010,68.829079801859,3399.2509126603,55.791137924775,81.5299987792969,5672202320.0,25.8
LMY,Low & middle income,2009,68.4826507476362,2835.65326081723,58.2281330024569,80.7799987792969,5593414145.0,28.4
LMY,Low & middle income,2008,68.0858529818689,2864.71513254652,60.3603110479709,80.379997253418,5515409827.0,29.7
LMY,Low & middle income,2007,67.8705140876484,2438.533897181,62.8298769735926,79.9499969482422,5438471388.0,31.2
LMY,Low & middle income,2006,67.5165744610236,2012.45292596824,65.6410044716513,79.25,5362644527.0,33.3
LMY,Low & middle income,2005,67.1609764802491,1731.57858565204,68.6974672801333,79.3099975585938,5286284172.0,35.0
LMY,Low & middle income,2004,66.7485375374222,1485.19021783787,72.572476781959,79.3000030517578,5210186432.0,37.5
LMY,Low & middle income,2003,66.5206935734983,1282.06751065817,75.3561562889379,78.879997253418,5134151809.0,39.9
LMY,Low & middle income,2002,66.1730202625342,1165.81880007426,78.6329056767441,78.2900009155273,5058611691.0,41.9
LMY,Low & middle income,2001,65.8252012990643,1166.62849081531,82.0840254828627,77.8499984741211,4982645927.0,43.9
LMY,Low & middle income,2000,65.5026469068866,1181.58700856793,84.5290508109652,77.4700012207031,4905832166.0,45.1
MEA,"Middle East, North Africa, Afghanistan & Pakistan",2023,72.0838364704563,6144.70308054742,37.8,75.0699996948242,797801454.0,13.9
MEA,"Middle East, North Africa, Afghanistan & Pakistan",2022,71.6917293154863,6436.74030312288,38.7,74.5199966430664,782349366.0,13.5
MEA,"Middle East, North Africa, Afghanistan & Pakistan",2021,69.7113193479505,5622.19134191977,39.8,73.9199981689453,767578451.0,13.4
MEA,"Middle East, North Africa, Afghanistan & Pakistan",2020,69.9110789555644,4749.14341262891,40.8,73.4499969482422,756405281.0,12.6
MEA,"Middle East, North Africa, Afghanistan & Pakistan",2019,71.2438695042576,5416.06362418233,41.9,72.9000015258789,742714463.0,11.6
MEA,"Middle East, North Africa, Afghanistan & Pakistan",2018,70.9403213532696,5550.31969384997,42.7,72.6600036621094,730362334.0,11.1
MEA,"Middle East, North Africa, Afghanistan & Pakistan",2017,70.7096592741194,5283.42471158364,43.5,72.7200012207031,718887744.0,11.1
MEA,"Middle East, North Africa, Afghanistan & Pakistan",2016,70.4288635225293,5130.21030038801,44.6,72.3499984741211,707023525.0,11.3
MEA,"Middle East, North Africa, Afghanistan & Pakistan",2015,70.1510409297575,5130.25978607342,46.2,72.75,694232973.0,11.3
MEA,"Middle East, North Africa, Afghanistan & Pakistan",2014,69.9897867130321,5814.71484290247,47.6,71.9300003051758,680716578.0,11.5
MEA,"Middle East, North Africa, Afghanistan & Pakistan",2013,69.708340253746,5871.07008125381,49.4,71.5500030517578,667464006.0,11.6
MEA,"Middle East, North Africa, Afghanistan & Pakistan",2012,69.4551250054337,6052.38238208124,51.1,71.2600021362305,653273442.0,12.3
MEA,"Middle East, North Africa, Afghanistan & Pakistan",2011,69.3940300698411,5735.78283895152,52.5,70.2099990844727,639053870.0,13.0
MEA,"Middle East, North Africa, Afghanistan & Pakistan",2010,69.2105446964534,4874.74374602995,54.2,70.0400009155273,624828664.0,13.4
MEA,"Middle East, North Africa, Afghanistan & Pakistan",2009,68.9987213130448,4261.00104677278,55.9,69.5699996948242,612128501.0,15.2
MEA,"Middle East, North Africa, Afghanistan & Pakistan",2008,68.7041650814368,4838.92296020983,57.6,68.5899963378906,597799097.0,14.7
MEA,"Middle East, North Africa, Afghanistan & Pakistan",2007,68.346588319376,4009.6538543062,59.4,67.0500030517578,583743828.0,16.7
MEA,"Middle East, North Africa, Afghanistan & Pakistan",2006,68.0590796974229,3482.13613849624,61.3,66.2699966430664,569898499.0,17.6
MEA,"Middle East, North Africa, Afghanistan & Pakistan",2005,67.529947021124,3050.54818555888,63.2,66.6900024414062,556210211.0,18.8
MEA,"Middle East, North Africa, Afghanistan & Pakistan",2004,67.5318434649335,2623.96338362197,65.4,65.9700012207031,543086512.0,19.9
MEA,"Middle East, North Africa, Afghanistan & Pakistan",2003,67.083794061249,2279.27390627646,67.7,65.129997253418,530338988.0,22.2
MEA,"Middle East, North Africa, Afghanistan & Pakistan",2002,66.9641479857025,2092.42649543325,69.9,62.8600006103516,518193093.0,24.2
MEA,"Middle East, North Africa, Afghanistan & Pakistan",2001,66.597196122581,2152.65763807858,72.4,61.8800010681152,506478256.0,24.6
MEA,"Middle East, North Africa, Afghanistan & Pakistan",2000,66.2225138150545,2220.17760810318,75.0,60.8300018310547,494850317.0,23.8
MNA,"Middle East, North Africa, Afghanistan & Pakistan (excluding high income)",2023,71.2758849884582,2872.39008505083,39.6509729252887,,729077445.0,
MNA,"Middle East, North Africa, Afghanistan & Pakistan (excluding high income)",2022,71.0055315443397,3022.54814280134,40.5260963028876,,716508657.0,
MNA,"Middle East, North Africa, Afghanistan & Pakistan (excluding high income)",2021,68.9280214782653,2760.50031198582,41.7122880124507,,704458802.0,
MNA,"Middle East, North Africa, Afghanistan & Pakistan (excluding high income)",2020,69.050634286622,2415.26254491139,42.7294271759822,,692532027.0,
MNA,"Middle East, North Africa, Afghanistan & Pakistan (excluding high income)",2019,70.417484585256,2701.71325265282,43.9889081854891,,680490997.0,
MNA,"Middle East, North Africa, Afghanistan & Pakistan (excluding high income)",2018,70.0733668958653,2815.3901774218,45.0311073861595,,668447432.0,
MNA,"Middle East, North Africa, Afghanistan & Pakistan (excluding high income)",2017,69.8141316373328,2865.83515636992,45.7708991752807,,656767614.0,
MNA,"Middle East, North Africa, Afghanistan & Pakistan (excluding high income)",2016,69.5328376363007,2869.01813118566,46.8492727969889,,645837915.0,
MNA,"Middle East, North Africa, Afghanistan & Pakistan (excluding high income)",2015,69.2873263613117,2808.6233441937,48.3695161809907,,635352686.0,
MNA,"Middle East, North Africa, Afghanistan & Pakistan (excluding high income)",2014,69.1715558421355,3079.70398875281,49.8162056878113,,624564062.0,
MNA,"Middle East, North Africa, Afghanistan & Pakistan (excluding high income)",2013,68.9136300385634,3153.94010992027,51.5708395126252,,613151287.0,
MNA,"Middle East, North Africa, Afghanistan & Pakistan (excluding high income)",2012,68.6913310388784,3417.92480806409,53.3649585528709,,601566988.0,
MNA,"Middle East, North Africa, Afghanistan & Pakistan (excluding high income)",2011,68.6624095113408,3237.8356313737,54.8421887091685,,589646039.0,
MNA,"Middle East, North Africa, Afghanistan & Pakistan (excluding high income)",2010,68.4912505131132,2821.50866622906,56.606004469962,,577396038.0,
MNA,"Middle East, North Africa, Afghanistan & Pakistan (excluding high income)",2009,68.2744546682628,2515.92356926376,58.3663299864853,,565038251.0,
MNA,"Middle East, North Africa, Afghanistan & Pakistan (excluding high income)",2008,67.9910660173055,2658.20562971484,60.0605390860058,,552681993.0,
MNA,"Middle East, North Africa, Afghanistan & Pakistan (excluding high income)",2007,67.6503603993861,2237.26190656626,61.8559491743971,,540838105.0,
MNA,"Middle East, North Africa, Afghanistan & Pakistan (excluding high income)",2006,67.3815240346302,1883.12072392022,63.8828983214164,,529158464.0,
MNA,"Middle East, North Africa, Afghanistan & Pakistan (excluding high income)",2005,66.853402612801,1657.11019014742,65.7828528420864,,517240777.0,
MNA,"Middle East, North Africa, Afghanistan & Pakistan (excluding high income)",2004,66.8873537609515,1463.04140886351,68.0443557108093,,505618583.0,
MNA,"Middle East, North Africa, Afghanistan & Pakistan (excluding high income)",2003,66.4455527298438,1263.87606211705,70.5468743633933,,494288606.0,
MNA,"Middle East, North Africa, Afghanistan & Pakistan (excluding high income)",2002,66.3529323677295,1168.52531612381,72.8426609226077,,483540516.0,
MNA,"Middle East, North Africa, Afghanistan & Pakistan (excluding high income)",2001,65.9952073676464,1226.17513564007,75.3720938075077,,473223662.0,
MNA,"Middle East, North Africa, Afghanistan & Pakistan (excluding high income)",2000,65.6368471519478,1247.47233601948,78.1540605481908,,462980522.0,
TMN,"Middle East, North Africa, Afghanistan & Pakistan (IDA & IBRD)",2023,71.3194560888195,2867.14499885351,39.6318090767822,,723911670.0,
TMN,"Middle East, North Africa, Afghanistan & Pakistan (IDA & IBRD)",2022,70.965432550888,3017.03706401547,40.7524339713697,,711465045.0,
TMN,"Middle East, North Africa, Afghanistan & Pakistan (IDA & IBRD)",2021,68.8931032282321,2754.03924421055,41.9458905749115,,699536053.0,
TMN,"Middle East, North Africa, Afghanistan & Pakistan (IDA & IBRD)",2020,69.0090964026373,2409.54729126605,42.9669015197404,,687728758.0,
TMN,"Middle East, North Africa, Afghanistan & Pakistan (IDA & IBRD)",2019,70.3800917806817,2695.09130976796,44.2347877125154,,675805691.0,
TMN,"Middle East, North Africa, Afghanistan & Pakistan (IDA & IBRD)",2018,70.0368444388331,2810.24942028442,45.2801998035535,,663878345.0,
TMN,"Middle East, North Africa, Afghanistan & Pakistan (IDA & IBRD)",2017,69.7772409464567,2860.68231685818,46.0187377454325,,652312809.0,
TMN,"Middle East, North Africa, Afghanistan & Pakistan (IDA & IBRD)",2016,69.4961826399098,2864.53445831005,47.1020419286366,,641470827.0,
TMN,"Middle East, North Africa, Afghanistan & Pakistan (IDA & IBRD)",2015,69.2515348606398,2805.48695611112,48.6252139870489,,631082594.0,
TMN,"Middle East, North Africa, Afghanistan & Pakistan (IDA & IBRD)",2014,69.147274936726,3077.87148288398,50.0469399717172,,620390664.0,
TMN,"Middle East, North Africa, Afghanistan & Pakistan (IDA & IBRD)",2013,68.8786484698568,3152.86009912184,51.8315892558468,,609074579.0,
TMN,"Middle East, North Africa, Afghanistan & Pakistan (IDA & IBRD)",2012,68.6578262057094,3420.25908562298,53.6353878519067,,597586990.0,
TMN,"Middle East, North Africa, Afghanistan & Pakistan (IDA & IBRD)",2011,68.6299635824863,3240.2024082126,55.1226592914287,,585763053.0,
TMN,"Middle East, North Africa, Afghanistan & Pakistan (IDA & IBRD)",2010,68.4594967501144,2823.25407911922,56.8962811424056,,573609877.0,
TMN,"Middle East, North Africa, Afghanistan & Pakistan (IDA & IBRD)",2009,68.2479599816693,2518.05377845565,58.6599411220299,,561349152.0,
TMN,"Middle East, North Africa, Afghanistan & Pakistan (IDA & IBRD)",2008,67.9635063066435,2662.28112447526,60.3605083500064,,549090016.0,
TMN,"Middle East, North Africa, Afghanistan & Pakistan (IDA & IBRD)",2007,67.6216572647968,2240.98839135161,62.1665400488655,,537343609.0,
TMN,"Middle East, North Africa, Afghanistan & Pakistan (IDA & IBRD)",2006,67.3526959987589,1885.14874832022,64.2122839401497,,525752130.0,
TMN,"Middle East, North Africa, Afghanistan & Pakistan (IDA & IBRD)",2005,66.8201250398649,1657.84291463325,66.1292380683344,,513920381.0,
TMN,"Middle East, North Africa, Afghanistan & Pakistan (IDA & IBRD)",2004,66.8602521893277,1463.30459081335,68.407279328452,,502381957.0,
TMN,"Middle East, North Africa, Afghanistan & Pakistan (IDA & IBRD)",2003,66.4165076290855,1263.9157454015,70.9241555681423,,491133637.0,
TMN,"Middle East, North Africa, Afghanistan & Pakistan (IDA & IBRD)",2002,66.3239554028688,1168.60409646318,73.2391042558439,,480465143.0,
TMN,"Middle East, North Africa, Afghanistan & Pakistan (IDA & IBRD)",2001,65.9712698137957,1225.47782863822,75.781776903931,,470225878.0,
TMN,"Middle East, North Africa, Afghanistan & Pakistan (IDA & IBRD)",2000,65.6072409047927,1246.01970518845,78.576267719972,,460058369.0,
MIC,Middle income,2023,72.7277443304535,6342.84660727863,35.1714651787478,87.5500030517578,5927622764.0,
MIC,Middle income,2022,72.5034114518773,6209.92727259514,35.6871665968619,87.3000030517578,5882746344.0,
MIC,Middle income,2021,70.3885567961503,5980.00050387597,36.1471358530293,86.9899978637695,5838421323.0,
MIC,Middle income,2020,71.5113174647439,5110.03730012152,36.5137939030937,86.75,5789502859.0,
MIC,Middle income,2019,72.1773912892027,5333.00944959533,36.6238785213717,86.4599990844727,5735139879.0,
MIC,Middle income,2018,71.9484629361219,5231.9314869653,37.3739192546255,86.370002746582,5677402468.0,
MIC,Middle income,2017,71.6459926445355,4970.75305971396,37.6468384094244,85.9599990844727,5616970904.0,
MIC,Middle income,2016,71.4300275716491,4598.01556540424,38.8439677609959,85.7600021362305,5553928978.0,
MIC,Middle income,2015,71.2016487222758,4597.60474958281,40.2919351330772,85.3600006103516,5490559951.0,
MIC,Middle income,2014,70.9352424200034,4808.99653991663,41.3874477917751,84.870002746582,5425923034.0,
MIC,Middle income,2013,70.653650805728,4661.49740787105,43.1106066708463,84.4499969482422,5359014668.0,
MIC,Middle income,2012,70.3714424713366,4467.32549649132,44.5499933253951,84.0800018310547,5291702846.0,
MIC,Middle income,2011,70.0433399389519,4240.03549037097,46.8370771092161,83.8199996948242,5224254229.0,
MIC,Middle income,2010,69.7152724941539,3664.92162337478,48.8928891337214,83.5100021362305,5158880800.0,
MIC,Middle income,2009,69.3980951064878,3047.40789191738,50.7596649438918,82.7200012207031,5094380988.0,
MIC,Middle income,2008,68.9800130190862,3073.19618643341,53.2555633962478,82.3000030517578,5030372259.0,
MIC,Middle income,2007,68.7885219423492,2613.04907204417,55.3796396069672,81.870002746582,4967108168.0,
MIC,Middle income,2006,68.4498049465259,2152.970922294,57.8840436729488,81.1699981689453,4904910704.0,
MIC,Middle income,2005,68.1199928300658,1849.46883810202,60.5324100373271,81.0800018310547,4841973136.0,
MIC,Middle income,2004,67.7057737444581,1585.10628044678,63.6029873309403,81.0800018310547,4778500089.0,
MIC,Middle income,2003,67.4882937058145,1366.50745222422,66.1764540223491,80.6500015258789,4714626871.0,
MIC,Middle income,2002,67.1873346010373,1240.91759491541,69.001171971917,80.0100021362305,4651354120.0,
MIC,Middle income,2001,66.8362757800678,1242.22843960232,71.8526615134036,79.5699996948242,4587166020.0,
MIC,Middle income,2000,66.5190293920721,1255.46174685563,74.3804034384576,79.2099990844727,4520892472.0,
NAC,North America,2023,78.7304513464606,79647.6390981082,6.4,,376868838.0,1.1
NAC,North America,2022,77.817206254568,75769.6975468613,6.4,98.7900009155273,373011185.0,1.2
NAC,North America,2021,76.8590190564362,69532.9041926862,6.4,98.7900009155273,370404678.0,0.3
NAC,North America,2020,77.4492825889982,62319.8671337986,6.4,98.7699966430664,369671124.0,0.3
NAC,North America,2019,79.1328897249464,63306.810223782,6.4,98.7600021362305,367908829.0,0.9
NAC,North America,2018,78.960276789842,61228.2000482629,6.4,98.7600021362305,365666028.0,1.0
NAC,North America,2017,78.868288279967,58555.9003870103,6.5,98.75,363217262.0,1.1
NAC,North America,2016,78.8800103845064,56416.7892083026,6.6,,360527592.0,1.0
NAC,North America,2015,79.0036254654542,55534.4614029189,6.6,,357583083.0,1.1
NAC,North America,2014,79.135655352291,54742.8371458308,6.7,,354755155.0,1.2
NAC,North America,2013,79.0411295925553,53240.3655883832,6.8,,351870848.0,1.0
NAC,North America,2012,79.0322253270364,51812.8656700661,6.9,,349116140.0,1.0
NAC,North America,2011,78.9234323511493,50252.0190049531,7.0,,346242415.0,1.0
NAC,North America,2010,78.8169547045614,48545.8113186856,7.2,,343447854.0,1.0
NAC,North America,2009,78.6547128363776,46581.4200397343,7.3,,340465163.0,0.9
NAC,North America,2008,78.3038592516027,48398.3833708608,7.5,98.6900024414062,337404564.0,1.0
NAC,North America,2007,78.2395331531403,47727.7733811193,7.6,98.6699981689453,334183103.0,0.9
NAC,North America,2006,77.9690402937581,45741.3313198546,7.7,98.6600036621094,331013939.0,0.9
NAC,North America,2005,77.7462382909607,43368.601911774,7.8,98.6399993896484,327822042.0,0.9
NAC,North America,2004,77.7343375427686,40788.4854021089,7.9,98.629997253418,324806660.0,0.9
NAC,North America,2003,77.3002796759891,38395.549732626,8.0,98.620002746582,321812780.0,0.9
NAC,North America,2002,77.1919358768587,36652.0071224205,8.1,,319046534.0,0.8
NAC,North America,2001,77.0883485337654,35831.4544724133,8.2,,316051677.0,0.8
NAC,North America,2000,76.8850332429286,35151.3741865271,8.3,,312909691.0,0.7
OED,OECD members,2023,80.1629734061989,47135.6137232065,7.1165633495838,,1387846131.0,
OED,OECD members,2022,79.5170877696899,44455.8357743973,6.88348262804695,,1378591781.0,
OED,OECD members,2021,78.5867205183939,43495.5049948213,6.96683223067391,,1371780402.0,
OED,OECD members,2020,78.9578582698334,38947.5669905773,7.09705176462164,97.2099990844727,1369306579.0,
OED,OECD members,2019,80.2449221878264,39940.835037623,7.21198030537372,,1364143219.0,
OED,OECD members,2018,80.0273651713987,39756.7556647363,7.31724142421779,,1356197538.0,
OED,OECD members,2017,79.9309175598336,37802.8422452392,7.45157408345812,,1348125258.0,
OED,OECD members,2016,79.8914217482034,36407.3771727139,7.61012730966197,,1340141055.0,
OED,OECD members,2015,79.7619467978058,35931.9232791311,7.81948408324089,,1331674197.0,
OED,OECD members,2014,79.876650819389,38322.7280627757,8.01901609332278,,1323458714.0,
OED,OECD members,2013,79.6249265687692,37734.7608375528,8.24204327810092,,1315426979.0,
OED,OECD members,2012,79.429885982955,37418.2889334065,8.42946117167397,,1307733583.0,
OED,OECD members,2011,79.2685938676768,37684.316544302,8.69271975908628,,1299644689.0,
OED,OECD members,2010,79.0473008520596,35218.2377011995,8.92189627668077,,1292701737.0,
OED,OECD members,2009,78.8670589595977,33797.3269999518,9.28419539882045,,1283973216.0,
OED,OECD members,2008,78.6146332445559,36379.9826441371,9.56241048704293,,1274711058.0,
OED,OECD members,2007,78.4729454763552,34523.8151277644,9.94498031482296,,1264728255.0,
OED,OECD members,2006,78.2501352258837,31752.91909492,10.3626086722289,,1255746646.0,
OED,OECD members,2005,77.953987145508,30304.5007827724,10.8427954935279,,1246656490.0,
OED,OECD members,2004,77.8261405899935,28854.8834355731,11.2946887986361,,1237896576.0,
OED,OECD members,2003,77.4260355491099,26110.166791868,11.7513656136049,,1229012217.0,
OED,OECD members,2002,77.2833606924084,23526.1851223646,12.3321619381513,,1220101353.0,
OED,OECD members,2001,77.1207466135963,22718.6795215023,12.9132733677358,,1211109104.0,
OED,OECD members,2000,76.8195165967813,23105.8699621372,13.490642257495,,1202226474.0,
OSS,Other small states,2023,73.5849815358082,15346.6488924949,29.517920526929,87.0100021362305,12822134.0,
OSS,Other small states,2022,72.9062214171014,14326.3081658507,30.2201997769141,86.8600006103516,12699005.0,
OSS,Other small states,2021,71.7699719301416,13718.3632503913,30.5945761092755,86.7300033569336,12541889.0,
OSS,Other small states,2020,72.5097097789427,11772.0946960495,31.6722970550828,86.5500030517578,12417333.0,
OSS,Other small states,2019,72.6570116424877,12908.1967698249,32.4535817474853,86.7099990844727,12281907.0,
OSS,Other small states,2018,72.4217850423792,13026.838449762,32.9009289232935,86.5,12135267.0,
OSS,Other small states,2017,72.1178742995091,11950.9760651787,34.0687697615638,86.2300033569336,11989367.0,
OSS,Other small states,2016,71.7707341897413,10813.3811118925,34.8615275003077,85.870002746582,11851918.0,
OSS,Other small states,2015,71.4757935597765,10359.1167773921,36.3627671239323,84.2200012207031,11722398.0,
OSS,Other small states,2014,71.0941610047193,11682.6156441392,37.7056726380277,83.4199981689453,11591200.0,
OSS,Other small states,2013,70.8040790092001,11421.7952581155,38.6929656208662,83.0,11466589.0,
OSS,Other small states,2012,70.3920318149408,11084.4148894956,39.8702260901179,82.5599975585938,11346082.0,
OSS,Other small states,2011,69.9373436903887,11469.9525501466,41.7939032990082,82.2099990844727,11226214.0,
OSS,Other small states,2010,69.566524844548,10149.5633726375,44.9563981042654,81.7300033569336,11112466.0,
OSS,Other small states,2009,69.0687004196222,9814.08008723362,47.7621627153638,80.9100036621094,10989567.0,
OSS,Other small states,2008,68.5798272966725,11530.7215015978,50.0340991815804,80.7900009155273,10862640.0,
OSS,Other small states,2007,68.1699901591828,10758.8136221104,52.1729947304819,80.0,10730365.0,
OSS,Other small states,2006,67.8310957913256,9046.80164945419,54.8443961077682,79.4199981689453,10601352.0,
OSS,Other small states,2005,67.5574840535073,8233.42010554921,58.337564960843,79.8499984741211,10479844.0,
OSS,Other small states,2004,67.2249688020829,7419.76155978909,60.2848616488809,81.120002746582,10371059.0,
OSS,Other small states,2003,67.0073081269231,6311.81177494905,62.1832522663445,80.5500030517578,10269557.0,
OSS,Other small states,2002,66.8105993387088,5142.2476529809,63.6084448510669,79.9899978637695,10136134.0,
OSS,Other small states,2001,66.6129499326785,4780.95492842206,64.8970344255496,79.3600006103516,9961679.0,
OSS,Other small states,2000,66.4385365444731,4847.4503226921,65.4295252718068,78.9599990844727,9788238.0,
PSS,Pacific island small states,2023,69.2745949035856,4199.64948077192,23.5465315516911,,2689224.0,
PSS,Pacific island small states,2022,69.1004348993561,3941.90128416234,23.9466811196837,,2656049.0,
PSS,Pacific island small states,2021,67.4810209240703,3646.98862815783,24.1984298176051,,2625493.0,
PSS,Pacific island small states,2020,68.3568108792759,3632.52907231285,24.2955926184286,,2595522.0,
PSS,Pacific island small states,2019,68.6421578303985,4185.0758997627,24.5015472120248,,2568656.0,
PSS,Pacific island small states,2018,68.5825887890247,4295.18182253285,24.1138361240092,,2542009.0,
PSS,Pacific island small states,2017,68.519287500513,4147.00368611764,23.940274908752,,2509999.0,
PSS,Pacific island small states,2016,68.2856508563666,3898.87961923979,23.8342089864802,,2477794.0,
PSS,Pacific island small states,2015,68.1166096033138,3761.06673610832,23.827468127215,,2445989.0,
PSS,Pacific island small states,2014,68.0376132124002,3891.36256203141,23.9384676739014,,2414338.0,
PSS,Pacific island small states,2013,68.0054625635404,3630.10394299084,24.2277773480407,,2382931.0,
PSS,Pacific island small states,2012,67.6660532253593,3493.28831201062,24.6122514542364,,2351924.0,
PSS,Pacific island small states,2011,68.0222810195532,3338.30793678792,25.1378193645706,,2320899.0,
PSS,Pacific island small states,2010,67.9059171883101,2899.88573139903,25.6275626351767,,2289399.0,
PSS,Pacific island small states,2009,67.4527929020498,2666.87195227178,26.6762424299923,,2262456.0,
PSS,Pacific island small states,2008,67.5747311016589,2989.60481007125,26.509661866396,,2240739.0,
PSS,Pacific island small states,2007,67.3668379536838,2817.98969436478,26.8676522210876,,2218230.0,
PSS,Pacific island small states,2006,67.3577049121232,2586.22776155533,27.0895257234727,,2194265.0,
PSS,Pacific island small states,2005,67.2332794133166,2490.44783617075,27.1694637786972,,2170029.0,
PSS,Pacific island small states,2004,67.1038169577792,2270.72657197828,27.2757536191673,,2145505.0,
PSS,Pacific island small states,2003,66.9599297545214,1997.28054068901,27.3746144507153,,2120592.0,
PSS,Pacific island small states,2002,66.7584824574172,1695.01147879967,27.8911392196313,,2095273.0,
PSS,Pacific island small states,2001,67.0167243338519,1637.06349067775,28.0132959949626,,2069097.0,
PSS,Pacific island small states,2000,66.8914832838297,1686.6056817652,28.4177811069496,,2042274.0,
PST,Post-demographic dividend,2023,80.8342678318764,54507.2154710128,4.86367907455807,,1121263972.0,
PST,Post-demographic dividend,2022,80.1925594478523,51597.0182783268,4.86397469797607,,1117420833.0,
PST,Post-demographic dividend,2021,79.7932796702764,50433.5519322417,4.84143434776053,,1116578102.0,
PST,Post-demographic dividend,2020,80.0657027820539,45174.5036479433,4.85821344234638,,1117003860.0,
PST,Post-demographic dividend,2019,80.9699107710013,46125.7453007656,4.88668719285686,,1114895817.0,
PST,Post-demographic dividend,2018,80.7434751770259,45787.7299792029,4.90667244185543,,1111104033.0,
PST,Post-demographic dividend,2017,80.6648214527058,43356.99969696,4.97408120426222,,1107159559.0,
PST,Post-demographic dividend,2016,80.611199448631,41720.329677393,5.06126925886041,,1102965925.0,
PST,Post-demographic dividend,2015,80.4400588000625,40960.9089975197,5.15157604406349,,1097889139.0,
PST,Post-demographic dividend,2014,80.5389847887351,43482.2905959942,5.21094423525424,,1093024476.0,
PST,Post-demographic dividend,2013,80.2734408942833,42757.0705462921,5.3092283245699,,1088423167.0,
PST,Post-demographic dividend,2012,80.088710974095,42453.1056245877,5.41281926487336,,1084193277.0,
PST,Post-demographic dividend,2011,79.9443824717695,42699.7581912628,5.57377640570646,,1079468050.0,
PST,Post-demographic dividend,2010,79.6785405516336,39869.2354180288,5.68148348144133,,1076208648.0,
PST,Post-demographic dividend,2009,79.4684041481196,38399.5766429162,5.89017464140797,,1071118156.0,
PST,Post-demographic dividend,2008,79.1456240590947,40986.2032462103,6.02057201286674,,1065603711.0,
PST,Post-demographic dividend,2007,78.9805173339684,38925.4514993488,6.16199940978813,,1059147302.0,
PST,Post-demographic dividend,2006,78.7291498117515,35873.6218378841,6.33282296175081,,1052866351.0,
PST,Post-demographic dividend,2005,78.410884260835,34268.541288057,6.46866845764791,,1047140108.0,
PST,Post-demographic dividend,2004,78.3070690267902,32722.7857826302,6.62696457306662,,1041890752.0,
PST,Post-demographic dividend,2003,77.8873480039422,29606.2954023988,6.74820146782253,,1036498631.0,
PST,Post-demographic dividend,2002,77.771842585777,26549.4716468681,6.90266318680496,,1031302538.0,
PST,Post-demographic dividend,2001,77.6340698596268,25583.1763027363,7.06995955372854,,1026105872.0,
PST,Post-demographic dividend,2000,77.3513756471438,25965.6198092905,7.27625064934182,,1021150563.0,
PRE,Pre-demographic dividend,2023,62.1630603690952,1559.36615928619,76.0732942575731,67.3899993896484,1077143557.0,
PRE,Pre-demographic dividend,2022,61.3824217457713,1769.1914721872,79.7149340894285,66.9899978637695,1050180429.0,
PRE,Pre-demographic dividend,2021,60.2743516231876,1594.39804852433,78.5546084126998,66.5500030517578,1024018110.0,
PRE,Pre-demographic dividend,2020,60.5007902438254,1497.18872625076,79.2919052506055,66.1600036621094,997742595.0,
PRE,Pre-demographic dividend,2019,60.5564155644205,1682.64777483043,81.3480106523881,65.9300003051758,971459360.0,
PRE,Pre-demographic dividend,2018,60.207194494983,1452.10811367974,82.3130203380837,65.7900009155273,945516605.0,
PRE,Pre-demographic dividend,2017,59.5398409028105,1341.55710823713,85.8918608835943,63.8400001525879,919835947.0,
PRE,Pre-demographic dividend,2016,59.2361026971089,1318.65578321566,86.6216026727294,62.6800003051758,894582467.0,
PRE,Pre-demographic dividend,2015,58.9361548123525,1526.04099231967,88.0082711512247,62.0800018310547,869996107.0,
PRE,Pre-demographic dividend,2014,58.608641358086,1849.26650645876,89.7347559293146,61.4599990844727,845885930.0,
PRE,Pre-demographic dividend,2013,58.4505165351906,1797.07620788678,90.3645430472991,60.8300018310547,821651825.0,
PRE,Pre-demographic dividend,2012,58.015496924455,1687.90559427919,93.5323319667408,59.7900009155273,797555707.0,
PRE,Pre-demographic dividend,2011,57.3117928365729,1597.7670422466,99.7290060999196,58.5,774151525.0,
PRE,Pre-demographic dividend,2010,57.1220509386403,1422.25838961236,99.6869369057198,56.5999984741211,751639870.0,
PRE,Pre-demographic dividend,2009,56.509207413095,1253.05147524894,104.898559682785,55.8899993896484,729873044.0,
PRE,Pre-demographic dividend,2008,56.1355264401913,1424.0703685436,106.675489316872,55.6399993896484,708363596.0,
PRE,Pre-demographic dividend,2007,55.550345439484,1174.15015770746,111.105326355607,55.3600006103516,688282695.0,
PRE,Pre-demographic dividend,2006,54.9712541124866,998.07823930556,115.833179292551,56.5,669788208.0,
PRE,Pre-demographic dividend,2005,54.3650816168261,815.995032153718,121.591205491695,57.6800003051758,650889143.0,
PRE,Pre-demographic dividend,2004,53.7989567605991,671.224356830207,129.769509536453,58.0900001525879,632030219.0,
PRE,Pre-demographic dividend,2003,53.2927125516406,554.625659623811,135.117497902469,57.5200004577637,613871091.0,
PRE,Pre-demographic dividend,2002,52.7410145652031,523.955261767573,141.182276925255,57.0200004577637,595728391.0,
PRE,Pre-demographic dividend,2001,52.2506407628639,466.255676779194,148.83645252239,56.1599998474121,578214152.0,
PRE,Pre-demographic dividend,2000,51.7498417942543,503.881865569121,153.006629359386,55.25,562071710.0,
SST,Small states,2023,72.9130400157843,14360.785757405,26.1930611919865,87.9300003051758,20031262.0,
SST,Small states,2022,72.380297225352,13644.5029834497,26.8196916083767,87.8300018310547,19852364.0,
SST,Small states,2021,70.7756825891382,12435.8612830054,27.2395662382228,87.7099990844727,19646549.0,
SST,Small states,2020,71.8255552822673,10730.4939107969,27.9736535191704,87.5800018310547,19472157.0,
SST,Small states,2019,72.0009607335469,11997.3036529705,28.7067565761136,87.7099990844727,19293697.0,
SST,Small states,2018,71.8640735615265,12064.6886372837,28.85209966852,87.5299987792969,19084934.0,
SST,Small states,2017,71.6518752446228,11319.4921033734,29.6415589548415,87.3300018310547,18865506.0,
SST,Small states,2016,71.3735507555474,10492.0492970632,30.2151314953627,87.0699996948242,18671045.0,
SST,Small states,2015,71.1218770493238,10451.9964952878,31.214093957807,85.8600006103516,18482578.0,
SST,Small states,2014,70.850031877117,11422.9709382889,32.1764169270094,85.3000030517578,18292084.0,
SST,Small states,2013,70.6156980246326,11137.9509953235,32.9662179630421,84.9899978637695,18107202.0,
SST,Small states,2012,70.2725959153837,10829.4075164827,33.9150940110932,84.6999969482422,17926451.0,
SST,Small states,2011,70.0014375655617,10887.8653862795,35.3309977435495,84.4599990844727,17748220.0,
SST,Small states,2010,69.6933118913694,9799.55180930436,37.495316150762,84.1100006103516,17575200.0,
SST,Small states,2009,69.2706797451225,9299.40869272154,39.5042885017229,83.5400009155273,17398922.0,
SST,Small states,2008,68.9208192339965,10984.7646983248,40.9811635523341,83.4300003051758,17228345.0,
SST,Small states,2007,68.5761118394504,10056.4113345434,42.4416089620418,82.8399963378906,17047450.0,
SST,Small states,2006,68.2773677005452,8649.77205518934,44.2304415855355,82.3199996948242,16868546.0,
SST,Small states,2005,68.0184220231352,7779.56425219565,46.5517688795085,82.5999984741211,16699341.0,
SST,Small states,2004,67.7344645790668,6954.24066365358,47.9166995410659,83.4400024414062,16597133.0,
SST,Small states,2003,67.5137796957376,6060.66996564824,49.1659153194765,82.9800033569336,16441139.0,
SST,Small states,2002,67.320533039585,5133.23248844722,50.1315566581818,82.5500030517578,16250203.0,
SST,Small states,2001,67.1751397089871,4839.48717715581,50.8844184201196,82.0500030517578,16017863.0,
SST,Small states,2000,66.9881018420458,4846.98211684438,51.3808380358797,81.7200012207031,15786741.0,
SAS,South Asia,2023,72.3247648783903,2449.857142451,28.0,77.5699996948242,1662580579.0,4.7
SAS,South Asia,2022,72.0115731308447,2326.72890585805,29.3,76.9000015258789,1648009565.0,6.1
SAS,South Asia,2021,67.8215299767513,2273.72055805692,30.8,76.0599975585938,1634785356.0,7.9
SAS,South Asia,2020,70.3622206982499,1957.20343709781,32.4,75.2399978637695,1621073417.0,9.4
SAS,South Asia,2019,70.9975623145981,2067.05975680251,34.1,74.5100021362305,1605412986.0,
SAS,South Asia,2018,70.6523573971364,1988.36633317988,36.0,74.7399978637695,1589164714.0,
SAS,South Asia,2017,70.2904723380061,1956.06707563972,38.1,74.0199966430664,1572520427.0,
SAS,South Asia,2016,69.9184707063298,1722.90703396273,40.3,73.3499984741211,1555111864.0,
SAS,South Asia,2015,69.5110334122263,1570.54142452744,42.6,71.9599990844727,1537370078.0,
SAS,South Asia,2014,69.1208563538772,1528.4920875126,45.1,70.5599975585938,1519839246.0,20.0
SAS,South Asia,2013,68.6853288301062,1405.84072374278,47.7,69.8399963378906,1501661991.0,22.8
SAS,South Asia,2012,68.2629615309516,1387.18205938261,50.5,68.5299987792969,1483553073.0,25.2
SAS,South Asia,2011,67.8108394834024,1397.0068255002,53.4,68.6999969482422,1464372623.0,27.6
SAS,South Asia,2010,67.3525068406787,1294.02734415145,56.3,67.9400024414062,1444967010.0,30.4
SAS,South Asia,2009,66.84109704634,1054.43555885745,59.4,65.0400009155273,1425370200.0,34.6
SAS,South Asia,2008,66.4314116387286,958.275511460297,62.4,64.2099990844727,1406047164.0,36.8
SAS,South Asia,2007,65.9890229742237,967.697911561283,65.5,63.3800010681152,1386949456.0,38.1
SAS,South Asia,2006,65.5691020177667,769.378704313512,68.7,62.5299987792969,1367187349.0,40.7
SAS,South Asia,2005,65.131596636791,686.338193475473,72.0,62.439998626709,1346886384.0,43.3
SAS,South Asia,2004,64.5911610689622,606.478041696258,75.6,62.7400016784668,1325950587.0,45.0
SAS,South Asia,2003,64.2408303344517,532.66154684429,78.9,61.939998626709,1304347790.0,45.6
SAS,South Asia,2002,63.7751981046195,462.898836496672,82.4,61.1300010681152,1282584796.0,46.0
SAS,South Asia,2001,63.2621106390743,446.418919348871,86.1,60.310001373291,1260149056.0,
SAS,South Asia,2000,62.8036305165364,440.467918910931,90.0,59.5200004577637,1237185482.0,
TSA,South Asia (IDA & IBRD),2023,72.3247648783903,2449.857142451,28.0237503925087,77.5699996948242,1662580579.0,
TSA,South Asia (IDA & IBRD),2022,72.0115731308447,2326.72890585805,29.3184600470079,76.9000015258789,1648009565.0,
TSA,South Asia (IDA & IBRD),2021,67.8215299767513,2273.72055805692,30.8005662263949,76.0599975585938,1634785356.0,
TSA,South Asia (IDA & IBRD),2020,70.3622206982499,1957.20343709781,32.4133413201353,75.2399978637695,1621073417.0,
TSA,South Asia (IDA & IBRD),2019,70.9975623145981,2067.05975680251,34.1788860217225,74.5100021362305,1605412986.0,
TSA,South Asia (IDA & IBRD),2018,70.6523573971364,1988.36633317988,36.0717212654035,74.7399978637695,1589164714.0,
TSA,South Asia (IDA & IBRD),2017,70.2904723380061,1956.06707563972,38.066424155829,74.0199966430664,1572520427.0,
TSA,South Asia (IDA & IBRD),2016,69.9184707063298,1722.90703396273,40.284023817824,73.3499984741211,1555111864.0,
TSA,South Asia (IDA & IBRD),2015,69.5110334122263,1570.54142452744,42.5754112311521,71.9599990844727,1537370078.0,
TSA,South Asia (IDA & IBRD),2014,69.1208563538772,1528.4920875126,45.1433866579388,70.5599975585938,1519839246.0,
TSA,South Asia (IDA & IBRD),2013,68.6853288301062,1405.84072374278,47.7460345372687,69.8399963378906,1501661991.0,
TSA,South Asia (IDA & IBRD),2012,68.2629615309516,1387.18205938261,50.524216556331,68.5299987792969,1483553073.0,
TSA,South Asia (IDA & IBRD),2011,67.8108394834024,1397.0068255002,53.3929226830985,68.6999969482422,1464372623.0,
TSA,South Asia (IDA & IBRD),2010,67.3525068406787,1294.02734415145,56.3382415270381,67.9400024414062,1444967010.0,
TSA,South Asia (IDA & IBRD),2009,66.84109704634,1054.43555885745,59.4037799378435,65.0400009155273,1425370200.0,
TSA,South Asia (IDA & IBRD),2008,66.4314116387286,958.275511460297,62.4016925335458,64.2099990844727,1406047164.0,
TSA,South Asia (IDA & IBRD),2007,65.9890229742236,967.697911561283,65.5676010587084,63.3800010681152,1386949456.0,
TSA,South Asia (IDA & IBRD),2006,65.5691020177667,769.378704313512,68.7185869960036,62.5299987792969,1367187349.0,
TSA,South Asia (IDA & IBRD),2005,65.131596636791,686.338193475473,72.0002867368244,62.439998626709,1346886384.0,
TSA,South Asia (IDA & IBRD),2004,64.5911610689622,606.478041696258,75.5748395041314,62.7400016784668,1325950587.0,
TSA,South Asia (IDA & IBRD),2003,64.2408303344517,532.66154684429,78.8434660131983,61.939998626709,1304347790.0,
TSA,South Asia (IDA & IBRD),2002,63.7751981046195,462.898836496672,82.4355822752928,61.1300010681152,1282584796.0,
TSA,South Asia (IDA & IBRD),2001,63.2621106390743,446.418919348871,86.0929783503114,60.310001373291,1260149056.0,
TSA,South Asia (IDA & IBRD),2000,62.8036305165364,440.467918910931,89.9785139558652,59.5200004577637,1237185482.0,
SSF,Sub-Saharan Africa,2023,62.6027406477464,1682.2261488119,73.2,68.4400024414062,1258809472.0,45.6
SSF,Sub-Saharan Africa,2022,61.8569116778883,1864.70686111925,78.3,68.1500015258789,1228187451.0,45.7
SSF,Sub-Saharan Africa,2021,60.7030048050853,1785.98118191144,77.1,67.8399963378906,1198069722.0,46.2
SSF,Sub-Saharan Africa,2020,61.1676740309985,1628.43873346869,75.9,67.8899993896484,1168133785.0,46.0
SSF,Sub-Saharan Africa,2019,61.129417043288,1797.04121765415,78.0,67.7300033569336,1138472475.0,43.9
SSF,Sub-Saharan Africa,2018,60.7668941967258,1622.59575329634,79.0,67.129997253418,1109196428.0,44.1
SSF,Sub-Saharan Africa,2017,60.1584852136877,1549.18831908585,82.5,65.25,1080208893.0,44.6
SSF,Sub-Saharan Africa,2016,59.8122443592399,1456.65211115929,83.4,64.8899993896484,1052166739.0,45.1
SSF,Sub-Saharan Africa,2015,59.3988936826923,1647.32085826836,85.0,64.2600021362305,1024659421.0,45.4
SSF,Sub-Saharan Africa,2014,58.985759679416,1907.73210907064,86.8,63.6699981689453,997426231.0,45.3
SSF,Sub-Saharan Africa,2013,58.7182244214244,1880.39980462364,87.6,63.1199989318848,970746312.0,46.1
SSF,Sub-Saharan Africa,2012,58.2283469511484,1818.06125449252,90.7,62.2400016784668,944523292.0,47.2
SSF,Sub-Saharan Africa,2011,57.4734640185534,1796.16109829226,97.1,61.0099983215332,919112234.0,48.4
SSF,Sub-Saharan Africa,2010,57.107097844285,1643.30753523371,97.2,59.3199996948242,894259855.0,49.4
SSF,Sub-Saharan Africa,2009,56.367784162949,1427.57787495772,102.8,58.6500015258789,869926373.0,51.4
SSF,Sub-Saharan Africa,2008,55.8870079518376,1537.38333094262,104.5,58.1699981689453,846224198.0,51.9
SSF,Sub-Saharan Africa,2007,55.2628174960913,1391.26803582887,109.1,57.8300018310547,823124982.0,53.1
SSF,Sub-Saharan Africa,2006,54.589354695264,1234.75609892112,114.0,58.0299987792969,800828364.0,54.3
SSF,Sub-Saharan Africa,2005,53.8922539208949,1074.12476310665,119.8,58.939998626709,779233636.0,55.4
SSF,Sub-Saharan Africa,2004,53.3453281368772,926.94326619829,127.7,59.2599983215332,758237956.0,56.9
SSF,Sub-Saharan Africa,2003,52.8261333445824,766.914712241418,133.0,58.5800018310547,737918076.0,59.9
SSF,Sub-Saharan Africa,2002,52.3560404373729,625.805568583085,138.9,58.0499992370605,718276009.0,60.8
SSF,Sub-Saharan Africa,2001,51.9857897497051,587.710901869404,146.3,57.3400001525879,699215347.0,61.2
SSF,Sub-Saharan Africa,2000,51.6437803457957,629.85955320409,150.4,56.5699996948242,680768792.0,62.4
SSA,Sub-Saharan Africa (excluding high income),2023,62.6015210435979,1680.66097936273,73.1417645901684,68.4400024414062,1258689699.0,
SSA,Sub-Saharan Africa (excluding high income),2022,61.855676568586,1863.26040059117,77.9091743780286,68.1500015258789,1228067573.0,
SSA,Sub-Saharan Africa (excluding high income),2021,60.701952995968,1784.88774854725,77.0284601519672,67.8300018310547,1197970464.0,
SSA,Sub-Saharan Africa (excluding high income),2020,61.1663194682411,1627.39235037313,75.7402568059746,67.879997253418,1168035323.0,
SSA,Sub-Saharan Africa (excluding high income),2019,61.1283093108513,1795.55378673641,77.7187475707302,67.7200012207031,1138374850.0,
SSA,Sub-Saharan Africa (excluding high income),2018,60.7658407661798,1621.1285196776,78.7784543306569,67.120002746582,1109099666.0,
SSA,Sub-Saharan Africa (excluding high income),2017,60.1572303772595,1547.77467837023,82.2310952069213,65.2399978637695,1080113050.0,
SSA,Sub-Saharan Africa (excluding high income),2016,59.8109397138943,1455.29231657117,83.1958037176412,64.8899993896484,1052072062.0,
SSA,Sub-Saharan Africa (excluding high income),2015,59.3975354580919,1646.07300085129,84.7814528552198,64.2600021362305,1024566002.0,
SSA,Sub-Saharan Africa (excluding high income),2014,58.9844549293868,1906.51557748593,86.6642219799093,63.6599998474121,997334872.0,
SSA,Sub-Saharan Africa (excluding high income),2013,58.716889879682,1879.20059513022,87.5694826672545,63.1199989318848,970656363.0,
SSA,Sub-Saharan Africa (excluding high income),2012,58.2268465604768,1817.07773780046,90.7321819475296,62.2299995422363,944434989.0,
SSA,Sub-Saharan Africa (excluding high income),2011,57.472012962771,1795.17977483773,96.6890782678114,61.0,919024793.0,
SSA,Sub-Saharan Africa (excluding high income),2010,57.1054824459401,1642.37471849237,97.1681832204319,59.310001373291,894170085.0,
SSA,Sub-Saharan Africa (excluding high income),2009,56.3661066129672,1426.74291944931,102.315252031653,58.6399993896484,869839075.0,
SSA,Sub-Saharan Africa (excluding high income),2008,55.8852324866472,1536.38359632821,104.385931483501,58.1599998474121,846137242.0,
SSA,Sub-Saharan Africa (excluding high income),2007,55.2609700981639,1390.0998726156,109.094655424529,57.8300018310547,823039949.0,
SSA,Sub-Saharan Africa (excluding high income),2006,54.5874922955175,1233.53123307184,113.983222128896,58.0299987792969,800743764.0,
SSA,Sub-Saharan Africa (excluding high income),2005,53.8903142647049,1072.97884278867,119.719264250144,58.9300003051758,779150778.0,
SSA,Sub-Saharan Africa (excluding high income),2004,53.3432269082173,925.860782822606,127.56659869252,59.2599983215332,758155481.0,
SSA,Sub-Saharan Africa (excluding high income),2003,52.8240910544882,765.978126389081,132.900213459488,58.5699996948242,737835295.0,
SSA,Sub-Saharan Africa (excluding high income),2002,52.3538567888642,624.838806284965,138.834747366966,58.0400009155273,718192286.0,
SSA,Sub-Saharan Africa (excluding high income),2001,51.9833195606955,586.826461493206,146.15393268813,57.3400001525879,699134145.0,
SSA,Sub-Saharan Africa (excluding high income),2000,51.6412613573806,628.967997107944,150.457003524654,56.5699996948242,680687661.0,
TSS,Sub-Saharan Africa (IDA & IBRD countries),2023,62.6027406477464,1682.2261488119,73.1393067892689,68.4400024414062,1258809472.0,
TSS,Sub-Saharan Africa (IDA & IBRD countries),2022,61.8569116778883,1864.70686111924,77.9064871983318,68.1500015258789,1228187451.0,
TSS,Sub-Saharan Africa (IDA & IBRD countries),2021,60.7030048050853,1785.98118191144,77.0257501994801,67.8399963378906,1198069722.0,
TSS,Sub-Saharan Africa (IDA & IBRD countries),2020,61.1676740309985,1628.43873346869,75.7375422540307,67.8899993896484,1168133785.0,
TSS,Sub-Saharan Africa (IDA & IBRD countries),2019,61.129417043288,1797.04121765415,77.7158849260533,67.7300033569336,1138472475.0,
TSS,Sub-Saharan Africa (IDA & IBRD countries),2018,60.7668941967258,1622.59575329634,78.775492858211,67.129997253418,1109196428.0,
TSS,Sub-Saharan Africa (IDA & IBRD countries),2017,60.1584852136877,1549.18831908585,82.2279275355716,65.25,1080208893.0,
TSS,Sub-Saharan Africa (IDA & IBRD countries),2016,59.8122443592399,1456.65211115929,83.1926115111527,64.8899993896484,1052166739.0,
TSS,Sub-Saharan Africa (IDA & IBRD countries),2015,59.3988936826923,1647.32085826836,84.7782950529979,64.2600021362305,1024659421.0,
TSS,Sub-Saharan Africa (IDA & IBRD countries),2014,58.985759679416,1907.73210907064,86.6610642084607,63.6699981689453,997426231.0,
TSS,Sub-Saharan Africa (IDA & IBRD countries),2013,58.7182244214244,1880.39980462364,87.5662468113281,63.1199989318848,970746312.0,
TSS,Sub-Saharan Africa (IDA & IBRD countries),2012,58.2283469511484,1818.06125449252,90.7284635079696,62.2400016784668,944523292.0,
TSS,Sub-Saharan Africa (IDA & IBRD countries),2011,57.4734640185534,1796.16109829226,96.6851412592745,61.0099983215332,919112234.0,
TSS,Sub-Saharan Africa (IDA & IBRD countries),2010,57.107097844285,1643.30753523371,97.1644504215407,59.3199996948242,894259855.0,
TSS,Sub-Saharan Africa (IDA & IBRD countries),2009,56.367784162949,1427.57787495773,102.310889811034,58.6500015258789,869926373.0,
TSS,Sub-Saharan Africa (IDA & IBRD countries),2008,55.8870079518376,1537.38333094262,104.381473735647,58.1699981689453,846224198.0,
TSS,Sub-Saharan Africa (IDA & IBRD countries),2007,55.2628174960913,1391.26803582887,109.090045419842,57.8300018310547,823124982.0,
TSS,Sub-Saharan Africa (IDA & IBRD countries),2006,54.589354695264,1234.75609892113,113.978539820994,58.0299987792969,800828364.0,
TSS,Sub-Saharan Africa (IDA & IBRD countries),2005,53.8922539208949,1074.12476310665,119.714010800218,58.939998626709,779233636.0,
TSS,Sub-Saharan Africa (IDA & IBRD countries),2004,53.3453281368772,926.943266198291,127.561205229801,59.2599983215332,758237956.0,
TSS,Sub-Saharan Africa (IDA & IBRD countries),2003,52.8261333445824,766.914712241419,132.894415586813,58.5800018310547,737918076.0,
TSS,Sub-Saharan Africa (IDA & IBRD countries),2002,52.3560404373729,625.805568583085,138.828602023297,58.0499992370605,718276009.0,
TSS,Sub-Saharan Africa (IDA & IBRD countries),2001,51.9857897497051,587.710901869404,146.147484835286,57.3400001525879,699215347.0,
TSS,Sub-Saharan Africa (IDA & IBRD countries),2000,51.6437803457957,629.859553204091,150.449975195054,56.5699996948242,680768792.0,
WLD,World,2023,73.3302230276374,13313.8575826001,38.3,87.5800018310547,8062923417.0,10.6
WLD,World,2022,72.9689585478052,12876.2377124072,40.0,87.3899993896484,7988550201.0,10.9
WLD,World,2021,71.2160780260296,12472.9074157191,39.6,87.1699981689453,7919567995.0,11.3
WLD,World,2020,72.1832040176208,10999.4917581781,39.2,86.9800033569336,7853863139.0,11.4
WLD,World,2019,72.869911203356,11417.5958587724,39.6,86.7900009155273,7777162476.0,
WLD,World,2018,72.6442408544831,11344.728168656,40.0,86.7600021362305,7696159728.0,11.1
WLD,World,2017,72.3662967648278,10784.3950896297,40.9,86.4700012207031,7613788655.0,11.8
WLD,World,2016,72.1858228976022,10239.4656645738,41.7,86.2799987792969,7528221579.0,12.6
WLD,World,2015,71.9656376386893,10191.9752512662,42.9,85.9599990844727,7441084771.0,13.4
WLD,World,2014,71.7763867362613,10912.2447775638,43.9,85.5599975585938,7353532223.0,14.5
WLD,World,2013,71.5334887297047,10759.3457336689,45.1,85.2099990844727,7265404737.0,15.5
WLD,World,2012,71.2645542969028,10597.8460782595,46.7,84.9100036621094,7176482165.0,17.8
WLD,World,2011,70.9688028224075,10496.9310026996,49.5,84.7099990844727,7086704141.0,19.1
WLD,World,2010,70.6826307784169,9555.06543969498,50.6,84.370002746582,7000860073.0,21.0
WLD,World,2009,70.3803491247646,8827.04322994899,52.9,83.8000030517578,6916168196.0,23.1
WLD,World,2008,70.0043236169628,9425.73781604823,54.7,83.4800033569336,6830080867.0,24.1
WLD,World,2007,69.8049778312625,8685.33108680793,57.0,83.120002746582,6744049498.0,25.3
WLD,World,2006,69.4690022328376,7803.19467222601,59.6,82.5299987792969,6659536021.0,27.0
WLD,World,2005,69.111445965915,7290.5661453297,62.3,82.5699996948242,6575410029.0,28.3
WLD,World,2004,68.7710985282211,6818.00375324836,65.8,82.5599975585938,6492354627.0,30.3
WLD,World,2003,68.5157832704694,6129.8663827398,68.3,82.2200012207031,6409352386.0,32.2
WLD,World,2002,68.2313680755001,5539.32465002692,71.3,81.7399978637695,6327171255.0,33.7
WLD,World,2001,67.9451852910729,5404.20269822848,74.3,81.370002746582,6244739668.0,35.3
WLD,World,2000,67.6504778738489,5512.56177163867,76.7,81.120002746582,6161528496.0,36.2
AFG,Afghanistan,2023,66.035,413.757894705303,54.9,,41454761.0,
AFG,Afghanistan,2022,65.617,357.261152798144,56.8,,40578842.0,
AFG,Afghanistan,2021,60.417,356.496214115892,58.7,37.2700004577637,40000412.0,
AFG,Afghanistan,2020,61.454,510.787063366811,60.7,36.0149650316607,39068979.0,
AFG,Afghanistan,2019,62.941,496.6025042585,62.7,,37856121.0,
AFG,Afghanistan,2018,62.443,491.337221382603,64.8,,36743039.0,
AFG,Afghanistan,2017,62.406,525.469770891619,67.1,,35688935.0,
AFG,Afghanistan,2016,62.646,522.082215583898,69.4,,34700612.0,
AFG,Afghanistan,2015,62.27,565.569730408751,71.9,33.75,33831764.0,
AFG,Afghanistan,2014,62.26,625.054941813938,74.6,,32792523.0,
AFG,Afghanistan,2013,62.188,637.087099117099,77.6,,31622704.0,
AFG,Afghanistan,2012,61.735,651.417134470046,80.8,,30560034.0,
AFG,Afghanistan,2011,61.25,606.694676337726,84.3,31.4500007629394,29347708.0,
AFG,Afghanistan,2010,60.702,560.621505463146,88.0,,28284089.0,
AFG,Afghanistan,2009,60.248,452.053705477043,91.9,,27466101.0,
AFG,Afghanistan,2008,59.708,381.73323802844,96.1,,26482622.0,
AFG,Afghanistan,2007,58.956,376.223152003876,100.4,,25909852.0,
AFG,Afghanistan,2006,58.553,274.218553561575,104.8,,25424094.0,
AFG,Afghanistan,2005,58.247,254.184249149336,109.3,,24404567.0,
AFG,Afghanistan,2004,57.81,221.763653873013,113.9,,23560654.0,
AFG,Afghanistan,2003,57.171,198.871115728727,118.5,,22733049.0,
AFG,Afghanistan,2002,56.225,178.954088379235,123.1,,21378117.0,
AFG,Afghanistan,2001,55.511,138.706821676113,127.5,,20284307.0,
AFG,Afghanistan,2000,55.005,174.930991430166,131.7,,20130327.0,
ALB,Albania,2023,79.602,9740.7023414631,9.4,97.6800003051758,2411658.0,
ALB,Albania,2022,78.769,7756.96188744253,9.4,,2451636.0,
ALB,Albania,2021,76.844,7242.45513146613,9.5,,2489762.0,
ALB,Albania,2020,77.824,6027.91350716348,9.4,,2528480.0,0.3
ALB,Albania,2019,79.467,6069.43903131027,9.4,,2567801.0,0.3
ALB,Albania,2018,79.238,5897.65452588774,9.3,,2607733.0,1.0
ALB,Albania,2017,78.9,5006.36012951959,9.3,98.8099975585938,2648285.0,1.4
ALB,Albania,2016,78.643,4457.63412207495,9.4,,2689469.0,1.1
ALB,Albania,2015,78.358,4199.53912925398,9.6,,2731293.0,1.1
ALB,Albania,2014,78.029,4793.59751131525,9.9,,2773767.0,3.7
ALB,Albania,2013,77.995,4542.92903556739,10.5,,2816902.0,
ALB,Albania,2012,78.084,4280.93316338873,11.2,97.25,2860708.0,1.8
ALB,Albania,2011,78.303,4465.70914328865,12.2,96.8499984741211,2905195.0,
ALB,Albania,2010,78.414,4149.14469936847,13.3,,2913021.0,
ALB,Albania,2009,78.509,4213.65007574693,14.5,,2927519.0,
ALB,Albania,2008,78.248,4498.50486763601,15.8,95.9400024414062,2947314.0,0.8
ALB,Albania,2007,77.691,3743.05529896187,17.1,,2970017.0,
ALB,Albania,2006,76.994,3057.77257038113,18.5,,2992547.0,
ALB,Albania,2005,76.427,2741.72136549578,20.0,,3011487.0,2.7
ALB,Albania,2004,75.951,2446.90949947798,21.4,,3026939.0,
ALB,Albania,2003,75.557,1908.69900687608,22.9,,3039616.0,
ALB,Albania,2002,75.299,1479.83884572006,24.3,,3051010.0,4.2
ALB,Albania,2001,75.083,1326.41652388077,25.6,98.7099990844727,3060173.0,
ALB,Albania,2000,74.826,1160.42047054038,27.0,,3089027.0,
DZA,Algeria,2023,76.261,5370.477235078,22.0,,46164219.0,
DZA,Algeria,2022,76.129,4960.30334332888,22.3,,45477389.0,
DZA,Algeria,2021,75.208,4160.55926736925,22.6,,44761099.0,
DZA,Algeria,2020,73.257,3743.5419522929,22.9,,44042091.0,
DZA,Algeria,2019,75.682,4468.45341883656,23.3,,43294546.0,
DZA,Algeria,2018,75.555,4577.21029180491,23.7,,42505035.0,
DZA,Algeria,2017,75.431,4554.66753957828,24.0,,41689299.0,
DZA,Algeria,2016,75.31,4424.98529027556,24.5,,40850721.0,
DZA,Algeria,2015,75.159,4685.05902729002,24.9,,40019529.0,
DZA,Algeria,2014,74.992,6094.69392314956,25.4,,39205031.0,
DZA,Algeria,2013,74.809,5979.60138960585,25.9,,38414171.0,
DZA,Algeria,2012,74.609,6033.64884689543,26.6,,37646166.0,
DZA,Algeria,2011,74.383,5916.31364364343,27.3,,36903376.0,0.0
DZA,Algeria,2010,74.144,4912.78585503672,28.1,,36188236.0,
DZA,Algeria,2009,73.871,4235.42990456612,29.0,,35490445.0,
DZA,Algeria,2008,73.618,5180.91881514686,30.1,75.1399993896484,34816961.0,
DZA,Algeria,2007,73.346,4167.45169937531,31.2,,34189416.0,
DZA,Algeria,2006,73.116,3660.66104745322,32.5,72.6500015258789,33623506.0,
DZA,Algeria,2005,72.836,3233.13339634212,33.9,,33109249.0,
DZA,Algeria,2004,72.536,2816.99384960555,35.4,,32628286.0,
DZA,Algeria,2003,71.906,2283.77299346126,37.0,,32175818.0,
DZA,Algeria,2002,71.644,1937.46411413019,38.6,69.870002746582,31750835.0,
DZA,Algeria,2001,71.025,1896.30020878013,40.2,,31331221.0,
DZA,Algeria,2000,70.576,1772.92869122761,41.7,,30903893.0,
ASM,American Samoa,2023,72.852,,,,47521.0,
ASM,American Samoa,2022,72.752,18017.4589383973,,,48342.0,
ASM,American Samoa,2021,72.708,15236.1604875571,,,49225.0,
ASM,American Samoa,2020,72.672,14489.2586563775,,,49761.0,
ASM,American Samoa,2019,72.751,12886.1359517218,,,50209.0,
ASM,American Samoa,2018,72.794,12552.0546868861,,,50908.0,
ASM,American Samoa,2017,72.801,11863.6839452565,,,51586.0,
ASM,American Samoa,2016,72.64,12843.3342903627,,,52245.0,
ASM,American Samoa,2015,72.654,12727.4102651386,,,52878.0,
ASM,American Samoa,2014,72.687,12026.3344929488,,,53466.0,
ASM,American Samoa,2013,72.769,11813.5022034589,,,54006.0,
ASM,American Samoa,2012,72.709,11745.4899153958,,,54489.0,
ASM,American Samoa,2011,72.662,10383.459331451,,,54895.0,
ASM,American Samoa,2010,72.587,10375.1720141957,,,55228.0,
ASM,American Samoa,2009,70.839,12156.0293905777,,,55528.0,
ASM,American Samoa,2008,72.43,10030.8089130902,,,55828.0,
ASM,American Samoa,2007,72.365,9231.37240924563,,,56113.0,
ASM,American Samoa,2006,72.397,8745.16621137404,,,56374.0,
ASM,American Samoa,2005,72.382,8831.26975996609,,,56617.0,
ASM,American Samoa,2004,72.277,8958.42866697173,,,56818.0,
ASM,American Samoa,2003,71.698,9197.66196836987,,,56971.0,
ASM,American Samoa,2002,71.755,8972.69636535698,,,57062.0,
ASM,American Samoa,2001,71.573,,,,57053.0,
ASM,American Samoa,2000,71.443,,,,56855.0,
AND,Andorra,2023,84.041,46812.448450114,2.6,,80856.0,
AND,Andorra,2022,84.016,42414.0590111349,2.7,,79705.0,
AND,Andorra,2021,82.331,42425.6996761083,2.8,,78364.0,
AND,Andorra,2020,79.418,37361.090067211,2.9,,77380.0,
AND,Andorra,2019,84.098,41257.8045861543,3.0,,76474.0,
AND,Andorra,2018,84.242,42819.774579353,3.1,,75162.0,
AND,Andorra,2017,84.359,40672.9943362327,3.2,,73763.0,
AND,Andorra,2016,84.489,40129.8192026671,3.4,,72181.0,
AND,Andorra,2015,84.532,38654.9347217207,3.5,,72174.0,
AND,Andorra,2014,84.485,44369.6596894579,3.7,,73737.0,
AND,Andorra,2013,84.406,42470.3161158563,3.9,,75194.0,
AND,Andorra,2012,84.334,41500.5435782722,4.1,,76834.0,
AND,Andorra,2011,84.296,46657.1561204071,4.3,,77783.0,
AND,Andorra,2010,84.197,42746.830952263,4.5,,80706.0,
AND,Andorra,2009,84.1,43975.0183658196,4.8,,83888.0,
AND,Andorra,2008,83.855,49132.5157047203,5.0,,83495.0,
AND,Andorra,2007,83.632,48336.2283340364,5.3,,81877.0,
AND,Andorra,2006,83.374,43467.210990395,5.6,,79585.0,
AND,Andorra,2005,83.086,40829.801878928,5.9,,77421.0,
AND,Andorra,2004,82.815,39021.1278078772,6.2,,74325.0,
AND,Andorra,2003,82.718,34063.5784040571,6.5,,69486.0,
AND,Andorra,2002,82.448,26528.1301571494,6.8,,66506.0,
AND,Andorra,2001,82.162,23511.2951466328,7.2,,65852.0,
AND,Andorra,2000,81.863,21810.2487426174,7.6,,65685.0,
AGO,Angola,2023,64.617,2885.51349130806,50.5,68.1800003051758,36749906.0,
AGO,Angola,2022,64.246,3598.53669077341,51.9,,35635029.0,
AGO,Angola,2021,62.958,2266.96834861584,53.2,,34532429.0,
AGO,Angola,2020,63.116,1749.1794838482,54.2,,33451132.0,
AGO,Angola,2019,63.051,2507.86807213642,55.3,,32375632.0,
AGO,Angola,2018,62.622,2891.83032378747,56.5,,31297155.0,39.3
AGO,Angola,2017,62.122,2832.14997950512,57.9,,30234839.0,
AGO,Angola,2016,61.619,2082.37343594705,59.6,,29183070.0,
AGO,Angola,2015,61.042,3641.72893920253,61.8,66.2399978637695,28157798.0,
AGO,Angola,2014,60.396,5649.68762467535,64.5,66.0299987792969,27160769.0,
AGO,Angola,2013,59.705,5688.57916213471,67.9,,26165620.0,
AGO,Angola,2012,58.916,5702.45306277434,72.0,,25177394.0,
AGO,Angola,2011,58.093,5184.15269151846,77.2,,24218352.0,
AGO,Angola,2010,57.242,4101.63715564669,83.4,,23294825.0,
AGO,Angola,2009,56.225,3645.14846565169,90.7,,22414773.0,
AGO,Angola,2008,55.281,4578.15526451058,99.2,,21578655.0,22.1
AGO,Angola,2007,54.2,3515.05678985496,109.0,,20778561.0,
AGO,Angola,2006,52.965,2930.44428606516,119.8,,20015279.0,
AGO,Angola,2005,52.13,2145.88621098663,131.5,,19291161.0,
AGO,Angola,2004,51.123,1451.47117870872,143.7,,18600423.0,
AGO,Angola,2003,50.218,1133.66331960414,155.5,,17943712.0,
AGO,Angola,2002,47.874,999.065855956628,166.4,,17327699.0,
AGO,Angola,2001,47.032,533.586202412447,176.3,67.4100036621094,16747208.0,
AGO,Angola,2000,46.501,563.733795571487,185.0,,16194869.0,27.0
ATG,Antigua and Barbuda,2023,77.598,22012.2625947994,9.3,,93316.0,
ATG,Antigua and Barbuda,2022,77.483,20003.3909394099,9.6,,92840.0,
ATG,Antigua and Barbuda,2021,77.197,17348.6006987182,9.8,,92349.0,
ATG,Antigua and Barbuda,2020,77.161,15369.6082250401,10.1,,91846.0,
ATG,Antigua and Barbuda,2019,77.168,18896.3721832248,10.3,,91364.0,
ATG,Antigua and Barbuda,2018,77.132,18273.4270684912,10.5,,90926.0,
ATG,Antigua and Barbuda,2017,77.03,16965.7288273816,10.7,,90468.0,
ATG,Antigua and Barbuda,2016,76.968,16556.8551801588,10.8,,89969.0,
ATG,Antigua and Barbuda,2015,76.892,16077.6340769406,11.0,,89409.0,
ATG,Antigua and Barbuda,2014,76.912,15532.1062063584,11.2,,88765.0,
ATG,Antigua and Barbuda,2013,77.05,15051.5113587425,11.4,,88064.0,
ATG,Antigua and Barbuda,2012,77.1,15639.8078114787,11.6,,87260.0,
ATG,Antigua and Barbuda,2011,77.023,14911.7275084471,11.8,,86332.0,
ATG,Antigua and Barbuda,2010,76.701,15217.3950790922,12.0,,85320.0,
ATG,Antigua and Barbuda,2009,76.386,16472.2478528568,12.2,,84173.0,
ATG,Antigua and Barbuda,2008,76.075,18786.6743142216,12.5,,82912.0,
ATG,Antigua and Barbuda,2007,75.72,18204.5124043068,12.7,,81704.0,
ATG,Antigua and Barbuda,2006,75.506,16173.8136329968,13.0,,80604.0,
ATG,Antigua and Barbuda,2005,75.364,14368.5708796058,13.3,,79611.0,
ATG,Antigua and Barbuda,2004,75.329,13037.8895772257,13.6,,78719.0,
ATG,Antigua and Barbuda,2003,75.313,12173.2319860305,13.9,,77884.0,
ATG,Antigua and Barbuda,2002,75.237,11658.6949915956,14.3,,77032.0,
ATG,Antigua and Barbuda,2001,75.108,11539.1825063308,14.6,98.9499969482422,76069.0,
ATG,Antigua and Barbuda,2000,74.819,12027.4949768222,14.9,,74912.0,
ARG,Argentina,2023,77.395,14261.8465667948,9.7,,45538401.0,1.2
ARG,Argentina,2022,75.806,13962.1894087223,9.9,,45407904.0,1.3
ARG,Argentina,2021,73.948,10738.0179223384,10.1,,45312281.0,1.4
ARG,Argentina,2020,75.878,8535.59938004389,10.3,99.1399993896484,45191965.0,2.2
ARG,Argentina,2019,76.847,9955.97478680428,10.5,,44973465.0,1.7
ARG,Argentina,2018,76.77,11752.7998922979,10.7,,44654882.0,1.6
ARG,Argentina,2017,76.543,14532.5009308511,11.0,,44288894.0,1.1
ARG,Argentina,2016,76.105,12699.9623137756,11.4,,43900313.0,1.3
ARG,Argentina,2015,76.6,13679.6264980954,11.7,,43477012.0,
ARG,Argentina,2014,76.268,12233.1444119186,12.2,,43024071.0,1.1
ARG,Argentina,2013,75.829,12963.675773326,12.7,,42582455.0,1.1
ARG,Argentina,2012,75.802,12949.717486654,13.3,,42161721.0,1.3
ARG,Argentina,2011,76.1,12704.2831819684,13.9,,41730660.0,1.2
ARG,Argentina,2010,75.68,10260.1313108254,14.4,,41288694.0,1.5
ARG,Argentina,2009,75.577,8150.23527028221,15.0,,40854831.0,2.4
ARG,Argentina,2008,75.428,8944.1102657357,15.4,,40424148.0,2.6
ARG,Argentina,2007,74.783,7185.25155147027,15.8,,40016763.0,2.8
ARG,Argentina,2006,75.279,5869.38028970204,16.2,,39622115.0,3.5
ARG,Argentina,2005,75.231,5067.65342293276,16.7,,39216789.0,4.4
ARG,Argentina,2004,74.871,4242.02099089422,17.3,,38815916.0,6.0
ARG,Argentina,2003,74.307,3320.47775133903,17.8,,38424282.0,8.2
ARG,Argentina,2002,74.312,2569.69963519124,18.3,,38029349.0,17.1
ARG,Argentina,2001,74.154,7141.47507662826,18.8,97.1900024414062,37624825.0,10.7
ARG,Argentina,2000,73.91,7637.01489203628,19.4,,37213984.0,7.3
ARM,Armenia,2023,77.4658536585366,8159.08720967996,10.0,99.8399963378906,2964300.0,1.9
ARM,Armenia,2022,74.7658536585366,6571.97445545099,10.5,99.8199996948242,2969200.0,1.9
ARM,Armenia,2021,72.2780487804878,4685.17997128509,11.0,,2962300.0,2.1
ARM,Armenia,2020,73.3756097560976,4268.68093304583,11.6,99.7900009155273,2961500.0,1.5
ARM,Armenia,2019,76.2219512195122,4597.22887399548,12.1,100.0,2962500.0,2.4
ARM,Armenia,2018,75.619512195122,4196.00562301769,12.7,100.0,2969000.0,2.9
ARM,Armenia,2017,75.2170731707317,3869.05373867752,13.3,99.7399978637695,2979400.0,2.4
ARM,Armenia,2016,74.8682926829268,3524.42476874707,14.0,99.7399978637695,2992300.0,2.5
ARM,Armenia,2015,74.8707317073171,3512.39350276709,14.7,,3004600.0,2.9
ARM,Armenia,2014,74.8731707317073,3852.11800610384,15.4,,3013800.0,3.4
ARM,Armenia,2013,74.6219512195122,3680.16692158886,16.1,,3022000.0,2.9
ARM,Armenia,2012,74.119512195122,3511.56399687426,16.9,,3024100.0,2.5
ARM,Armenia,2011,73.8170731707317,3349.55309771906,17.8,99.7399978637695,3027900.0,3.1
ARM,Armenia,2010,73.1731707317073,3041.34450723339,18.7,,3044800.0,2.9
ARM,Armenia,2009,73.0731707317073,2820.5926553347,19.6,,3066000.0,3.1
ARM,Armenia,2008,73.0731707317073,3777.66859313767,20.6,,3087100.0,2.0
ARM,Armenia,2007,72.8731707317073,2962.70234594569,21.6,,3107400.0,3.7
ARM,Armenia,2006,72.8243902439025,2041.65267068997,22.7,,3127100.0,4.5
ARM,Armenia,2005,73.0756097560976,1557.48458908655,23.9,,3146400.0,6.1
ARM,Armenia,2004,73.0268292682927,1130.08791444158,25.1,,3164900.0,10.3
ARM,Armenia,2003,72.8268292682927,882.030167695474,26.4,,3182500.0,14.8
ARM,Armenia,2002,72.8268292682927,742.651118319819,27.7,,3199800.0,19.8
ARM,Armenia,2001,72.9756097560976,659.588988535629,29.1,99.4000015258789,3211800.0,24.1
ARM,Armenia,2000,72.8804878048781,593.450581742282,30.6,,3221100.0,
ABW,Aruba,2023,76.353,34897.6183932009,,,107359.0,
ABW,Aruba,2022,76.226,31000.5713798732,,,107310.0,
ABW,Aruba,2021,73.655,26827.3447869986,,,107700.0,
ABW,Aruba,2020,75.406,22664.3709949437,,,108587.0,
ABW,Aruba,2019,76.019,30654.4851235397,,,109203.0,
ABW,Aruba,2018,75.88,30082.1584226798,,,108908.0,
ABW,Aruba,2017,75.62,28440.0416881491,,,108735.0,
ABW,Aruba,2016,75.54,27441.5502144601,,,108727.0,
ABW,Aruba,2015,75.405,27458.2201537506,,,107906.0,
ABW,Aruba,2014,75.261,26129.8390617693,,,106807.0,
ABW,Aruba,2013,75.072,25813.5714408438,,,105675.0,
ABW,Aruba,2012,74.841,25119.6655449838,,,104110.0,
ABW,Aruba,2011,74.578,25712.3843015186,,,102591.0,
ABW,Aruba,2010,74.297,24093.1401510626,,96.8199996948242,101838.0,
ABW,Aruba,2009,73.974,25134.7712303589,,,101604.0,
ABW,Aruba,2008,73.783,28171.9094008501,,,100917.0,
ABW,Aruba,2007,73.642,26736.3089444046,,,100150.0,
ABW,Aruba,2006,73.498,24845.65848362,,,99405.0,
ABW,Aruba,2005,73.415,24171.8371325422,,,97635.0,
ABW,Aruba,2004,73.223,23700.6319899197,,,95138.0,
ABW,Aruba,2003,73.236,21949.4859960868,,,93128.0,
ABW,Aruba,2002,73.135,21307.2482505267,,,92074.0,
ABW,Aruba,2001,73.044,20740.1325828172,,,91439.0,
ABW,Aruba,2000,72.939,20681.0230269625,,97.2900009155273,90588.0,
AUS,Australia,2023,83.0512195121951,65058.3773146674,3.7,,26659922.0,
AUS,Australia,2022,83.2,65169.5191118657,3.7,,26018721.0,
AUS,Australia,2021,83.3,60758.9044397144,3.7,,25685412.0,
AUS,Australia,2020,83.2,51983.4523666382,3.8,,25649248.0,0.9
AUS,Australia,2019,82.9,55194.7585097428,3.8,,25334826.0,
AUS,Australia,2018,82.7487804878049,57410.1737346009,3.8,,24963258.0,0.6
AUS,Australia,2017,82.5,54117.547718609,3.8,,24592588.0,
AUS,Australia,2016,82.4487804878049,50084.4440606385,3.8,,24190907.0,0.5
AUS,Australia,2015,82.4,56970.3613028094,3.9,,23815995.0,
AUS,Australia,2014,82.3,62817.2061751737,4.0,,23475686.0,0.6
AUS,Australia,2013,82.1487804878049,68476.6788496118,4.1,,23128129.0,
AUS,Australia,2012,82.0463414634146,68301.4402512587,4.3,,22733465.0,
AUS,Australia,2011,81.8951219512195,62799.3895017032,4.5,,22340024.0,
AUS,Australia,2010,81.6951219512195,52313.8939041213,4.8,,22031750.0,0.5
AUS,Australia,2009,81.5439024390244,42954.8494884573,5.0,,21691653.0,
AUS,Australia,2008,81.3951219512195,49811.2067218988,5.2,,21249199.0,0.5
AUS,Australia,2007,81.2926829268293,41128.2476618402,5.4,,20827622.0,
AUS,Australia,2006,81.0414634146342,36658.8243476122,5.6,,20450966.0,
AUS,Australia,2005,80.8414634146341,34535.20727091,5.7,,20176844.0,
AUS,Australia,2004,80.490243902439,30886.0500949401,5.8,,19932722.0,0.7
AUS,Australia,2003,80.2390243902439,23757.5898471684,5.9,,19720737.0,1.1
AUS,Australia,2002,79.9365853658537,20335.0960191023,6.0,,19495210.0,
AUS,Australia,2001,79.6341463414634,19733.6510102645,6.1,,19274701.0,0.9
AUS,Australia,2000,79.2341463414634,21908.9968019784,6.2,,19028802.0,
AUT,Austria,2023,81.7926829268293,56579.504175468,3.3,,9131761.0,0.5
AUT,Austria,2022,81.2951219512195,52336.7725223758,3.3,,9041851.0,0.6
AUT,Austria,2021,81.190243902439,53648.6437976214,3.4,,8955797.0,0.5
AUT,Austria,2020,81.1926829268293,48716.4098900349,3.4,,8916864.0,0.7
AUT,Austria,2019,81.8951219512195,49885.9947355204,3.5,,8879920.0,0.6
AUT,Austria,2018,81.6926829268293,51194.0749841299,3.5,,8840521.0,0.6
AUT,Austria,2017,81.6439024390244,47163.7425775142,3.6,,8797566.0,0.3
AUT,Austria,2016,81.6414634146342,45061.4993920192,3.6,,8736668.0,0.7
AUT,Austria,2015,81.190243902439,43915.228020857,3.7,,8642699.0,0.7
AUT,Austria,2014,81.490243902439,51314.9722616322,3.8,,8546356.0,0.2
AUT,Austria,2013,81.1365853658537,50305.3545774973,3.9,,8479823.0,0.3
AUT,Austria,2012,80.9365853658537,48250.4059142637,4.0,,8429991.0,0.7
AUT,Austria,2011,80.9829268292683,51116.8953522042,4.2,,8391643.0,0.5
AUT,Austria,2010,80.5804878048781,46611.1393420232,4.3,,8363404.0,0.5
AUT,Austria,2009,80.3317073170732,47857.4446635266,4.4,,8343323.0,0.7
AUT,Austria,2008,80.4317073170732,51581.3982361071,4.5,,8321496.0,0.5
AUT,Austria,2007,80.1804878048781,46622.9622913635,4.6,,8295487.0,0.4
AUT,Austria,2006,79.8804878048781,40382.2078298575,4.8,,8268641.0,0.1
AUT,Austria,2005,79.3317073170732,38157.37022862,4.9,,8227829.0,0.2
AUT,Austria,2004,79.1804878048781,36614.2506533707,5.0,,8171966.0,0.1
AUT,Austria,2003,78.6317073170732,32110.1159661425,5.2,,8121423.0,0.4
AUT,Austria,2002,78.6780487804878,26334.862215032,5.3,,8081957.0,
AUT,Austria,2001,78.5756097560976,24430.495982841,5.4,,8042293.0,
AUT,Austria,2000,78.1268292682927,24487.2974685956,5.5,,8011566.0,0.1
AZE,Azerbaijan,2023,74.429,7133.02838048328,18.7,99.7799987792969,10153958.0,
AZE,Azerbaijan,2022,74.125,7770.594223351,19.6,,10141756.0,
AZE,Azerbaijan,2021,70.999,5408.04535175023,20.5,,10137750.0,
AZE,Azerbaijan,2020,70.312,4229.91064904503,21.5,,10093121.0,
AZE,Azerbaijan,2019,73.29,4805.75371765917,22.7,99.8000030517578,10024283.0,
AZE,Azerbaijan,2018,73.016,4739.7943123408,23.8,,9939771.0,
AZE,Azerbaijan,2017,72.694,4147.1981423222,25.1,99.7900009155273,9854033.0,
AZE,Azerbaijan,2016,72.568,3880.6852276838,26.5,99.7900009155273,9757812.0,
AZE,Azerbaijan,2015,72.349,5500.50364628486,27.9,99.7900009155273,9649341.0,
AZE,Azerbaijan,2014,71.93,7890.84028062087,29.6,99.7900009155273,9535079.0,
AZE,Azerbaijan,2013,71.485,7875.34536661549,31.4,99.7900009155273,9416801.0,
AZE,Azerbaijan,2012,71.08,7495.86527658099,33.4,99.7799987792969,9295784.0,
AZE,Azerbaijan,2011,70.565,7189.81869211976,35.5,99.7799987792969,9173082.0,
AZE,Azerbaijan,2010,70.309,5843.5337683582,37.8,99.7699966430664,9054332.0,
AZE,Azerbaijan,2009,69.874,4950.39949009423,40.2,99.7600021362305,8947243.0,
AZE,Azerbaijan,2008,69.355,5574.46810432575,42.9,,8763400.0,
AZE,Azerbaijan,2007,68.659,3851.33015175141,45.7,99.5899963378906,8581300.0,
AZE,Azerbaijan,2006,68.489,2472.95725732287,48.7,,8484550.0,
AZE,Azerbaijan,2005,67.71,1578.36733030667,52.1,,8391850.0,0.0
AZE,Azerbaijan,2004,67.488,1045.0136328106,55.8,,8306500.0,0.0
AZE,Azerbaijan,2003,67.036,883.692580745256,59.9,,8234100.0,0.2
AZE,Azerbaijan,2002,66.769,763.108895463487,64.4,,8171950.0,0.2
AZE,Azerbaijan,2001,66.043,703.670998584686,69.3,,8111200.0,11.4
AZE,Azerbaijan,2000,65.377,655.097249579917,74.3,,8048600.0,
BHS,"Bahamas, The",2023,74.552,38231.774484278,12.7,,399440.0,
BHS,"Bahamas, The",2022,74.491,34957.1613279737,12.9,,397538.0,
BHS,"Bahamas, The",2021,70.752,30367.8605757708,13.1,,396373.0,
BHS,"Bahamas, The",2020,72.994,26178.7537607708,13.3,,395863.0,
BHS,"Bahamas, The",2019,71.408,33640.3369861278,24.3,,394675.0,
BHS,"Bahamas, The",2018,74.062,32642.3353203452,13.5,,392717.0,
BHS,"Bahamas, The",2017,74.031,31875.4881749619,13.7,,390485.0,
BHS,"Bahamas, The",2016,74.042,30616.5363157284,13.8,,388055.0,
BHS,"Bahamas, The",2015,73.805,30719.405417469,14.0,,385346.0,
BHS,"Bahamas, The",2014,74.029,29137.2175632622,14.2,,382298.0,
BHS,"Bahamas, The",2013,73.93,27642.7419759179,14.4,,378953.0,
BHS,"Bahamas, The",2012,73.707,28552.0242683151,14.7,,375469.0,
BHS,"Bahamas, The",2011,73.571,27090.8376801379,15.1,,371729.0,
BHS,"Bahamas, The",2010,73.449,27473.100430502,15.4,,367478.0,
BHS,"Bahamas, The",2009,73.455,27512.9130950084,15.8,,362810.0,
BHS,"Bahamas, The",2008,73.445,29392.3824416397,16.2,,358120.0,
BHS,"Bahamas, The",2007,73.463,30051.8489587756,16.5,,353334.0,
BHS,"Bahamas, The",2006,73.456,29184.7865087908,16.8,,348375.0,
BHS,"Bahamas, The",2005,73.413,28602.4181869995,16.9,,343894.0,
BHS,"Bahamas, The",2004,73.235,26650.2934234303,16.8,,339782.0,
BHS,"Bahamas, The",2003,73.213,26429.1247787663,16.7,,335618.0,
BHS,"Bahamas, The",2002,73.023,26781.6195938652,16.5,,331614.0,
BHS,"Bahamas, The",2001,72.765,25371.9237667614,16.3,,327836.0,
BHS,"Bahamas, The",2000,72.481,24940.0775086078,16.2,,323835.0,
BHR,Bahrain,2023,81.284,29290.1284215098,8.6,97.8499984741211,1577059.0,
BHR,Bahrain,2022,80.992,30470.5219276023,8.4,97.870002746582,1524693.0,
BHR,Bahrain,2021,78.083,27147.8083882286,8.2,,1504365.0,
BHR,Bahrain,2020,78.683,24342.8444554718,8.0,,1472204.0,
BHR,Bahrain,2019,80.471,27259.7438599327,7.8,,1483756.0,
BHR,Bahrain,2018,80.412,26324.4066549559,7.7,,1503091.0,
BHR,Bahrain,2017,80.407,24784.7693514607,7.7,,1501116.0,
BHR,Bahrain,2016,80.407,23800.001440631,7.6,,1423726.0,
BHR,Bahrain,2015,80.338,23734.0551143019,7.7,,1370322.0,
BHR,Bahrain,2014,80.214,26451.7965647453,7.8,,1314562.0,
BHR,Bahrain,2013,79.998,26989.7601148469,7.9,,1253191.0,
BHR,Bahrain,2012,79.622,26438.6733230428,8.1,,1208964.0,
BHR,Bahrain,2011,79.141,25032.7867743333,8.3,,1195020.0,
BHR,Bahrain,2010,78.593,21819.3291098099,8.6,,1228543.0,
BHR,Bahrain,2009,78.016,19465.3140745038,9.0,,1178415.0,
BHR,Bahrain,2008,77.457,23299.4992780392,9.4,,1103496.0,
BHR,Bahrain,2007,76.952,20908.4042548073,9.8,,1039295.0,
BHR,Bahrain,2006,76.51,19267.282615072,10.3,,960424.0,
BHR,Bahrain,2005,76.125,17966.1657837625,10.6,,888822.0,
BHR,Bahrain,2004,75.787,15963.9493171617,11.0,,823741.0,
BHR,Bahrain,2003,75.486,14486.0269029822,11.3,,764517.0,
BHR,Bahrain,2002,75.209,13501.4708801425,11.6,,710553.0,
BHR,Bahrain,2001,74.942,13573.2339887597,12.0,86.5500030517578,661316.0,
BHR,Bahrain,2000,74.673,14214.4836839343,12.5,,637582.0,
BGD,Bangladesh,2023,74.672,2551.01773827307,30.6,,171466990.0,
BGD,Bangladesh,2022,74.265,2716.48592780431,30.7,79.0,169384897.0,5.9
BGD,Bangladesh,2021,71.103,2482.84917843357,30.9,76.3600006103516,167658854.0,
BGD,Bangladesh,2020,71.421,2248.85078828233,31.4,74.9100036621094,166298024.0,
BGD,Bangladesh,2019,72.625,2129.79896954606,32.3,74.6800003051758,164913055.0,
BGD,Bangladesh,2018,72.122,1965.24372731467,33.5,73.9100036621094,163523103.0,
BGD,Bangladesh,2017,71.606,1811.08221668646,35.0,72.8899993896484,162186147.0,
BGD,Bangladesh,2016,71.075,1649.28380858601,36.7,72.7600021362305,160811932.0,19.5
BGD,Bangladesh,2015,70.543,1224.38647668165,38.5,65.1399993896484,159383179.0,
BGD,Bangladesh,2014,70.016,1094.46199702838,40.5,61.0900001525879,157964929.0,
BGD,Bangladesh,2013,69.487,958.262989798283,42.4,61.0200004577637,156532141.0,
BGD,Bangladesh,2012,68.989,859.680536375497,44.4,57.8600006103516,155070101.0,
BGD,Bangladesh,2011,68.499,837.336944695647,46.5,58.7700004577637,153591076.0,
BGD,Bangladesh,2010,68.009,757.385280361508,48.7,,152201981.0,25.1
BGD,Bangladesh,2009,67.527,679.211477428056,51.1,,150873714.0,
BGD,Bangladesh,2008,67.047,613.06204104124,53.6,,149474264.0,
BGD,Bangladesh,2007,66.458,537.955492792911,56.5,,147989278.0,
BGD,Bangladesh,2006,66.048,490.388026533289,59.6,,146405973.0,
BGD,Bangladesh,2005,65.509,480.08585075452,63.0,,144715786.0,32.3
BGD,Bangladesh,2004,64.912,455.614016909798,66.8,,142902856.0,
BGD,Bangladesh,2003,64.288,426.74880754362,70.8,,140970351.0,
BGD,Bangladesh,2002,63.591,393.886422327628,75.3,,138933658.0,
BGD,Bangladesh,2001,62.836,394.65641001891,80.2,47.4900016784668,136805810.0,
BGD,Bangladesh,2000,62.049,396.670730249751,85.5,,134544304.0,41.4
BRB,Barbados,2023,76.178,25583.8722302505,10.1,,282336.0,
BRB,Barbados,2022,75.676,24393.2193483944,10.4,,282318.0,
BRB,Barbados,2021,76.58,21084.4013935998,10.7,,282147.0,
BRB,Barbados,2020,76.647,19180.9915228365,11.1,,281698.0,
BRB,Barbados,2019,76.495,21929.435611489,11.4,,281207.0,
BRB,Barbados,2018,76.378,21378.2201267496,11.8,,280711.0,
BRB,Barbados,2017,76.237,20870.7596432179,12.1,,280171.0,
BRB,Barbados,2016,76.168,20311.4094163764,12.4,,279598.0,1.7
BRB,Barbados,2015,76.055,20429.4747123553,12.8,,278990.0,
BRB,Barbados,2014,75.926,20423.7177921163,13.1,,278348.0,
BRB,Barbados,2013,75.816,20384.4910233555,13.3,,277665.0,
BRB,Barbados,2012,75.737,19811.2953079751,13.5,,276938.0,
BRB,Barbados,2011,75.599,20146.2381264508,13.7,,276139.0,
BRB,Barbados,2010,75.488,19723.2381931602,13.9,,275243.0,
BRB,Barbados,2009,75.458,16294.9099491834,14.1,,274123.0,
BRB,Barbados,2008,75.3,17565.6929970592,14.3,,272714.0,
BRB,Barbados,2007,75.263,17235.4396434785,14.5,,271288.0,
BRB,Barbados,2006,75.049,15619.6005955511,14.7,,270002.0,
BRB,Barbados,2005,74.96,14214.4202213572,14.8,,268706.0,
BRB,Barbados,2004,75.15,12886.3665272467,14.9,,267298.0,
BRB,Barbados,2003,74.865,12075.9587020649,14.8,,265776.0,
BRB,Barbados,2002,74.82,11760.4524736133,14.7,,264148.0,
BRB,Barbados,2001,74.707,11639.5160522054,14.5,,262425.0,
BRB,Barbados,2000,74.58,11674.6736471764,14.4,,262063.0,
BLR,Belarus,2023,74.1837804878049,7896.75388295584,2.4,,9178298.0,
BLR,Belarus,2022,74.1033658536585,7994.64806074889,2.6,,9228071.0,
BLR,Belarus,2021,72.0714634146342,7489.71894713888,2.7,,9302585.0,
BLR,Belarus,2020,72.1385609756098,6542.85579976768,2.9,,9379952.0,0.0
BLR,Belarus,2019,74.2268292682927,6837.77339645635,3.1,99.870002746582,9419758.0,0.0
BLR,Belarus,2018,74.1756097560976,6360.037502312,3.4,,9438785.0,0.0
BLR,Belarus,2017,74.1292682926829,5785.54491935194,3.6,,9458989.0,0.0
BLR,Belarus,2016,73.8268292682927,5039.77560949445,3.9,,9469379.0,0.0
BLR,Belarus,2015,73.6243902439025,5967.05595058777,4.1,,9461076.0,0.0
BLR,Belarus,2014,72.9707317073171,8341.31809294883,4.3,,9448515.0,0.0
BLR,Belarus,2013,72.4707317073171,7998.0802045456,4.6,,9443211.0,0.0
BLR,Belarus,2012,71.9658536585366,6953.21591683101,4.9,,9446836.0,0.1
BLR,Belarus,2011,70.5536585365854,6527.6593428786,5.2,,9461643.0,0.1
BLR,Belarus,2010,70.4048780487805,6034.67885177216,5.6,,9483836.0,0.2
BLR,Belarus,2009,70.4073170731707,5352.48809190697,6.1,99.620002746582,9504583.0,0.5
BLR,Belarus,2008,70.4560975609756,6376.17569162063,6.6,,9527985.0,0.5
BLR,Belarus,2007,70.2073170731707,4735.48107556066,7.3,,9560953.0,1.1
BLR,Belarus,2006,69.4048780487805,3848.22350300163,8.0,,9604924.0,1.1
BLR,Belarus,2005,68.8512195121951,3126.07176665248,8.7,,9663915.0,2.4
BLR,Belarus,2004,68.9560975609756,2378.33700470129,9.4,,9730146.0,4.3
BLR,Belarus,2003,68.5536585365854,1819.52653114699,10.1,,9796749.0,8.7
BLR,Belarus,2002,68.0560975609756,1479.38066337175,10.9,,9865548.0,10.4
BLR,Belarus,2001,68.5073170731707,1244.37318523431,11.8,,9928549.0,14.7
BLR,Belarus,2000,68.9121951219512,1276.2880341,12.8,,9979610.0,26.5
BEL,Belgium,2023,82.4,55244.68145811,3.7,,11779946.0,0.1
BEL,Belgium,2022,81.7487804878049,50639.0264882739,3.8,,11680210.0,0.0
BEL,Belgium,2021,81.790243902439,51658.238294958,3.8,,11586195.0,0.0
BEL,Belgium,2020,80.6951219512195,45906.2875805246,3.9,,11538604.0,0.1
BEL,Belgium,2019,81.9951219512195,46716.6227467964,3.9,,11488980.0,0.1
BEL,Belgium,2018,81.5951219512195,47487.2100392561,4.0,,11427054.0,0.1
BEL,Belgium,2017,81.4926829268293,44035.3239358548,4.0,,11375158.0,0.2
BEL,Belgium,2016,81.4390243902439,41854.5498296444,4.1,,11331422.0,0.1
BEL,Belgium,2015,80.9926829268293,40893.804537772,4.1,,11274196.0,0.1
BEL,Belgium,2014,81.2878048780488,47995.7786961339,4.1,,11209057.0,0.1
BEL,Belgium,2013,80.5878048780488,46964.5946777056,4.2,,11159407.0,0.1
BEL,Belgium,2012,80.3853658536585,44874.1709182123,4.3,,11106932.0,0.2
BEL,Belgium,2011,80.5853658536585,47760.8298776546,4.4,,11038264.0,0.2
BEL,Belgium,2010,80.1829268292683,44197.393671162,4.5,,10895586.0,0.1
BEL,Belgium,2009,80.0341463414634,44923.3400135081,4.6,,10796493.0,0.1
BEL,Belgium,2008,79.6804878048781,48303.397956286,4.7,,10709973.0,0.1
BEL,Belgium,2007,79.7829268292683,44319.165448813,4.8,,10625700.0,0.2
BEL,Belgium,2006,79.380487804878,38705.1067959147,4.9,,10547958.0,0.2
BEL,Belgium,2005,78.9804878048781,36809.7013403619,5.0,,10478617.0,0.3
BEL,Belgium,2004,78.8780487804878,35429.4077933344,5.2,,10421137.0,0.1
BEL,Belgium,2003,78.1292682926829,30655.2092679024,5.3,,10376133.0,0.4
BEL,Belgium,2002,78.0756097560976,25006.191397109,5.5,,10332785.0,
BEL,Belgium,2001,77.9731707317073,23015.0712632462,5.7,,10286570.0,
BEL,Belgium,2000,77.7219512195122,23098.8865077401,5.9,,10251250.0,0.3
BLZ,Belize,2023,73.566,7424.75821321022,12.8,,411106.0,
BLZ,Belize,2022,72.19,7068.21728043145,12.8,87.879997253418,402733.0,
BLZ,Belize,2021,70.917,6142.98930557031,13.0,,395346.0,
BLZ,Belize,2020,71.58,5238.54078175696,13.2,,390812.0,
BLZ,Belize,2019,72.577,6171.61449761423,13.5,,385829.0,
BLZ,Belize,2018,72.322,6011.99036888587,13.9,,380226.0,1.0
BLZ,Belize,2017,72.062,6071.85451846453,14.4,,373202.0,
BLZ,Belize,2016,71.843,6140.86713919469,15.0,,364705.0,
BLZ,Belize,2015,71.647,6154.62264230369,15.6,90.9199981689453,356333.0,
BLZ,Belize,2014,71.437,6128.12053089077,16.3,,348923.0,
BLZ,Belize,2013,71.276,5957.34953619006,17.0,,341627.0,
BLZ,Belize,2012,71.134,5732.66519942347,17.7,,334414.0,
BLZ,Belize,2011,70.975,5596.05222152289,18.3,,327298.0,
BLZ,Belize,2010,70.875,5461.40735999001,18.8,,320245.0,
BLZ,Belize,2009,70.806,5399.67100001919,19.3,,312614.0,
BLZ,Belize,2008,70.665,5711.81458859709,19.7,,304361.0,
BLZ,Belize,2007,70.652,5762.21023302938,20.2,,296100.0,
BLZ,Belize,2006,70.535,5524.78167834986,20.6,,287878.0,
BLZ,Belize,2005,70.335,5270.41479135312,21.0,,279731.0,
BLZ,Belize,2004,70.152,5153.71308265363,21.5,,271688.0,
BLZ,Belize,2003,69.819,4959.74012434605,22.1,,263780.0,
BLZ,Belize,2002,69.528,4858.86062599362,22.8,,256009.0,
BLZ,Belize,2001,68.944,4718.77715104739,23.6,,248379.0,
BLZ,Belize,2000,68.911,4726.50675459616,24.5,76.9000015258789,240799.0,
BEN,Benin,2023,60.774,1394.17784721831,77.2,,14111034.0,
BEN,Benin,2022,60.475,1266.42711031904,79.6,51.3800010681152,13759501.0,
BEN,Benin,2021,59.61,1318.65158075198,82.2,43.8300018310547,13413417.0,27.2
BEN,Benin,2020,60.154,1200.19426557789,84.6,,13070169.0,
BEN,Benin,2019,59.888,1130.82135339795,87.0,49.0,12726755.0,
BEN,Benin,2018,59.71,1151.7409703472,89.4,,12383347.0,37.2
BEN,Benin,2017,59.528,1054.97408066814,91.8,38.8699989318848,12039780.0,
BEN,Benin,2016,59.283,1010.5338961993,94.0,,11697842.0,
BEN,Benin,2015,59.123,1002.41886879614,96.1,,11360681.0,65.8
BEN,Benin,2014,59.008,1204.39918670094,98.4,,11030004.0,
BEN,Benin,2013,58.863,1168.92699279226,100.6,45.0800018310547,10708834.0,
BEN,Benin,2012,58.559,1071.5258366283,102.9,,10397657.0,
BEN,Benin,2011,58.462,1059.41358852588,105.1,44.6881229256471,10093623.0,68.4
BEN,Benin,2010,58.387,973.244254931526,107.4,,9797484.0,
BEN,Benin,2009,58.258,1024.10277858112,109.7,,9509423.0,
BEN,Benin,2008,58.099,1060.60254502099,112.0,,9228466.0,
BEN,Benin,2007,58.249,912.338247188342,114.4,,8953969.0,
BEN,Benin,2006,57.966,809.147072506221,117.0,,8693242.0,
BEN,Benin,2005,57.738,779.437777753268,119.7,,8426144.0,
BEN,Benin,2004,57.346,758.695803786371,122.5,,8159094.0,
BEN,Benin,2003,57.092,676.002878084282,125.4,,7913070.0,70.5
BEN,Benin,2002,56.851,546.463829658159,128.5,34.6599998474121,7675426.0,
BEN,Benin,2001,56.654,492.401499509072,131.7,,7445596.0,
BEN,Benin,2000,56.594,487.424141384242,135.0,,7221619.0,
BMU,Bermuda,2023,82.309,132961.760796315,,,64698.0,
BMU,Bermuda,2022,82.062,119969.173269085,,,64749.0,
BMU,Bermuda,2021,81.745,112765.08167306,,,64648.0,
BMU,Bermuda,2020,81.456,106976.546239632,,,64382.0,
BMU,Bermuda,2019,81.251,115798.040775578,,,64107.0,
BMU,Bermuda,2018,80.986,113204.82210838,,,63831.0,
BMU,Bermuda,2017,80.686,112339.425587467,,,63578.0,
BMU,Bermuda,2016,80.476,108747.356144305,,,63449.0,
BMU,Bermuda,2015,80.338,104855.366822135,,,63464.0,
BMU,Bermuda,2014,80.199,100961.576602811,,,63529.0,
BMU,Bermuda,2013,80.016,101704.40746217,,,63574.0,
BMU,Bermuda,2012,79.847,100213.493385287,,,63646.0,
BMU,Bermuda,2011,79.651,99049.0169927667,,,63733.0,
BMU,Bermuda,2010,79.414,104111.824244802,,,63725.0,
BMU,Bermuda,2009,79.229,104711.712420357,,,63565.0,
BMU,Bermuda,2008,79.101,110268.562401264,,,63300.0,
BMU,Bermuda,2007,79.006,107395.651483891,,,63010.0,
BMU,Bermuda,2006,78.87,97781.4558996721,,,62834.0,
BMU,Bermuda,2005,78.874,77628.103522508,,,62711.0,
BMU,Bermuda,2004,78.898,71692.1589001679,,,62555.0,
BMU,Bermuda,2003,78.715,67106.8028083224,,,62386.0,
BMU,Bermuda,2002,78.841,63358.5658652763,,,62142.0,
BMU,Bermuda,2001,78.637,59490.2452034202,,,61867.0,
BMU,Bermuda,2000,78.251,56542.9569455727,,,61550.0,
BTN,Bhutan,2023,72.975,3831.32535564326,18.0,,786385.0,
BTN,Bhutan,2022,72.754,3711.32767981591,19.0,64.9100036621094,780914.0,0.0
BTN,Bhutan,2021,72.448,3570.61257980872,20.0,,775442.0,
BTN,Bhutan,2020,72.253,3191.66906999331,21.3,,770006.0,
BTN,Bhutan,2019,72.005,3576.87987100503,22.7,,764824.0,
BTN,Bhutan,2018,71.711,3400.20417245342,24.2,,759759.0,
BTN,Bhutan,2017,71.413,3435.28804735662,25.8,66.5599975585938,754335.0,2.6
BTN,Bhutan,2016,71.119,3152.30905106786,27.4,,747866.0,
BTN,Bhutan,2015,70.797,2954.04081911097,29.2,,740618.0,
BTN,Bhutan,2014,70.504,2849.49998647303,31.2,,733139.0,
BTN,Bhutan,2013,70.161,2679.95217201538,33.2,,725273.0,
BTN,Bhutan,2012,69.759,2751.2128864294,35.5,55.3199996948242,717279.0,3.6
BTN,Bhutan,2011,69.28,2787.97967608562,37.9,,709377.0,
BTN,Bhutan,2010,68.765,2435.5798056672,40.5,,701632.0,
BTN,Bhutan,2009,68.156,1918.39599211093,43.3,,693988.0,
BTN,Bhutan,2008,67.733,1919.59774896395,46.2,,686351.0,
BTN,Bhutan,2007,67.152,1850.41570433398,49.5,,678641.0,12.0
BTN,Bhutan,2006,66.499,1405.6071618158,52.9,,670799.0,
BTN,Bhutan,2005,65.875,1299.94938578359,56.7,52.810001373291,661865.0,
BTN,Bhutan,2004,65.29,1130.35934606796,60.6,,650544.0,
BTN,Bhutan,2003,64.662,1022.38240311018,64.6,,637663.0,23.1
BTN,Bhutan,2002,63.984,895.799489930972,68.8,,624409.0,
BTN,Bhutan,2001,63.323,812.238210772056,73.2,,610794.0,
BTN,Bhutan,2000,61.842,771.924911410619,77.7,,596863.0,
BOL,Bolivia,2023,68.581,4274.70820547613,16.4,95.5500030517578,12244159.0,2.8
BOL,Bolivia,2022,67.434,4219.46113742445,17.3,,12077154.0,3.3
BOL,Bolivia,2021,61.427,4010.76053686204,18.2,,11937360.0,3.1
BOL,Bolivia,2020,62.906,3580.96761778303,19.3,93.8499984741211,11816299.0,4.2
BOL,Bolivia,2019,67.82,4203.15492855788,20.6,,11671386.0,3.1
BOL,Bolivia,2018,67.699,4206.8552936661,22.0,,11508368.0,4.7
BOL,Bolivia,2017,67.536,4048.40119739839,23.4,,11344587.0,6.4
BOL,Bolivia,2016,67.392,3035.87347732132,25.0,,11180020.0,7.2
BOL,Bolivia,2015,67.205,2996.01289811344,26.7,92.4599990844727,11014705.0,6.2
BOL,Bolivia,2014,66.97,3041.43503162408,28.4,,10848888.0,5.6
BOL,Bolivia,2013,66.777,2870.02377000756,30.3,,10682608.0,6.8
BOL,Bolivia,2012,66.586,2575.59857098084,32.3,94.4599990844727,10515807.0,7.9
BOL,Bolivia,2011,66.282,2315.52121930607,34.4,92.2300033569336,10348929.0,6.9
BOL,Bolivia,2010,66.003,1929.78373077158,36.7,,10182345.0,
BOL,Bolivia,2009,65.656,1731.18172112209,39.1,91.1699981689453,10016275.0,10.0
BOL,Bolivia,2008,65.299,1692.67248455876,41.8,90.6999969482422,9850858.0,10.6
BOL,Bolivia,2007,64.939,1354.54905949929,44.7,90.2900009155273,9685960.0,12.1
BOL,Bolivia,2006,64.529,1202.71150446327,47.7,,9521689.0,15.9
BOL,Bolivia,2005,64.182,1020.12326200737,51.0,,9360754.0,18.7
BOL,Bolivia,2004,63.819,953.191893246277,54.5,,9204287.0,13.2
BOL,Bolivia,2003,63.455,893.013760211149,58.2,,9050700.0,
BOL,Bolivia,2002,63.068,888.221328974352,62.1,,8900355.0,23.9
BOL,Bolivia,2001,62.538,930.168227214313,66.3,86.7200012207031,8752736.0,22.3
BOL,Bolivia,2000,62.057,975.777060358751,70.7,,8606326.0,28.3
BIH,Bosnia and Herzegovina,2023,77.85,8663.02326458629,6.0,,3185073.0,
BIH,Bosnia and Herzegovina,2022,76.777,7655.59421024383,6.2,,3204802.0,
BIH,Bosnia and Herzegovina,2021,74.567,7295.34378682258,6.4,,3244907.0,0.3
BIH,Bosnia and Herzegovina,2020,76.04,6130.31187968266,6.6,,3299349.0,
BIH,Bosnia and Herzegovina,2019,77.394,6122.37541352353,6.7,,3345533.0,
BIH,Bosnia and Herzegovina,2018,77.942,6047.84707207392,6.8,,3387000.0,
BIH,Bosnia and Herzegovina,2017,77.385,5345.01978766473,6.8,,3428682.0,
BIH,Bosnia and Herzegovina,2016,77.124,4928.5665903114,6.8,,3473003.0,
BIH,Bosnia and Herzegovina,2015,77.073,4662.25869219448,6.7,,3518541.0,1.2
BIH,Bosnia and Herzegovina,2014,77.089,5206.06573475132,6.7,,3564829.0,
BIH,Bosnia and Herzegovina,2013,77.129,5034.56634817068,6.7,96.9899978637695,3610859.0,
BIH,Bosnia and Herzegovina,2012,77.037,4693.78899115381,6.7,,3670113.0,
BIH,Bosnia and Herzegovina,2011,76.963,4982.69375768263,6.8,,3741798.0,0.9
BIH,Bosnia and Herzegovina,2010,76.827,4506.47828548389,6.8,,3811472.0,
BIH,Bosnia and Herzegovina,2009,76.701,4539.91863774968,6.9,,3879794.0,
BIH,Bosnia and Herzegovina,2008,76.3,4841.69311934649,7.0,,3947544.0,
BIH,Bosnia and Herzegovina,2007,76.162,3931.48948737505,7.1,,4013424.0,0.7
BIH,Bosnia and Herzegovina,2006,76.028,3166.12865344833,7.2,,4063272.0,
BIH,Bosnia and Herzegovina,2005,76.424,2739.61076866057,7.4,,4096493.0,
BIH,Bosnia and Herzegovina,2004,76.489,2452.6860917386,7.6,,4140987.0,0.4
BIH,Bosnia and Herzegovina,2003,76.449,2033.94700935864,8.0,,4178523.0,
BIH,Bosnia and Herzegovina,2002,75.994,1606.5467454132,8.4,,4188002.0,
BIH,Bosnia and Herzegovina,2001,75.573,1387.89362942121,8.9,,4179438.0,0.6
BIH,Bosnia and Herzegovina,2000,75.292,1338.48059636261,9.5,96.6600036621094,4159771.0,
BWA,Botswana,2023,69.163,7827.30027960734,34.6,,2480244.0,
BWA,Botswana,2022,68.749,8328.7090572666,35.7,,2439892.0,
BWA,Botswana,2021,63.303,7807.88794570471,37.1,,2401441.0,
BWA,Botswana,2020,67.643,6323.2974967659,38.9,,2365894.0,
BWA,Botswana,2019,67.167,7172.08956480028,40.0,,2332083.0,
BWA,Botswana,2018,66.371,7407.95940141786,41.2,,2299141.0,
BWA,Botswana,2017,65.42,7104.96401088027,42.1,,2266747.0,
BWA,Botswana,2016,64.32,6749.05994339013,45.1,,2234776.0,
BWA,Botswana,2015,63.215,6141.20394726616,46.7,,2203273.0,21.4
BWA,Botswana,2014,62.167,7122.36423421503,49.0,,2172044.0,
BWA,Botswana,2013,61.217,6666.91219583487,50.3,,2140682.0,
BWA,Botswana,2012,60.384,6595.53845015424,53.9,,2108617.0,
BWA,Botswana,2011,59.715,7287.38295334919,58.8,,2073535.0,
BWA,Botswana,2010,59.137,6215.73216077919,58.4,,2033111.0,
BWA,Botswana,2009,58.297,5082.93388332404,60.6,,1990673.0,21.1
BWA,Botswana,2008,57.661,5503.07395314313,63.7,,1949970.0,
BWA,Botswana,2007,56.735,5529.12574632532,64.3,,1911201.0,
BWA,Botswana,2006,55.112,5291.58379144849,66.0,,1874516.0,
BWA,Botswana,2005,54.386,5391.07076619634,70.8,,1839877.0,
BWA,Botswana,2004,53.573,4956.69287735214,75.7,,1807146.0,
BWA,Botswana,2003,52.851,4230.12326909926,76.7,81.1900024414062,1775736.0,
BWA,Botswana,2002,52.373,3117.25087183011,77.9,,1744763.0,34.8
BWA,Botswana,2001,52.21,3206.07123689853,79.3,,1712254.0,
BWA,Botswana,2000,52.263,3450.81180622992,79.8,,1677382.0,
BRA,Brazil,2023,75.848,10377.5892792557,14.4,94.5725490635077,211140729.0,3.8
BRA,Brazil,2022,74.872,9281.33334441234,14.6,94.376866160108,210306415.0,4.9
BRA,Brazil,2021,73.038,7972.5366498646,14.7,94.7726170886975,209550294.0,7.5
BRA,Brazil,2020,74.506,7074.19378337644,14.9,94.7444114331042,208660842.0,2.8
BRA,Brazil,2019,75.809,9029.83326681073,15.0,93.8926266999537,207455459.0,7.0
BRA,Brazil,2018,75.633,9300.66164923219,15.2,93.2300033569336,206107261.0,6.9
BRA,Brazil,2017,75.383,10080.5092819305,15.4,93.0800018310547,204703445.0,7.0
BRA,Brazil,2016,75.081,8836.28652735657,16.8,92.8099975585938,203218114.0,6.5
BRA,Brazil,2015,75.106,8936.19661712113,16.0,92.0500030517578,201675532.0,5.4
BRA,Brazil,2014,74.823,12274.9939689363,16.3,91.7300033569336,200085127.0,4.8
BRA,Brazil,2013,74.609,12458.8912138813,16.7,91.4800033569336,198478299.0,5.4
BRA,Brazil,2012,74.335,12521.7213519966,17.2,91.3399963378906,196876111.0,6.4
BRA,Brazil,2011,74.047,13396.6243562986,17.9,91.4100036621094,195284734.0,7.1
BRA,Brazil,2010,73.779,11403.2821278747,18.6,90.379997253418,193701929.0,
BRA,Brazil,2009,73.457,8678.6592244676,19.5,90.3000030517578,192079951.0,8.4
BRA,Brazil,2008,73.111,8908.33176538648,20.5,90.0400009155273,190367302.0,9.1
BRA,Brazil,2007,72.73,7409.69130673473,21.7,90.0100021362305,188552320.0,10.8
BRA,Brazil,2006,72.296,5934.14470924968,23.1,89.620002746582,186653106.0,11.4
BRA,Brazil,2005,71.832,4827.78173074714,24.6,,184688101.0,13.7
BRA,Brazil,2004,71.361,3663.823188064,26.3,88.620002746582,182675143.0,15.3
BRA,Brazil,2003,70.884,3090.6070097455,28.2,,180622688.0,17.1
BRA,Brazil,2002,70.396,2855.94018885769,30.1,,178503484.0,16.2
BRA,Brazil,2001,69.98,3176.28935747524,32.2,,176301203.0,17.5
BRA,Brazil,2000,69.584,3766.54811466032,34.4,86.370002746582,174018282.0,
VGB,British Virgin Islands,2023,77.276,,12.7,,38985.0,
VGB,British Virgin Islands,2022,77.177,,13.1,,38319.0,
VGB,British Virgin Islands,2021,75.297,,13.5,,37809.0,
VGB,British Virgin Islands,2020,76.894,,13.8,,37135.0,
VGB,British Virgin Islands,2019,76.845,,14.2,,36395.0,
VGB,British Virgin Islands,2018,76.728,,14.6,,34657.0,
VGB,British Virgin Islands,2017,75.67,,14.9,,32699.0,
VGB,British Virgin Islands,2016,76.624,,15.2,,33878.0,
VGB,British Virgin Islands,2015,76.558,,15.5,,34498.0,
VGB,British Virgin Islands,2014,76.527,,15.6,,32962.0,
VGB,British Virgin Islands,2013,76.472,,15.6,,31703.0,
VGB,British Virgin Islands,2012,76.433,,15.6,,30345.0,
VGB,British Virgin Islands,2011,76.363,,15.6,,28710.0,
VGB,British Virgin Islands,2010,76.289,,15.6,,27675.0,
VGB,British Virgin Islands,2009,76.205,,15.6,,27218.0,
VGB,British Virgin Islands,2008,76.07,,15.7,,26288.0,
VGB,British Virgin Islands,2007,75.893,,15.7,,25366.0,
VGB,British Virgin Islands,2006,75.745,,15.8,,24493.0,
VGB,British Virgin Islands,2005,75.569,,15.9,,23665.0,
VGB,British Virgin Islands,2004,75.404,,16.0,,22881.0,
VGB,British Virgin Islands,2003,75.183,,16.1,,22134.0,
VGB,British Virgin Islands,2002,74.971,,16.4,,21430.0,
VGB,British Virgin Islands,2001,74.831,,16.6,,20796.0,
VGB,British Virgin Islands,2000,74.753,,16.8,,20241.0,
BRN,Brunei Darussalam,2023,75.327,32890.5491812019,10.1,,458949.0,
BRN,Brunei Darussalam,2022,72.917,36632.9280952155,10.2,,455370.0,
BRN,Brunei Darussalam,2021,74.869,31006.9636289785,10.3,,451721.0,
BRN,Brunei Darussalam,2020,75.114,26834.3592233943,10.4,,447404.0,
BRN,Brunei Darussalam,2019,75.049,30426.5730656528,10.5,,442680.0,
BRN,Brunei Darussalam,2018,74.992,30988.1190267227,10.6,,437810.0,
BRN,Brunei Darussalam,2017,74.943,28024.3824580252,10.7,,432772.0,
BRN,Brunei Darussalam,2016,74.905,26663.2972950602,10.7,,427564.0,
BRN,Brunei Darussalam,2015,74.88,30625.1287744656,10.7,,422212.0,
BRN,Brunei Darussalam,2014,74.862,41026.5084247957,10.6,,416750.0,
BRN,Brunei Darussalam,2013,74.854,44003.0644273461,10.4,,411202.0,
BRN,Brunei Darussalam,2012,74.843,46968.5971164922,10.2,,405557.0,
BRN,Brunei Darussalam,2011,74.835,46382.8274255349,10.0,96.0899963378906,399389.0,
BRN,Brunei Darussalam,2010,74.82,34937.5555357155,9.9,,392332.0,
BRN,Brunei Darussalam,2009,74.814,30946.4673773828,9.7,,384952.0,
BRN,Brunei Darussalam,2008,74.814,42156.5685838672,9.6,,377793.0,
BRN,Brunei Darussalam,2007,74.793,36217.3290706015,9.6,,370873.0,
BRN,Brunei Darussalam,2006,74.753,34674.7995236452,9.5,,364663.0,
BRN,Brunei Darussalam,2005,74.683,29386.2703822862,9.5,,358916.0,
BRN,Brunei Darussalam,2004,74.603,24423.0946995548,9.6,,352911.0,
BRN,Brunei Darussalam,2003,74.509,20677.9001143188,9.7,,346637.0,
BRN,Brunei Darussalam,2002,74.365,18621.2922577525,9.8,,340099.0,
BRN,Brunei Darussalam,2001,74.209,18287.8272281914,10.0,92.6699981689453,333345.0,
BRN,Brunei Darussalam,2000,74.017,20130.2572346624,10.3,,326424.0,
BGR,Bulgaria,2023,75.7560975609756,15854.0192893772,5.9,,6446596.0,1.0
BGR,Bulgaria,2022,74.1609756097561,13999.9113358453,6.1,,6465097.0,1.1
BGR,Bulgaria,2021,71.2121951219512,12966.8085197381,6.3,,6507301.0,1.2
BGR,Bulgaria,2020,73.3560975609756,10760.7616180234,6.5,,6550696.0,0.7
BGR,Bulgaria,2019,75.1121951219512,10354.2500414088,6.7,,6616726.0,1.6
BGR,Bulgaria,2018,74.9634146341464,9849.88769989118,7.0,,6710798.0,1.5
BGR,Bulgaria,2017,74.8146341463415,8697.13373333715,7.3,,6803468.0,2.0
BGR,Bulgaria,2016,74.8121951219512,7822.89886431732,7.7,,6894139.0,3.1
BGR,Bulgaria,2015,74.6146341463415,7269.02586513711,8.2,,6984225.0,4.6
BGR,Bulgaria,2014,74.4658536585366,8070.01289303544,8.7,,7073572.0,2.7
BGR,Bulgaria,2013,74.8609756097561,7796.37945241455,9.3,,7160005.0,3.3
BGR,Bulgaria,2012,74.3146341463415,7432.33753378983,9.9,,7305888.0,3.0
BGR,Bulgaria,2011,74.1634146341463,7849.98219737366,10.4,98.3499984741211,7348328.0,3.4
BGR,Bulgaria,2010,73.5121951219512,6854.2987837778,10.9,,7395599.0,2.7
BGR,Bulgaria,2009,73.4121951219512,6988.63048446496,11.1,,7444443.0,1.8
BGR,Bulgaria,2008,72.9634146341463,7271.67443724077,11.4,,7492561.0,1.9
BGR,Bulgaria,2007,72.6634146341463,5888.87094585161,11.9,,7545338.0,2.5
BGR,Bulgaria,2006,72.6121951219512,4523.37797301782,12.5,,7601022.0,8.0
BGR,Bulgaria,2005,72.5609756097561,3900.02501966492,13.3,,7658972.0,
BGR,Bulgaria,2004,72.5634146341463,3389.86047992391,14.2,,7716860.0,
BGR,Bulgaria,2003,72.0658536585366,2719.63335037372,15.1,,7775327.0,2.2
BGR,Bulgaria,2002,71.8658536585366,2093.08967660564,16.0,,7837161.0,
BGR,Bulgaria,2001,71.7682926829268,1770.99748249575,16.7,98.1999969482422,8009142.0,4.7
BGR,Bulgaria,2000,71.6634146341463,1621.3452487867,17.5,,8170172.0,
BFA,Burkina Faso,2023,61.092,873.198061670247,77.4,41.5670909952631,23025776.0,
BFA,Burkina Faso,2022,60.7,827.330843486661,79.8,40.9199981689453,22509038.0,
BFA,Burkina Faso,2021,60.046,895.535288442991,82.4,36.9700012207031,21995243.0,42.1
BFA,Burkina Faso,2020,60.454,825.237038782475,85.1,,21478690.0,
BFA,Burkina Faso,2019,60.184,764.853077774946,88.1,29.6599998474121,20961952.0,
BFA,Burkina Faso,2018,59.972,777.465618514048,91.0,39.3499984741211,20438288.0,47.7
BFA,Burkina Faso,2017,59.578,709.091535894695,94.1,,19894407.0,
BFA,Burkina Faso,2016,59.173,663.742364842886,97.4,,19334856.0,
BFA,Burkina Faso,2015,58.778,630.124750752312,100.8,,18777487.0,
BFA,Burkina Faso,2014,58.331,764.861675106225,104.3,34.5999984741211,18229461.0,58.7
BFA,Burkina Faso,2013,57.903,759.762065168498,108.2,,17695409.0,
BFA,Burkina Faso,2012,57.457,731.470138867833,112.3,,17172287.0,
BFA,Burkina Faso,2011,57.001,725.024767725475,116.6,,16661908.0,
BFA,Burkina Faso,2010,56.343,624.957252224766,121.3,,16176498.0,
BFA,Burkina Faso,2009,55.791,601.569520671859,126.5,,15710066.0,67.2
BFA,Burkina Faso,2008,55.199,619.437533256264,132.1,,15258093.0,
BFA,Burkina Faso,2007,54.377,514.684451177238,138.1,27.8799991607666,14816307.0,
BFA,Burkina Faso,2006,53.784,455.513655620024,144.4,22.4699993133545,14373707.0,
BFA,Burkina Faso,2005,53.271,441.164148016012,150.8,23.5200004577637,13932123.0,
BFA,Burkina Faso,2004,52.6,403.81283743461,156.8,,13500533.0,
BFA,Burkina Faso,2003,51.959,362.373899996953,162.3,21.8199996948242,13082532.0,69.6
BFA,Burkina Faso,2002,51.447,285.654087637533,167.3,,12680897.0,
BFA,Burkina Faso,2001,51.188,259.485223380436,171.9,,12295001.0,
BFA,Burkina Faso,2000,50.808,248.908526921752,176.0,,11925546.0,
BDI,Burundi,2023,63.651,249.795164039029,48.7,,13689450.0,
BDI,Burundi,2022,62.882,301.832255755105,50.3,,13321097.0,
BDI,Burundi,2021,62.101,264.172844085398,52.3,,12965481.0,
BDI,Burundi,2020,62.569,252.702452750006,54.3,71.3374789737041,12617036.0,74.2
BDI,Burundi,2019,62.18,234.31061590725,56.2,,12255336.0,
BDI,Burundi,2018,61.806,245.661678332009,58.5,,11859446.0,
BDI,Burundi,2017,61.345,246.060725714184,60.9,68.379997253418,11506762.0,
BDI,Burundi,2016,60.789,232.937812100153,63.7,65.6900024414062,11239451.0,
BDI,Burundi,2015,60.107,254.402585226788,66.9,,11047580.0,
BDI,Burundi,2014,59.764,250.544492155185,70.6,61.2900009155273,10799785.0,
BDI,Burundi,2013,59.179,234.844770150871,74.9,,10439341.0,75.8
BDI,Burundi,2012,58.501,231.098787811507,79.6,,10071028.0,
BDI,Burundi,2011,57.804,230.069761381132,84.7,,9717978.0,
BDI,Burundi,2010,57.088,216.727705301976,90.2,,9376444.0,
BDI,Burundi,2009,56.422,198.431524048225,96.1,,8947646.0,
BDI,Burundi,2008,55.581,189.502074570768,102.6,48.0800018310547,8505637.0,
BDI,Burundi,2007,54.832,166.162744906755,109.5,,8161874.0,
BDI,Burundi,2006,53.962,161.892755640319,116.6,,7865547.0,81.5
BDI,Burundi,2005,53.053,147.234619294225,123.7,,7587299.0,
BDI,Burundi,2004,52.217,125.194965184533,130.4,,7310656.0,
BDI,Burundi,2003,50.997,111.406682804391,136.6,,7043154.0,
BDI,Burundi,2002,49.924,120.952308575468,142.3,,6824132.0,
BDI,Burundi,2001,48.509,132.159554541932,147.5,,6634365.0,
BDI,Burundi,2000,47.617,134.537861752389,152.4,59.2999992370605,6470194.0,
CPV,Cabo Verde,2023,76.059,4794.90119772843,11.6,,522331.0,
CPV,Cabo Verde,2022,75.907,4323.31362032709,12.1,,519741.0,
CPV,Cabo Verde,2021,74.424,3971.44409203423,12.7,,516649.0,
CPV,Cabo Verde,2020,73.818,3539.22661248299,13.3,,514679.0,
CPV,Cabo Verde,2019,75.449,4380.78117331128,14.1,,514104.0,
CPV,Cabo Verde,2018,74.84,4294.96510035729,15.1,,513415.0,
CPV,Cabo Verde,2017,74.71,3893.09571382506,16.2,,512893.0,
CPV,Cabo Verde,2016,74.35,3608.96605234906,17.6,,512554.0,
CPV,Cabo Verde,2015,74.096,3415.06266730931,19.2,86.7900009155273,512394.0,14.6
CPV,Cabo Verde,2014,73.788,3985.60706548134,20.9,,512326.0,
CPV,Cabo Verde,2013,73.481,3960.97596791345,22.6,,512225.0,
CPV,Cabo Verde,2012,73.315,3736.81517011087,24.2,85.3300018310547,511955.0,
CPV,Cabo Verde,2011,72.913,4002.01386888785,25.6,,511447.0,
CPV,Cabo Verde,2010,72.507,3579.46006137809,26.7,,509784.0,
CPV,Cabo Verde,2009,72.142,3659.72046361628,27.5,82.2189574366152,506141.0,
CPV,Cabo Verde,2008,71.888,3908.64885822576,27.9,,501355.0,
CPV,Cabo Verde,2007,71.487,3324.57675212498,28.1,,496190.0,26.2
CPV,Cabo Verde,2006,71.341,2256.99666191075,28.0,,490728.0,
CPV,Cabo Verde,2005,70.936,2004.14680417563,28.0,,485115.0,
CPV,Cabo Verde,2004,70.499,1929.49081468781,28.2,,479370.0,
CPV,Cabo Verde,2003,70.006,1717.97565369655,29.0,,473383.0,
CPV,Cabo Verde,2002,69.447,1328.57874270666,30.5,,467046.0,
CPV,Cabo Verde,2001,68.707,1223.33055331575,32.8,,460293.0,37.1
CPV,Cabo Verde,2000,68.117,1189.51479345891,36.0,,453317.0,
KHM,Cambodia,2023,70.668,2429.74853452838,19.1,,17423880.0,
KHM,Cambodia,2022,70.528,2325.03050040841,19.9,,17201724.0,
KHM,Cambodia,2021,69.301,2167.40324198499,20.8,71.9300003051758,16974305.0,
KHM,Cambodia,2020,70.059,2081.73914242939,21.8,82.5510430822563,16725474.0,
KHM,Cambodia,2019,70.127,2225.87705485686,22.8,87.6600036621094,16481304.0,
KHM,Cambodia,2018,69.993,2036.67377566578,24.1,,16274522.0,
KHM,Cambodia,2017,69.842,1826.35391688754,25.6,,16073372.0,
KHM,Cambodia,2016,69.635,1675.19555711109,27.5,,15852803.0,
KHM,Cambodia,2015,69.398,1547.32010444393,29.6,80.5299987792969,15623251.0,
KHM,Cambodia,2014,69.117,1431.56396469993,32.0,78.0599975585938,15396772.0,
KHM,Cambodia,2013,68.755,1305.6600972686,34.5,79.6500015258789,15170208.0,
KHM,Cambodia,2012,68.371,1192.80263041673,37.2,,14945085.0,
KHM,Cambodia,2011,67.869,1088.98152823081,40.3,,14722584.0,
KHM,Cambodia,2010,67.311,952.274616324008,43.5,,14500726.0,
KHM,Cambodia,2009,66.747,875.748936193569,47.0,76.1399993896484,14276810.0,
KHM,Cambodia,2008,66.147,866.283999789749,50.8,76.870002746582,14053479.0,
KHM,Cambodia,2007,65.549,731.692295125426,54.9,,13841770.0,
KHM,Cambodia,2006,64.886,612.252648550727,59.3,,13639028.0,
KHM,Cambodia,2005,64.113,525.797325120926,64.4,,13439202.0,
KHM,Cambodia,2004,63.256,444.199067529081,70.4,73.6100006103516,13244731.0,
KHM,Cambodia,2003,62.345,386.691123931778,77.5,,13050968.0,
KHM,Cambodia,2002,61.395,350.147276634294,86.2,,12855241.0,
KHM,Cambodia,2001,60.457,327.500984314444,96.0,,12658484.0,
KHM,Cambodia,2000,59.491,296.426687526334,105.2,,12462336.0,
CMR,Cameroon,2023,63.7,1720.47510154506,67.0,,28372687.0,
CMR,Cameroon,2022,62.443,1604.87726954895,69.4,,27632771.0,
CMR,Cameroon,2021,61.146,1672.32657340872,71.9,,26915758.0,26.7
CMR,Cameroon,2020,61.674,1555.60370660749,74.4,,26210558.0,
CMR,Cameroon,2019,61.695,1555.22660476477,76.6,,25506095.0,
CMR,Cameroon,2018,61.189,1610.69641591017,78.9,72.5500030517578,24806383.0,
CMR,Cameroon,2017,60.817,1496.08951771242,81.9,,24128601.0,
CMR,Cameroon,2016,60.293,1441.7201725688,85.1,,23454161.0,
CMR,Cameroon,2015,59.687,1415.00009710569,88.5,,22763414.0,
CMR,Cameroon,2014,59.13,1649.4433905949,92.4,,22059893.0,29.0
CMR,Cameroon,2013,58.73,1575.92882118897,96.5,,21402376.0,
CMR,Cameroon,2012,58.17,1449.09874362279,100.8,,20809529.0,
CMR,Cameroon,2011,57.482,1513.96056994878,105.2,,20232304.0,
CMR,Cameroon,2010,56.965,1398.58702025047,109.5,71.1900024414062,19668066.0,
CMR,Cameroon,2009,56.486,1461.38999232337,113.7,,19113974.0,
CMR,Cameroon,2008,56.116,1492.14269801453,117.2,,18574056.0,
CMR,Cameroon,2007,55.71,1325.67248215933,120.8,70.6800003051758,18049896.0,36.0
CMR,Cameroon,2006,55.301,1191.45458990968,124.2,,17550407.0,
CMR,Cameroon,2005,54.904,1142.62466252106,127.6,,17074594.0,
CMR,Cameroon,2004,54.578,1133.39326749673,130.9,,16610487.0,
CMR,Cameroon,2003,54.253,988.241276791846,134.3,,16160340.0,
CMR,Cameroon,2002,53.922,789.623811072554,137.6,,15725528.0,
CMR,Cameroon,2001,53.598,715.470296470585,141.0,,15309490.0,30.8
CMR,Cameroon,2000,53.338,708.565731625965,143.9,68.4100036621094,14912631.0,
CAN,Canada,2023,81.6263414634146,54847.5370112652,5.4,,40049088.0,
CAN,Canada,2022,81.0948780487805,56496.9275340663,5.3,,38950132.0,0.3
CAN,Canada,2021,81.4514634146342,52886.6407813788,5.2,,38239864.0,0.2
CAN,Canada,2020,81.53,43537.8981198851,5.2,,38028638.0,0.1
CAN,Canada,2019,82.1585365853659,46352.9695208927,5.2,,37618495.0,0.4
CAN,Canada,2018,81.8036585365854,46539.2177903178,5.2,,37072620.0,0.4
CAN,Canada,2017,81.8078048780488,45129.7335281051,5.2,,36545075.0,0.4
CAN,Canada,2016,81.94,42314.1033623905,5.3,,36110803.0,0.4
CAN,Canada,2015,81.8258536585366,43594.2379080706,5.3,,35704498.0,0.4
CAN,Canada,2014,81.7843902439025,50960.8942086685,5.4,,35434066.0,0.3
CAN,Canada,2013,81.7448780487805,52637.7313222622,5.5,,35080992.0,0.5
CAN,Canada,2012,81.6636585365854,52670.1429540952,5.6,,34713395.0,0.3
CAN,Canada,2011,81.4826829268293,52224.1237767406,5.6,,34339221.0,0.3
CAN,Canada,2010,81.3221951219512,47560.8378831258,5.7,,34005902.0,0.3
CAN,Canada,2009,81.0660975609756,40874.9612318547,5.8,,33630069.0,0.3
CAN,Canada,2008,80.7246341463415,46710.3654423328,5.9,,33247298.0,0.3
CAN,Canada,2007,80.5436585365854,44660.0838892281,6.0,,32888886.0,0.2
CAN,Canada,2006,80.5436585365854,40504.8490329826,6.0,,32571193.0,0.3
CAN,Canada,2005,80.1126829268293,36383.9671341396,6.1,,32242732.0,0.3
CAN,Canada,2004,79.9921951219512,32145.5653280273,6.1,,31938807.0,0.3
CAN,Canada,2003,79.7151219512195,28301.9097055898,6.2,,31642461.0,0.3
CAN,Canada,2002,79.5307317073171,24256.0598742201,6.2,,31359199.0,0.3
CAN,Canada,2001,79.3980487804878,23822.096210932,6.2,,31020855.0,0.3
CAN,Canada,2000,79.1668292682927,24271.0020563821,6.2,,30685730.0,0.4
CYM,Cayman Islands,2023,80.358,100065.233841107,,,73038.0,
CYM,Cayman Islands,2022,79.984,92937.8838323153,,,71591.0,
CYM,Cayman Islands,2021,79.3,86449.6749037302,,,70108.0,
CYM,Cayman Islands,2020,79.23,82338.7977439023,,,68684.0,
CYM,Cayman Islands,2019,79.052,88254.2903677044,,,67327.0,
CYM,Cayman Islands,2018,78.835,83865.5531568184,,,65941.0,
CYM,Cayman Islands,2017,78.615,80053.9444506891,,98.870002746582,64535.0,
CYM,Cayman Islands,2016,78.367,77802.2541567187,,,63100.0,
CYM,Cayman Islands,2015,78.119,76379.2095108681,,,61642.0,
CYM,Cayman Islands,2014,77.865,75845.3060407986,,,60160.0,
CYM,Cayman Islands,2013,77.652,75113.7332398618,,,58655.0,
CYM,Cayman Islands,2012,77.121,75101.59136128,,,57136.0,
CYM,Cayman Islands,2011,76.562,75280.960764889,,,55606.0,
CYM,Cayman Islands,2010,76.069,76837.6699636672,,,54099.0,
CYM,Cayman Islands,2009,75.671,81373.5711516642,,,52618.0,
CYM,Cayman Islands,2008,75.386,89655.1196222184,,,51151.0,
CYM,Cayman Islands,2007,75.152,89888.2618212462,,98.870002746582,49687.0,
CYM,Cayman Islands,2006,75.0,87085.0937376216,,,48232.0,
CYM,Cayman Islands,2005,74.863,,,,46788.0,
CYM,Cayman Islands,2004,74.596,,,,45352.0,
CYM,Cayman Islands,2003,74.639,,,,43934.0,
CYM,Cayman Islands,2002,74.609,,,,42514.0,
CYM,Cayman Islands,2001,74.529,,,,41089.0,
CYM,Cayman Islands,2000,74.378,,,,39674.0,
CAF,Central African Republic,2023,57.408,495.978897288721,92.6,,5152421.0,
CAF,Central African Republic,2022,18.818,467.359825026238,424.6,,5098039.0,
CAF,Central African Republic,2021,40.279,492.263142830507,178.7,,5112100.0,71.6
CAF,Central African Republic,2020,50.596,462.879071294011,124.2,,5026628.0,
CAF,Central African Republic,2019,31.53,449.228467602439,254.7,42.439998626709,4944703.0,
CAF,Central African Republic,2018,52.297,455.243962859534,120.2,,4878657.0,
CAF,Central African Republic,2017,45.231,432.324025684263,155.2,,4793511.0,
CAF,Central African Republic,2016,50.999,387.176203444318,126.8,,4713663.0,
CAF,Central African Republic,2015,51.934,366.322853938121,113.7,,4629320.0,
CAF,Central African Republic,2014,40.265,409.8504859647,186.8,,4623182.0,
CAF,Central African Republic,2013,49.487,364.36696260838,134.2,,4642419.0,
CAF,Central African Republic,2012,51.336,544.395849142785,121.9,,4610848.0,
CAF,Central African Republic,2011,50.107,534.057281471636,125.1,,4565021.0,
CAF,Central African Republic,2010,46.871,476.873786950728,150.7,,4492995.0,
CAF,Central African Republic,2009,14.665,456.471673898404,489.3,,4529047.0,
CAF,Central African Republic,2008,49.873,437.24827472489,135.5,,4558984.0,67.3
CAF,Central African Republic,2007,49.327,380.887048839475,139.3,,4462770.0,
CAF,Central African Republic,2006,48.687,333.942519903031,143.5,,4377579.0,
CAF,Central African Republic,2005,48.207,311.950023138687,147.9,,4288810.0,
CAF,Central African Republic,2004,47.696,303.461321152782,151.8,,4192826.0,
CAF,Central African Republic,2003,47.306,278.403992150941,155.6,,4103086.0,
CAF,Central African Republic,2002,46.84,248.639290978403,159.0,,4006077.0,
CAF,Central African Republic,2001,46.734,237.951702544735,162.5,,3919487.0,
CAF,Central African Republic,2000,46.609,239.154133726071,165.5,50.6500015258789,3833416.0,
TCD,Chad,2023,55.069,949.991054236266,100.6,,19319064.0,
TCD,Chad,2022,54.528,966.036468278568,103.9,,18455316.0,39.5
TCD,Chad,2021,53.136,946.358500208374,107.3,,17828273.0,
TCD,Chad,2020,53.082,866.947814890409,110.6,,17224679.0,
TCD,Chad,2019,52.993,893.336441643325,114.0,30.6299991607666,16685223.0,
TCD,Chad,2018,52.447,948.656629871231,117.6,,16156531.0,41.9
TCD,Chad,2017,51.875,854.46120040098,121.4,,15622759.0,
TCD,Chad,2016,51.603,861.831767630746,125.0,22.3099994659424,15114655.0,
TCD,Chad,2015,51.32,993.990730610869,128.7,,14647621.0,
TCD,Chad,2014,51.141,1278.78981422494,132.3,,14188678.0,
TCD,Chad,2013,51.051,1304.88742971475,135.8,,13691079.0,
TCD,Chad,2012,50.765,1354.34344701937,139.3,,13210998.0,
TCD,Chad,2011,50.426,1308.1421872538,142.9,,12754997.0,45.2
TCD,Chad,2010,50.107,1141.80069268412,146.7,,12312575.0,
TCD,Chad,2009,49.828,1035.63719694254,150.5,,11893754.0,
TCD,Chad,2008,49.503,1166.36883453841,154.3,,11476296.0,
TCD,Chad,2007,49.21,980.483531485103,158.1,,11081660.0,
TCD,Chad,2006,48.747,906.897260572747,161.8,,10706424.0,
TCD,Chad,2005,48.86,838.092107712557,165.4,,10328092.0,
TCD,Chad,2004,48.687,445.850767157087,168.8,28.3799991607666,9920036.0,
TCD,Chad,2003,48.609,289.087621122168,172.3,,9487833.0,66.7
TCD,Chad,2002,48.36,219.061391951349,175.6,,9116192.0,
TCD,Chad,2001,48.306,194.32295331156,179.0,,8804124.0,
TCD,Chad,2000,47.937,163.121663683369,182.4,25.6499996185303,8512093.0,
CHI,Channel Islands,2023,81.1,74585.5224096294,,,167691.0,
CHI,Channel Islands,2022,81.0,67627.1417347907,,,167215.0,
CHI,Channel Islands,2021,80.3,66915.3963925722,,,166741.0,
CHI,Channel Islands,2020,80.9,56785.9402005039,,,166235.0,
CHI,Channel Islands,2019,81.2,60564.6293993681,,,165639.0,
CHI,Channel Islands,2018,81.1,60784.8125397162,,,164949.0,
CHI,Channel Islands,2017,81.0,55806.3554257428,,,164319.0,
CHI,Channel Islands,2016,81.2,55947.579811974,,,163883.0,
CHI,Channel Islands,2015,81.4,61847.8212238857,,,163454.0,
CHI,Channel Islands,2014,81.6,64697.5485024325,,,162726.0,
CHI,Channel Islands,2013,81.5,59308.4666588674,,,161777.0,
CHI,Channel Islands,2012,81.3,58809.5698945413,,,160767.0,
CHI,Channel Islands,2011,81.4,60415.2632075658,,,159706.0,
CHI,Channel Islands,2010,81.2,56123.4597963451,,,158621.0,
CHI,Channel Islands,2009,81.0,57778.5407063052,,,157511.0,
CHI,Channel Islands,2008,80.8,,,,156408.0,
CHI,Channel Islands,2007,80.6,74139.97799443,,,155309.0,
CHI,Channel Islands,2006,80.4,62745.1006593557,,,154214.0,
CHI,Channel Islands,2005,80.1,57647.1188908006,,,153126.0,
CHI,Channel Islands,2004,79.8,56259.5344226334,,,152039.0,
CHI,Channel Islands,2003,79.4,48570.7796632166,,,150960.0,
CHI,Channel Islands,2002,79.1,44459.7318188977,,,149881.0,
CHI,Channel Islands,2001,79.0,41873.7406146127,,,148850.0,
CHI,Channel Islands,2000,78.8,43479.1940767689,,,148110.0,
CHL,Chile,2023,81.167,17081.5180740049,6.9,,19658835.0,
CHL,Chile,2022,79.176,15399.1044717559,6.8,,19553036.0,0.6
CHL,Chile,2021,78.876,16216.1840860289,6.7,,19456334.0,
CHL,Chile,2020,79.349,13117.9930230086,6.8,,19370624.0,1.7
CHL,Chile,2019,80.324,14496.9345640362,7.0,,19197744.0,
CHL,Chile,2018,80.559,15659.4808675628,7.3,,18893191.0,
CHL,Chile,2017,80.61,14879.9086227187,7.6,96.4000015258789,18558868.0,0.5
CHL,Chile,2016,80.295,13649.8520452803,7.7,,18267221.0,
CHL,Chile,2015,80.008,13433.9202987032,7.9,96.870002746582,18047625.0,0.7
CHL,Chile,2014,79.714,14529.6767206336,8.1,,17864195.0,
CHL,Chile,2013,79.551,15683.5486369155,8.3,96.2699966430664,17687006.0,0.8
CHL,Chile,2012,79.221,15241.9069981119,8.4,,17519119.0,
CHL,Chile,2011,79.236,14487.3927832032,8.6,96.6999969482422,17351816.0,1.7
CHL,Chile,2010,79.095,12632.8704724192,8.7,,17181464.0,
CHL,Chile,2009,78.89,10098.8017167286,8.8,,17009731.0,2.6
CHL,Chile,2008,78.752,10683.2188772511,8.8,,16838988.0,
CHL,Chile,2007,78.652,10346.4138184533,8.9,,16671581.0,
CHL,Chile,2006,78.533,9318.65655296121,9.0,,16509195.0,3.3
CHL,Chile,2005,78.459,7480.32330998636,9.1,,16348778.0,
CHL,Chile,2004,78.276,6120.59152055344,9.2,,16187322.0,
CHL,Chile,2003,77.884,4773.40177520754,9.4,,16024752.0,7.9
CHL,Chile,2002,77.84,4430.84741157984,9.8,95.7200012207031,15857925.0,
CHL,Chile,2001,77.58,4563.5952986689,10.3,,15683849.0,
CHL,Chile,2000,77.128,5052.99245766325,10.9,,15503635.0,8.6
CHN,China,2023,77.953,12951.1782397043,6.1,,1410710000.0,
CHN,China,2022,78.202,12970.6056414327,6.6,,1412175000.0,0.0
CHN,China,2021,78.117,12887.4357242941,7.0,,1412360000.0,0.0
CHN,China,2020,78.019,10627.4637989619,7.5,96.7399978637695,1411100000.0,0.0
CHN,China,2019,77.94,10342.9009524335,8.0,,1407745000.0,0.0
CHN,China,2018,77.709,10085.6638148819,8.6,,1402760000.0,0.7
CHN,China,2017,77.235,8979.67652709856,9.3,,1396215000.0,1.6
CHN,China,2016,77.214,8254.86859320357,10.0,,1387790000.0,2.1
CHN,China,2015,76.975,8175.33285077393,10.7,,1379860000.0,2.9
CHN,China,2014,76.714,7781.06597484974,11.6,,1371860000.0,4.6
CHN,China,2013,76.452,7147.03518622344,12.5,,1363240000.0,6.0
CHN,China,2012,76.2,6405.0574241349,13.5,,1354190000.0,12.9
CHN,China,2011,75.889,5703.76027973346,14.6,,1345035000.0,15.3
CHN,China,2010,75.668,4629.24551710077,15.7,95.120002746582,1337705000.0,20.6
CHN,China,2009,75.317,3898.24459158811,17.1,,1331260000.0,
CHN,China,2008,74.833,3523.44302065213,18.5,,1324655000.0,26.1
CHN,China,2007,74.789,2734.72709877693,20.1,,1317885000.0,
CHN,China,2006,74.404,2129.25696999613,21.9,,1311020000.0,
CHN,China,2005,74.085,1777.64496828464,24.0,,1303720000.0,32.9
CHN,China,2004,73.727,1530.92726215723,26.3,,1296075000.0,
CHN,China,2003,73.385,1306.97245408557,28.8,,1288400000.0,
CHN,China,2002,73.034,1163.55957673426,31.4,,1280400000.0,47.8
CHN,China,2001,72.675,1065.40597574519,34.1,,1271850000.0,
CHN,China,2000,72.288,969.199513696287,36.6,90.9199981689453,1262645000.0,
COL,Colombia,2023,77.725,7012.49169137756,11.9,95.4566254983696,52321152.0,8.6
COL,Colombia,2022,76.508,6680.44506854481,12.3,95.31030793119,51737944.0,9.3
COL,Colombia,2021,72.698,6222.62164397614,12.7,95.6606500324449,51188173.0,11.2
COL,Colombia,2020,74.757,5339.68711357943,13.1,95.6399993896484,50629997.0,15.8
COL,Colombia,2019,76.793,6472.54544924705,13.5,95.25,49907985.0,11.3
COL,Colombia,2018,76.579,6816.96818309544,14.0,95.0899963378906,49024465.0,9.8
COL,Colombia,2017,76.418,6479.53231292429,14.5,94.8873885601748,48131078.0,9.5
COL,Colombia,2016,76.228,5959.84250367574,15.0,94.6500015258789,47437512.0,10.1
COL,Colombia,2015,76.067,6248.51490534512,15.5,94.25,46969940.0,10.2
COL,Colombia,2014,75.95,8187.20824890084,16.0,94.1900024414062,46565429.0,10.9
COL,Colombia,2013,75.834,8279.10255642981,16.5,,46151584.0,11.8
COL,Colombia,2012,75.611,8108.59838244229,17.1,,45715810.0,12.7
COL,Colombia,2011,75.18,7400.9940695669,17.6,93.5800018310547,45259614.0,11.3
COL,Colombia,2010,74.876,6398.2958447102,18.2,93.370002746582,44777319.0,13.3
COL,Colombia,2009,74.531,5250.97292433518,18.8,93.2399978637695,44271541.0,15.1
COL,Colombia,2008,74.206,5541.83629665898,19.5,93.379997253418,43758808.0,16.3
COL,Colombia,2007,73.751,4769.926147194,20.1,92.6500015258789,43235374.0,
COL,Colombia,2006,73.497,3789.85361217027,20.7,92.3000030517578,42691084.0,
COL,Colombia,2005,73.156,3456.06610874512,21.4,92.8499984741211,42128977.0,16.8
COL,Colombia,2004,72.76,2818.57195413044,22.1,92.8000030517578,41543171.0,19.2
COL,Colombia,2003,72.309,2311.94218760291,22.7,,40937429.0,19.8
COL,Colombia,2002,71.537,2428.92969771584,23.5,,40324680.0,21.2
COL,Colombia,2001,71.185,2472.99084035833,24.2,,39709262.0,29.6
COL,Colombia,2000,70.905,2555.00751039968,25.0,,39089934.0,23.9
COM,Comoros,2023,66.777,1723.89474946474,40.2,,850387.0,
COM,Comoros,2022,66.481,1533.87755393614,41.4,,834188.0,
COM,Comoros,2021,65.201,1587.72988658008,42.6,75.6201980162165,818174.0,
COM,Comoros,2020,65.756,1527.16991011916,43.7,,802163.0,8.9
COM,Comoros,2019,65.662,1519.26386436068,44.8,,786578.0,
COM,Comoros,2018,65.401,1540.71132257526,45.8,,771590.0,
COM,Comoros,2017,65.127,1423.9248027797,46.9,,756669.0,
COM,Comoros,2016,64.792,1365.48403444497,47.9,,741741.0,
COM,Comoros,2015,64.473,1329.37048235986,48.9,,726682.0,
COM,Comoros,2014,64.143,1615.71709756316,50.0,73.6494960644007,711503.0,31.4
COM,Comoros,2013,63.839,1603.32653496691,51.2,,696192.0,
COM,Comoros,2012,63.463,1490.31425650871,52.5,,681630.0,
COM,Comoros,2011,63.105,1531.43969320468,54.0,,668056.0,
COM,Comoros,2010,62.747,1386.57533553376,55.6,,654836.0,
COM,Comoros,2009,62.302,1410.30516959473,57.3,,641947.0,
COM,Comoros,2008,61.955,1455.02768595586,59.2,,629307.0,
COM,Comoros,2007,61.475,1289.73631056361,61.2,,616927.0,
COM,Comoros,2006,61.229,1138.47908404345,63.4,,604753.0,
COM,Comoros,2005,60.883,1105.78796866788,65.8,,592677.0,
COM,Comoros,2004,60.557,1072.28409029621,68.3,,580704.0,24.3
COM,Comoros,2003,60.24,959.691049354812,71.0,,569798.0,
COM,Comoros,2002,59.723,764.61349832543,73.8,,558923.0,
COM,Comoros,2001,59.587,681.163857619963,76.8,,547220.0,
COM,Comoros,2000,58.941,633.309032776244,79.9,68.25,536080.0,
COD,"Congo, Dem. Rep.",2023,61.895,660.21205238997,91.3,68.5,105789731.0,
COD,"Congo, Dem. Rep.",2022,60.979,687.738587554685,92.5,,102396968.0,
COD,"Congo, Dem. Rep.",2021,60.044,595.743074403567,92.9,,99148932.0,
COD,"Congo, Dem. Rep.",2020,60.428,486.425572682256,92.7,65.6828744335957,95989998.0,85.3
COD,"Congo, Dem. Rep.",2019,60.242,504.00419142286,92.2,,92947442.0,
COD,"Congo, Dem. Rep.",2018,59.926,518.169626875371,91.7,73.5500030517578,90047644.0,
COD,"Congo, Dem. Rep.",2017,59.495,431.052559128788,91.5,,87083398.0,
COD,"Congo, Dem. Rep.",2016,59.081,459.765036590388,91.5,77.0400009155273,83956415.0,
COD,"Congo, Dem. Rep.",2015,58.658,495.826633014883,91.9,,81035531.0,
COD,"Congo, Dem. Rep.",2014,58.236,489.175952097319,92.7,,78403242.0,
COD,"Congo, Dem. Rep.",2013,57.795,460.370334930107,94.1,,75789395.0,
COD,"Congo, Dem. Rep.",2012,57.35,409.931424783784,95.9,75.0199966430664,73254618.0,78.9
COD,"Congo, Dem. Rep.",2011,56.911,372.514273875789,98.3,,70849311.0,
COD,"Congo, Dem. Rep.",2010,56.411,352.400398754692,101.4,,68563038.0,
COD,"Congo, Dem. Rep.",2009,55.798,280.178991035792,105.0,,66412044.0,
COD,"Congo, Dem. Rep.",2008,55.388,352.900363371995,109.2,,64390664.0,
COD,"Congo, Dem. Rep.",2007,54.954,294.101615124419,113.8,,62477752.0,
COD,"Congo, Dem. Rep.",2006,54.498,255.445229568751,118.9,,60615908.0,
COD,"Congo, Dem. Rep.",2005,54.001,214.539740473519,124.4,,58775724.0,
COD,"Congo, Dem. Rep.",2004,53.534,180.664764963633,159.4,,56997741.0,94.9
COD,"Congo, Dem. Rep.",2003,52.952,161.491553524396,165.9,,55343867.0,
COD,"Congo, Dem. Rep.",2002,52.371,162.38052907429,172.2,,53750524.0,
COD,"Congo, Dem. Rep.",2001,52.205,142.678142604412,178.4,67.1699981689453,52132646.0,
COD,"Congo, Dem. Rep.",2000,51.887,377.925421481395,184.6,,50507442.0,
COG,"Congo, Rep.",2023,65.772,2477.97845544866,40.3,,6182885.0,
COG,"Congo, Rep.",2022,65.0,2620.83804267402,41.5,,6035104.0,
COG,"Congo, Rep.",2021,64.192,2516.16255145432,43.0,,5892183.0,
COG,"Congo, Rep.",2020,64.391,1993.586671931,44.5,,5752791.0,
COG,"Congo, Rep.",2019,63.152,2488.42466724916,52.2,,5616661.0,
COG,"Congo, Rep.",2018,64.472,2694.43413191427,47.6,,5483118.0,
COG,"Congo, Rep.",2017,64.203,2211.63309874797,49.3,,5351011.0,
COG,"Congo, Rep.",2016,63.911,2093.10728558843,51.0,,5222536.0,
COG,"Congo, Rep.",2015,63.662,2439.35189403696,52.7,,5097581.0,
COG,"Congo, Rep.",2014,63.349,3601.2365808718,54.5,,4975880.0,
COG,"Congo, Rep.",2013,62.969,3697.41705884249,56.2,,4857099.0,
COG,"Congo, Rep.",2012,62.662,3732.32737320389,57.9,,4740450.0,
COG,"Congo, Rep.",2011,62.286,3396.16505817952,60.0,,4609724.0,39.2
COG,"Congo, Rep.",2010,61.731,2946.55798067708,62.4,,4462290.0,
COG,"Congo, Rep.",2009,61.215,2271.15219175966,65.3,,4281219.0,
COG,"Congo, Rep.",2008,60.79,2832.09177777643,69.2,,4113517.0,
COG,"Congo, Rep.",2007,60.05,2206.47101863414,73.9,,3980430.0,
COG,"Congo, Rep.",2006,59.474,2103.5821381211,79.5,,3837409.0,
COG,"Congo, Rep.",2005,58.73,1799.05158366154,85.7,76.1100006103516,3696393.0,54.5
COG,"Congo, Rep.",2004,57.957,1306.10136324599,92.3,,3565554.0,
COG,"Congo, Rep.",2003,57.131,1016.82363412143,98.9,,3445753.0,
COG,"Congo, Rep.",2002,56.414,905.538135544704,104.6,,3350771.0,
COG,"Congo, Rep.",2001,55.885,854.598314408095,109.3,,3272537.0,
COG,"Congo, Rep.",2000,55.371,1024.30159109181,112.5,,3151345.0,
CRI,Costa Rica,2023,80.799,17140.771430122,10.1,,5105525.0,1.5
CRI,Costa Rica,2022,79.316,13971.7649991294,9.9,,5081765.0,1.6
CRI,Costa Rica,2021,78.05,12962.2716075659,9.6,,5059988.0,2.2
CRI,Costa Rica,2020,79.725,12475.6852076814,9.3,,5034320.0,3.4
CRI,Costa Rica,2019,80.296,12951.8588421841,9.1,,4999553.0,1.7
CRI,Costa Rica,2018,80.09,12620.0207321581,9.0,,4957818.0,2.3
CRI,Costa Rica,2017,79.994,12317.0902779911,8.9,,4913177.0,1.7
CRI,Costa Rica,2016,79.988,12091.0301560892,8.9,,4866998.0,2.4
CRI,Costa Rica,2015,80.407,11714.7106121672,9.0,,4818038.0,2.4
CRI,Costa Rica,2014,80.231,10911.4978703456,9.2,,4767119.0,2.4
CRI,Costa Rica,2013,80.189,10803.2401795009,9.5,,4716147.0,2.6
CRI,Costa Rica,2012,79.925,10126.9991155066,9.8,,4663934.0,2.6
CRI,Costa Rica,2011,79.624,9276.39109377477,10.2,97.4100036621094,4609833.0,2.7
CRI,Costa Rica,2010,79.354,8265.78820580299,10.5,,4555962.0,2.2
CRI,Costa Rica,2009,79.372,6832.69828187486,10.7,,4499791.0,3.6
CRI,Costa Rica,2008,79.18,6937.24261660254,10.9,,4440056.0,3.4
CRI,Costa Rica,2007,79.098,6137.71199435022,11.1,,4380248.0,3.1
CRI,Costa Rica,2006,79.049,5256.59641275583,11.2,,4321340.0,5.2
CRI,Costa Rica,2005,78.877,4703.00720463794,11.3,,4261240.0,5.0
CRI,Costa Rica,2004,78.512,4431.01172024063,11.5,,4200078.0,6.6
CRI,Costa Rica,2003,78.214,4173.14853766977,11.8,,4138784.0,6.9
CRI,Costa Rica,2002,77.939,4067.71854177094,12.2,,4075705.0,6.6
CRI,Costa Rica,2001,77.609,3985.12987980056,12.6,,4008947.0,7.6
CRI,Costa Rica,2000,77.317,3812.75386183689,13.1,94.870002746582,3937739.0,9.8
CIV,Cote d'Ivoire,2023,61.944,2591.9659048119,66.5,,31165654.0,
CIV,Cote d'Ivoire,2022,61.562,2333.37128301259,68.7,,30395002.0,
CIV,Cote d'Ivoire,2021,60.29,2455.98127641148,70.8,50.0,29639736.0,20.8
CIV,Cote d'Ivoire,2020,60.14,2179.72934832935,73.0,,28915449.0,
CIV,Cote d'Ivoire,2019,60.274,2141.76836170115,75.3,56.9592400560829,28193009.0,
CIV,Cote d'Ivoire,2018,59.795,2130.86619381144,77.9,,27464173.0,21.7
CIV,Cote d'Ivoire,2017,59.315,1964.29930338343,80.5,,26733372.0,
CIV,Cote d'Ivoire,2016,58.814,1862.59597081287,83.0,50.0400009155273,25989405.0,
CIV,Cote d'Ivoire,2015,58.281,1814.71855088017,85.5,,25246342.0,46.6
CIV,Cote d'Ivoire,2014,57.772,1991.36539423404,88.6,43.9099998474121,24527395.0,
CIV,Cote d'Ivoire,2013,57.057,1786.15862031324,92.0,,23939775.0,
CIV,Cote d'Ivoire,2012,56.57,1546.9460184731,95.3,,23467078.0,
CIV,Cote d'Ivoire,2011,55.972,1596.62826565998,98.4,,22982000.0,
CIV,Cote d'Ivoire,2010,55.282,1553.54887048143,101.6,,22488065.0,
CIV,Cote d'Ivoire,2009,54.744,1540.45393569596,105.2,,21997940.0,
CIV,Cote d'Ivoire,2008,54.179,1583.97066701372,109.0,,21514439.0,47.0
CIV,Cote d'Ivoire,2007,53.452,1367.53817722326,113.5,,21030558.0,
CIV,Cote d'Ivoire,2006,52.885,1230.43056838584,117.4,,20546802.0,
CIV,Cote d'Ivoire,2005,52.432,1197.74616979415,121.2,,20068458.0,
CIV,Cote d'Ivoire,2004,51.939,1199.82524528546,125.3,,19595000.0,
CIV,Cote d'Ivoire,2003,51.443,1111.17135087887,129.2,,19125542.0,
CIV,Cote d'Ivoire,2002,51.544,967.815864415991,133.1,,18654771.0,43.9
CIV,Cote d'Ivoire,2001,51.428,924.727294962066,136.9,,18178913.0,
CIV,Cote d'Ivoire,2000,51.393,936.636541348798,140.4,48.7400016784668,17699004.0,
HRV,Croatia,2023,78.4731707317073,22183.4982258492,5.1,,3859686.0,0.3
HRV,Croatia,2022,77.5756097560976,18465.531473659,4.6,,3855641.0,0.4
HRV,Croatia,2021,76.4243902439025,17788.7601163765,4.6,,3878981.0,0.3
HRV,Croatia,2020,77.5243902439024,14807.5559227544,4.7,,3914206.0,0.4
HRV,Croatia,2019,78.2243902439024,15563.7354996625,4.7,,3949390.0,0.4
HRV,Croatia,2018,77.919512195122,15460.4560798984,4.8,,3988775.0,0.5
HRV,Croatia,2017,77.7268292682927,13901.6498657787,4.8,,4041407.0,0.6
HRV,Croatia,2016,77.9219512195122,12820.1872746645,4.9,,4106867.0,0.9
HRV,Croatia,2015,77.2756097560976,12283.8750299177,4.9,,4151725.0,0.7
HRV,Croatia,2014,77.7243902439024,14186.7712230471,5.0,,4201598.0,1.2
HRV,Croatia,2013,77.5707317073171,14135.0903485872,5.1,,4233922.0,1.2
HRV,Croatia,2012,77.1682926829268,13507.6349882758,5.2,,4260368.0,1.1
HRV,Croatia,2011,76.7756097560976,14691.591757962,5.3,,4280622.0,1.0
HRV,Croatia,2010,76.4756097560976,13729.7472872883,5.5,,4295427.0,1.4
HRV,Croatia,2009,76.1682926829268,14474.52513863,5.7,,4305181.0,1.0
HRV,Croatia,2008,75.9121951219512,15888.1184388903,5.9,,4309705.0,0.0
HRV,Croatia,2007,75.7056097560976,13755.8149054063,6.2,,4310217.0,
HRV,Croatia,2006,75.8368292682927,11501.2327422844,6.4,,4311159.0,
HRV,Croatia,2005,75.2446341463415,10443.4484003498,6.7,,4310145.0,
HRV,Croatia,2004,75.520243902439,9718.92771524605,7.1,,4304600.0,0.0
HRV,Croatia,2003,74.6139024390244,8189.99059314699,8.2,,4303399.0,
HRV,Croatia,2002,74.7173170731707,6219.56093667781,7.7,,4302174.0,
HRV,Croatia,2001,74.5129268292683,5364.88188501029,8.0,98.1500015258789,4299642.0,0.0
HRV,Croatia,2000,72.8078048780488,4953.57515008131,8.3,,4468302.0,0.0
CUB,Cuba,2023,78.085,,8.2,,11019931.0,
CUB,Cuba,2022,77.629,,7.8,,11059820.0,
CUB,Cuba,2021,73.201,,7.5,,11122168.0,
CUB,Cuba,2020,77.407,9605.27914559614,7.2,,11176354.0,
CUB,Cuba,2019,77.413,9232.26115935183,6.9,97.6500015258789,11202846.0,
CUB,Cuba,2018,77.426,8911.46205998726,6.6,,11227118.0,
CUB,Cuba,2017,77.3,8610.60829605429,6.4,,11247829.0,
CUB,Cuba,2016,77.571,8110.55874283616,6.3,,11265612.0,
CUB,Cuba,2015,77.745,7727.91997207998,6.1,,11275065.0,
CUB,Cuba,2014,77.825,7146.70459051328,6.1,,11285775.0,
CUB,Cuba,2013,78.028,6828.36428245396,6.0,,11298167.0,
CUB,Cuba,2012,78.162,6470.83673392653,6.1,99.6699981689453,11303175.0,
CUB,Cuba,2011,78.051,6104.46105236166,6.1,,11301571.0,
CUB,Cuba,2010,77.876,5272.26755824835,6.2,,11297409.0,
CUB,Cuba,2009,77.584,5089.23519757167,6.3,,11294719.0,
CUB,Cuba,2008,77.589,4986.12436479175,6.5,,11291762.0,
CUB,Cuba,2007,77.55,4807.43888960684,6.6,,11287272.0,
CUB,Cuba,2006,77.406,4329.98265964383,6.8,,11278550.0,
CUB,Cuba,2005,77.54,3786.33799225291,7.1,,11262554.0,
CUB,Cuba,2004,77.326,3399.21962893402,7.3,,11238756.0,
CUB,Cuba,2003,77.405,3202.78109865637,7.6,,11209383.0,
CUB,Cuba,2002,76.766,3005.21104247868,7.9,99.8000030517578,11177418.0,
CUB,Cuba,2001,76.429,2842.96704310394,8.2,,11144132.0,
CUB,Cuba,2000,75.922,2751.3817714814,8.6,,11109109.0,
CUW,Curacao,2023,76.8,21217.8109173312,,,154654.0,
CUW,Curacao,2022,76.729,20057.1404960105,,,153321.0,
CUW,Curacao,2021,75.686,17795.5826483092,,,153948.0,
CUW,Curacao,2020,76.501,16299.8134688605,,,155482.0,
CUW,Curacao,2019,76.492,19220.6866958303,,,157441.0,
CUW,Curacao,2018,76.493,19119.1243941688,,,159336.0,
CUW,Curacao,2017,76.423,18938.2440469703,,,160175.0,
CUW,Curacao,2016,76.322,18944.0961493998,,,159664.0,
CUW,Curacao,2015,76.482,19361.8130008678,,,157980.0,
CUW,Curacao,2014,76.384,19623.029993395,,,155909.0,
CUW,Curacao,2013,76.239,19721.2921646576,,,153822.0,
CUW,Curacao,2012,75.96,19809.8223198624,,,152088.0,
CUW,Curacao,2011,75.576,19426.326382752,,,150831.0,
CUW,Curacao,2010,75.117,19847.2310127979,,,148703.0,
CUW,Curacao,2009,74.485,19540.2476579348,,,146833.0,
CUW,Curacao,2008,74.314,19423.3352430175,,,145880.0,
CUW,Curacao,2007,74.137,18005.7165850772,,,144056.0,
CUW,Curacao,2006,73.978,17400.1637780186,,,141239.0,
CUW,Curacao,2005,73.873,17032.3356620744,,,137658.0,
CUW,Curacao,2004,73.735,16671.3403391655,,,134192.0,
CUW,Curacao,2003,73.603,16695.7351137757,,,131897.0,
CUW,Curacao,2002,73.472,16723.6925253468,,,129205.0,
CUW,Curacao,2001,73.36,16609.8454536485,,,129047.0,
CUW,Curacao,2000,73.283,15841.2612359949,,,133860.0,
CYP,Cyprus,2023,81.648,36623.70703125,4.6,,1344976.0,0.0
CYP,Cyprus,2022,80.434,33231.05078125,4.1,,1331370.0,0.0
CYP,Cyprus,2021,80.573,32937.8359375,3.7,,1317309.0,0.0
CYP,Cyprus,2020,81.23,28130.330078125,3.3,,1302247.0,0.0
CYP,Cyprus,2019,81.454,29227.16796875,3.0,,1286671.0,0.2
CYP,Cyprus,2018,81.556,29120.38671875,2.7,,1270737.0,0.1
CYP,Cyprus,2017,81.543,26247.46484375,2.6,,1254275.0,0.1
CYP,Cyprus,2016,81.534,24280.044921875,2.5,,1237112.0,0.1
CYP,Cyprus,2015,81.464,23088.4296875,2.5,,1219502.0,0.0
CYP,Cyprus,2014,81.337,26993.095703125,2.6,,1201801.0,0.1
CYP,Cyprus,2013,81.317,27764.7265625,2.7,,1183895.0,0.1
CYP,Cyprus,2012,81.128,28991.9296875,2.8,,1165397.0,0.0
CYP,Cyprus,2011,80.855,32485.8046875,3.0,98.6800003051758,1146493.0,0.0
CYP,Cyprus,2010,80.632,31105.02734375,3.2,,1127816.0,0.1
CYP,Cyprus,2009,80.375,32236.462890625,3.5,,1109371.0,0.1
CYP,Cyprus,2008,79.906,35541.88671875,3.8,,1091026.0,0.0
CYP,Cyprus,2007,79.798,31244.87890625,4.1,,1072714.0,0.0
CYP,Cyprus,2006,79.456,26729.28125,4.4,,1054418.0,0.0
CYP,Cyprus,2005,79.198,24959.26171875,4.7,,1036151.0,0.1
CYP,Cyprus,2004,79.007,23792.619140625,5.1,,1017875.0,0.1
CYP,Cyprus,2003,78.908,20252.24609375,5.4,,999590.0,
CYP,Cyprus,2002,78.758,16093.2158203125,5.8,,981440.0,
CYP,Cyprus,2001,78.185,14821.44921875,6.2,96.8000030517578,964127.0,
CYP,Cyprus,2000,77.9,14388.3525390625,6.6,,947667.0,
CZE,Czechia,2023,79.8268292682927,31761.5944102491,2.6,,10864042.0,0.0
CZE,Czechia,2022,78.9292682926829,28282.2236715857,2.7,,10672118.0,0.0
CZE,Czechia,2021,77.2219512195122,27696.4619527544,2.8,,10505772.0,0.1
CZE,Czechia,2020,78.2268292682927,23472.8915454417,2.9,,10697858.0,0.0
CZE,Czechia,2019,79.2292682926829,24062.7190013343,3.0,,10671870.0,0.0
CZE,Czechia,2018,79.0292682926829,23705.9329811299,3.1,,10629928.0,0.0
CZE,Czechia,2017,78.9780487804878,20913.197632212,3.2,,10594438.0,0.0
CZE,Czechia,2016,79.0268292682927,18753.9686718096,3.2,,10566332.0,0.0
CZE,Czechia,2015,78.5780487804878,17931.5987670768,3.2,,10546059.0,0.0
CZE,Czechia,2014,78.8243902439024,20038.4163180257,3.1,,10525347.0,0.0
CZE,Czechia,2013,78.1756097560976,20260.4954999375,3.1,,10514272.0,0.0
CZE,Czechia,2012,78.0756097560976,20014.0354015165,3.2,,10510785.0,0.1
CZE,Czechia,2011,77.8731707317073,22049.1080788682,3.3,,10496088.0,0.1
CZE,Czechia,2010,77.4243902439025,20160.4355077059,3.4,,10474410.0,0.0
CZE,Czechia,2009,77.0780487804878,19817.4215836554,3.5,,10443936.0,0.0
CZE,Czechia,2008,76.9756097560976,22774.7045076205,3.7,,10384603.0,0.1
CZE,Czechia,2007,76.7243902439025,18452.6532812196,3.9,,10298828.0,0.1
CZE,Czechia,2006,76.5243902439024,15259.0788162004,4.1,,10238905.0,0.1
CZE,Czechia,2005,75.9243902439025,13442.4916284309,4.4,,10211216.0,0.0
CZE,Czechia,2004,75.7219512195122,11782.5546676117,4.6,,10197101.0,0.0
CZE,Czechia,2003,75.1707317073171,9852.45677945801,4.8,,10193998.0,
CZE,Czechia,2002,75.2219512195122,8101.26018588111,5.0,,10196916.0,0.0
CZE,Czechia,2001,75.1731707317073,6669.07494847497,5.2,,10216605.0,
CZE,Czechia,2000,74.9682926829268,6062.92152842793,5.5,,10255063.0,
DNK,Denmark,2023,81.7536585365854,68043.5466971243,3.9,,5946952.0,0.4
DNK,Denmark,2022,81.3048780487805,67781.0940939514,3.8,,5903037.0,0.2
DNK,Denmark,2021,81.4048780487805,69340.7334922138,3.7,,5856733.0,0.2
DNK,Denmark,2020,81.6024390243903,60985.4885601514,3.7,,5831404.0,0.2
DNK,Denmark,2019,81.4512195121951,59404.2663247723,3.8,,5814422.0,0.3
DNK,Denmark,2018,80.9536585365854,61324.7665045565,3.9,,5793636.0,0.2
DNK,Denmark,2017,81.1024390243903,57521.5514992225,3.9,,5764980.0,0.1
DNK,Denmark,2016,80.8536585365854,54500.9260410217,4.0,,5728010.0,0.3
DNK,Denmark,2015,80.7024390243902,53094.0133607574,4.1,,5683483.0,0.2
DNK,Denmark,2014,80.7,62520.4509747011,4.1,,5643475.0,0.2
DNK,Denmark,2013,80.3,61377.5940590412,4.1,,5614932.0,0.3
DNK,Denmark,2012,80.0512195121951,58443.7747103968,4.1,,5591572.0,0.0
DNK,Denmark,2011,79.8,61809.737898222,4.1,,5570572.0,0.0
DNK,Denmark,2010,79.1,58104.5445594981,4.1,,5547683.0,0.1
DNK,Denmark,2009,78.5975609756098,58412.7472358513,4.2,,5523095.0,0.6
DNK,Denmark,2008,78.4463414634146,64616.6657583663,4.3,,5493621.0,0.3
DNK,Denmark,2007,78.1951219512195,58631.6566433635,4.5,,5461438.0,0.1
DNK,Denmark,2006,78.0951219512195,52119.1787984282,4.6,,5437272.0,0.2
DNK,Denmark,2005,77.8439024390244,48925.8076698784,4.8,,5419432.0,0.3
DNK,Denmark,2004,77.4926829268293,46625.050098011,5.0,,5404523.0,0.3
DNK,Denmark,2003,77.1439024390244,40519.0974905924,5.2,,5390574.0,0.4
DNK,Denmark,2002,76.8951219512195,33257.1622586509,5.4,,5375931.0,
DNK,Denmark,2001,76.7926829268293,30768.4775471112,5.5,,5358783.0,
DNK,Denmark,2000,76.5926829268293,30722.0251837567,5.6,,5339616.0,0.1
DJI,Djibouti,2023,65.987,3381.29779710722,50.5,,1152944.0,
DJI,Djibouti,2022,65.54,3133.25779772463,52.1,,1137096.0,
DJI,Djibouti,2021,63.83,3025.91126413549,54.0,,1121248.0,
DJI,Djibouti,2020,64.2,2844.88810647853,55.7,,1105188.0,
DJI,Djibouti,2019,64.381,2837.16902340932,57.5,,1088709.0,
DJI,Djibouti,2018,64.105,2718.08338799203,59.4,,1071882.0,
DJI,Djibouti,2017,63.71,2618.95521147369,61.2,,1054841.0,25.4
DJI,Djibouti,2016,63.335,2510.4300076241,63.2,,1037653.0,
DJI,Djibouti,2015,62.833,2376.12554719873,65.2,,1020313.0,
DJI,Djibouti,2014,62.427,2214.62084142432,67.2,,1002717.0,
DJI,Djibouti,2013,62.116,2075.94498424748,69.2,,984824.0,31.2
DJI,Djibouti,2012,61.719,1400.19357858954,71.3,,966747.0,26.4
DJI,Djibouti,2011,61.337,1306.34552844977,73.4,,948558.0,
DJI,Djibouti,2010,60.743,1213.23352553429,75.5,,930251.0,
DJI,Djibouti,2009,60.351,1150.9375857489,77.7,,911527.0,
DJI,Djibouti,2008,59.815,1119.15233346969,79.9,,892734.0,
DJI,Djibouti,2007,59.362,969.573220191902,82.3,,874528.0,
DJI,Djibouti,2006,58.962,898.464628136774,84.6,,855764.0,
DJI,Djibouti,2005,58.548,844.4483573908,86.9,,839167.0,
DJI,Djibouti,2004,58.103,806.261652944964,89.3,,826124.0,
DJI,Djibouti,2003,58.041,764.634465224597,91.6,,813519.0,
DJI,Djibouti,2002,57.824,743.013270420348,94.0,,795574.0,32.3
DJI,Djibouti,2001,57.506,742.133791107063,96.3,,771313.0,
DJI,Djibouti,2000,56.734,737.612183644052,98.5,,747318.0,
DMA,Dominica,2023,71.132,9912.96212766668,35.4,,66510.0,
DMA,Dominica,2022,71.081,9323.66089490562,35.0,,66826.0,
DMA,Dominica,2021,69.832,8376.40414141113,34.4,,67202.0,
DMA,Dominica,2020,71.269,7827.74842680426,33.8,,67573.0,
DMA,Dominica,2019,71.305,9491.14995962374,33.0,,67880.0,
DMA,Dominica,2018,71.378,9215.3085405645,32.1,,68174.0,
DMA,Dominica,2017,68.62,8224.64896571414,31.1,,68496.0,
DMA,Dominica,2016,71.189,8802.56172041363,30.2,,69606.0,
DMA,Dominica,2015,69.968,8282.59874702141,29.2,,70410.0,
DMA,Dominica,2014,71.189,8131.74876096735,28.3,,70373.0,
DMA,Dominica,2013,71.228,7822.21797211398,27.4,,69715.0,
DMA,Dominica,2012,71.391,7528.51001990155,26.5,,69118.0,
DMA,Dominica,2011,71.517,7705.40717248319,25.7,,69053.0,
DMA,Dominica,2010,71.68,7549.61964680375,24.9,,68859.0,
DMA,Dominica,2009,71.835,7487.49010395154,24.2,,68864.0,
DMA,Dominica,2008,71.945,6971.32633839289,23.5,,68854.0,
DMA,Dominica,2007,71.901,6459.03503689609,22.8,,68847.0,
DMA,Dominica,2006,72.007,6055.78109574854,22.2,,68806.0,
DMA,Dominica,2005,72.016,5695.22442394675,21.6,,68734.0,
DMA,Dominica,2004,71.987,5778.83306546506,21.1,,68649.0,
DMA,Dominica,2003,71.942,5447.44011496284,20.6,,68531.0,
DMA,Dominica,2002,71.927,5488.02784969357,20.1,,68367.0,
DMA,Dominica,2001,71.862,5527.51527300496,19.7,,68288.0,
DMA,Dominica,2000,71.715,4867.39896323759,19.4,,68511.0,
DOM,Dominican Republic,2023,73.72,10630.431743829,31.5,94.3123758236054,11331265.0,1.3
DOM,Dominican Republic,2022,74.211,10104.2464008585,32.3,93.7022375646963,11230734.0,1.0
DOM,Dominican Republic,2021,71.757,8527.0754858205,33.0,93.7309714425844,11123476.0,1.3
DOM,Dominican Republic,2020,72.636,7135.22273255899,33.8,93.6926372060753,11008300.0,1.3
DOM,Dominican Republic,2019,73.112,8183.01623600375,34.4,93.6726916249429,10894043.0,1.0
DOM,Dominican Republic,2018,73.555,7882.98221584944,34.7,93.4360584896058,10782053.0,1.1
DOM,Dominican Republic,2017,73.37,7412.71571571512,34.9,93.2332153385684,10666843.0,1.5
DOM,Dominican Republic,2016,72.889,7160.44200982307,34.9,93.7799987792969,10551430.0,3.0
DOM,Dominican Republic,2015,72.982,6800.95309395474,34.9,91.9899978637695,10434829.0,3.3
DOM,Dominican Republic,2014,73.145,6496.45166971142,34.9,91.7600021362305,10315528.0,4.1
DOM,Dominican Republic,2013,73.038,6136.59429329301,34.8,90.8600006103516,10193833.0,4.4
DOM,Dominican Republic,2012,72.817,6013.81965002603,34.8,90.1600036621094,10070411.0,5.4
DOM,Dominican Republic,2011,72.496,5826.51014109195,34.8,90.1100006103516,9945621.0,5.3
DOM,Dominican Republic,2010,72.039,5478.62470398954,34.9,89.5400009155273,9820175.0,5.5
DOM,Dominican Republic,2009,71.587,4973.95186999952,34.9,,9695265.0,6.3
DOM,Dominican Republic,2008,71.331,5023.58513403515,35.1,,9573130.0,7.1
DOM,Dominican Republic,2007,71.097,4649.64558875814,35.3,88.2399978637695,9455658.0,7.8
DOM,Dominican Republic,2006,71.054,4055.14270347371,35.6,,9341183.0,8.1
DOM,Dominican Republic,2005,71.043,3878.31206735244,36.0,,9225034.0,9.9
DOM,Dominican Republic,2004,70.73,2451.69161616569,36.4,,9104892.0,14.6
DOM,Dominican Republic,2003,70.856,2383.26171780393,37.0,,8980620.0,10.7
DOM,Dominican Republic,2002,70.719,3065.60329524196,37.7,87.0,8852235.0,9.0
DOM,Dominican Republic,2001,70.553,2935.89367312668,38.6,,8720283.0,6.6
DOM,Dominican Republic,2000,70.365,2831.45883638033,39.6,,8584190.0,8.3
ECU,Ecuador,2023,77.392,6718.1447938811,13.0,,17980083.0,4.7
ECU,Ecuador,2022,76.577,6515.58528418336,13.2,96.2600021362305,17823897.0,4.4
ECU,Ecuador,2021,72.746,6061.32350181711,13.4,94.4800033569336,17682454.0,5.3
ECU,Ecuador,2020,72.004,5463.64515348598,13.6,93.629997253418,17546065.0,8.4
ECU,Ecuador,2019,77.286,6205.05765246766,13.8,,17340021.0,4.6
ECU,Ecuador,2018,77.248,6303.91886658338,14.1,,17049547.0,4.7
ECU,Ecuador,2017,76.22,6233.32244797718,14.4,92.8300018310547,16759519.0,4.3
ECU,Ecuador,2016,76.094,5917.63771271481,14.8,94.3499984741211,16505139.0,5.0
ECU,Ecuador,2015,76.222,5976.1596805651,15.3,94.4599990844727,16266225.0,4.8
ECU,Ecuador,2014,76.141,6405.79979300441,15.9,94.2200012207031,16035124.0,4.0
ECU,Ecuador,2013,75.832,6109.29031510341,16.6,93.2900009155273,15807128.0,4.5
ECU,Ecuador,2012,75.486,5634.08393191094,17.4,92.0599975585938,15572194.0,6.0
ECU,Ecuador,2011,75.179,5153.6916424375,18.2,91.5899963378906,15326227.0,6.4
ECU,Ecuador,2010,75.188,4520.30959039763,19.1,91.8499984741211,15076695.0,7.8
ECU,Ecuador,2009,74.901,4053.36331139298,20.0,92.25,14825954.0,9.3
ECU,Ecuador,2008,74.709,4194.75750661981,20.9,92.3899993896484,14575202.0,9.8
ECU,Ecuador,2007,74.226,3478.92488770671,21.8,92.0999984741211,14328773.0,10.9
ECU,Ecuador,2006,74.01,3243.67010359339,22.7,,14086131.0,10.9
ECU,Ecuador,2005,73.909,2909.02606014388,23.6,,13846163.0,15.4
ECU,Ecuador,2004,73.868,2586.20914663347,24.5,,13608701.0,19.4
ECU,Ecuador,2003,73.632,2315.62215223014,25.5,,13372306.0,18.9
ECU,Ecuador,2002,73.164,2059.1585535974,26.6,,13138472.0,
ECU,Ecuador,2001,72.571,1791.30359685037,28.0,90.9800033569336,12910740.0,
ECU,Ecuador,2000,72.09,1382.23421759909,29.6,,12689206.0,34.1
EGY,"Egypt, Arab Rep.",2023,71.633,3456.78965212363,22.9,,114535772.0,
EGY,"Egypt, Arab Rep.",2022,71.01,4233.30783744856,23.5,79.4531619498685,112618250.0,
EGY,"Egypt, Arab Rep.",2021,68.976,3827.35415374308,24.0,82.0803858167894,110957008.0,1.4
EGY,"Egypt, Arab Rep.",2020,69.79,3511.11381026379,24.4,,109315124.0,
EGY,"Egypt, Arab Rep.",2019,71.213,2962.98892023003,24.8,,107553158.0,2.0
EGY,"Egypt, Arab Rep.",2018,70.974,2484.70315630508,25.2,,105682094.0,
EGY,"Egypt, Arab Rep.",2017,70.709,2395.10333299491,25.6,71.1699981689453,103696057.0,3.1
EGY,"Egypt, Arab Rep.",2016,70.437,3270.6287768197,26.0,,101644589.0,
EGY,"Egypt, Arab Rep.",2015,70.135,3306.98159414141,26.5,,99597342.0,1.2
EGY,"Egypt, Arab Rep.",2014,69.911,3133.39102265541,27.1,,97528654.0,
EGY,"Egypt, Arab Rep.",2013,69.632,3025.52563552448,27.8,72.4400024414062,95333553.0,
EGY,"Egypt, Arab Rep.",2012,69.464,2996.0677072015,28.6,73.870002746582,93161001.0,1.2
EGY,"Egypt, Arab Rep.",2011,69.232,2590.64384891965,29.5,,91093059.0,
EGY,"Egypt, Arab Rep.",2010,69.078,2455.08194645282,30.5,72.0500030517578,89196072.0,1.5
EGY,"Egypt, Arab Rep.",2009,68.915,2161.63964573927,31.6,,87501636.0,
EGY,"Egypt, Arab Rep.",2008,68.761,1896.21594269779,32.8,,85864789.0,3.7
EGY,"Egypt, Arab Rep.",2007,68.627,1547.74170735909,34.2,,84276225.0,
EGY,"Egypt, Arab Rep.",2006,68.493,1298.97900203124,35.6,66.370002746582,82700403.0,
EGY,"Egypt, Arab Rep.",2005,68.355,1105.53920713903,37.0,67.3300018310547,81101004.0,
EGY,"Egypt, Arab Rep.",2004,68.211,991.255689145253,38.6,,79477443.0,4.1
EGY,"Egypt, Arab Rep.",2003,68.045,1031.27556291284,40.4,,77853548.0,
EGY,"Egypt, Arab Rep.",2002,67.846,1116.82884626213,42.5,,76239137.0,
EGY,"Egypt, Arab Rep.",2001,67.612,1295.1374184163,44.8,,74652029.0,
EGY,"Egypt, Arab Rep.",2000,67.332,1366.09274372613,47.3,,73083284.0,
SLV,El Salvador,2023,72.099,5319.7195268688,10.4,89.8499984741211,6309624.0,4.6
SLV,El Salvador,2022,71.969,5074.60050994225,10.8,89.3537151570456,6280319.0,5.2
SLV,El Salvador,2021,69.941,4642.60743101342,11.2,89.0586486323527,6255782.0,5.1
SLV,El Salvador,2020,70.244,3997.19279583709,11.7,89.9800033569336,6234673.0,
SLV,El Salvador,2019,71.725,4320.11671534627,12.2,89.1399993896484,6222318.0,3.0
SLV,El Salvador,2018,71.384,4183.54620971358,12.7,89.0100021362305,6219807.0,4.1
SLV,El Salvador,2017,71.007,4020.12671373919,13.3,88.4800033569336,6213533.0,4.6
SLV,El Salvador,2016,70.908,3901.34014965811,13.9,88.1399993896484,6200800.0,5.8
SLV,El Salvador,2015,70.952,3790.34089108162,14.6,87.9700012207031,6183676.0,5.3
SLV,El Salvador,2014,71.144,3666.01248913873,15.3,87.4125334516516,6162955.0,7.0
SLV,El Salvador,2013,71.225,3582.26694005169,16.0,86.7699966430664,6138839.0,7.1
SLV,El Salvador,2012,71.42,3497.91256915509,16.7,85.4624559924635,6113975.0,8.5
SLV,El Salvador,2011,71.192,3330.60049486653,17.6,85.4899978637695,6090127.0,10.1
SLV,El Salvador,2010,70.909,3040.07300952878,18.4,84.4899978637695,6068249.0,11.4
SLV,El Salvador,2009,70.359,2910.18651752011,19.4,84.0999984741211,6048279.0,12.4
SLV,El Salvador,2008,70.138,2983.24829577976,20.4,83.9499969482422,6029297.0,12.6
SLV,El Salvador,2007,69.82,2830.65693770733,21.5,82.0299987792969,6009824.0,9.2
SLV,El Salvador,2006,69.612,2665.61807194853,22.7,83.5599975585938,6002319.0,12.6
SLV,El Salvador,2005,69.336,2447.39140845394,24.0,,6005578.0,16.4
SLV,El Salvador,2004,69.295,2285.68907438892,25.4,,6004671.0,16.3
SLV,El Salvador,2003,68.792,2207.83089518069,26.9,,5998599.0,20.9
SLV,El Salvador,2002,68.526,2115.41187355626,28.6,,5986631.0,19.5
SLV,El Salvador,2001,67.965,2058.04459070452,30.3,,5968060.0,19.4
SLV,El Salvador,2000,67.711,1982.87093542615,32.2,,5943366.0,18.4
GNQ,Equatorial Guinea,2023,63.707,6788.35271638376,70.4,,1847549.0,
GNQ,Equatorial Guinea,2022,63.355,7589.29964909381,72.8,,1803545.0,8.8
GNQ,Equatorial Guinea,2021,62.447,6945.63069794539,75.1,,1758786.0,
GNQ,Equatorial Guinea,2020,62.141,5764.05502912947,77.9,,1716468.0,
GNQ,Equatorial Guinea,2019,62.297,6804.14923073888,80.7,,1670177.0,
GNQ,Equatorial Guinea,2018,61.915,8102.47084834031,83.2,,1616422.0,
GNQ,Equatorial Guinea,2017,61.481,7809.10465655488,86.1,,1562396.0,
GNQ,Equatorial Guinea,2016,61.081,7453.19797948517,89.0,,1508186.0,
GNQ,Equatorial Guinea,2015,60.635,9068.91003238645,92.1,,1453923.0,
GNQ,Equatorial Guinea,2014,60.228,15548.6624656619,95.3,,1399828.0,
GNQ,Equatorial Guinea,2013,59.784,16304.0713196418,98.6,,1346218.0,
GNQ,Equatorial Guinea,2012,59.301,17308.5723924575,102.0,,1293483.0,
GNQ,Equatorial Guinea,2011,58.827,17198.2136668275,105.6,,1241835.0,
GNQ,Equatorial Guinea,2010,58.344,13720.1658723222,109.4,,1189085.0,
GNQ,Equatorial Guinea,2009,57.881,13232.5019378102,113.5,,1135673.0,
GNQ,Equatorial Guinea,2008,57.384,18210.5552970599,118.0,,1084530.0,
GNQ,Equatorial Guinea,2007,56.857,12616.9532942011,122.6,,1036044.0,
GNQ,Equatorial Guinea,2006,56.354,10184.8841248541,127.4,,990343.0,
GNQ,Equatorial Guinea,2005,55.766,8673.9026086535,132.3,,947367.0,
GNQ,Equatorial Guinea,2004,55.307,4901.30127408119,137.0,,899917.0,
GNQ,Equatorial Guinea,2003,54.791,2930.60183743733,141.5,,847862.0,
GNQ,Equatorial Guinea,2002,54.324,2264.21065580365,145.9,,797957.0,
GNQ,Equatorial Guinea,2001,53.827,1948.61145907844,150.2,,749836.0,
GNQ,Equatorial Guinea,2000,53.395,1487.3165506701,154.5,88.3099975585938,703279.0,
ERI,Eritrea,2023,68.624,,35.4,,3470390.0,
ERI,Eritrea,2022,67.789,,36.6,,3409447.0,
ERI,Eritrea,2021,66.94,,37.8,,3350183.0,
ERI,Eritrea,2020,66.98,,39.1,,3291271.0,
ERI,Eritrea,2019,67.306,,40.5,,3240194.0,
ERI,Eritrea,2018,66.979,,41.9,,3192760.0,
ERI,Eritrea,2017,66.612,,43.3,,3150347.0,
ERI,Eritrea,2016,66.242,,44.7,,3124698.0,
ERI,Eritrea,2015,65.909,,46.4,,3105546.0,
ERI,Eritrea,2014,65.517,,48.1,,3095173.0,
ERI,Eritrea,2013,65.005,,49.7,,3074360.0,
ERI,Eritrea,2012,64.697,,51.4,,3036988.0,
ERI,Eritrea,2011,64.231,688.68165957684,53.3,,2998485.0,
ERI,Eritrea,2010,63.665,539.699512069686,55.2,,2945186.0,
ERI,Eritrea,2009,63.203,642.92572288007,57.3,,2887885.0,
ERI,Eritrea,2008,62.422,490.066956003333,59.6,64.6600036621094,2816327.0,
ERI,Eritrea,2007,61.998,480.44762365456,62.0,,2743222.0,
ERI,Eritrea,2006,61.457,447.997404727201,64.7,,2703502.0,
ERI,Eritrea,2005,60.628,412.753079199423,67.5,,2661215.0,
ERI,Eritrea,2004,60.063,426.840947887032,70.5,,2598284.0,
ERI,Eritrea,2003,59.455,348.950327077742,73.8,,2493903.0,
ERI,Eritrea,2002,58.941,304.775756465092,77.3,52.5099983215332,2392978.0,
ERI,Eritrea,2001,58.359,325.409161513593,81.1,,2312079.0,
ERI,Eritrea,2000,56.285,314.357396753501,85.3,,2247031.0,
EST,Estonia,2023,78.7926829268293,30264.0064885057,2.1,,1370286.0,0.3
EST,Estonia,2022,77.8439024390244,28340.3826549406,2.2,,1348840.0,0.5
EST,Estonia,2021,76.9439024390244,27951.1659277744,2.3,,1330932.0,0.3
EST,Estonia,2020,78.5951219512195,23933.9939421065,2.4,,1329522.0,0.4
EST,Estonia,2019,78.6463414634147,24021.2501413306,2.5,,1326898.0,0.7
EST,Estonia,2018,78.2439024390244,23618.1361254581,2.7,,1321977.0,0.4
EST,Estonia,2017,78.0926829268293,20851.5223496861,2.8,,1317384.0,0.5
EST,Estonia,2016,77.6414634146342,18666.3736521706,3.0,,1315790.0,0.6
EST,Estonia,2015,77.590243902439,17722.1557669523,3.2,,1315407.0,0.7
EST,Estonia,2014,77.0341463414634,20581.7898991695,3.4,,1314545.0,1.0
EST,Estonia,2013,77.1414634146341,19310.3874900757,3.6,,1317997.0,1.1
EST,Estonia,2012,76.3268292682927,17568.2137969714,3.9,,1322696.0,1.0
EST,Estonia,2011,76.2292682926829,17555.5455239426,4.2,99.8899993896484,1327439.0,1.2
EST,Estonia,2010,75.4292682926829,14663.7041018705,4.6,,1331475.0,1.0
EST,Estonia,2009,74.8243902439024,14712.4494217916,5.0,,1334515.0,0.8
EST,Estonia,2008,73.7707317073171,18205.9064113446,5.4,,1337090.0,0.6
EST,Estonia,2007,72.8146341463415,16745.4308011148,5.9,,1340680.0,0.6
EST,Estonia,2006,72.6914634146341,12641.4800976473,6.5,,1346810.0,1.1
EST,Estonia,2005,72.5682926829268,10414.6381183565,7.1,,1354775.0,1.1
EST,Estonia,2004,71.909756097561,8916.0728274602,7.8,,1362550.0,1.6
EST,Estonia,2003,71.3170731707317,7205.40703313243,8.5,,1370720.0,3.6
EST,Estonia,2002,70.9048780487805,5343.18310760735,9.3,,1379350.0,2.9
EST,Estonia,2001,70.2585365853659,4502.66614992392,10.1,,1388115.0,3.0
EST,Estonia,2000,70.4170731707317,4070.60902410208,11.0,99.7699966430664,1396985.0,3.0
SWZ,Eswatini,2023,64.123,3755.52111232464,46.2,,1230506.0,
SWZ,Eswatini,2022,63.028,3894.1620089869,47.3,90.75,1218917.0,
SWZ,Eswatini,2021,58.228,3984.00229174306,47.9,,1206593.0,
SWZ,Eswatini,2020,59.862,3466.56936278145,50.5,,1192729.0,
SWZ,Eswatini,2019,59.85,3913.14577547336,51.5,,1179874.0,
SWZ,Eswatini,2018,58.707,3972.65450620357,50.4,,1168929.0,
SWZ,Eswatini,2017,57.574,3853.09956569679,53.6,,1158195.0,
SWZ,Eswatini,2016,56.228,3238.17611961364,54.4,,1149507.0,44.5
SWZ,Eswatini,2015,54.941,3419.82276559528,57.5,,1142813.0,
SWZ,Eswatini,2014,53.491,3771.07228381938,60.0,,1136299.0,
SWZ,Eswatini,2013,52.11,3949.94310039907,59.7,,1129990.0,
SWZ,Eswatini,2012,50.714,4224.54789174487,62.7,,1123863.0,
SWZ,Eswatini,2011,49.057,4225.06049411911,67.6,,1117833.0,
SWZ,Eswatini,2010,48.331,3922.74039390733,82.1,,1111650.0,
SWZ,Eswatini,2009,46.913,3189.79679956637,92.4,,1105153.0,58.2
SWZ,Eswatini,2008,45.853,2946.8606613746,97.9,,1098091.0,
SWZ,Eswatini,2007,45.16,3109.11097608864,100.3,,1090705.0,
SWZ,Eswatini,2006,44.563,2964.95865200682,106.4,,1084436.0,
SWZ,Eswatini,2005,43.958,2871.06877437449,117.0,,1079022.0,
SWZ,Eswatini,2004,43.906,2525.5640452625,118.0,,1073159.0,
SWZ,Eswatini,2003,44.632,2015.21743065251,117.9,,1066700.0,
SWZ,Eswatini,2002,45.38,1315.73634647994,117.0,,1059441.0,
SWZ,Eswatini,2001,46.344,1429.85630359447,115.7,,1051064.0,
SWZ,Eswatini,2000,47.627,1629.67038842815,112.5,81.6600036621094,1041414.0,65.0
ETH,Ethiopia,2023,67.315,1055.81091593061,51.5,,128691692.0,
ETH,Ethiopia,2022,66.897,982.103161502198,68.1,60.4599990844727,125384287.0,
ETH,Ethiopia,2021,65.33,893.009835441784,70.4,54.8853699463392,122138588.0,38.6
ETH,Ethiopia,2020,65.969,829.790982552951,51.5,,118917671.0,
ETH,Ethiopia,2019,65.741,793.473247218996,53.6,55.0499992370605,115737383.0,
ETH,Ethiopia,2018,65.257,739.702022272086,55.8,,112664152.0,
ETH,Ethiopia,2017,64.766,696.348429076216,58.4,,109666481.0,
ETH,Ethiopia,2016,64.162,641.651523286233,61.3,47.4900016784668,106718162.0,
ETH,Ethiopia,2015,63.592,597.912113218663,64.4,,103867135.0,33.0
ETH,Ethiopia,2014,62.927,549.986577082588,67.7,,101115610.0,
ETH,Ethiopia,2013,62.161,484.039833104062,71.2,48.3549726348554,98438751.0,
ETH,Ethiopia,2012,61.443,452.101031885754,74.8,,95798767.0,
ETH,Ethiopia,2011,60.595,343.024942351887,78.6,,93149970.0,
ETH,Ethiopia,2010,59.709,330.619412798644,82.7,,90538514.0,37.4
ETH,Ethiopia,2009,58.715,368.574712267445,87.1,,88007636.0,
ETH,Ethiopia,2008,57.733,316.410475118075,91.8,,85543668.0,
ETH,Ethiopia,2007,56.566,237.146255996319,96.9,39.0,83103217.0,
ETH,Ethiopia,2006,55.402,189.345737521418,102.4,,80703490.0,
ETH,Ethiopia,2005,54.364,158.243458082465,108.3,,78367470.0,
ETH,Ethiopia,2004,53.735,133.169812538096,114.6,35.9000015258789,76077206.0,41.3
ETH,Ethiopia,2003,52.877,116.800491132777,121.0,,73832663.0,
ETH,Ethiopia,2002,52.085,109.593813612988,127.4,,71635517.0,
ETH,Ethiopia,2001,51.428,118.457204255261,133.8,,69487762.0,
ETH,Ethiopia,2000,50.88,122.269202606069,140.1,,67411494.0,
FRO,Faroe Islands,2023,82.9521195121951,72486.6910957957,,,54398.0,
FRO,Faroe Islands,2022,82.8162292682927,67069.3987440509,,,53903.0,
FRO,Faroe Islands,2021,82.6763219512195,69421.6981686515,,,53291.0,
FRO,Faroe Islands,2020,82.5341926829268,62247.9273907098,,,52561.0,
FRO,Faroe Islands,2019,82.3912829268293,63070.7228080361,,,51790.0,
FRO,Faroe Islands,2018,82.2486024390244,62525.2647698273,,,50997.0,
FRO,Faroe Islands,2017,82.1062926829268,59388.5365965776,,,50179.0,
FRO,Faroe Islands,2016,81.962112195122,56876.4302363804,,,49463.0,
FRO,Faroe Islands,2015,81.7995975609756,52638.2668218454,,,48898.0,
FRO,Faroe Islands,2014,81.5912048780488,60173.3057854661,,,48427.0,
FRO,Faroe Islands,2013,81.356643902439,55759.364098362,,,48245.0,
FRO,Faroe Islands,2012,81.1060951219512,50263.0024625867,,,48290.0,
FRO,Faroe Islands,2011,80.8518097560976,51620.0541648551,,,48542.0,
FRO,Faroe Islands,2010,80.604956097561,47924.1364756678,,,48656.0,
FRO,Faroe Islands,2009,80.3695317073171,47060.1592550833,,,48790.0,
FRO,Faroe Islands,2008,80.1460804878049,51287.8911081663,,,48547.0,
FRO,Faroe Islands,2007,79.9238243902439,48348.7393711011,,,48378.0,
FRO,Faroe Islands,2006,79.6898609756098,41743.6812847661,,,48335.0,
FRO,Faroe Islands,2005,79.4453463414634,36389.081644098,,,48359.0,
FRO,Faroe Islands,2004,79.2049804878049,35647.5440400531,,,48384.0,
FRO,Faroe Islands,2003,78.9848073170732,31269.6031997217,,,48032.0,
FRO,Faroe Islands,2002,78.7876585365854,26937.6505602847,,,47335.0,
FRO,Faroe Islands,2001,78.6017292682927,24879.7729617864,,,46635.0,
FRO,Faroe Islands,2000,78.4119073170732,23322.7593357515,,,45754.0,
FJI,Fiji,2023,67.316,5926.20586394763,29.2,,924145.0,
FJI,Fiji,2022,67.148,5414.12092119088,28.9,,919422.0,
FJI,Fiji,2021,64.904,4536.73312110335,28.3,,916711.0,
FJI,Fiji,2020,66.924,4620.6457238014,27.2,,914963.0,
FJI,Fiji,2019,67.009,5842.07344577597,25.7,,914899.0,4.7
FJI,Fiji,2018,66.965,6085.41979485376,24.2,,917180.0,
FJI,Fiji,2017,67.06,5826.84814459328,22.7,,918759.0,
FJI,Fiji,2016,66.657,5363.79026679243,21.6,,919166.0,
FJI,Fiji,2015,66.48,5097.53106864695,20.9,,918578.0,
FJI,Fiji,2014,66.581,5293.35676680464,20.6,,917585.0,
FJI,Fiji,2013,66.545,4572.44377544245,20.7,,916352.0,1.6
FJI,Fiji,2012,65.812,4341.40338748749,21.0,,914918.0,
FJI,Fiji,2011,66.88,4139.60288609702,21.6,,912989.0,
FJI,Fiji,2010,66.778,3449.14452883369,22.2,,910419.0,
FJI,Fiji,2009,66.347,3164.13275408169,22.8,,907239.0,
FJI,Fiji,2008,66.32,3899.92231512129,23.2,,903399.0,3.8
FJI,Fiji,2007,66.161,3762.74692789299,23.5,,897832.0,
FJI,Fiji,2006,66.126,3455.10599907349,23.5,,890365.0,
FJI,Fiji,2005,65.983,3377.69126953493,23.3,,882379.0,
FJI,Fiji,2004,65.841,3097.19096651759,23.1,,874366.0,
FJI,Fiji,2003,65.653,2655.58079586044,22.8,,866286.0,
FJI,Fiji,2002,65.492,2136.56794118683,22.7,,858049.0,5.4
FJI,Fiji,2001,66.205,1944.997414609,22.6,,849596.0,
FJI,Fiji,2000,66.194,1995.72071163264,22.6,,840909.0,
FIN,Finland,2023,81.5853658536585,52864.6931581216,2.4,,5583911.0,0.2
FIN,Finland,2022,81.1878048780488,50440.560224974,2.4,,5556106.0,0.1
FIN,Finland,2021,81.8853658536585,53099.1351400148,2.4,,5541017.0,0.0
FIN,Finland,2020,81.9317073170732,48828.6846862799,2.4,,5529543.0,0.0
FIN,Finland,2019,81.9829268292683,48358.1807773701,2.4,,5521606.0,0.0
FIN,Finland,2018,81.7341463414634,49654.2497035329,2.4,,5515525.0,0.1
FIN,Finland,2017,81.6317073170732,46085.0174739036,2.4,,5508214.0,0.1
FIN,Finland,2016,81.4292682926829,43451.2562442158,2.4,,5495303.0,0.0
FIN,Finland,2015,81.4804878048781,42560.3456767103,2.5,,5479531.0,0.1
FIN,Finland,2014,81.1804878048781,50073.7760815871,2.6,,5461512.0,0.1
FIN,Finland,2013,80.9756097560976,49691.0145200739,2.6,,5438972.0,0.1
FIN,Finland,2012,80.6268292682927,47551.6740841369,2.8,,5413971.0,0.1
FIN,Finland,2011,80.4707317073171,51060.3242589767,2.9,,5388272.0,0.1
FIN,Finland,2010,79.8707317073171,46506.2919016566,3.0,,5363352.0,0.1
FIN,Finland,2009,79.719512195122,47478.3495310999,3.2,,5338871.0,0.1
FIN,Finland,2008,79.5682926829268,53769.4726240385,3.3,,5313399.0,0.1
FIN,Finland,2007,79.2634146341464,48473.0240091455,3.5,,5288720.0,0.1
FIN,Finland,2006,79.2146341463415,41214.0187765069,3.6,,5266268.0,0.1
FIN,Finland,2005,78.8170731707317,39049.8703780223,3.7,,5246096.0,0.1
FIN,Finland,2004,78.7146341463415,37768.1334202029,3.9,,5228172.0,0.0
FIN,Finland,2003,78.3682926829268,32920.0857192568,4.0,,5213014.0,0.0
FIN,Finland,2002,78.119512195122,26989.389260959,4.1,,5200598.0,
FIN,Finland,2001,77.9658536585366,24965.202996776,4.2,,5188008.0,
FIN,Finland,2000,77.4658536585366,24335.9225082659,4.3,,5176209.0,0.1
FRA,France,2023,82.8317073170732,44700.1384177544,4.3,,68372286.0,0.1
FRA,France,2022,82.1292682926829,40988.6396406579,4.3,,68184457.0,0.1
FRA,France,2021,82.3243902439024,43725.0999521245,4.3,,67842811.0,0.1
FRA,France,2020,82.1756097560976,39169.8606000707,4.2,,67601110.0,0.1
FRA,France,2019,82.8268292682927,40408.2848574751,4.2,,67382061.0,0.1
FRA,France,2018,82.6756097560976,41418.1766484844,4.2,,67158348.0,0.0
FRA,France,2017,82.5756097560976,38687.1626407164,4.2,,66918020.0,0.0
FRA,France,2016,82.5731707317073,37024.2157133669,4.2,,66724104.0,0.1
FRA,France,2015,82.3219512195122,36702.4323733379,4.2,,66548272.0,0.1
FRA,France,2014,82.719512195122,43148.0459288416,4.1,,66312067.0,0.0
FRA,France,2013,82.219512195122,42669.1795111893,4.1,,65997932.0,0.1
FRA,France,2012,81.9682926829268,40863.5814412333,4.1,,65657659.0,0.1
FRA,France,2011,82.1146341463415,43929.7840873812,4.2,,65340830.0,0.0
FRA,France,2010,81.6634146341463,40694.8211697025,4.2,,65026211.0,0.1
FRA,France,2009,81.4146341463415,41728.0884164132,4.3,,64706436.0,0.1
FRA,France,2008,81.2146341463415,45464.8181385158,4.4,,64375116.0,0.0
FRA,France,2007,81.1121951219512,41486.1907828787,4.4,,64016890.0,0.0
FRA,France,2006,80.8121951219512,36431.5658906555,4.5,,63622342.0,0.0
FRA,France,2005,80.1634146341463,34696.3718316971,4.6,,63180854.0,0.1
FRA,France,2004,80.1634146341463,33644.9282220364,4.8,,62707588.0,0.1
FRA,France,2003,79.1146341463415,29479.5222101175,4.9,,62249855.0,0.2
FRA,France,2002,79.2609756097561,24144.5727019529,5.1,,61812142.0,0.1
FRA,France,2001,79.1585365853659,22331.7948343036,5.2,,61364377.0,0.1
FRA,France,2000,79.0560975609756,22340.5939516217,5.4,,60918661.0,0.1
PYF,French Polynesia,2023,84.07,21832.2831795569,,,281118.0,
PYF,French Polynesia,2022,83.859,20053.9569369322,,,280378.0,
PYF,French Polynesia,2021,79.571,21426.3854449835,,,279792.0,
PYF,French Polynesia,2020,82.459,19966.4838503859,,,279209.0,
PYF,French Polynesia,2019,83.195,21582.5892046801,,,279034.0,
PYF,French Polynesia,2018,82.985,21925.616043938,,,279815.0,
PYF,French Polynesia,2017,82.774,20826.9312492172,,,280087.0,
PYF,French Polynesia,2016,82.555,19690.0775734589,,,279178.0,
PYF,French Polynesia,2015,82.339,19166.9594761931,,,277866.0,
PYF,French Polynesia,2014,82.151,22258.6321384251,,,276387.0,
PYF,French Polynesia,2013,81.935,21955.6329264095,,,274728.0,
PYF,French Polynesia,2012,81.695,20846.5457478364,,,273084.0,
PYF,French Polynesia,2011,81.434,22831.5185348524,,,271727.0,
PYF,French Polynesia,2010,81.141,22494.806706186,,,270580.0,
PYF,French Polynesia,2009,80.867,24434.2197555208,,,269481.0,
PYF,French Polynesia,2008,80.587,26592.0262835732,,,268379.0,
PYF,French Polynesia,2007,80.328,24888.1781337361,,,266438.0,
PYF,French Polynesia,2006,80.1,22330.8676659055,,,263223.0,
PYF,French Polynesia,2005,79.951,21984.1936230719,,,259507.0,
PYF,French Polynesia,2004,79.829,21764.2203208782,,,255654.0,
PYF,French Polynesia,2003,79.71,19582.8936395312,,,251637.0,
PYF,French Polynesia,2002,79.544,16004.0583292112,,,247775.0,
PYF,French Polynesia,2001,79.316,14640.9360062298,,,244097.0,
PYF,French Polynesia,2000,79.0,14978.324104668,,,240337.0,
GAB,Gabon,2023,68.337,7802.82433276138,33.8,,2484789.0,
GAB,Gabon,2022,67.713,8409.20741452279,34.7,,2430747.0,
GAB,Gabon,2021,67.072,8181.40914134398,35.8,88.8600006103516,2376722.0,
GAB,Gabon,2020,67.073,6605.80346077904,36.8,,2322539.0,
GAB,Gabon,2019,67.337,7441.1786472281,38.5,,2267706.0,
GAB,Gabon,2018,67.043,7624.2775233771,39.9,,2212318.0,
GAB,Gabon,2017,66.816,6921.73373135624,41.4,,2156900.0,3.8
GAB,Gabon,2016,66.583,6677.07003901644,42.7,,2100306.0,
GAB,Gabon,2015,66.336,7047.12654634355,44.4,,2040989.0,
GAB,Gabon,2014,66.07,9201.36276648105,45.8,,1978399.0,
GAB,Gabon,2013,65.751,9197.70106323947,47.3,,1913059.0,
GAB,Gabon,2012,65.438,9296.96587941088,49.4,,1846889.0,
GAB,Gabon,2011,65.102,10219.1139339454,51.3,,1781985.0,
GAB,Gabon,2010,64.715,8356.74662013345,53.4,,1719879.0,
GAB,Gabon,2009,64.361,7290.57526093114,55.6,,1661556.0,
GAB,Gabon,2008,64.011,9688.64519690633,57.6,,1607175.0,
GAB,Gabon,2007,63.619,8003.54289696049,59.7,,1556237.0,
GAB,Gabon,2006,63.259,6847.00985685394,61.8,,1508337.0,
GAB,Gabon,2005,62.978,6547.87613955186,63.6,,1463495.0,9.2
GAB,Gabon,2004,62.694,5465.79193590708,65.6,,1421609.0,
GAB,Gabon,2003,62.463,4710.74862768151,67.7,,1382350.0,
GAB,Gabon,2002,62.175,3966.48001864663,69.6,,1345135.0,
GAB,Gabon,2001,61.982,3835.75718279727,71.5,,1309589.0,
GAB,Gabon,2000,61.81,3982.906200928,73.3,,1275572.0,
GMB,"Gambia, The",2023,65.86,883.024111978927,43.8,,2697845.0,
GMB,"Gambia, The",2022,64.859,836.244875868476,45.3,,2636470.0,
GMB,"Gambia, The",2021,63.847,781.890925169531,47.0,51.6399993896484,2576010.0,
GMB,"Gambia, The",2020,64.418,720.335143352133,48.6,,2515733.0,22.0
GMB,"Gambia, The",2019,64.427,738.186751987483,50.4,,2456844.0,
GMB,"Gambia, The",2018,64.034,696.219806960615,52.3,53.1599998474121,2399632.0,
GMB,"Gambia, The",2017,63.708,642.522641296331,54.3,,2342189.0,
GMB,"Gambia, The",2016,63.386,650.056501323611,56.6,,2283769.0,
GMB,"Gambia, The",2015,62.971,619.536364296461,58.9,50.7799987792969,2224529.0,17.1
GMB,"Gambia, The",2014,62.576,568.00453558864,61.4,,2164528.0,
GMB,"Gambia, The",2013,62.252,653.862713272743,64.0,,2103820.0,
GMB,"Gambia, The",2012,61.9,692.579361628102,66.8,,2043094.0,
GMB,"Gambia, The",2011,61.561,710.608411468152,69.7,,1983784.0,
GMB,"Gambia, The",2010,61.167,801.033372714536,72.7,,1926630.0,34.2
GMB,"Gambia, The",2009,60.735,774.888030908091,76.0,,1871422.0,
GMB,"Gambia, The",2008,60.473,859.127671411226,79.4,,1817852.0,
GMB,"Gambia, The",2007,60.001,724.726407242432,83.0,,1765774.0,
GMB,"Gambia, The",2006,59.667,614.544307904464,86.8,,1715275.0,
GMB,"Gambia, The",2005,59.11,616.483657865348,90.7,,1667037.0,
GMB,"Gambia, The",2004,58.749,593.285346326581,94.9,,1621312.0,
GMB,"Gambia, The",2003,58.223,308.719123437587,99.2,,1577611.0,55.2
GMB,"Gambia, The",2002,57.736,376.531026962584,103.6,,1535691.0,
GMB,"Gambia, The",2001,57.283,459.803068381399,108.1,,1495011.0,
GMB,"Gambia, The",2000,56.899,538.054072348854,112.8,36.8199996948242,1455084.0,
GEO,Georgia,2023,74.496,8283.66960652261,8.8,99.5599975585938,3715483.0,5.8
GEO,Georgia,2022,74.141,6729.84659930283,9.0,99.5699996948242,3712502.0,7.7
GEO,Georgia,2021,71.635,5083.60695484577,9.2,99.9180842054209,3708610.0,10.8
GEO,Georgia,2020,73.509,4300.85701291207,9.4,99.8930662080586,3722716.0,12.0
GEO,Georgia,2019,74.165,4741.2832715876,9.6,99.8757151699707,3720161.0,9.7
GEO,Georgia,2018,73.985,4804.0546040444,9.8,99.6500015258789,3726549.0,11.0
GEO,Georgia,2017,73.435,4418.75206546679,10.0,99.3600006103516,3728004.0,11.1
GEO,Georgia,2016,73.136,4143.40125686315,10.2,,3727505.0,10.5
GEO,Georgia,2015,73.241,4086.6223465965,10.6,,3725276.0,10.6
GEO,Georgia,2014,73.105,4830.33486170249,11.0,99.5899963378906,3719414.0,12.0
GEO,Georgia,2013,73.025,4712.00229382665,11.5,,3717668.0,14.9
GEO,Georgia,2012,72.672,4530.69533409431,12.2,,3728874.0,18.8
GEO,Georgia,2011,72.485,4119.66818307193,13.1,,3756441.0,21.6
GEO,Georgia,2010,71.732,3281.72930937343,14.2,,3786695.0,23.6
GEO,Georgia,2009,71.058,2822.68939668797,15.5,,3814419.0,21.1
GEO,Georgia,2008,70.949,3324.7537205015,17.1,,3848449.0,21.7
GEO,Georgia,2007,70.985,2635.36650276116,19.0,,3860158.0,23.9
GEO,Georgia,2006,70.983,1996.02013272284,21.0,,3880347.0,22.5
GEO,Georgia,2005,70.689,1642.78359414797,23.3,,3902469.0,22.3
GEO,Georgia,2004,71.011,1305.04748557208,25.8,,3927340.0,20.9
GEO,Georgia,2003,71.377,1010.03151630868,28.3,,3951736.0,22.3
GEO,Georgia,2002,70.438,853.526171868939,30.9,99.6500015258789,3978515.0,22.3
GEO,Georgia,2001,70.371,801.98383707929,33.4,,4014373.0,36.7
GEO,Georgia,2000,70.091,749.908534993961,35.8,,4077131.0,35.0
DEU,Germany,2023,81.0414634146342,54776.7668235491,3.7,,83287273.0,
DEU,Germany,2022,80.6080487804878,50506.5179638543,3.7,,83177813.0,0.7
DEU,Germany,2021,80.790243902439,52349.2459994422,3.7,,83196078.0,0.6
DEU,Germany,2020,81.0414634146342,47394.8734504469,3.7,,83160871.0,0.3
DEU,Germany,2019,81.2926829268293,47656.199739747,3.7,,83092962.0,0.2
DEU,Germany,2018,80.8926829268293,48916.1686612154,3.8,,82905782.0,0.1
DEU,Germany,2017,80.9926829268293,45553.9341495339,3.8,,82657002.0,0.2
DEU,Germany,2016,80.990243902439,42948.9381932694,3.9,,82348669.0,0.1
DEU,Germany,2015,80.6414634146341,41929.7549110722,3.9,,81686611.0,0.1
DEU,Germany,2014,81.090243902439,48959.5991203133,4.0,,80982500.0,0.1
DEU,Germany,2013,80.490243902439,47206.8353514242,4.0,,80645605.0,0.1
DEU,Germany,2012,80.5390243902439,44718.0159214069,4.0,,80425823.0,0.1
DEU,Germany,2011,80.4365853658537,47630.9761883572,4.1,,80274983.0,0.1
DEU,Germany,2010,79.9878048780488,42396.9665976293,4.2,,81776930.0,0.1
DEU,Germany,2009,79.8365853658537,42471.8868625226,4.3,,81902307.0,0.1
DEU,Germany,2008,79.7365853658537,46379.1647953479,4.4,,82110097.0,0.1
DEU,Germany,2007,79.5341463414634,42350.9217211489,4.5,,82266372.0,0.1
DEU,Germany,2006,79.1317073170732,36980.3349948954,4.6,,82376451.0,0.0
DEU,Germany,2005,78.9317073170732,35084.4363546269,4.7,,82469422.0,0.1
DEU,Germany,2004,78.6804878048781,34566.7359143735,4.9,,82516260.0,0.1
DEU,Germany,2003,78.3804878048781,30711.1022511331,5.0,,82534176.0,0.1
DEU,Germany,2002,78.2292682926829,25486.5942008748,5.1,,82488495.0,0.1
DEU,Germany,2001,78.3292682926829,23878.3641471651,5.2,,82349925.0,0.1
DEU,Germany,2000,77.9268292682927,23925.8559901991,5.4,,82211508.0,0.1
GHA,Ghana,2023,65.498,2383.90410476221,37.2,,33787914.0,
GHA,Ghana,2022,65.246,2229.89122654479,38.6,,33149152.0,
GHA,Ghana,2021,64.286,2445.18662529344,40.3,76.4899978637695,32518665.0,
GHA,Ghana,2020,64.309,2195.45481659987,42.2,,31887809.0,
GHA,Ghana,2019,64.455,2186.65822682613,44.1,,31258945.0,
GHA,Ghana,2018,64.138,2195.32166016377,46.1,,30637585.0,
GHA,Ghana,2017,63.829,2012.28662641265,48.2,64.4899978637695,30008354.0,
GHA,Ghana,2016,63.522,1912.47991339951,50.3,,29356742.0,39.0
GHA,Ghana,2015,63.175,1722.77282833606,52.5,60.1981035367761,28696068.0,
GHA,Ghana,2014,62.832,1949.90832923846,54.9,,28041592.0,
GHA,Ghana,2013,62.397,2294.79584693743,57.5,,27386193.0,
GHA,Ghana,2012,61.995,1543.77524235764,60.3,,26734268.0,41.8
GHA,Ghana,2011,61.617,1507.43573198753,63.3,,26095088.0,
GHA,Ghana,2010,61.297,1263.89251760539,66.5,71.5,25474995.0,
GHA,Ghana,2009,60.928,1047.70430093586,69.8,,24862664.0,
GHA,Ghana,2008,60.578,1182.65761256016,73.1,,24249946.0,
GHA,Ghana,2007,60.282,1050.12461524926,76.2,,23642279.0,
GHA,Ghana,2006,59.975,906.441027564887,79.1,,23040702.0,
GHA,Ghana,2005,59.638,478.611909191028,82.0,,22449438.0,60.9
GHA,Ghana,2004,59.316,406.132105329565,85.0,,21868298.0,
GHA,Ghana,2003,59.014,358.39927142073,88.2,,21296705.0,
GHA,Ghana,2002,58.709,297.46164468774,91.9,,20729388.0,
GHA,Ghana,2001,58.403,263.542156494853,95.8,,20167069.0,
GHA,Ghana,2000,58.139,253.746936203344,99.9,57.9000015258789,19637087.0,
GIB,Gibraltar,2023,83.553,,,,38471.0,
GIB,Gibraltar,2022,83.517,,,,37609.0,
GIB,Gibraltar,2021,80.274,,,,36858.0,
GIB,Gibraltar,2020,83.07,,,,36173.0,
GIB,Gibraltar,2019,83.183,,,,35494.0,
GIB,Gibraltar,2018,83.028,,,,34854.0,
GIB,Gibraltar,2017,82.858,,,,34245.0,
GIB,Gibraltar,2016,82.741,,,,33658.0,
GIB,Gibraltar,2015,82.668,,,,33193.0,
GIB,Gibraltar,2014,82.644,,,,32813.0,
GIB,Gibraltar,2013,82.586,,,,32407.0,
GIB,Gibraltar,2012,82.527,,,,32029.0,
GIB,Gibraltar,2011,82.333,,,,31660.0,
GIB,Gibraltar,2010,82.08,,,,31248.0,
GIB,Gibraltar,2009,81.807,,,,30823.0,
GIB,Gibraltar,2008,81.541,,,,30413.0,
GIB,Gibraltar,2007,81.269,,,,30006.0,
GIB,Gibraltar,2006,81.103,,,,29594.0,
GIB,Gibraltar,2005,80.991,,,,29163.0,
GIB,Gibraltar,2004,80.856,,,,28715.0,
GIB,Gibraltar,2003,80.713,,,,28274.0,
GIB,Gibraltar,2002,80.59,,,,27831.0,
GIB,Gibraltar,2001,80.419,,,,27657.0,
GIB,Gibraltar,2000,80.145,,,,27709.0,
GRC,Greece,2023,81.7365853658537,23343.7103964562,3.9,,10407351.0,0.6
GRC,Greece,2022,80.7878048780488,20884.6773436263,4.0,,10437805.0,0.6
GRC,Greece,2021,80.0829268292683,20652.89659591,4.0,,10570130.0,0.7
GRC,Greece,2020,81.2878048780488,17886.733165236,4.1,,10698599.0,1.1
GRC,Greece,2019,81.6390243902439,19335.3602002969,4.1,,10721582.0,1.0
GRC,Greece,2018,81.7878048780488,19873.4015238771,4.2,,10732882.0,0.2
GRC,Greece,2017,81.2878048780488,18631.9930129293,4.3,,10754679.0,1.1
GRC,Greece,2016,81.3878048780488,17919.2426377048,4.3,,10775971.0,1.4
GRC,Greece,2015,81.0365853658537,17980.7298238137,4.3,,10820883.0,2.0
GRC,Greece,2014,81.3853658536585,21474.7257123892,4.2,,10892413.0,2.0
GRC,Greece,2013,81.2853658536585,21573.3449762805,4.1,,10965211.0,1.5
GRC,Greece,2012,80.6341463414634,21624.346052551,4.0,,11045011.0,2.1
GRC,Greece,2011,80.7317073170732,25504.7866510124,4.0,,11104899.0,1.5
GRC,Greece,2010,80.3878048780488,26653.0488008626,3.9,,11121341.0,1.1
GRC,Greece,2009,80.1878048780488,29425.4573200263,4.0,93.9100036621094,11107017.0,0.6
GRC,Greece,2008,79.9390243902439,31695.8331092209,4.0,,11077841.0,0.4
GRC,Greece,2007,79.4390243902439,28440.7625328955,4.1,,11048473.0,0.6
GRC,Greece,2006,79.4390243902439,24416.0232970275,4.3,,11020362.0,0.7
GRC,Greece,2005,79.2390243902439,22054.1315756886,4.6,,10987314.0,0.4
GRC,Greece,2004,79.0390243902439,21449.2552764245,4.9,,10955141.0,0.9
GRC,Greece,2003,78.8414634146341,18020.612039764,5.2,,10928070.0,0.6
GRC,Greece,2002,78.6414634146341,13782.195640943,5.6,,10902022.0,0.4
GRC,Greece,2001,78.3878048780488,12156.9572824221,6.0,95.9899978637695,10862132.0,
GRC,Greece,2000,77.8878048780488,11638.2010697215,6.4,,10805808.0,0.3
GRL,Greenland,2023,70.9724390243902,58498.9707973609,,,56865.0,
GRL,Greenland,2022,71.230243902439,55635.0006491223,,,56661.0,
GRL,Greenland,2021,71.2614634146342,58135.9939910203,,,56653.0,
GRL,Greenland,2020,71.2858536585366,54812.6661771023,,,56367.0,
GRL,Greenland,2019,71.4092682926829,53309.2035905065,,,56225.0,
GRL,Greenland,2018,71.3609756097561,54545.135857765,,,56023.0,
GRL,Greenland,2017,71.2563414634146,50765.7494665372,,,56172.0,
GRL,Greenland,2016,71.1990243902439,48181.7453541266,,,56186.0,
GRL,Greenland,2015,70.909756097561,44536.3549705377,,,56114.0,
GRL,Greenland,2014,70.5082926829268,50485.2244135291,,,56295.0,
GRL,Greenland,2013,70.2917073170732,47535.4883792376,,,56483.0,
GRL,Greenland,2012,69.959512195122,45936.9562817724,,,56810.0,
GRL,Greenland,2011,69.6146341463415,47186.8759969388,,,56890.0,
GRL,Greenland,2010,69.349756097561,44277.1993400972,,,56534.0,
GRL,Greenland,2009,69.0321951219512,44918.8413832155,,,56323.0,
GRL,Greenland,2008,68.5660975609756,44366.7858688175,,,56328.0,
GRL,Greenland,2007,68.2739024390244,39780.9441368721,,,56555.0,
GRL,Greenland,2006,67.8180487804878,35457.6297578214,,,56775.0,
GRL,Greenland,2005,67.3051219512195,32489.7277309899,,,56935.0,
GRL,Greenland,2004,66.8080487804878,32030.9987915109,,,56898.0,
GRL,Greenland,2003,66.1229268292683,27466.6494525504,,,56751.0,
GRL,Greenland,2002,65.419512195122,20657.9506323097,,,56595.0,
GRL,Greenland,2001,65.0058536585366,19265.5191468738,,,56379.0,
GRL,Greenland,2000,64.8034146341463,19009.0774407515,,,56185.0,
GRD,Grenada,2023,75.205,11414.4781691181,18.3,,117081.0,
GRD,Grenada,2022,75.151,10469.3867012856,18.5,,116913.0,
GRD,Grenada,2021,74.522,9617.28902905373,18.7,,116688.0,
GRD,Grenada,2020,75.019,8968.55890108484,18.6,,116341.0,
GRD,Grenada,2019,74.971,10462.7929159533,18.5,,115981.0,
GRD,Grenada,2018,74.957,10083.021279225,18.3,,115691.0,0.8
GRD,Grenada,2017,74.977,9751.42661155932,18.1,,115438.0,
GRD,Grenada,2016,75.01,9221.23461079424,17.8,,115130.0,
GRD,Grenada,2015,75.037,8694.12438005692,17.5,,114676.0,
GRD,Grenada,2014,75.045,7986.33421210788,17.2,,114132.0,
GRD,Grenada,2013,75.022,7424.80212287327,16.8,,113487.0,
GRD,Grenada,2012,74.961,7092.71985352677,16.4,,112775.0,
GRD,Grenada,2011,74.861,6947.38136096464,16.0,,112079.0,
GRD,Grenada,2010,74.731,6909.60169568597,15.7,,111586.0,
GRD,Grenada,2009,74.567,6932.56472176781,15.4,,111254.0,
GRD,Grenada,2008,74.374,7448.2040563865,15.1,,110896.0,
GRD,Grenada,2007,74.159,6864.54816771858,14.9,,110522.0,
GRD,Grenada,2006,73.93,6344.0383771432,14.9,,110135.0,
GRD,Grenada,2005,73.7,6338.56011405358,14.8,,109734.0,
GRD,Grenada,2004,72.447,5480.26117644588,14.8,,109323.0,
GRD,Grenada,2003,73.291,5427.96377252312,14.9,,108884.0,
GRD,Grenada,2002,73.142,4984.47405931447,15.1,,108404.0,
GRD,Grenada,2001,73.034,4819.50776653843,15.3,,107987.0,
GRD,Grenada,2000,72.955,4839.82811114248,15.5,,107451.0,
GUM,Guam,2023,77.209,,,,166506.0,
GUM,Guam,2022,77.102,41833.1517132825,,,165180.0,
GUM,Guam,2021,75.434,38074.8793745801,,,163730.0,
GUM,Guam,2020,75.529,36482.9363953675,,,162158.0,
GUM,Guam,2019,76.645,39274.9431424899,,,161808.0,
GUM,Guam,2018,76.561,37195.9503070464,,,162679.0,
GUM,Guam,2017,76.463,36779.0078903909,,,163490.0,
GUM,Guam,2016,76.449,35930.6594898711,,,164233.0,
GUM,Guam,2015,76.444,35165.7014644795,,,164905.0,
GUM,Guam,2014,76.423,33900.1486530583,,,165486.0,
GUM,Guam,2013,76.361,32530.7593121483,,,165966.0,
GUM,Guam,2012,76.237,31653.7506538168,,,166331.0,
GUM,Guam,2011,76.153,29926.2052442913,,,166543.0,
GUM,Guam,2010,76.095,29719.7967836082,,,166522.0,
GUM,Guam,2009,76.141,29054.0581201519,,,166173.0,
GUM,Guam,2008,76.233,28112.2316573422,,,165693.0,
GUM,Guam,2007,76.397,26605.4324214756,,,165267.0,
GUM,Guam,2006,76.477,25709.9351488422,,,164839.0,
GUM,Guam,2005,76.427,25631.9776108052,,,164365.0,
GUM,Guam,2004,76.114,23618.8266894573,,,163810.0,
GUM,Guam,2003,75.885,21877.3178371553,,,163137.0,
GUM,Guam,2002,75.506,20909.9590302806,,,162315.0,
GUM,Guam,2001,75.195,,,,161329.0,
GUM,Guam,2000,74.894,,,,160065.0,
GTM,Guatemala,2023,72.602,5754.42833909847,21.2,83.0195796057608,18124838.0,9.7
GTM,Guatemala,2022,71.206,5356.92435887895,21.9,83.0299987792969,17847877.0,
GTM,Guatemala,2021,67.858,4912.62240414681,22.7,,17598650.0,
GTM,Guatemala,2020,69.971,4477.61785000665,23.5,,17357325.0,
GTM,Guatemala,2019,71.639,4511.99839552697,24.3,,17103803.0,
GTM,Guatemala,2018,71.496,4352.94593289707,25.1,80.8099975585938,16845685.0,
GTM,Guatemala,2017,71.583,4324.99768915601,26.1,,16567357.0,
GTM,Guatemala,2016,71.215,4060.13784737643,27.0,,16268760.0,
GTM,Guatemala,2015,70.915,3893.50533299068,28.1,80.1999969482422,15971743.0,
GTM,Guatemala,2014,70.942,3689.14510410202,29.2,81.2900009155273,15681725.0,8.0
GTM,Guatemala,2013,70.878,3444.15802275864,30.4,77.0400009155273,15387337.0,
GTM,Guatemala,2012,70.722,3286.61959336267,31.8,78.2600021362305,15089647.0,
GTM,Guatemala,2011,70.321,3168.98370607705,33.1,,14792126.0,
GTM,Guatemala,2010,69.885,2805.25960237322,34.5,,14500112.0,
GTM,Guatemala,2009,69.676,2611.64632773352,36.0,,14215611.0,
GTM,Guatemala,2008,69.493,2763.05988172926,37.5,,13935174.0,
GTM,Guatemala,2007,69.299,2458.81573919384,39.1,,13652040.0,
GTM,Guatemala,2006,68.79,2225.1234753878,40.7,,13367459.0,10.5
GTM,Guatemala,2005,68.167,2046.46611650758,42.4,,13087629.0,
GTM,Guatemala,2004,68.245,1840.91184884,44.1,,12807402.0,
GTM,Guatemala,2003,68.204,1722.54701910774,45.9,,12525842.0,
GTM,Guatemala,2002,67.835,1669.33517469705,47.7,69.0999984741211,12246915.0,
GTM,Guatemala,2001,67.436,1537.68663578252,49.7,,11969422.0,
GTM,Guatemala,2000,67.102,1648.96578971559,51.8,,11697592.0,8.8
GIN,Guinea,2023,60.74,1555.49375806861,95.0,,14405468.0,
GIN,Guinea,2022,60.432,1416.59612011764,97.6,,14055137.0,
GIN,Guinea,2021,59.373,1244.96550477914,100.3,,13710513.0,
GIN,Guinea,2020,59.35,1053.66097696415,102.9,,13371183.0,
GIN,Guinea,2019,59.379,1031.34146480732,105.4,,13034346.0,
GIN,Guinea,2018,59.043,933.273615633705,107.5,39.6199989318848,12704774.0,11.7
GIN,Guinea,2017,58.715,833.598621691121,109.5,,12385659.0,
GIN,Guinea,2016,58.49,711.996509782316,111.4,,12073030.0,
GIN,Guinea,2015,57.899,747.356966759448,113.7,,11767070.0,
GIN,Guinea,2014,57.581,765.146999389279,115.4,32.0,11472924.0,
GIN,Guinea,2013,57.459,748.455020824734,116.6,,11191873.0,
GIN,Guinea,2012,57.117,699.353377212197,118.4,,10921581.0,21.3
GIN,Guinea,2011,56.778,636.694958747648,120.3,,10656810.0,
GIN,Guinea,2010,56.431,659.235326211315,122.2,25.3099994659424,10396086.0,
GIN,Guinea,2009,56.052,662.185914665575,124.4,,10143534.0,
GIN,Guinea,2008,55.703,703.532825784369,126.9,,9898870.0,
GIN,Guinea,2007,55.233,650.148575304743,129.7,,9662281.0,44.0
GIN,Guinea,2006,54.875,446.980554135013,133.1,,9441171.0,
GIN,Guinea,2005,54.422,463.17768685098,137.0,,9245844.0,
GIN,Guinea,2004,53.975,584.897740538081,141.6,,9062726.0,
GIN,Guinea,2003,53.589,566.48540588068,146.9,29.7000007629394,8870781.0,
GIN,Guinea,2002,53.2,495.916073559269,152.7,,8674066.0,50.3
GIN,Guinea,2001,52.669,483.085120214741,159.0,,8539960.0,
GIN,Guinea,2000,52.42,518.157066924026,165.7,,8428832.0,
GNB,Guinea-Bissau,2023,64.085,964.431832665395,69.7,,2153339.0,
GNB,Guinea-Bissau,2022,63.605,881.602654162231,72.0,63.9300003051758,2105529.0,
GNB,Guinea-Bissau,2021,61.653,926.54619187706,74.3,,2058841.0,39.9
GNB,Guinea-Bissau,2020,61.343,846.918134967613,76.7,,2013255.0,
GNB,Guinea-Bissau,2019,62.161,811.210004050041,79.5,54.8800010681152,1967696.0,
GNB,Guinea-Bissau,2018,61.652,808.531613218504,82.2,,1922168.0,37.1
GNB,Guinea-Bissau,2017,61.148,783.123186602022,85.1,,1877072.0,
GNB,Guinea-Bissau,2016,60.619,679.665386626818,88.2,,1831893.0,
GNB,Guinea-Bissau,2015,60.071,645.066837207039,91.6,,1786457.0,
GNB,Guinea-Bissau,2014,59.476,652.022501029449,95.2,,1741122.0,
GNB,Guinea-Bissau,2013,58.879,654.304534409417,99.1,,1695973.0,
GNB,Guinea-Bissau,2012,58.27,635.461653303881,103.6,,1651417.0,
GNB,Guinea-Bissau,2011,57.663,719.539573498937,108.6,,1608076.0,
GNB,Guinea-Bissau,2010,56.999,600.194298540768,114.3,,1566347.0,75.7
GNB,Guinea-Bissau,2009,56.297,583.190020139094,120.2,,1526377.0,
GNB,Guinea-Bissau,2008,55.3,640.210331101753,126.5,,1488054.0,
GNB,Guinea-Bissau,2007,54.87,519.069789794741,132.8,,1450986.0,
GNB,Guinea-Bissau,2006,54.089,448.513075469701,139.1,,1415303.0,
GNB,Guinea-Bissau,2005,52.949,463.073962650452,145.3,,1381585.0,
GNB,Guinea-Bissau,2004,52.8,431.376557669634,151.6,,1349563.0,
GNB,Guinea-Bissau,2003,52.186,419.78486611807,157.7,,1318806.0,
GNB,Guinea-Bissau,2002,51.608,362.034574570354,163.6,,1289307.0,68.2
GNB,Guinea-Bissau,2001,51.054,327.138431972397,169.3,,1261273.0,
GNB,Guinea-Bissau,2000,50.565,316.945495037639,174.8,41.3600006103516,1234741.0,
GUY,Guyana,2023,70.18,20473.7002190617,26.0,,826353.0,
GUY,Guyana,2022,69.888,17913.4928066879,26.9,,821637.0,
GUY,Guyana,2021,64.323,9860.87014834386,27.8,,815482.0,
GUY,Guyana,2020,67.751,6775.70939096303,28.6,85.6399993896484,807481.0,
GUY,Guyana,2019,69.067,6405.82443444562,29.6,,807665.0,
GUY,Guyana,2018,68.829,6048.38697180418,30.5,,791556.0,
GUY,Guyana,2017,68.543,6178.6650437298,31.4,,768479.0,
GUY,Guyana,2016,68.069,5870.87823759835,32.4,,763548.0,
GUY,Guyana,2015,67.719,5640.41560569466,33.3,,758781.0,
GUY,Guyana,2014,67.334,5472.68820452237,34.3,,754229.0,
GUY,Guyana,2013,66.71,5556.91231156932,35.2,,750021.0,
GUY,Guyana,2012,66.443,5444.39751913913,36.0,,746288.0,
GUY,Guyana,2011,66.469,4947.22170589917,36.8,,746153.0,
GUY,Guyana,2010,66.204,4581.76179693492,37.6,,749256.0,
GUY,Guyana,2009,66.03,4209.13230624565,38.3,,752094.0,
GUY,Guyana,2008,65.721,4008.9628671603,39.1,,754606.0,
GUY,Guyana,2007,65.462,3608.28685240188,39.9,,756861.0,
GUY,Guyana,2006,64.848,3135.60553528326,40.7,,758966.0,
GUY,Guyana,2005,64.392,1084.06541388904,41.6,,760914.0,
GUY,Guyana,2004,64.214,1033.31030902188,42.5,,762418.0,
GUY,Guyana,2003,64.117,973.742598054188,43.4,,763101.0,
GUY,Guyana,2002,64.183,950.866932470993,44.5,,763652.0,
GUY,Guyana,2001,64.38,931.574723847673,45.6,,764477.0,
GUY,Guyana,2000,64.075,931.796651718955,46.7,,764832.0,
HTI,Haiti,2023,64.936,1681.84407667059,54.4,,11637398.0,
HTI,Haiti,2022,63.948,1748.40890116803,56.2,,11503606.0,
HTI,Haiti,2021,62.613,1824.6798742577,58.1,,11374586.0,
HTI,Haiti,2020,63.773,1290.32538667383,59.8,,11243848.0,
HTI,Haiti,2019,64.328,1352.17204191532,61.5,,11105163.0,
HTI,Haiti,2018,64.077,1496.38048970156,63.4,,10962362.0,
HTI,Haiti,2017,63.832,1395.23945184461,65.3,68.0100021362305,10817754.0,
HTI,Haiti,2016,63.325,1318.40268167953,67.2,,10671457.0,
HTI,Haiti,2015,63.224,1411.12684746796,69.1,,10523242.0,
HTI,Haiti,2014,62.969,1460.18898613914,70.9,,10373235.0,
HTI,Haiti,2013,62.624,1457.83221179626,72.8,,10222362.0,
HTI,Haiti,2012,62.273,1361.39396587374,74.6,73.953334886651,10069771.0,40.4
HTI,Haiti,2011,61.581,1312.03953552013,76.5,,9914904.0,
HTI,Haiti,2010,45.577,1209.72733503094,137.7,,9803294.0,
HTI,Haiti,2009,61.694,1196.8528706018,80.2,,9689581.0,
HTI,Haiti,2008,61.28,1094.66058421644,82.2,,9530774.0,
HTI,Haiti,2007,61.09,984.566983448521,84.1,,9373296.0,
HTI,Haiti,2006,60.74,828.805700289589,86.2,,9216562.0,
HTI,Haiti,2005,60.318,775.845704056916,88.4,,9061273.0,
HTI,Haiti,2004,58.517,683.185298155273,90.7,,8910263.0,
HTI,Haiti,2003,59.44,578.995291079709,93.3,58.7400016784668,8759912.0,
HTI,Haiti,2002,59.041,720.969568042522,96.2,,8607641.0,
HTI,Haiti,2001,58.591,748.821159844528,99.4,,8455918.0,75.1
HTI,Haiti,2000,58.175,820.600046761464,102.9,,8303151.0,
HND,Honduras,2023,72.884,3227.45762509776,15.5,87.0899963378906,10644851.0,17.0
HND,Honduras,2022,72.715,3003.28996826399,16.0,88.2192789618317,10463872.0,
HND,Honduras,2021,69.492,2735.14751503977,16.5,,10289877.0,
HND,Honduras,2020,70.864,2307.61494319511,17.1,,10119640.0,
HND,Honduras,2019,72.124,2502.32744328073,17.7,88.5100021362305,9943633.0,18.8
HND,Honduras,2018,72.001,2464.64241531918,18.2,87.2099990844727,9765210.0,19.8
HND,Honduras,2017,71.805,2413.0076562942,18.9,,9588137.0,19.3
HND,Honduras,2016,71.615,2307.34468351082,19.6,88.9899978637695,9412380.0,19.8
HND,Honduras,2015,71.323,2271.20265980349,20.3,87.9100036621094,9237305.0,19.9
HND,Honduras,2014,71.032,2179.88171977271,21.1,87.1999969482422,9063122.0,20.6
HND,Honduras,2013,70.765,2081.12843527945,21.9,85.4599990844727,8889278.0,20.8
HND,Honduras,2012,70.46,2126.03474686503,22.7,85.3600006103516,8715076.0,24.0
HND,Honduras,2011,70.116,2073.66121088074,23.5,85.120002746582,8540583.0,20.1
HND,Honduras,2010,69.77,1893.32722662035,24.4,84.7600021362305,8365878.0,19.6
HND,Honduras,2009,69.823,1781.15703614674,25.4,,8189899.0,18.1
HND,Honduras,2008,69.657,1732.49062702803,26.4,,8012587.0,20.9
HND,Honduras,2007,69.539,1577.73789197407,27.4,83.5899963378906,7834798.0,22.0
HND,Honduras,2006,69.364,1425.84780051892,28.6,,7656832.0,27.3
HND,Honduras,2005,69.198,1304.70039153826,29.8,,7478355.0,31.3
HND,Honduras,2004,69.05,1215.13995412761,31.1,,7298994.0,33.3
HND,Honduras,2003,68.874,1156.08162681357,32.5,,7119213.0,34.0
HND,Honduras,2002,68.714,1132.49965345317,34.0,,6938859.0,29.0
HND,Honduras,2001,68.491,1132.1648753329,35.6,80.0100021362305,6757993.0,26.5
HND,Honduras,2000,68.302,1092.56400746252,37.3,,6577773.0,
HKG,"Hong Kong SAR, China",2023,85.2473170731707,50525.1119312663,,,7536100.0,
HKG,"Hong Kong SAR, China",2022,83.6609756097561,48825.0272275805,,,7346100.0,
HKG,"Hong Kong SAR, China",2021,85.5326829268293,49770.5642374739,,,7413100.0,
HKG,"Hong Kong SAR, China",2020,85.4963414634146,46109.2299946609,,,7481000.0,
HKG,"Hong Kong SAR, China",2019,85.1558536585366,48359.0011950597,,,7507900.0,
HKG,"Hong Kong SAR, China",2018,84.869756097561,48537.5668888343,,,7452600.0,
HKG,"Hong Kong SAR, China",2017,84.6956097560976,46160.429791493,,,7393200.0,
HKG,"Hong Kong SAR, China",2016,84.2114634146342,43734.1980702999,,,7336600.0,
HKG,"Hong Kong SAR, China",2015,84.2526829268293,42432.1619740441,,,7291300.0,
HKG,"Hong Kong SAR, China",2014,83.9356097560976,40315.3739510191,,,7229500.0,
HKG,"Hong Kong SAR, China",2013,83.8312195121951,38403.7777145477,,,7178900.0,
HKG,"Hong Kong SAR, China",2012,83.450243902439,36730.796195815,,,7150100.0,
HKG,"Hong Kong SAR, China",2011,83.4119512195122,35142.4879344543,,,7071600.0,
HKG,"Hong Kong SAR, China",2010,82.9575609756098,32550.136489179,,,7024200.0,
HKG,"Hong Kong SAR, China",2009,82.7751219512195,30697.5383861641,,,6972800.0,
HKG,"Hong Kong SAR, China",2008,82.3404878048781,31515.5292103443,,,6957800.0,
HKG,"Hong Kong SAR, China",2007,82.3668292682927,30593.9511738646,,,6916300.0,
HKG,"Hong Kong SAR, China",2006,82.3848780487805,28224.0951563146,,,6857100.0,
HKG,"Hong Kong SAR, China",2005,81.6090243902439,26649.637724155,,,6813200.0,
HKG,"Hong Kong SAR, China",2004,81.7992682926829,24928.1003722551,,,6783500.0,
HKG,"Hong Kong SAR, China",2003,81.3434146341464,23977.1734120477,,,6730800.0,
HKG,"Hong Kong SAR, China",2002,81.4521951219512,24665.8362318216,,,6744100.0,
HKG,"Hong Kong SAR, China",2001,81.4192682926829,25230.3780910304,,,6714300.0,
HKG,"Hong Kong SAR, China",2000,80.8731707317073,25756.7728723704,,,6665000.0,
HUN,Hungary,2023,76.5707317073171,22208.6509820466,3.8,,9592186.0,
HUN,Hungary,2022,75.8682926829268,18428.028825614,3.9,,9605074.0,
HUN,Hungary,2021,74.0658536585366,19030.628130329,4.0,,9630932.0,
HUN,Hungary,2020,75.419512195122,16386.9308821258,4.0,,9670419.0,
HUN,Hungary,2019,76.3195121951219,17012.8598553199,4.1,,9694824.0,
HUN,Hungary,2018,76.0658536585366,16605.0570511887,4.3,,9706964.0,
HUN,Hungary,2017,75.8170731707317,14736.1668157258,4.5,,9726756.0,0.9
HUN,Hungary,2016,76.0634146341464,13215.8605277789,4.7,,9759755.0,1.6
HUN,Hungary,2015,75.5682926829269,12782.9412577973,5.1,,9797755.0,1.0
HUN,Hungary,2014,75.7634146341463,14352.501883174,5.3,,9833038.0,1.0
HUN,Hungary,2013,75.5658536585366,13739.4620151401,5.6,,9872734.0,0.5
HUN,Hungary,2012,75.0634146341463,12950.1594488143,5.7,,9920362.0,0.5
HUN,Hungary,2011,74.8585365853659,14211.460557822,5.9,,9971727.0,0.2
HUN,Hungary,2010,74.2073170731707,13189.8433874768,6.0,,10000023.0,0.2
HUN,Hungary,2009,73.9048780487805,13051.1831777184,6.2,,10022650.0,0.1
HUN,Hungary,2008,73.7024390243903,15762.6322515113,6.5,,10038188.0,0.1
HUN,Hungary,2007,73.1512195121951,13934.605460375,6.8,,10055780.0,0.2
HUN,Hungary,2006,73.0975609756098,11478.4891640501,7.2,,10071370.0,0.2
HUN,Hungary,2005,72.6487804878049,11212.2046968994,7.5,,10087065.0,1.0
HUN,Hungary,2004,72.6487804878049,10291.2694721409,8.0,,10107146.0,0.3
HUN,Hungary,2003,72.3,8410.09248198479,8.4,,10129552.0,0.2
HUN,Hungary,2002,72.3487804878049,6658.04494326809,9.0,,10158608.0,0.1
HUN,Hungary,2001,72.2487804878049,5280.94887987063,9.5,,10187576.0,0.0
HUN,Hungary,2000,71.2463414634146,4629.91760812548,10.1,,10210971.0,0.1
ISL,Iceland,2023,82.4560975609756,82201.2908518078,2.9,,385663.0,
ISL,Iceland,2022,82.119512195122,76376.9599334915,2.9,,382003.0,
ISL,Iceland,2021,83.1658536585366,70425.4064277273,2.9,,372520.0,
ISL,Iceland,2020,83.0634146341463,60127.9393575616,2.8,,366463.0,
ISL,Iceland,2019,83.1634146341463,69296.3144361601,2.8,,360563.0,0.1
ISL,Iceland,2018,82.8609756097561,75633.8651351915,2.7,,352721.0,0.3
ISL,Iceland,2017,82.6609756097561,72976.3729990975,2.7,,343400.0,0.0
ISL,Iceland,2016,82.2048780487805,62854.0906407932,2.6,,335439.0,0.0
ISL,Iceland,2015,82.4682926829268,53505.6964079339,2.6,,330815.0,0.0
ISL,Iceland,2014,82.8609756097561,55140.364935793,2.6,,327386.0,0.0
ISL,Iceland,2013,82.0609756097561,50173.3360061057,2.6,,323764.0,0.1
ISL,Iceland,2012,82.9170731707317,46594.9869146614,2.6,,320716.0,0.0
ISL,Iceland,2011,82.3585365853659,48254.953927254,2.6,,319014.0,0.2
ISL,Iceland,2010,81.8975609756097,43776.4677400475,2.7,,318041.0,0.1
ISL,Iceland,2009,81.7512195121951,41483.7843682814,2.7,,318499.0,0.1
ISL,Iceland,2008,81.609756097561,57489.3399795216,2.8,,317414.0,0.1
ISL,Iceland,2007,81.4536585365854,70483.0117228535,2.8,,311566.0,0.1
ISL,Iceland,2006,81.1585365853659,58172.1426656622,2.9,,303782.0,0.2
ISL,Iceland,2005,81.5024390243902,57783.7745608117,3.1,,296734.0,0.0
ISL,Iceland,2004,80.9975609756098,47809.6073050042,3.2,,292074.0,0.2
ISL,Iceland,2003,80.9634146341464,39944.2104095591,3.3,,289521.0,0.0
ISL,Iceland,2002,80.5024390243903,32749.379004627,3.5,,287523.0,
ISL,Iceland,2001,80.690243902439,29208.1981853568,3.7,,284968.0,
ISL,Iceland,2000,79.6536585365854,32503.578963236,3.9,,281205.0,
IND,India,2023,72.003,2434.44826340989,28.0,81.6999969482422,1438069596.0,
IND,India,2022,71.698,2279.98145719369,29.5,76.3199996948242,1425423212.0,5.3
IND,India,2021,67.282,2239.61384367482,31.2,76.0596617430205,1414203896.0,
IND,India,2020,70.156,1907.04251637669,33.0,75.5270629470344,1402617695.0,
IND,India,2019,70.746,2041.42863698585,34.9,74.8938629973395,1389030312.0,
IND,India,2018,70.415,1966.25455171679,36.9,73.6883524760717,1374659064.0,
IND,India,2017,70.068,1950.10468280866,39.0,,1359657400.0,
IND,India,2016,69.709,1707.50892912243,41.3,,1343944296.0,
IND,India,2015,69.326,1583.99815907985,43.7,,1328024498.0,
IND,India,2014,68.932,1553.88396075118,46.4,,1312277191.0,
IND,India,2013,68.499,1432.84397512195,49.1,,1295829511.0,
IND,India,2012,68.076,1429.32199520032,52.0,69.8279300354369,1278674502.0,
IND,India,2011,67.623,1445.46127486037,55.0,69.3000030517578,1261224954.0,27.1
IND,India,2010,67.162,1347.51939071367,58.1,68.325817300837,1243481564.0,
IND,India,2009,66.7,1094.94974598436,61.2,,1225524753.0,34.6
IND,India,2008,66.247,992.519584923828,64.5,,1207930964.0,
IND,India,2007,65.803,1021.88707706826,67.8,,1190676021.0,
IND,India,2006,65.373,801.668353659022,71.0,62.75,1172878890.0,
IND,India,2005,64.939,710.488080408949,74.3,,1154676322.0,
IND,India,2004,64.484,624.258826510066,77.7,,1135991513.0,46.4
IND,India,2003,64.086,544.143133545002,81.1,,1116803006.0,
IND,India,2002,63.649,469.149928973927,84.6,,1097600380.0,
IND,India,2001,63.158,450.357900514128,88.1,61.0099983215332,1077898575.0,
IND,India,2000,62.749,442.750218937263,91.8,,1057922733.0,
IDN,Indonesia,2023,71.146,4876.2992959843,18.4,,281190067.0,6.7
IDN,Indonesia,2022,70.925,4730.83484836107,19.1,,278830529.0,7.9
IDN,Indonesia,2021,67.452,4287.17313995098,19.9,,276758053.0,8.6
IDN,Indonesia,2020,68.817,3853.70288774146,20.8,96.0,274814866.0,9.8
IDN,Indonesia,2019,70.349,4106.94856160358,21.8,,272489381.0,10.9
IDN,Indonesia,2018,70.08,3860.95353090726,22.8,95.6600036621094,269951846.0,12.5
IDN,Indonesia,2017,69.953,3798.88326174526,23.8,,267346658.0,14.8
IDN,Indonesia,2016,69.733,3521.46943457574,25.0,95.379997253418,264627418.0,18.0
IDN,Indonesia,2015,69.52,3288.22269725538,26.1,95.2200012207031,261799249.0,21.6
IDN,Indonesia,2014,69.292,3441.06808464008,27.3,95.120002746582,258877399.0,25.7
IDN,Indonesia,2013,69.064,3566.60284506078,28.6,,255852467.0,27.2
IDN,Indonesia,2012,68.862,3632.27254030331,29.9,,252698525.0,26.6
IDN,Indonesia,2011,68.629,3579.46442466152,31.2,92.8099975585938,249470032.0,31.2
IDN,Indonesia,2010,68.364,3065.68348377765,32.6,92.3199996948242,246305322.0,34.1
IDN,Indonesia,2009,68.267,2218.48541852977,34.1,92.5800018310547,243220028.0,37.9
IDN,Indonesia,2008,68.085,2124.55483920618,35.6,92.1900024414062,240157903.0,38.0
IDN,Indonesia,2007,67.914,1823.21976255073,37.2,,237062337.0,41.1
IDN,Indonesia,2006,67.664,1558.31562847163,38.9,91.9800033569336,233951652.0,46.8
IDN,Indonesia,2005,67.531,1238.21447629488,40.7,,230871650.0,41.1
IDN,Indonesia,2004,65.521,1126.84004447173,48.6,90.379997253418,227926649.0,45.4
IDN,Indonesia,2003,67.134,1043.2105838671,44.6,,225048008.0,45.5
IDN,Indonesia,2002,66.954,881.002913569131,46.7,,222088495.0,46.8
IDN,Indonesia,2001,66.583,732.307093405708,49.0,,219097902.0,62.3
IDN,Indonesia,2000,66.292,763.711124950924,51.4,,216077790.0,65.7
IRN,"Iran, Islamic Rep.",2023,77.654,5049.29931642754,11.7,88.9168161136597,90608707.0,2.5
IRN,"Iran, Islamic Rep.",2022,76.799,4721.20437099984,12.1,88.5942297159365,89524246.0,2.8
IRN,"Iran, Islamic Rep.",2021,73.752,4605.14881318992,12.6,88.4555944977134,88455488.0,3.7
IRN,"Iran, Islamic Rep.",2020,74.141,3202.50003502169,13.0,87.9028264049083,87723443.0,4.6
IRN,"Iran, Islamic Rep.",2019,76.855,3997.4935449585,13.4,87.3788306734933,87051648.0,4.3
IRN,"Iran, Islamic Rep.",2018,76.621,4783.01067340237,13.9,86.8688350894209,86117998.0,3.2
IRN,"Iran, Islamic Rep.",2017,76.396,6000.93346404409,14.4,85.9467906933665,85026754.0,2.7
IRN,"Iran, Islamic Rep.",2016,76.155,5710.59947089104,14.9,85.5400009155273,83812228.0,3.0
IRN,"Iran, Islamic Rep.",2015,75.907,4952.73355532178,15.5,85.283432659187,82619362.0,3.0
IRN,"Iran, Islamic Rep.",2014,75.635,5672.06372896319,16.1,84.7099990844727,81502045.0,3.3
IRN,"Iran, Islamic Rep.",2013,75.349,6222.74194840326,16.8,84.629997253418,80414686.0,1.9
IRN,"Iran, Islamic Rep.",2012,75.039,8114.08099831877,17.5,83.629997253418,79370580.0,1.8
IRN,"Iran, Islamic Rep.",2011,74.721,8025.68743364356,18.3,83.5199966430664,78383598.0,2.3
IRN,"Iran, Islamic Rep.",2010,74.39,6291.19443655454,19.3,83.6646682357838,77420842.0,
IRN,"Iran, Islamic Rep.",2009,74.041,5415.52280553446,20.4,83.222239914938,76457825.0,4.9
IRN,"Iran, Islamic Rep.",2008,73.683,5377.4115072957,21.7,82.9599990844727,75514204.0,
IRN,"Iran, Islamic Rep.",2007,73.299,4687.99166260718,23.1,,74602648.0,
IRN,"Iran, Islamic Rep.",2006,72.895,3618.91601364428,24.7,82.3300018310547,73392747.0,4.5
IRN,"Iran, Islamic Rep.",2005,72.446,3132.0508192007,26.5,82.4400024414062,71828455.0,4.5
IRN,"Iran, Islamic Rep.",2004,72.04,2672.4226651404,28.3,,70256316.0,
IRN,"Iran, Islamic Rep.",2003,70.464,2208.99636552406,30.3,,68769340.0,
IRN,"Iran, Islamic Rep.",2002,71.112,1891.25756091033,32.3,77.0,68011317.0,
IRN,"Iran, Islamic Rep.",2001,70.619,1881.02266635283,34.3,,67452005.0,
IRN,"Iran, Islamic Rep.",2000,70.166,1650.01385833785,36.4,,66418659.0,
IRQ,Iraq,2023,72.324,5965.31835077761,22.5,,45074049.0,0.5
IRQ,Iraq,2022,72.037,6520.73154560584,23.3,,44070551.0,
IRQ,Iraq,2021,70.704,4868.49431080783,24.0,84.0648941705243,43071211.0,
IRQ,Iraq,2020,69.651,4295.18945121228,24.9,,42116605.0,
IRQ,Iraq,2019,71.245,5671.8568632942,25.7,,41192171.0,
IRQ,Iraq,2018,71.116,5646.68932074742,26.5,,40265624.0,
IRQ,Iraq,2017,69.788,4759.2846435467,27.5,85.5999984741211,39337353.0,
IRQ,Iraq,2016,68.683,4334.42096404188,28.4,83.3000030517578,38469627.0,
IRQ,Iraq,2015,69.977,4440.14189252367,29.3,,37560535.0,
IRQ,Iraq,2014,69.679,6249.39226978969,30.3,82.1999969482422,36550059.0,
IRQ,Iraq,2013,69.047,6650.35282247395,31.3,,35281989.0,
IRQ,Iraq,2012,68.827,6477.59618450955,32.4,77.1999969482422,33654842.0,0.6
IRQ,Iraq,2011,68.435,5775.54229080293,33.4,,32161424.0,
IRQ,Iraq,2010,68.092,4461.75196161555,34.5,,31045366.0,
IRQ,Iraq,2009,67.834,3714.71205987194,35.6,,30058206.0,
IRQ,Iraq,2008,66.465,4542.96609046032,36.7,,28971036.0,
IRQ,Iraq,2007,64.428,3128.99010329066,37.7,,28391607.0,
IRQ,Iraq,2006,64.029,2276.55435744086,38.8,,28616515.0,0.6
IRQ,Iraq,2005,64.899,1762.39360423421,39.7,,28407448.0,
IRQ,Iraq,2004,64.634,1328.37157628292,40.7,,27577878.0,
IRQ,Iraq,2003,64.834,817.887862499622,41.6,,26802659.0,
IRQ,Iraq,2002,65.724,1266.15961275094,42.5,,26006559.0,
IRQ,Iraq,2001,65.292,1435.695683789,43.4,,25197840.0,
IRQ,Iraq,2000,64.86,1980.18916038782,44.3,74.0500030517578,24424056.0,
IRL,Ireland,2023,82.8073170731707,106818.917130804,3.8,,5311538.0,0.1
IRL,Ireland,2022,82.509756097561,105190.685952731,3.7,,5212836.0,0.2
IRL,Ireland,2021,82.2536585365854,103783.446284479,3.6,,5110585.0,0.1
IRL,Ireland,2020,82.4560975609756,86514.0706108754,3.5,,5039747.0,0.2
IRL,Ireland,2019,82.7024390243903,81827.6688873996,3.4,,4976456.0,0.1
IRL,Ireland,2018,82.2048780487805,80804.1123164826,3.4,,4898022.0,0.1
IRL,Ireland,2017,82.1560975609756,72161.4047531385,3.5,,4827445.0,0.3
IRL,Ireland,2016,81.6536585365854,64129.5571542383,3.6,,4762722.0,0.3
IRL,Ireland,2015,81.4536585365854,64250.1385181257,3.7,,4701957.0,0.4
IRL,Ireland,2014,81.3487804878049,57214.5379785709,3.8,,4657740.0,0.4
IRL,Ireland,2013,80.9487804878049,52537.6108648692,3.9,,4623816.0,0.7
IRL,Ireland,2012,80.8463414634146,49335.8408099555,4.0,,4599533.0,0.5
IRL,Ireland,2011,80.7463414634146,52613.8540355689,4.1,,4580084.0,0.7
IRL,Ireland,2010,80.7439024390244,48623.9666422487,4.2,,4560155.0,0.7
IRL,Ireland,2009,80.190243902439,52133.0906162544,4.3,,4535375.0,0.6
IRL,Ireland,2008,80.0951219512195,61353.1065629523,4.4,,4489544.0,0.2
IRL,Ireland,2007,79.6414634146341,61396.417461176,4.6,,4398942.0,0.1
IRL,Ireland,2006,79.2414634146342,54329.1618599624,4.8,,4273591.0,0.5
IRL,Ireland,2005,78.9439024390244,50933.0216095589,5.2,,4159914.0,0.1
IRL,Ireland,2004,78.5390243902439,47754.2023194244,5.6,,4070262.0,0.1
IRL,Ireland,2003,78.1390243902439,41203.5295847568,6.1,,3996521.0,0.2
IRL,Ireland,2002,77.6341463414634,32705.4345565698,6.5,,3931947.0,0.3
IRL,Ireland,2001,77.1341463414634,28282.409882073,6.9,,3866243.0,
IRL,Ireland,2000,76.5365853658537,26334.5672050501,7.2,,3805174.0,0.2
IMN,Isle of Man,2023,80.999,90015.2074234398,,,84165.0,
IMN,Isle of Man,2022,80.956,88328.548125887,,,84132.0,
IMN,Isle of Man,2021,80.42,94299.969348965,,,84106.0,
IMN,Isle of Man,2020,80.591,79513.5330346598,,,84064.0,
IMN,Isle of Man,2019,80.74,87127.5517977404,,,83957.0,
IMN,Isle of Man,2018,80.614,89393.8244248812,,,83805.0,
IMN,Isle of Man,2017,80.506,83481.3038489014,,,83609.0,
IMN,Isle of Man,2016,80.391,82025.9454509241,,,83466.0,
IMN,Isle of Man,2015,80.267,84753.5187422732,,,83593.0,
IMN,Isle of Man,2014,80.199,91885.4528718026,,,83892.0,
IMN,Isle of Man,2013,80.12,83207.6588430451,,,84141.0,
IMN,Isle of Man,2012,80.007,79329.2034347434,,,84335.0,
IMN,Isle of Man,2011,79.836,77808.8579649376,,,84382.0,
IMN,Isle of Man,2010,79.613,70587.3140283741,,,83873.0,
IMN,Isle of Man,2009,79.303,66156.105656847,,,82939.0,
IMN,Isle of Man,2008,78.899,72276.7741329461,,,82029.0,
IMN,Isle of Man,2007,78.451,55040.2437046236,,,81147.0,
IMN,Isle of Man,2006,77.971,42627.5089352891,,,80294.0,
IMN,Isle of Man,2005,77.453,38135.8597885858,,,79516.0,
IMN,Isle of Man,2004,76.876,35564.6023910146,,,78792.0,
IMN,Isle of Man,2003,76.319,28861.6178062918,,,78049.0,
IMN,Isle of Man,2002,75.785,24471.0798814847,,,77275.0,
IMN,Isle of Man,2001,75.289,21819.7123825606,,,76476.0,
IMN,Isle of Man,2000,74.842,21161.3963073772,,,75659.0,
ISR,Israel,2023,83.1951219512195,52126.4489280033,3.4,,9849000.0,
ISR,Israel,2022,82.7,54947.2091250715,3.4,,9557500.0,0.4
ISR,Israel,2021,82.5,52258.4693499398,3.5,,9371400.0,0.6
ISR,Israel,2020,82.6487804878049,44590.8237253282,3.5,,9215100.0,0.7
ISR,Israel,2019,82.8048780487805,44091.8678022544,3.6,,9054000.0,0.9
ISR,Israel,2018,82.8024390243903,42269.3770257585,3.7,,8882800.0,0.7
ISR,Israel,2017,82.5512195121951,41013.2575323519,3.7,,8713300.0,0.7
ISR,Israel,2016,82.4073170731707,37571.2561196275,3.8,,8546000.0,0.5
ISR,Israel,2015,82.0512195121951,36138.13561386,3.9,,8380100.0,0.5
ISR,Israel,2014,82.1536585365854,38265.3651949373,4.0,,8215700.0,0.6
ISR,Israel,2013,82.0560975609756,36980.622214228,4.1,,8059500.0,0.6
ISR,Israel,2012,81.7048780487805,33268.7066672115,4.3,,7910500.0,0.8
ISR,Israel,2011,81.6560975609756,34476.7252065949,4.4,,7765800.0,0.3
ISR,Israel,2010,81.6024390243903,31398.9266927022,4.6,,7623600.0,0.6
ISR,Israel,2009,81.4048780487805,28469.6817348489,4.7,,7485600.0,0.9
ISR,Israel,2008,80.9512195121951,30231.0191013609,4.9,,7308800.0,0.7
ISR,Israel,2007,80.5048780487805,25688.901610248,5.1,,7180100.0,0.6
ISR,Israel,2006,80.5536585365854,22499.7541717986,5.3,,7053700.0,0.5
ISR,Israel,2005,80.1512195121951,21261.7474251846,5.6,,6930100.0,0.9
ISR,Israel,2004,80.1463414634146,20550.0694706176,5.8,,6809000.0,1.0
ISR,Israel,2003,79.6487804878049,19624.0321412582,6.1,,6689700.0,0.9
ISR,Israel,2002,79.4512195121951,19058.7462869465,6.4,,6570000.0,0.8
ISR,Israel,2001,79.4073170731707,20948.7745727671,6.6,,6439000.0,0.4
ISR,Israel,2000,78.9536585365854,21690.237340061,6.9,,6289000.0,
ITA,Italy,2023,83.3512195121951,39279.699782164,2.8,,58984216.0,0.9
ITA,Italy,2022,82.7,35653.9042103495,2.8,,59013667.0,0.7
ITA,Italy,2021,82.6463414634146,36852.5425414951,2.9,,59133173.0,0.9
ITA,Italy,2020,82.1951219512195,32091.4866621366,3.0,,59438851.0,0.9
ITA,Italy,2019,83.4975609756098,33812.788724868,3.1,99.3499984741211,59729081.0,1.0
ITA,Italy,2018,83.3463414634146,35062.3364176949,3.2,,59877221.0,1.7
ITA,Italy,2017,82.9463414634147,32844.115660604,3.3,,60002252.0,1.5
ITA,Italy,2016,83.2439024390244,31391.5692898108,3.4,,60115223.0,1.8
ITA,Italy,2015,82.5439024390244,30639.8829751432,3.5,,60229605.0,2.1
ITA,Italy,2014,83.090243902439,36028.3494022349,3.6,,60320707.0,1.4
ITA,Italy,2013,82.690243902439,35701.6746002376,3.7,,60311613.0,1.6
ITA,Italy,2012,82.2390243902439,34854.3949441965,3.8,,60191247.0,1.4
ITA,Italy,2011,82.1878048780488,38432.3742820019,3.9,98.8499984741211,60026841.0,1.3
ITA,Italy,2010,82.0365853658537,35856.8625485539,4.0,,59819407.0,1.4
ITA,Italy,2009,81.6365853658537,37099.6133958219,4.1,,59555454.0,1.1
ITA,Italy,2008,81.4853658536585,40828.5795580937,4.1,,59211181.0,0.9
ITA,Italy,2007,81.4341463414634,37826.1754554823,4.2,,58756247.0,0.8
ITA,Italy,2006,81.2829268292683,33537.1286994269,4.3,,58399861.0,0.8
ITA,Italy,2005,80.7829268292683,32062.723833669,4.5,,58166682.0,0.8
ITA,Italy,2004,80.7804878048781,31348.1901841445,4.6,,57828179.0,0.8
ITA,Italy,2003,79.9829268292683,27577.5700319855,4.8,,57399184.0,0.9
ITA,Italy,2002,80.2292682926829,22451.3964379368,5.1,,57089824.0,1.7
ITA,Italy,2001,80.1268292682927,20570.4385917862,5.3,98.4199981689453,56976981.0,
ITA,Italy,2000,79.7780487804878,20190.0035636084,5.6,,56942108.0,1.3
JAM,Jamaica,2023,71.479,7542.39855849054,18.1,,2839786.0,
JAM,Jamaica,2022,71.481,6626.47502388538,18.4,,2839144.0,
JAM,Jamaica,2021,69.085,5625.67806271236,18.6,,2837682.0,1.4
JAM,Jamaica,2020,71.452,5299.04530804283,18.7,,2830739.0,
JAM,Jamaica,2019,71.532,6030.68896415921,18.8,,2823271.0,
JAM,Jamaica,2018,71.606,5976.90362644337,18.7,,2820097.0,0.4
JAM,Jamaica,2017,71.879,5605.43541173019,18.7,,2815764.0,
JAM,Jamaica,2016,72.052,5302.29553353854,18.7,,2809915.0,
JAM,Jamaica,2015,72.214,5339.30718256806,18.7,,2802534.0,
JAM,Jamaica,2014,72.357,4975.11325459872,18.8,,2793749.0,
JAM,Jamaica,2013,72.435,5124.21301411137,18.9,,2783687.0,
JAM,Jamaica,2012,72.405,5340.83333232158,18.9,,2772430.0,
JAM,Jamaica,2011,72.245,5232.63644918132,19.0,,2760494.0,
JAM,Jamaica,2010,71.979,4809.977380312,19.0,,2748568.0,
JAM,Jamaica,2009,71.717,4428.38153333557,19.1,,2736995.0,
JAM,Jamaica,2008,71.502,5029.80095281745,19.1,,2725635.0,
JAM,Jamaica,2007,71.405,4716.48612542727,19.1,,2713800.0,
JAM,Jamaica,2006,71.395,4417.00127135363,19.1,,2700968.0,
JAM,Jamaica,2005,71.493,4184.43974867497,19.1,,2687066.0,
JAM,Jamaica,2004,71.542,3807.56293124552,19.1,,2672225.0,4.5
JAM,Jamaica,2003,71.585,3549.70758394618,19.3,,2656623.0,
JAM,Jamaica,2002,71.478,3680.64551727724,19.6,,2640572.0,6.4
JAM,Jamaica,2001,71.287,3503.55026688858,20.0,,2624403.0,
JAM,Jamaica,2000,71.281,3453.09252800226,20.5,,2607826.0,
JPN,Japan,2023,84.0412195121951,35215.003535366,2.4,,124516650.0,
JPN,Japan,2022,83.9963414634146,35548.2645222433,2.4,,125124989.0,
JPN,Japan,2021,84.4456097560976,41580.739040705,2.4,,125681593.0,
JPN,Japan,2020,84.56,41098.9739004553,2.4,,126261000.0,1.2
JPN,Japan,2019,84.3563414634146,41424.8655601543,2.5,,126633000.0,1.3
JPN,Japan,2018,84.2109756097561,40645.478086519,2.5,,126811000.0,1.0
JPN,Japan,2017,84.099756097561,39679.8635262948,2.6,,126972000.0,0.6
JPN,Japan,2016,83.9848780487805,40214.9688631562,2.7,,127076000.0,0.7
JPN,Japan,2015,83.7939024390244,35664.6446110613,2.8,,127141000.0,0.4
JPN,Japan,2014,83.5878048780488,39172.8471161948,2.9,,127276000.0,0.7
JPN,Japan,2013,83.3319512195122,41369.1948479498,3.0,,127445000.0,0.9
JPN,Japan,2012,83.0960975609756,49626.6830327571,3.1,,127629000.0,1.4
JPN,Japan,2011,82.5912195121951,49122.077634247,3.3,,127833000.0,0.5
JPN,Japan,2010,82.8426829268293,45378.1378109399,3.3,,128070000.0,0.6
JPN,Japan,2009,82.9314634146342,41678.1783063195,3.4,,128047000.0,0.8
JPN,Japan,2008,82.5875609756098,40294.2081309702,3.4,,128063000.0,1.1
JPN,Japan,2007,82.5070731707317,36129.9535132925,3.5,,128001000.0,
JPN,Japan,2006,82.3219512195122,36354.4271646349,3.6,,127854000.0,
JPN,Japan,2005,81.9551219512195,38158.6758263963,3.7,,127773000.0,
JPN,Japan,2004,82.030243902439,38677.5708064787,3.9,,127761000.0,
JPN,Japan,2003,81.76,35808.6816792388,4.0,,127718000.0,
JPN,Japan,2002,81.6907317073171,33315.9165174962,4.1,,127445000.0,
JPN,Japan,2001,81.4163414634146,34910.166403687,4.3,,127149000.0,
JPN,Japan,2000,81.0760975609756,39752.937397755,4.5,,126843000.0,
JOR,Jordan,2023,77.814,4906.23543006639,13.3,94.8499984741211,11439213.0,
JOR,Jordan,2022,77.088,4754.41362207378,13.7,,11256263.0,
JOR,Jordan,2021,74.204,4581.71967230365,14.1,,11066356.0,
JOR,Jordan,2020,75.583,4411.48321838396,14.5,,10865228.0,
JOR,Jordan,2019,76.865,4557.79334729121,14.9,,10671891.0,
JOR,Jordan,2018,76.491,4533.97658437205,15.3,95.4300003051758,10462306.0,
JOR,Jordan,2017,76.071,4449.34618076611,15.7,,10234226.0,
JOR,Jordan,2016,75.55,4366.06999647268,16.1,,10006367.0,
JOR,Jordan,2015,75.06,4441.61896013754,16.5,,9544729.0,
JOR,Jordan,2014,74.606,4610.60460269382,17.0,,8791710.0,
JOR,Jordan,2013,74.282,4739.02253641778,17.4,,7991809.0,
JOR,Jordan,2012,74.087,4593.83609729005,17.9,97.8899993896484,7587127.0,
JOR,Jordan,2011,73.929,4363.42800211536,18.4,95.9000015258789,7480424.0,
JOR,Jordan,2010,73.797,4139.04283161368,18.9,92.5500030517578,7297043.0,0.1
JOR,Jordan,2009,73.707,3845.34388086274,19.5,,7141753.0,
JOR,Jordan,2008,73.563,3669.83012701745,20.1,,6989866.0,0.1
JOR,Jordan,2007,73.407,2506.20599484139,20.7,92.1999969482422,6827227.0,
JOR,Jordan,2006,73.225,2342.63459574933,21.3,,6427371.0,0.3
JOR,Jordan,2005,72.977,2087.87079273635,22.0,91.129997253418,6029587.0,
JOR,Jordan,2004,72.788,1940.08641342805,22.7,,5882061.0,
JOR,Jordan,2003,72.585,1775.67625581432,23.5,89.8899993896484,5741828.0,
JOR,Jordan,2002,72.359,1706.26744384401,24.2,,5616066.0,1.0
JOR,Jordan,2001,72.141,1632.29454010563,25.0,,5498894.0,
JOR,Jordan,2000,71.926,1570.61002940477,25.8,,5386945.0,
KAZ,Kazakhstan,2023,74.402,12879.4275257974,9.6,,20330104.0,
KAZ,Kazakhstan,2022,73.503,11255.3396437881,9.8,,20034609.0,
KAZ,Kazakhstan,2021,70.131,9983.60103576902,10.0,,19743603.0,0.0
KAZ,Kazakhstan,2020,71.195,8781.50797787648,10.1,,19482117.0,0.0
KAZ,Kazakhstan,2019,73.658,9457.12614657136,10.2,,19209555.0,0.1
KAZ,Kazakhstan,2018,73.369,9472.48527327758,10.3,,18932727.0,0.1
KAZ,Kazakhstan,2017,72.996,8943.08416791984,10.5,,18651931.0,0.1
KAZ,Kazakhstan,2016,72.549,7475.56688689424,11.0,,18363600.0,0.2
KAZ,Kazakhstan,2015,72.024,10196.1226255982,11.9,,18084169.0,0.1
KAZ,Kazakhstan,2014,71.415,12427.7094576939,13.0,,17816285.0,0.1
KAZ,Kazakhstan,2013,70.719,13478.459627612,14.5,,17556502.0,0.1
KAZ,Kazakhstan,2012,69.939,12018.7966527993,16.3,,17306106.0,0.1
KAZ,Kazakhstan,2011,69.108,11287.1464926039,18.3,,17066002.0,0.2
KAZ,Kazakhstan,2010,68.257,8793.07589980782,20.4,,16836810.0,0.5
KAZ,Kazakhstan,2009,67.46,6938.01175663001,22.5,99.7300033569336,16619846.0,0.8
KAZ,Kazakhstan,2008,66.759,8123.54705891736,24.7,,16426525.0,0.8
KAZ,Kazakhstan,2007,66.18,6449.43931096532,26.8,,16257214.0,1.1
KAZ,Kazakhstan,2006,65.722,5030.13494711519,28.9,,16103716.0,2.4
KAZ,Kazakhstan,2005,65.356,3577.35804001782,31.0,,15968117.0,14.6
KAZ,Kazakhstan,2004,65.04,2722.47407755402,33.0,,15850159.0,7.6
KAZ,Kazakhstan,2003,64.753,1958.02050246511,35.1,,15747380.0,12.3
KAZ,Kazakhstan,2002,64.441,1573.55219932325,37.2,,15656677.0,16.2
KAZ,Kazakhstan,2001,64.108,1422.27331810957,39.6,,15575550.0,20.7
KAZ,Kazakhstan,2000,63.793,1180.0444563226,42.1,,15501103.0,
KEN,Kenya,2023,63.646,1942.58802756191,39.6,,55339003.0,
KEN,Kenya,2022,63.549,2109.56288513137,40.5,,54252461.0,45.5
KEN,Kenya,2021,61.225,2061.35622089594,41.3,,53219166.0,46.4
KEN,Kenya,2020,61.596,1927.66459027849,42.1,,52217334.0,44.4
KEN,Kenya,2019,62.939,1960.40808854893,42.7,,51202827.0,
KEN,Kenya,2018,62.825,1836.45275528993,43.7,,50207107.0,
KEN,Kenya,2017,62.725,1667.48447230835,44.7,,49197766.0,
KEN,Kenya,2016,62.526,1554.12610314423,45.5,,48139687.0,
KEN,Kenya,2015,62.279,1489.11959777284,46.8,,47088526.0,37.7
KEN,Kenya,2014,61.99,1482.81566253497,48.3,,46051440.0,
KEN,Kenya,2013,61.729,1370.87885214659,49.4,,44986791.0,
KEN,Kenya,2012,61.537,1285.00536171512,50.7,,43888303.0,
KEN,Kenya,2011,61.283,1096.14499807675,51.7,,42758461.0,
KEN,Kenya,2010,60.915,1091.51873101194,53.1,,41598567.0,
KEN,Kenya,2009,60.483,1047.9678324485,55.2,,40408891.0,
KEN,Kenya,2008,59.955,915.54435473604,58.0,,39206351.0,
KEN,Kenya,2007,59.407,840.201439476765,62.9,,38036349.0,
KEN,Kenya,2006,59.059,699.80237063381,66.8,,36904008.0,
KEN,Kenya,2005,58.51,523.456312433863,71.2,,35796484.0,44.6
KEN,Kenya,2004,57.947,463.662781300121,76.1,,34713455.0,
KEN,Kenya,2003,57.369,442.898457253405,80.8,,33652223.0,
KEN,Kenya,2002,56.759,402.936385605382,85.6,,32629808.0,
KEN,Kenya,2001,56.501,410.700452474814,90.5,,31619170.0,
KEN,Kenya,2000,56.084,414.626365130846,95.2,82.2300033569336,30642890.0,
KIR,Kiribati,2023,66.473,2200.68918614289,54.5,,132530.0,0.9
KIR,Kiribati,2022,66.269,2078.7648751855,55.9,,130469.0,
KIR,Kiribati,2021,64.148,2223.54147866465,57.2,,128377.0,
KIR,Kiribati,2020,65.205,1751.87199542272,58.3,98.6079816424987,126099.0,
KIR,Kiribati,2019,65.866,1750.24040333237,59.1,,123921.0,6.1
KIR,Kiribati,2018,65.807,1915.56002581991,59.6,97.9599990844727,122084.0,
KIR,Kiribati,2017,65.787,1854.3326920967,59.6,,120275.0,
KIR,Kiribati,2016,65.799,1742.66799324117,59.1,,118478.0,
KIR,Kiribati,2015,65.831,1639.85274740652,58.6,,116815.0,
KIR,Kiribati,2014,65.869,1736.70535682101,58.0,,115326.0,
KIR,Kiribati,2013,65.898,1772.08718317132,57.7,,113838.0,
KIR,Kiribati,2012,65.908,1843.55336349889,57.4,,112284.0,
KIR,Kiribati,2011,65.896,1771.12926848792,57.5,,110647.0,
KIR,Kiribati,2010,65.859,1522.10068744154,57.7,,108704.0,
KIR,Kiribati,2009,65.808,1316.62753853678,58.2,,106467.0,
KIR,Kiribati,2008,65.746,1410.62246914058,58.7,,104222.0,
KIR,Kiribati,2007,65.677,1352.57814048911,59.2,,102068.0,
KIR,Kiribati,2006,65.601,1123.19258990684,59.7,,100017.0,21.3
KIR,Kiribati,2005,65.517,1161.78341739977,60.1,,98035.0,
KIR,Kiribati,2004,65.416,1083.2688987175,60.7,,96085.0,
KIR,Kiribati,2003,65.287,1020.50033851394,61.4,,94175.0,
KIR,Kiribati,2002,65.123,810.10870037444,62.5,,92264.0,
KIR,Kiribati,2001,64.918,718.833787096781,64.1,,90335.0,
KIR,Kiribati,2000,64.674,845.367240231973,65.8,,88613.0,
PRK,"Korea, Dem. People's Rep.",2023,73.642,,18.0,,26418204.0,
PRK,"Korea, Dem. People's Rep.",2022,73.641,,17.7,,26328845.0,
PRK,"Korea, Dem. People's Rep.",2021,73.437,,17.4,,26232534.0,
PRK,"Korea, Dem. People's Rep.",2020,72.783,,17.4,,26136312.0,
PRK,"Korea, Dem. People's Rep.",2019,72.928,,17.7,,26037632.0,
PRK,"Korea, Dem. People's Rep.",2018,73.02,,18.4,,25931147.0,
PRK,"Korea, Dem. People's Rep.",2017,73.034,,19.1,,25817709.0,
PRK,"Korea, Dem. People's Rep.",2016,72.971,,20.6,,25698326.0,
PRK,"Korea, Dem. People's Rep.",2015,72.825,,21.4,,25575350.0,
PRK,"Korea, Dem. People's Rep.",2014,72.451,,22.6,,25451262.0,
PRK,"Korea, Dem. People's Rep.",2013,71.867,,24.1,,25329451.0,
PRK,"Korea, Dem. People's Rep.",2012,71.317,,25.7,,25211728.0,
PRK,"Korea, Dem. People's Rep.",2011,70.772,,27.2,,25097874.0,
PRK,"Korea, Dem. People's Rep.",2010,70.246,,28.7,,24987258.0,
PRK,"Korea, Dem. People's Rep.",2009,69.702,,30.0,,24878332.0,
PRK,"Korea, Dem. People's Rep.",2008,69.303,,31.0,100.0,24764618.0,
PRK,"Korea, Dem. People's Rep.",2007,69.021,,32.4,,24646383.0,
PRK,"Korea, Dem. People's Rep.",2006,69.061,,32.8,,24524507.0,
PRK,"Korea, Dem. People's Rep.",2005,69.168,,33.3,,24396433.0,
PRK,"Korea, Dem. People's Rep.",2004,69.294,,33.8,,24254943.0,
PRK,"Korea, Dem. People's Rep.",2003,69.399,,34.5,,24090380.0,
PRK,"Korea, Dem. People's Rep.",2002,60.877,,97.8,,23943973.0,
PRK,"Korea, Dem. People's Rep.",2001,60.893,,99.0,,23815358.0,
PRK,"Korea, Dem. People's Rep.",2000,60.911,,100.2,,23665910.0,
KOR,"Korea, Rep.",2023,83.4292682926829,35674.095995632,2.9,,51712619.0,
KOR,"Korea, Rep.",2022,82.6804878048781,34822.4048404971,2.9,,51672569.0,
KOR,"Korea, Rep.",2021,83.5268292682927,37518.4635305697,3.0,,51769539.0,0.1
KOR,"Korea, Rep.",2020,83.4268292682927,33645.7719545073,3.1,,51836239.0,0.1
KOR,"Korea, Rep.",2019,83.2268292682927,33826.9443301597,3.1,,51764822.0,0.2
KOR,"Korea, Rep.",2018,82.6268292682927,35363.9508228687,3.2,,51585058.0,0.2
KOR,"Korea, Rep.",2017,82.6268292682927,33296.9845439195,3.3,,51361911.0,0.2
KOR,"Korea, Rep.",2016,82.2756097560976,30832.0628072516,3.4,,51217803.0,0.2
KOR,"Korea, Rep.",2015,82.0243902439024,30171.7906545222,3.5,,51014947.0,
KOR,"Korea, Rep.",2014,81.7219512195122,30667.0912467447,3.6,,50746659.0,0.3
KOR,"Korea, Rep.",2013,81.2707317073171,28449.3591104972,3.7,,50428893.0,
KOR,"Korea, Rep.",2012,80.819512195122,26600.5477433903,3.8,,50199853.0,0.5
KOR,"Korea, Rep.",2011,80.5682926829269,26175.2398553363,4.0,,49936638.0,
KOR,"Korea, Rep.",2010,80.1170731707317,24071.2620526362,4.1,,49554112.0,0.5
KOR,"Korea, Rep.",2009,79.9682926829268,19937.3029137734,4.3,,49307835.0,
KOR,"Korea, Rep.",2008,79.5170731707317,22252.3125108061,4.5,97.9700012207031,49054708.0,0.5
KOR,"Korea, Rep.",2007,79.119512195122,25078.4853957105,4.8,,48683638.0,
KOR,"Korea, Rep.",2006,78.6682926829268,22609.7059431449,5.2,,48438292.0,0.5
KOR,"Korea, Rep.",2005,78.1682926829268,20167.0474902506,5.6,,48184561.0,
KOR,"Korea, Rep.",2004,77.6658536585366,17121.6301633201,6.0,,48082519.0,
KOR,"Korea, Rep.",2003,77.2146341463415,15211.5483770422,6.4,,47892330.0,
KOR,"Korea, Rep.",2002,76.7658536585366,13642.9424537101,6.8,,47644736.0,
KOR,"Korea, Rep.",2001,76.4121951219512,11981.4828218758,7.2,,47370164.0,
KOR,"Korea, Rep.",2000,75.909756097561,12710.2995795579,7.6,,47008111.0,
XKX,Kosovo,2023,78.033,6220.33213919344,9.1,,1682668.0,
XKX,Kosovo,2022,77.623,5298.1473871027,9.5,,1768096.0,10.0
XKX,Kosovo,2021,74.981,5269.69946181439,10.0,,1786079.0,25.0
XKX,Kosovo,2020,74.212,4320.58382547288,10.5,,1790151.0,16.8
XKX,Kosovo,2019,77.249,4415.6992744623,11.2,,1788891.0,11.3
XKX,Kosovo,2018,77.117,4384.18796440547,11.9,,1797086.0,20.7
XKX,Kosovo,2017,77.105,4009.32022064732,12.6,,1791019.0,15.2
XKX,Kosovo,2016,76.748,3759.44777525332,13.4,,1777568.0,2.0
XKX,Kosovo,2015,76.024,3520.62685324451,14.3,,1788274.0,2.4
XKX,Kosovo,2014,76.179,3902.49322261901,15.2,,1812788.0,3.3
XKX,Kosovo,2013,76.336,3704.55812411167,16.3,,1818119.0,2.2
XKX,Kosovo,2012,75.75,3410.65497983011,17.4,,1807126.0,3.9
XKX,Kosovo,2011,75.323,3538.94809762524,18.7,,1791949.0,6.6
XKX,Kosovo,2010,74.609,2987.54523493128,20.1,,1788743.0,10.6
XKX,Kosovo,2009,74.79,2805.94692985371,21.7,,1794681.0,10.5
XKX,Kosovo,2008,74.711,2889.14677086951,23.6,,1800858.0,
XKX,Kosovo,2007,74.422,,25.7,,1807094.0,
XKX,Kosovo,2006,73.63,,28.0,,1813079.0,13.5
XKX,Kosovo,2005,73.437,,30.6,,1818354.0,14.3
XKX,Kosovo,2004,73.132,,33.5,,1822773.0,
XKX,Kosovo,2003,72.678,,36.7,,1826434.0,11.7
XKX,Kosovo,2002,72.227,,40.3,,1829462.0,
XKX,Kosovo,2001,71.782,,44.2,,1820009.0,
XKX,Kosovo,2000,71.321,,48.4,,1802493.0,
KWT,Kuwait,2023,83.1878048780488,34091.9714813002,8.4,,4853420.0,
KWT,Kuwait,2022,80.5878048780488,39981.7691035833,8.6,,4589643.0,
KWT,Kuwait,2021,78.7365853658537,34018.6342592913,8.7,,4360865.0,
KWT,Kuwait,2020,78.7609756097561,25236.0755848941,8.8,96.4599990844727,4400267.0,
KWT,Kuwait,2019,81.969756097561,31707.8737443551,8.9,,4442316.0,
KWT,Kuwait,2018,80.1063658536585,32067.9623756889,8.9,96.0599975585938,4323515.0,
KWT,Kuwait,2017,79.9160731707317,29047.6536135703,8.9,96.0400009155273,4154812.0,
KWT,Kuwait,2016,79.6775853658537,27323.6890735517,9.0,,4004096.0,
KWT,Kuwait,2015,79.3765609756098,29882.2126495698,9.1,95.6900024414062,3834574.0,
KWT,Kuwait,2014,79.0803414634146,44368.7813457751,9.3,,3665876.0,
KWT,Kuwait,2013,78.7418048780488,49651.0439275077,9.6,95.5899963378906,3507844.0,
KWT,Kuwait,2012,78.3950243902439,52155.2225833921,10.0,95.5100021362305,3337109.0,
KWT,Kuwait,2011,78.052243902439,49169.6063813095,10.3,,3132814.0,
KWT,Kuwait,2010,77.7262195121951,39212.252220155,10.7,94.4700012207031,2943372.0,
KWT,Kuwait,2009,77.4333658536585,37907.1001320042,11.0,,2795484.0,
KWT,Kuwait,2008,77.1890487804878,55585.1889344442,11.2,93.9000015258789,2651421.0,
KWT,Kuwait,2007,77.0101707317073,45709.4132876371,11.4,93.6600036621094,2507887.0,
KWT,Kuwait,2006,76.8876829268293,42946.6374104066,11.6,93.2799987792969,2364733.0,
KWT,Kuwait,2005,76.8007804878049,36122.6142741227,11.8,93.2699966430664,2236788.0,
KWT,Kuwait,2004,76.7276829268293,27552.2827399787,12.0,,2157320.0,
KWT,Kuwait,2003,76.6445609756098,22690.655175144,12.2,,2109881.0,
KWT,Kuwait,2002,76.5316341463415,18512.7523035862,12.3,,2059974.0,
KWT,Kuwait,2001,76.3843414634146,17374.2318664227,12.5,,2008121.0,
KWT,Kuwait,2000,76.2258780487805,19296.3471698729,12.7,,1954709.0,
KGZ,Kyrgyz Republic,2023,72.2487804878049,2138.22210211478,17.0,,7099750.0,2.7
KGZ,Kyrgyz Republic,2022,72.0487804878049,1739.72018344174,17.3,,6975220.0,4.5
KGZ,Kyrgyz Republic,2021,71.9,1349.99730650542,17.5,,6851224.0,5.6
KGZ,Kyrgyz Republic,2020,71.8,1229.51766602907,17.8,,6726596.0,9.4
KGZ,Kyrgyz Republic,2019,71.6,1421.99927504102,18.3,,6590211.0,4.9
KGZ,Kyrgyz Republic,2018,71.4,1283.5203037417,19.0,,6444079.0,5.9
KGZ,Kyrgyz Republic,2017,71.2,1221.39046807082,20.0,,6306696.0,8.2
KGZ,Kyrgyz Republic,2016,70.9512195121951,1103.27489428412,21.1,,6175338.0,8.0
KGZ,Kyrgyz Republic,2015,70.6512195121951,1105.65193844261,22.3,,6040036.0,11.0
KGZ,Kyrgyz Republic,2014,70.4024390243902,1264.52668823891,23.5,,5905848.0,8.1
KGZ,Kyrgyz Republic,2013,70.2024390243902,1269.66303464348,24.7,,5777150.0,13.5
KGZ,Kyrgyz Republic,2012,70.0024390243902,1168.62244675446,26.0,,5652076.0,10.5
KGZ,Kyrgyz Republic,2011,69.6024390243903,1117.40174350185,27.6,,5546587.0,9.3
KGZ,Kyrgyz Republic,2010,69.3,876.954476440354,29.5,,5467059.0,12.6
KGZ,Kyrgyz Republic,2009,69.1024390243903,870.198894546917,31.6,99.2399978637695,5389643.0,9.8
KGZ,Kyrgyz Republic,2008,68.4512195121951,966.388569370494,33.8,,5318729.0,13.8
KGZ,Kyrgyz Republic,2007,67.8951219512195,721.771577544361,35.9,,5268385.0,23.3
KGZ,Kyrgyz Republic,2006,67.6951219512195,543.113512472219,37.6,,5218373.0,26.0
KGZ,Kyrgyz Republic,2005,67.9560975609756,476.548193640077,39.2,,5162640.0,36.6
KGZ,Kyrgyz Republic,2004,68.1536585365854,433.233873286,40.9,,5104713.0,32.5
KGZ,Kyrgyz Republic,2003,68.2560975609756,380.505828812441,43.0,,5043308.0,56.6
KGZ,Kyrgyz Republic,2002,68.1560975609756,321.726775366804,45.5,,4990704.0,58.1
KGZ,Kyrgyz Republic,2001,68.7073170731707,308.41129550148,48.1,,4945073.0,61.5
KGZ,Kyrgyz Republic,2000,68.5585365853659,279.621738464365,50.8,,4898362.0,66.2
LAO,Lao PDR,2023,68.964,2066.94979776957,30.5,75.6399993896484,7664993.0,
LAO,Lao PDR,2022,68.715,2046.40440255621,31.8,,7559007.0,
LAO,Lao PDR,2021,67.807,2526.05105018529,33.2,,7453194.0,
LAO,Lao PDR,2020,68.339,2583.77730696131,34.8,,7346533.0,
LAO,Lao PDR,2019,67.911,2589.32081035237,36.5,,7237636.0,
LAO,Lao PDR,2018,67.594,2545.1075420815,38.3,,7128045.0,15.7
LAO,Lao PDR,2017,67.345,2432.43059478511,40.2,73.7200012207031,7018147.0,
LAO,Lao PDR,2016,67.014,2303.22156035363,42.2,,6908802.0,
LAO,Lao PDR,2015,66.688,2121.01339097363,44.4,84.6600036621094,6801645.0,
LAO,Lao PDR,2014,66.35,1981.03910900473,46.8,,6703172.0,
LAO,Lao PDR,2013,65.723,1812.51774424651,49.4,,6611385.0,
LAO,Lao PDR,2012,65.126,1563.5650771337,52.1,,6518978.0,21.7
LAO,Lao PDR,2011,64.505,1361.54704394913,55.1,,6426590.0,
LAO,Lao PDR,2010,63.69,1125.91610151261,58.4,,6334194.0,
LAO,Lao PDR,2009,63.023,935.03237283283,61.8,,6241642.0,
LAO,Lao PDR,2008,62.248,885.747376088762,65.5,,6148969.0,
LAO,Lao PDR,2007,61.694,697.323013673925,69.5,,6056236.0,36.0
LAO,Lao PDR,2006,61.074,579.391947440719,73.5,,5963200.0,
LAO,Lao PDR,2005,60.688,466.061506997741,77.7,72.6999969482422,5869523.0,
LAO,Lao PDR,2004,60.08,409.296298284117,82.1,,5781626.0,
LAO,Lao PDR,2003,59.643,355.097216151461,86.6,,5697945.0,
LAO,Lao PDR,2002,59.302,313.350817148131,91.1,,5610889.0,43.1
LAO,Lao PDR,2001,58.887,320.316005439568,95.6,68.7300033569336,5521482.0,
LAO,Lao PDR,2000,58.317,318.749852236965,100.1,69.5800018310547,5431212.0,
LVA,Latvia,2023,75.4268292682927,22710.2637544197,2.8,,1883710.0,0.4
LVA,Latvia,2022,74.2780487804878,20221.103686109,3.0,,1879383.0,0.4
LVA,Latvia,2021,72.9804878048781,20261.8887788916,3.3,,1884490.0,0.5
LVA,Latvia,2020,75.1853658536585,17564.2321549354,3.6,,1900449.0,0.5
LVA,Latvia,2019,75.3878048780488,17294.9751600969,3.9,,1913822.0,0.3
LVA,Latvia,2018,74.7829268292683,17252.1710428626,4.2,,1927174.0,0.6
LVA,Latvia,2017,74.6292682926829,15132.4958333982,4.5,,1942248.0,1.0
LVA,Latvia,2016,74.580487804878,13838.5266823272,4.8,,1959537.0,1.0
LVA,Latvia,2015,74.4804878048781,13321.9753140616,5.1,,1977527.0,1.0
LVA,Latvia,2014,74.1243902439024,15185.814581236,5.6,,1993782.0,1.1
LVA,Latvia,2013,73.9829268292683,14484.4715282132,6.1,,2012647.0,1.5
LVA,Latvia,2012,73.7780487804878,13329.3499931271,6.6,,2034319.0,1.4
LVA,Latvia,2011,73.5756097560976,12902.574053337,7.2,99.9000015258789,2059709.0,1.7
LVA,Latvia,2010,73.4829268292683,11188.4191700977,7.7,,2097555.0,2.6
LVA,Latvia,2009,73.0804878048781,11996.0322729773,8.3,,2141669.0,2.6
LVA,Latvia,2008,72.419512195122,15677.6080864506,8.8,,2177322.0,1.6
LVA,Latvia,2007,71.019512195122,13370.9789452508,9.3,,2200325.0,0.8
LVA,Latvia,2006,70.8658536585366,9211.7374468148,9.9,,2218357.0,1.9
LVA,Latvia,2005,71.3560975609756,7283.78738127622,10.5,,2238799.0,3.1
LVA,Latvia,2004,72.0268292682927,6109.73265186817,11.1,,2263122.0,3.7
LVA,Latvia,2003,71.2658536585366,4914.57992829302,11.9,,2287955.0,1.5
LVA,Latvia,2002,70.9609756097561,4003.60935783538,12.6,,2310173.0,1.5
LVA,Latvia,2001,70.7609756097561,3504.61829462397,13.4,,2337170.0,
LVA,Latvia,2000,70.3146341463415,3278.17896440803,14.3,99.75,2367550.0,
LBN,Lebanon,2023,77.817,3477.72489842684,17.0,,5773493.0,
LBN,Lebanon,2022,78.003,3654.35845534878,16.3,,5744489.0,5.8
LBN,Lebanon,2021,73.65,4045.37391066234,15.7,,5718122.0,
LBN,Lebanon,2020,76.299,5561.19166950397,15.1,,5702398.0,
LBN,Lebanon,2019,78.208,8905.88005497437,14.5,92.0099744752418,5794594.0,
LBN,Lebanon,2018,78.263,9174.53666204759,14.0,92.6699981689453,5984119.0,
LBN,Lebanon,2017,78.192,8608.21084982387,13.5,,6160128.0,
LBN,Lebanon,2016,78.306,8089.012088155,13.2,,6323060.0,
LBN,Lebanon,2015,78.275,7714.1099998804,12.9,,6472469.0,
LBN,Lebanon,2014,78.148,7577.6413302369,12.8,,6346990.0,
LBN,Lebanon,2013,78.037,8162.37929361396,12.7,,5743436.0,
LBN,Lebanon,2012,77.941,8406.98405608118,12.7,,5235742.0,
LBN,Lebanon,2011,77.768,7834.96257108993,12.8,,5096020.0,0.1
LBN,Lebanon,2010,77.529,7625.81051551165,13.0,,5041288.0,
LBN,Lebanon,2009,77.262,7090.85493856621,13.2,91.1800003051758,4992287.0,
LBN,Lebanon,2008,76.956,5912.04532820842,13.6,,4925354.0,
LBN,Lebanon,2007,76.732,5125.25809960149,14.1,89.6100006103516,4844118.0,
LBN,Lebanon,2006,75.677,4635.2514117486,14.6,,4751136.0,
LBN,Lebanon,2005,76.074,4602.19804637945,15.3,,4671102.0,
LBN,Lebanon,2004,75.693,4600.68371412993,16.1,,4599279.0,
LBN,Lebanon,2003,75.275,4437.71588507526,17.0,,4525508.0,
LBN,Lebanon,2002,74.836,4290.85283803266,18.0,,4463504.0,
LBN,Lebanon,2001,74.354,4009.55929751102,18.9,,4401918.0,
LBN,Lebanon,2000,73.895,3986.83513941026,20.0,,4329340.0,
LSO,Lesotho,2023,57.375,921.435141557056,61.3,,2311472.0,
LSO,Lesotho,2022,56.812,1030.12582947757,62.0,,2286110.0,
LSO,Lesotho,2021,54.209,1066.58645143823,64.0,,2261542.0,
LSO,Lesotho,2020,55.133,918.582574704447,66.3,,2235727.0,
LSO,Lesotho,2019,55.249,1082.05706777516,68.1,92.3961659464955,2209405.0,
LSO,Lesotho,2018,54.638,1170.65569702819,68.8,86.2399978637695,2183603.0,
LSO,Lesotho,2017,53.874,1069.36673247542,70.1,,2157110.0,41.9
LSO,Lesotho,2016,52.908,992.491840678465,71.4,97.2699966430664,2130422.0,
LSO,Lesotho,2015,51.83,1121.19851342518,75.1,,2104611.0,
LSO,Lesotho,2014,50.786,1173.5377928819,77.6,,2080089.0,
LSO,Lesotho,2013,49.547,1151.03735837227,79.3,,2056504.0,
LSO,Lesotho,2012,48.235,1217.93071228944,81.4,,2034354.0,
LSO,Lesotho,2011,46.93,1280.73390931581,85.2,,2014009.0,
LSO,Lesotho,2010,46.045,1119.47557793042,90.9,,1996251.0,
LSO,Lesotho,2009,45.055,878.847950537772,99.1,,1980883.0,
LSO,Lesotho,2008,44.304,898.482517882593,111.6,,1966541.0,
LSO,Lesotho,2007,43.66,861.188420899563,111.9,,1953268.0,
LSO,Lesotho,2006,43.182,925.467485502842,114.7,66.0999984741211,1945063.0,
LSO,Lesotho,2005,43.611,861.381496414995,114.6,,1953076.0,
LSO,Lesotho,2004,44.039,766.685820928242,113.9,,1971129.0,
LSO,Lesotho,2003,44.921,583.270036200288,113.2,,1985059.0,
LSO,Lesotho,2002,45.95,388.92334985135,112.1,,1994679.0,74.9
LSO,Lesotho,2001,47.153,412.677473676821,110.3,,2000853.0,
LSO,Lesotho,2000,48.783,442.779545779081,108.3,86.25,2003913.0,
LBR,Liberia,2023,62.163,799.194470229642,87.3,,5493031.0,
LBR,Liberia,2022,61.934,744.617175237387,87.8,,5373294.0,
LBR,Liberia,2021,61.166,667.96610514319,88.0,,5259323.0,
LBR,Liberia,2020,61.267,616.787867006715,88.3,,5149463.0,
LBR,Liberia,2019,61.232,658.164180770507,88.7,,5043721.0,
LBR,Liberia,2018,60.999,692.203127129794,89.4,,4944726.0,
LBR,Liberia,2017,60.777,699.269095727404,90.3,,4848925.0,
LBR,Liberia,2016,60.483,714.613063145659,91.5,,4755608.0,33.6
LBR,Liberia,2015,59.248,692.590082351257,93.2,,4659431.0,
LBR,Liberia,2014,59.21,706.714490064507,97.0,,4564293.0,31.7
LBR,Liberia,2013,59.992,710.744570927863,97.0,,4470239.0,
LBR,Liberia,2012,59.785,638.368751462083,99.5,,4373043.0,
LBR,Liberia,2011,59.486,568.087865520004,102.4,,4221178.0,
LBR,Liberia,2010,59.358,492.252808033724,105.7,59.4030316392756,4058890.0,
LBR,Liberia,2009,59.106,448.386367025545,109.5,,3943028.0,
LBR,Liberia,2008,58.675,451.713856283285,114.0,,3821003.0,
LBR,Liberia,2007,58.147,374.211308104278,119.6,,3669050.0,61.1
LBR,Liberia,2006,57.495,320.55808618515,126.5,,3490787.0,
LBR,Liberia,2005,56.765,287.487333441381,134.9,,3301015.0,
LBR,Liberia,2004,55.949,284.140223992458,144.8,,3156892.0,
LBR,Liberia,2003,53.045,239.779556677091,156.2,,3119532.0,
LBR,Liberia,2002,54.061,299.536445539621,168.6,,3094782.0,
LBR,Liberia,2001,53.109,300.463828598983,181.7,,3015338.0,
LBR,Liberia,2000,51.852,298.485340578945,194.9,,2928117.0,
LBY,Libya,2023,69.339,6026.51518708812,31.7,,7305659.0,
LBY,Libya,2022,74.462,5986.63694851258,10.4,,7223805.0,
LBY,Libya,2021,72.062,4935.82787349801,10.8,,7135175.0,
LBY,Libya,2020,72.388,6650.33810585348,11.2,,7045399.0,
LBY,Libya,2019,72.941,9963.19489084483,11.6,,6951033.0,
LBY,Libya,2018,73.151,11196.5854810844,11.9,,6849055.0,
LBY,Libya,2017,72.721,9965.83236729757,12.4,,6738770.0,
LBY,Libya,2016,71.799,7525.80299308216,12.8,,6632126.0,
LBY,Libya,2015,71.644,7458.48917756374,13.3,,6531819.0,
LBY,Libya,2014,71.3,8926.42074591474,13.8,,6427252.0,
LBY,Libya,2013,72.339,11951.7134126011,14.4,,6304628.0,
LBY,Libya,2012,72.188,14975.8902795144,15.0,,6179328.0,
LBY,Libya,2011,69.95,7593.8391525702,19.6,,6343203.0,
LBY,Libya,2010,72.196,11600.9068649472,16.6,,6497839.0,
LBY,Libya,2009,72.071,9551.05403869755,17.6,,6366686.0,
LBY,Libya,2008,71.936,13906.1407818125,18.8,,6235430.0,
LBY,Libya,2007,71.788,11144.9448413435,20.2,,6104380.0,
LBY,Libya,2006,71.632,10048.8480434289,21.7,,5980211.0,
LBY,Libya,2005,71.439,8079.24957329001,23.1,,5858798.0,
LBY,Libya,2004,71.21,5773.76333234281,24.4,,5736693.0,
LBY,Libya,2003,70.996,4674.09943200321,25.5,,5619398.0,
LBY,Libya,2002,70.788,3718.29434696755,26.5,,5508410.0,
LBY,Libya,2001,70.653,6312.80030498965,27.3,,5403639.0,
LBY,Libya,2000,70.542,7214.10040377084,28.1,,5305021.0,
LIE,Liechtenstein,2023,84.5951219512195,206780.590353385,,,39846.0,
LIE,Liechtenstein,2022,84.1219512195122,188055.003235348,,,39493.0,
LIE,Liechtenstein,2021,84.4024390243902,201944.830335076,,,39182.0,
LIE,Liechtenstein,2020,81.6585365853659,164671.093553454,,,38901.0,
LIE,Liechtenstein,2019,84.1609756097561,166907.839305016,,,38563.0,
LIE,Liechtenstein,2018,83.0414634146342,174988.775083446,,,38246.0,
LIE,Liechtenstein,2017,83.7463414634147,170547.092298954,,,37962.0,
LIE,Liechtenstein,2016,82.2585365853659,165375.491396259,,,37716.0,
LIE,Liechtenstein,2015,82.6560975609756,167187.15730982,,,37494.0,
LIE,Liechtenstein,2014,82.0731707317073,178735.153020908,,,37248.0,
LIE,Liechtenstein,2013,82.2609756097561,172823.607794648,,,36984.0,
LIE,Liechtenstein,2012,82.3829268292683,148842.035144342,,,36657.0,
LIE,Liechtenstein,2011,81.7926829268293,158066.369379163,,,36312.0,
LIE,Liechtenstein,2010,81.8414634146342,141089.812849014,,,36022.0,
LIE,Liechtenstein,2009,81.5,126024.714567466,,,35742.0,
LIE,Liechtenstein,2008,82.6829268292683,143249.227302093,,,35473.0,
LIE,Liechtenstein,2007,81.2951219512195,130492.595349517,,,35262.0,
LIE,Liechtenstein,2006,80.9487804878049,114167.939211301,,,35037.0,
LIE,Liechtenstein,2005,80.6682926829268,105295.057027611,,,34753.0,
LIE,Liechtenstein,2004,81.7707317073171,100280.831356705,,,34447.0,
LIE,Liechtenstein,2003,79.9609756097561,90108.3673647008,,,34079.0,
LIE,Liechtenstein,2002,79.6365853658537,79795.1785891101,,,33694.0,
LIE,Liechtenstein,2001,79.2756097560976,75067.8001680043,,,33194.0,
LIE,Liechtenstein,2000,76.8268292682927,76087.911114202,,,32645.0,
LTU,Lithuania,2023,77.290243902439,27983.3658256887,3.4,,2871585.0,1.1
LTU,Lithuania,2022,75.6439024390244,24946.5724005188,3.5,,2831639.0,0.8
LTU,Lithuania,2021,74.0365853658537,23882.8668916753,3.6,,2808380.0,0.3
LTU,Lithuania,2020,75.0292682926829,20428.6478157394,3.7,,2810369.0,0.5
LTU,Lithuania,2019,76.2829268292683,19608.7943945553,3.9,,2811089.0,0.6
LTU,Lithuania,2018,75.6804878048781,19247.2315367967,4.2,,2819200.0,1.0
LTU,Lithuania,2017,75.4804878048781,16800.1510246099,4.5,,2842639.0,1.2
LTU,Lithuania,2016,74.6707317073171,14934.2702840428,4.8,,2877325.0,1.5
LTU,Lithuania,2015,74.3219512195122,14269.8039878287,5.0,,2911109.0,1.0
LTU,Lithuania,2014,74.5170731707317,16446.1647181663,5.1,,2937253.0,1.7
LTU,Lithuania,2013,73.9146341463415,15636.5252586048,5.1,,2961250.0,1.2
LTU,Lithuania,2012,73.8634146341464,14288.1853493139,5.3,,2989139.0,1.1
LTU,Lithuania,2011,73.5634146341464,14261.8433787325,5.6,99.8199996948242,3028115.0,0.9
LTU,Lithuania,2010,73.2682926829268,11829.122609457,6.1,,3097282.0,2.0
LTU,Lithuania,2009,72.9146341463415,11854.3711053096,6.7,,3162916.0,2.7
LTU,Lithuania,2008,71.8121951219512,14955.5345462921,7.3,,3198231.0,1.8
LTU,Lithuania,2007,70.9,12295.1212779366,8.0,,3231294.0,1.6
LTU,Lithuania,2006,71.0560975609756,9210.10118229413,8.6,,3269909.0,1.8
LTU,Lithuania,2005,71.2536585365854,7857.03148786492,9.0,,3322528.0,2.7
LTU,Lithuania,2004,71.9609756097561,6734.57487061946,9.3,,3377075.0,4.0
LTU,Lithuania,2003,72.0609756097561,5507.47434187652,9.6,,3415213.0,0.4
LTU,Lithuania,2002,71.7609756097561,4148.13091485015,9.9,,3443067.0,1.4
LTU,Lithuania,2001,71.6585365853659,3532.52787363242,10.3,99.6500015258789,3470818.0,1.6
LTU,Lithuania,2000,72.0195121951219,3300.63634928559,10.7,,3499536.0,1.2
LUX,Luxembourg,2023,83.309756097561,133230.619178899,2.2,,666430.0,0.1
LUX,Luxembourg,2022,82.9463414634147,123719.658915996,2.3,,653103.0,0.1
LUX,Luxembourg,2021,82.5975609756098,134965.815442152,2.3,,640064.0,0.1
LUX,Luxembourg,2020,82.1439024390244,116860.02817236,2.4,,630419.0,0.0
LUX,Luxembourg,2019,82.6390243902439,112696.649059674,2.4,,620001.0,0.1
LUX,Luxembourg,2018,82.2951219512195,116926.759593905,2.4,,607950.0,0.3
LUX,Luxembourg,2017,82.0951219512195,110193.213797228,2.5,,596336.0,0.3
LUX,Luxembourg,2016,82.6853658536585,106899.293549552,2.5,,582014.0,0.1
LUX,Luxembourg,2015,82.2926829268293,105462.012584423,2.5,,569604.0,0.3
LUX,Luxembourg,2014,82.2292682926829,123678.706919314,2.6,,556319.0,0.2
LUX,Luxembourg,2013,81.8,120000.140729859,2.6,,543360.0,0.1
LUX,Luxembourg,2012,81.3926829268293,112584.676270958,2.7,,530946.0,0.0
LUX,Luxembourg,2011,80.9878048780488,119025.057203467,2.7,,518347.0,0.1
LUX,Luxembourg,2010,80.6317073170732,110885.991378721,2.8,,506953.0,0.0
LUX,Luxembourg,2009,80.6365853658537,109419.746953106,2.9,,497783.0,0.0
LUX,Luxembourg,2008,80.5390243902439,120422.137934157,3.0,,488650.0,0.0
LUX,Luxembourg,2007,79.3829268292683,107475.320297978,3.1,,479993.0,0.0
LUX,Luxembourg,2006,79.2878048780488,90788.8164271049,3.3,,472637.0,0.0
LUX,Luxembourg,2005,79.4317073170732,80988.2044869403,3.5,,465158.0,0.0
LUX,Luxembourg,2004,79.1219512195122,76544.9170868473,3.7,,458095.0,0.0
LUX,Luxembourg,2003,77.7268292682927,65689.3214536911,3.9,,451630.0,0.1
LUX,Luxembourg,2002,77.9658536585366,53005.731801629,4.2,,446175.0,0.0
LUX,Luxembourg,2001,77.8243902439025,48440.1805564662,4.4,,441525.0,0.0
LUX,Luxembourg,2000,77.8731707317073,48659.6390968187,4.7,,436300.0,0.0
MAC,"Macao SAR, China",2023,83.1804878048781,67216.3631112124,,,678800.0,
MAC,"Macao SAR, China",2022,83.0804878048781,36806.891255461,,,677300.0,
MAC,"Macao SAR, China",2021,83.7292682926829,44884.8961602393,,,682500.0,
MAC,"Macao SAR, China",2020,84.1292682926829,36883.6652578543,,,685400.0,
MAC,"Macao SAR, China",2019,83.9292682926829,81882.6964523869,,,672000.0,
MAC,"Macao SAR, China",2018,83.6780487804878,83588.2875009014,,,658900.0,
MAC,"Macao SAR, China",2017,83.5268292682927,77570.9876166977,,,648400.0,
MAC,"Macao SAR, China",2016,83.2756097560976,68911.6755919628,,96.5400009155273,652500.0,
MAC,"Macao SAR, China",2015,83.2243902439024,69902.9605741233,,,642900.0,
MAC,"Macao SAR, China",2014,83.0219512195122,88355.3181764446,,,621700.0,
MAC,"Macao SAR, China",2013,82.7219512195122,87107.8313063626,,,591900.0,
MAC,"Macao SAR, China",2012,82.4707317073171,76058.0224963659,,,567900.0,
MAC,"Macao SAR, China",2011,82.4707317073171,67046.7284292101,,95.6399993896484,549600.0,
MAC,"Macao SAR, China",2010,82.2731707317073,52596.2250160214,,,537000.0,
MAC,"Macao SAR, China",2009,82.1756097560976,40354.2810293673,,,535000.0,
MAC,"Macao SAR, China",2008,82.0268292682927,38888.5118044503,,,540700.0,
MAC,"Macao SAR, China",2007,81.7292682926829,35400.2334659409,,,520900.0,
MAC,"Macao SAR, China",2006,81.7292682926829,29813.7877167933,,93.5,498900.0,
MAC,"Macao SAR, China",2005,81.3414634146341,25681.2167315221,,,473500.0,
MAC,"Macao SAR, China",2004,80.9926829268293,23407.1993692194,,,454700.0,
MAC,"Macao SAR, China",2003,81.0439024390244,18589.8998330534,,,443600.0,
MAC,"Macao SAR, China",2002,80.9463414634146,16814.9926424134,,,438400.0,
MAC,"Macao SAR, China",2001,80.5878048780488,15810.7227666562,,91.3000030517578,433900.0,
MAC,"Macao SAR, China",2000,80.1829268292683,15731.4081633771,,,430600.0,
MDG,Madagascar,2023,63.632,514.064076551927,63.6,,31195932.0,
MDG,Madagascar,2022,63.068,504.059106969168,64.5,,30437261.0,
MDG,Madagascar,2021,62.516,483.469463351195,65.0,74.6900024414062,29691083.0,69.2
MDG,Madagascar,2020,62.706,450.771615205157,65.1,,28953556.0,
MDG,Madagascar,2019,63.504,499.818837622534,65.0,,28219554.0,
MDG,Madagascar,2018,63.491,500.45718552916,64.9,76.6800003051758,27494926.0,
MDG,Madagascar,2017,63.433,491.866848718929,64.9,,26788375.0,
MDG,Madagascar,2016,63.431,453.970714522463,64.9,,26099952.0,
MDG,Madagascar,2015,63.362,445.320069480568,65.3,,25426702.0,
MDG,Madagascar,2014,63.261,505.684922503435,65.7,,24764348.0,
MDG,Madagascar,2013,63.161,515.301589361832,66.4,,24109290.0,
MDG,Madagascar,2012,63.007,493.511162904211,67.3,71.5699996948242,23462438.0,67.3
MDG,Madagascar,2011,62.86,506.163691559309,68.6,,22822300.0,
MDG,Madagascar,2010,62.597,450.009391645726,70.3,,22183340.0,65.3
MDG,Madagascar,2009,62.304,446.315238370592,72.4,,21547280.0,
MDG,Madagascar,2008,61.992,512.579800058444,74.8,,20923840.0,
MDG,Madagascar,2007,61.533,419.548001431865,77.6,,20318583.0,
MDG,Madagascar,2006,61.14,324.146874882604,80.8,,19730909.0,
MDG,Madagascar,2005,60.664,305.812074924388,84.1,,19159707.0,55.3
MDG,Madagascar,2004,60.168,272.20074858856,87.8,,18606608.0,
MDG,Madagascar,2003,59.693,352.620095849925,91.6,,18071854.0,
MDG,Madagascar,2002,59.17,304.941777398445,95.6,,17549913.0,
MDG,Madagascar,2001,58.674,319.283278235657,99.8,,17032939.0,57.5
MDG,Madagascar,2000,57.974,280.282905559649,104.4,70.6900024414062,16516338.0,
MWI,Malawi,2023,67.353,633.214767978695,49.6,,21104482.0,
MWI,Malawi,2022,66.037,604.269740360317,50.1,,20568728.0,
MWI,Malawi,2021,64.782,617.446994451007,50.0,,20047258.0,
MWI,Malawi,2020,65.216,602.507478176106,50.4,70.1500015258789,19533888.0,
MWI,Malawi,2019,64.995,580.889139762475,51.3,,19025752.0,75.4
MWI,Malawi,2018,64.464,533.202567189331,52.0,76.7200012207031,18528081.0,
MWI,Malawi,2017,63.914,495.769683367165,53.8,72.8266778164735,18039715.0,
MWI,Malawi,2016,63.163,450.506105510719,55.8,,17557739.0,71.7
MWI,Malawi,2015,62.324,539.605363240686,57.4,,17085587.0,
MWI,Malawi,2014,61.651,529.5133440206,60.0,,16621538.0,
MWI,Malawi,2013,60.816,496.947368267313,62.9,,16161816.0,
MWI,Malawi,2012,59.87,558.46208832772,67.9,,15709577.0,
MWI,Malawi,2011,58.859,763.061000394572,74.0,,15265022.0,
MWI,Malawi,2010,57.787,683.124694716799,80.1,,14826463.0,72.9
MWI,Malawi,2009,56.714,625.869729869625,85.3,,14395788.0,
MWI,Malawi,2008,55.715,554.048820396119,91.0,,13976417.0,
MWI,Malawi,2007,54.687,475.180261659331,96.9,,13576343.0,
MWI,Malawi,2006,53.652,440.822149023873,102.7,,13198701.0,
MWI,Malawi,2005,52.469,414.361121984475,109.7,,12840031.0,
MWI,Malawi,2004,51.073,404.674248445428,118.7,,12500737.0,74.4
MWI,Malawi,2003,49.601,383.348596852642,130.0,,12181574.0,
MWI,Malawi,2002,48.176,428.210439838398,143.2,,11880440.0,
MWI,Malawi,2001,47.205,215.474524898357,239.0,,11593058.0,
MWI,Malawi,2000,46.17,224.22415918428,171.0,,11315942.0,
MYS,Malaysia,2023,76.657,11386.0395636528,8.3,,35126298.0,
MYS,Malaysia,2022,75.444,11754.5678336248,8.2,95.7699966430664,34695493.0,
MYS,Malaysia,2021,73.917,10903.1037480772,8.2,,34282399.0,0.0
MYS,Malaysia,2020,76.057,9957.52626697613,8.2,,33889558.0,
MYS,Malaysia,2019,75.9,10920.191763972,8.2,94.9700012207031,33440596.0,
MYS,Malaysia,2018,75.734,10901.8019954421,8.2,94.8499984741211,32910967.0,0.0
MYS,Malaysia,2017,75.542,9862.54806612235,8.2,95.0800018310547,32355644.0,
MYS,Malaysia,2016,75.371,9476.53409809923,8.2,94.879997253418,31789685.0,
MYS,Malaysia,2015,75.288,9648.6797937523,8.2,,31232798.0,0.1
MYS,Malaysia,2014,75.345,11013.3107334403,8.1,,30696137.0,
MYS,Malaysia,2013,75.464,10713.6407638899,8.0,,30174265.0,0.1
MYS,Malaysia,2012,75.552,10600.5744240026,8.0,,29662831.0,
MYS,Malaysia,2011,75.488,10217.1068585031,8.1,,29162039.0,0.4
MYS,Malaysia,2010,75.376,8899.34505544675,8.1,93.120002746582,28655776.0,
MYS,Malaysia,2009,75.269,7191.43287234626,8.2,,28124778.0,
MYS,Malaysia,2008,75.151,8371.82156086005,8.2,,27570059.0,1.5
MYS,Malaysia,2007,74.961,7168.93031942508,8.3,,26998389.0,
MYS,Malaysia,2006,74.697,6158.40785533236,8.3,,26417909.0,1.7
MYS,Malaysia,2005,74.37,5555.58179951206,8.3,,25836071.0,
MYS,Malaysia,2004,74.027,4939.24851854427,8.4,,25256772.0,
MYS,Malaysia,2003,73.727,4465.32194567208,8.6,,24679602.0,3.2
MYS,Malaysia,2002,73.469,4184.03163773539,8.8,,24102477.0,
MYS,Malaysia,2001,73.08,3943.79943910239,9.3,,23526538.0,
MYS,Malaysia,2000,72.732,4083.52874483605,9.9,88.6900024414062,22967816.0,
MDV,Maldives,2023,81.041,12587.6126038651,5.7,,525994.0,
MDV,Maldives,2022,80.76,11786.0191492983,6.0,,524106.0,
MDV,Maldives,2021,78.052,10176.143882547,6.4,,516154.0,
MDV,Maldives,2020,78.713,7393.8886543933,6.9,,502118.0,
MDV,Maldives,2019,79.707,11740.2724029785,7.4,98.2099990844727,487731.0,0.0
MDV,Maldives,2018,79.433,11423.2838427029,8.0,,473099.0,
MDV,Maldives,2017,79.228,10509.628805812,8.6,94.5100021362305,458287.0,
MDV,Maldives,2016,78.913,9947.80744731739,9.2,97.7300033569336,443308.0,0.1
MDV,Maldives,2015,78.607,9644.90655028145,9.9,,428154.0,
MDV,Maldives,2014,78.187,8939.07416571472,10.6,98.6100006103516,413617.0,
MDV,Maldives,2013,77.847,8236.08177944126,11.3,,400070.0,
MDV,Maldives,2012,77.512,7461.29703686309,12.1,,386818.0,
MDV,Maldives,2011,77.141,7424.520410971,12.9,,373674.0,
MDV,Maldives,2010,76.756,7173.59601844692,13.8,,360792.0,
MDV,Maldives,2009,76.371,6734.03165601895,14.9,,348275.0,13.1
MDV,Maldives,2008,75.999,6757.43280929292,16.1,,336170.0,
MDV,Maldives,2007,75.711,5758.10286933053,17.6,,324479.0,
MDV,Maldives,2006,75.256,5018.94335409159,19.4,98.4000015258789,313851.0,
MDV,Maldives,2005,74.785,3796.51546524644,21.6,,306429.0,
MDV,Maldives,2004,73.008,4070.2609459446,27.2,,301413.0,
MDV,Maldives,2003,73.263,3548.5767011056,27.4,,296491.0,
MDV,Maldives,2002,72.36,3076.07007160101,31.1,,291616.0,18.8
MDV,Maldives,2001,71.659,3033.93234507036,35.1,,286767.0,
MDV,Maldives,2000,70.892,2213.81235053178,39.5,96.3300018310547,282019.0,
MLI,Mali,2023,60.439,1042.44223444837,76.2,,23769127.0,
MLI,Mali,2022,60.035,976.914116406452,79.7,,23072640.0,
MLI,Mali,2021,59.116,1027.27345365357,83.6,,22388630.0,36.1
MLI,Mali,2020,58.858,953.242943290974,87.6,,21713836.0,
MLI,Mali,2019,59.217,971.949318638092,91.9,,21068405.0,
MLI,Mali,2018,58.873,996.379292136901,96.2,35.4700012207031,20442030.0,29.4
MLI,Mali,2017,58.562,924.057531692284,100.6,,19813011.0,
MLI,Mali,2016,58.286,872.468587171653,105.1,,19191289.0,
MLI,Mali,2015,57.852,838.11986940103,109.7,33.0699996948242,18593022.0,
MLI,Mali,2014,57.482,947.915033293219,114.4,,18020267.0,
MLI,Mali,2013,57.052,901.920957649814,119.1,,17459615.0,
MLI,Mali,2012,56.696,872.506092463946,123.9,,16957033.0,
MLI,Mali,2011,56.367,938.292902579598,128.8,30.6200008392334,16469049.0,
MLI,Mali,2010,55.993,797.151541141189,133.8,31.1000003814697,15945198.0,
MLI,Mali,2009,55.588,787.48256428259,138.9,,15435539.0,63.3
MLI,Mali,2008,55.187,767.194838946144,144.0,,14940782.0,
MLI,Mali,2007,54.756,670.853394978069,149.2,,14457775.0,
MLI,Mali,2006,54.305,586.985415512593,154.6,26.1800003051758,13990139.0,64.0
MLI,Mali,2005,53.792,548.730382848879,160.1,,13538647.0,
MLI,Mali,2004,53.253,495.006294675661,165.8,,13102409.0,
MLI,Mali,2003,52.632,441.910358475171,171.7,24.0,12684955.0,
MLI,Mali,2002,51.995,378.191678628068,177.7,,12288050.0,
MLI,Mali,2001,51.3,346.224554248587,183.9,,11912158.0,68.6
MLI,Mali,2000,50.605,304.652870189314,189.9,,11559290.0,
MLT,Malta,2023,83.3560975609756,40932.5238774461,5.5,,552747.0,0.4
MLT,Malta,2022,82.2975609756098,35658.8318250199,5.6,,531113.0,0.1
MLT,Malta,2021,82.2585365853659,38078.0064279067,5.8,,518150.0,0.1
MLT,Malta,2020,82.0975609756098,31823.422001724,6.0,,515490.0,0.4
MLT,Malta,2019,82.6585365853659,32421.9087471186,6.1,,503912.0,0.3
MLT,Malta,2018,82.2487804878049,33382.280781103,6.3,,483903.0,0.2
MLT,Malta,2017,82.1951219512195,30317.2611769875,6.4,,467106.0,0.2
MLT,Malta,2016,82.3536585365854,26459.0644285369,6.5,,454505.0,0.1
MLT,Malta,2015,81.7975609756098,25529.6693210673,6.6,,444220.0,0.1
MLT,Malta,2014,81.8951219512195,27424.5693619702,6.7,,433481.0,0.0
MLT,Malta,2013,81.7463414634146,25415.5525389054,6.7,,424810.0,0.0
MLT,Malta,2012,80.7463414634146,22878.3095862582,6.8,,420028.0,0.2
MLT,Malta,2011,80.7463414634146,23516.972445816,6.8,93.3099975585938,416268.0,0.2
MLT,Malta,2010,81.3975609756098,21946.6073066905,6.9,,414508.0,0.3
MLT,Malta,2009,80.2414634146342,21261.5428699817,6.9,,412477.0,0.5
MLT,Malta,2008,79.6365853658537,22405.6426266551,6.9,,409379.0,0.2
MLT,Malta,2007,79.7926829268293,19444.1743635565,6.9,,406724.0,0.5
MLT,Malta,2006,79.4390243902439,16653.6038312389,6.9,,405308.0,0.5
MLT,Malta,2005,79.3,15831.3439802756,6.9,92.3600006103516,403834.0,
MLT,Malta,2004,79.2536585365854,15212.1312964883,7.0,,401268.0,
MLT,Malta,2003,78.5463414634146,13593.9787182902,7.1,,398582.0,
MLT,Malta,2002,78.7390243902439,11251.2024877398,7.2,,395969.0,
MLT,Malta,2001,78.8439024390244,10357.7026407269,7.4,,393028.0,
MLT,Malta,2000,78.3487804878049,10348.485765125,7.6,,390087.0,
MHL,Marshall Islands,2023,66.945,6799.39217554794,27.6,,38827.0,
MHL,Marshall Islands,2022,66.725,6455.6603538189,28.5,,40077.0,
MHL,Marshall Islands,2021,65.421,6315.31172190393,29.4,95.7629302411191,41367.0,
MHL,Marshall Islands,2020,65.387,5661.96787336674,30.3,,42706.0,
MHL,Marshall Islands,2019,66.047,5292.33985502306,31.2,98.1800003051758,44007.0,2.1
MHL,Marshall Islands,2018,65.87,4858.12079054875,32.2,,45285.0,
MHL,Marshall Islands,2017,65.673,4592.83457628576,33.2,,46529.0,
MHL,Marshall Islands,2016,65.477,4229.80988911945,34.2,,47709.0,
MHL,Marshall Islands,2015,65.292,3764.34426229508,35.2,,48800.0,
MHL,Marshall Islands,2014,65.11,3735.23977829545,36.1,,49796.0,
MHL,Marshall Islands,2013,64.954,3677.90690791421,37.0,,50681.0,
MHL,Marshall Islands,2012,64.776,3514.26515490383,37.8,,51419.0,
MHL,Marshall Islands,2011,64.641,3319.39815439151,38.4,98.2699966430664,51907.0,
MHL,Marshall Islands,2010,64.498,3095.45768964722,39.0,,52044.0,
MHL,Marshall Islands,2009,64.395,2906.63026970914,39.5,,52019.0,
MHL,Marshall Islands,2008,64.3,2817.60522775322,40.0,,52030.0,
MHL,Marshall Islands,2007,64.259,2892.28403958874,40.4,,52035.0,
MHL,Marshall Islands,2006,64.207,2754.26988767503,40.9,,51992.0,
MHL,Marshall Islands,2005,64.112,2658.65217893885,41.3,,51906.0,
MHL,Marshall Islands,2004,64.044,2566.08291015814,41.8,,51791.0,
MHL,Marshall Islands,2003,63.956,2539.3307383954,42.2,,51639.0,
MHL,Marshall Islands,2002,63.848,2566.06708799222,42.5,,51425.0,
MHL,Marshall Islands,2001,63.735,2394.34501105178,42.7,,51123.0,
MHL,Marshall Islands,2000,63.323,2264.79114897645,42.7,,50706.0,
MRT,Mauritania,2023,68.484,2127.9576285973,38.1,,5022441.0,
MRT,Mauritania,2022,68.281,1961.28166648869,39.4,,4875637.0,
MRT,Mauritania,2021,66.762,1947.47413907209,40.7,,4734874.0,
MRT,Mauritania,2020,66.794,1795.72437324423,42.0,59.5299987792969,4600131.0,
MRT,Mauritania,2019,67.64,1767.072710621,43.4,,4467708.0,10.2
MRT,Mauritania,2018,67.419,1723.37809442655,44.7,,4337685.0,
MRT,Mauritania,2017,67.088,1617.93401542267,46.2,,4210600.0,
MRT,Mauritania,2016,66.823,1568.00551190332,47.7,,4086657.0,
MRT,Mauritania,2015,66.498,1558.84205473416,49.1,65.1100006103516,3965959.0,
MRT,Mauritania,2014,66.207,1718.97089374709,50.6,,3848514.0,11.7
MRT,Mauritania,2013,65.89,1936.26950446101,52.1,62.0699996948242,3734318.0,
MRT,Mauritania,2012,65.808,1859.11733247641,53.5,,3619034.0,
MRT,Mauritania,2011,65.754,1931.19975525465,55.1,,3502811.0,
MRT,Mauritania,2010,65.661,1659.96369705455,56.8,,3390965.0,
MRT,Mauritania,2009,65.485,1435.43010811893,58.8,,3284448.0,
MRT,Mauritania,2008,65.233,1635.5630623124,61.3,,3183269.0,19.2
MRT,Mauritania,2007,64.885,1405.15016203368,64.3,,3093059.0,
MRT,Mauritania,2006,64.493,1300.60367988659,68.1,,3013660.0,
MRT,Mauritania,2005,63.92,998.96583416747,72.5,,2939059.0,
MRT,Mauritania,2004,63.369,823.554457141893,77.5,,2868664.0,28.5
MRT,Mauritania,2003,62.805,732.017820812675,82.8,,2802046.0,
MRT,Mauritania,2002,62.249,648.879643934862,88.2,,2738655.0,
MRT,Mauritania,2001,61.662,651.817840199777,93.4,,2678760.0,
MRT,Mauritania,2000,61.044,680.911061879778,98.0,51.2099990844727,2613441.0,30.7
MUS,Mauritius,2023,73.4121951219512,11269.9684462139,15.4,94.2877776512134,1248647.0,
MUS,Mauritius,2022,73.5146341463415,10246.5017455553,15.5,,1262523.0,
MUS,Mauritius,2021,73.680243902439,9177.71195973013,15.7,92.9800213334339,1266334.0,
MUS,Mauritius,2020,74.1770731707317,9135.84773751062,15.8,,1266014.0,
MUS,Mauritius,2019,74.2358536585366,11568.2533399824,15.7,,1265985.0,
MUS,Mauritius,2018,74.4163414634146,11818.7480619272,15.4,,1265577.0,
MUS,Mauritius,2017,74.5146341463415,10986.7034093005,15.0,,1264887.0,0.5
MUS,Mauritius,2016,74.3948780487805,10095.1225574156,14.6,93.1600036621094,1263747.0,
MUS,Mauritius,2015,74.3531707317073,9630.5437837507,14.5,92.7099990844727,1262879.0,
MUS,Mauritius,2014,74.1943902439024,10490.3315563853,14.7,92.4700012207031,1261208.0,
MUS,Mauritius,2013,74.0170731707317,9877.13865958834,14.9,91.4899978637695,1258927.0,
MUS,Mauritius,2012,73.8634146341464,9421.52514098225,15.0,91.7699966430664,1255882.0,1.1
MUS,Mauritius,2011,73.2668292682927,9324.24232310496,14.9,89.25,1252404.0,
MUS,Mauritius,2010,72.9673170731707,8113.17670740212,14.8,,1250400.0,
MUS,Mauritius,2009,72.8824390243903,7426.86137313939,14.9,,1247429.0,
MUS,Mauritius,2008,72.5707317073171,8140.47983639243,15.0,,1244121.0,
MUS,Mauritius,2007,72.5707317073171,6677.37538616398,15.2,,1239630.0,
MUS,Mauritius,2006,72.4321951219512,5784.22491883026,15.4,,1233996.0,1.1
MUS,Mauritius,2005,72.4321951219512,5354.02974260642,15.6,,1228254.0,
MUS,Mauritius,2004,72.2658536585366,5460.60800184198,15.7,,1221003.0,
MUS,Mauritius,2003,72.1170731707317,4858.26575549747,16.0,,1213370.0,
MUS,Mauritius,2002,71.9658536585366,4073.06053055903,16.6,,1204621.0,
MUS,Mauritius,2001,71.7658536585366,3908.55694927435,17.5,,1196287.0,
MUS,Mauritius,2000,71.6634146341463,3981.98343249582,18.8,84.3000030517578,1186873.0,
MEX,Mexico,2023,75.069,13830.843848864,13.4,95.8346901734281,129739759.0,
MEX,Mexico,2022,73.973,11405.7940469896,13.8,95.120002746582,128613117.0,2.3
MEX,Mexico,2021,69.75,10314.0506733708,14.2,95.6890981310362,127648148.0,
MEX,Mexico,2020,70.449,8841.27074929751,14.6,95.25,126799054.0,4.3
MEX,Mexico,2019,74.53,10369.5553593527,15.0,95.3889403219417,125762982.0,
MEX,Mexico,2018,74.301,10084.7937570364,15.4,95.379997253418,124573711.0,3.9
MEX,Mexico,2017,74.261,9649.27816729586,15.8,94.9700012207031,123400057.0,
MEX,Mexico,2016,74.376,9097.92397674769,16.2,94.8600006103516,122251351.0,4.4
MEX,Mexico,2015,74.431,10021.2386113616,16.6,94.4700012207031,121072306.0,
MEX,Mexico,2014,74.404,11391.3773503964,17.0,94.5599975585938,119784261.0,7.2
MEX,Mexico,2013,74.289,11216.800851866,17.5,93.9599990844727,118343573.0,
MEX,Mexico,2012,74.128,10744.1335236186,17.9,94.2300033569336,116818208.0,7.3
MEX,Mexico,2011,73.921,10664.4944032313,18.4,93.5199966430664,115243504.0,
MEX,Mexico,2010,73.718,9728.80078307432,18.9,93.0699996948242,113623895.0,8.4
MEX,Mexico,2009,73.628,8423.56933148639,19.5,93.4400024414062,111999721.0,
MEX,Mexico,2008,73.695,10523.7685427665,20.0,92.9300003051758,110374288.0,10.1
MEX,Mexico,2007,73.796,10134.3327129706,20.7,92.8000030517578,108774360.0,
MEX,Mexico,2006,73.746,9512.63575346699,21.3,91.7300033569336,107253666.0,9.0
MEX,Mexico,2005,73.627,8671.75891798441,22.1,91.629997253418,105811504.0,11.7
MEX,Mexico,2004,73.432,7849.66759649565,23.0,90.9499969482422,104394131.0,11.0
MEX,Mexico,2003,73.308,7434.07465031562,23.9,,102978515.0,
MEX,Mexico,2002,73.106,7983.03398381759,25.0,90.2699966430664,101548624.0,12.8
MEX,Mexico,2001,72.912,7952.76479510706,26.2,,100099099.0,
MEX,Mexico,2000,72.562,7524.0271380091,27.4,90.5400009155273,98625552.0,16.3
FSM,"Micronesia, Fed. Sts.",2023,67.198,3933.01607031874,23.1,,112630.0,
FSM,"Micronesia, Fed. Sts.",2022,66.961,3703.66680343222,23.9,,112114.0,
FSM,"Micronesia, Fed. Sts.",2021,66.152,3508.22314197664,24.7,,111624.0,
FSM,"Micronesia, Fed. Sts.",2020,65.878,3362.02802120524,25.6,,110916.0,
FSM,"Micronesia, Fed. Sts.",2019,66.196,3581.72684572278,26.4,,110282.0,
FSM,"Micronesia, Fed. Sts.",2018,65.943,3584.78377566896,27.3,,109909.0,
FSM,"Micronesia, Fed. Sts.",2017,65.761,3297.37580036719,28.1,,109481.0,
FSM,"Micronesia, Fed. Sts.",2016,65.576,2997.93719917488,28.9,,109075.0,
FSM,"Micronesia, Fed. Sts.",2015,65.306,2869.86276169101,29.8,,108716.0,
FSM,"Micronesia, Fed. Sts.",2014,65.294,2915.23672460238,30.7,,108396.0,
FSM,"Micronesia, Fed. Sts.",2013,65.179,2904.1536796737,31.6,,108121.0,26.1
FSM,"Micronesia, Fed. Sts.",2012,65.08,3003.05867086848,32.6,,107890.0,
FSM,"Micronesia, Fed. Sts.",2011,64.969,2859.8488365615,33.4,,107698.0,
FSM,"Micronesia, Fed. Sts.",2010,64.892,2715.26873721406,34.1,,107540.0,
FSM,"Micronesia, Fed. Sts.",2009,64.865,2565.83639782506,34.8,,107957.0,
FSM,"Micronesia, Fed. Sts.",2008,64.849,2395.90218109716,35.3,,108936.0,
FSM,"Micronesia, Fed. Sts.",2007,64.844,2302.51183108846,35.6,,109880.0,
FSM,"Micronesia, Fed. Sts.",2006,64.859,2257.76445195026,35.9,,110729.0,
FSM,"Micronesia, Fed. Sts.",2005,64.906,2216.9963738197,35.9,,111412.0,15.8
FSM,"Micronesia, Fed. Sts.",2004,64.898,2104.42796515524,36.1,,111925.0,
FSM,"Micronesia, Fed. Sts.",2003,64.915,2145.87789998664,36.4,,112285.0,
FSM,"Micronesia, Fed. Sts.",2002,63.907,2113.45955463859,41.5,,112448.0,
FSM,"Micronesia, Fed. Sts.",2001,64.801,2103.74849819784,37.7,,112365.0,
FSM,"Micronesia, Fed. Sts.",2000,64.317,2049.34490021777,38.6,,112044.0,
MDA,Moldova,2023,71.198,6799.58594644576,16.2,,2457783.0,0.1
MDA,Moldova,2022,71.546,5744.29618434435,16.0,,2528654.0,0.0
MDA,Moldova,2021,68.991,5274.60582195352,15.8,,2595809.0,0.2
MDA,Moldova,2020,69.914,4375.7788930524,15.6,,2635130.0,0.0
MDA,Moldova,2019,70.181,4405.33418162155,15.5,,2664224.0,0.0
MDA,Moldova,2018,70.236,4156.44981956646,15.4,,2707203.0,0.0
MDA,Moldova,2017,70.375,3453.26727720294,15.4,,2755189.0,0.1
MDA,Moldova,2016,70.179,2847.08794770479,15.5,,2803186.0,0.2
MDA,Moldova,2015,70.118,2749.55137054338,15.6,,2835978.0,0.1
MDA,Moldova,2014,70.241,3289.95758568777,15.8,99.3600006103516,2857815.0,0.0
MDA,Moldova,2013,70.291,3321.04397795719,16.0,,2859558.0,0.1
MDA,Moldova,2012,70.344,3044.8084324815,16.2,,2860324.0,0.5
MDA,Moldova,2011,70.173,2941.36224066021,16.5,,2860699.0,0.5
MDA,Moldova,2010,69.876,2436.79935102421,16.8,,2862354.0,0.8
MDA,Moldova,2009,69.406,1898.43975710988,17.2,,2865213.0,1.5
MDA,Moldova,2008,69.0,2110.55305353857,17.7,,2868833.0,1.7
MDA,Moldova,2007,68.674,1531.21618590748,18.2,,2874299.0,1.6
MDA,Moldova,2006,68.423,1183.02481442894,19.0,,2880967.0,3.4
MDA,Moldova,2005,68.197,1034.39197746993,20.1,,2888985.0,16.6
MDA,Moldova,2004,68.017,897.178494749468,21.5,,2896023.0,11.6
MDA,Moldova,2003,67.9,682.319095965299,23.4,,2903198.0,10.0
MDA,Moldova,2002,67.793,570.799866188293,25.8,,2911385.0,19.9
MDA,Moldova,2001,67.672,507.404076252819,28.5,,2918135.0,32.2
MDA,Moldova,2000,67.462,440.538683980372,31.4,96.6500015258789,2924668.0,41.0
MCO,Monaco,2023,86.372,256799.911212051,2.7,,38956.0,
MCO,Monaco,2022,85.746,226052.060664649,2.8,,38931.0,
MCO,Monaco,2021,85.113,223823.327192464,2.9,,38527.0,
MCO,Monaco,2020,86.089,176891.806328966,3.0,,38050.0,
MCO,Monaco,2019,86.151,193746.729890885,3.1,,38109.0,
MCO,Monaco,2018,86.084,188298.389694191,3.2,,38154.0,
MCO,Monaco,2017,85.878,170663.470051177,3.3,,37678.0,
MCO,Monaco,2016,85.63,173604.669723126,3.4,,37276.0,
MCO,Monaco,2015,85.323,170437.021128628,3.5,,36757.0,
MCO,Monaco,2014,85.093,195693.519540544,3.6,,36128.0,
MCO,Monaco,2013,85.056,184940.633666281,3.7,,35447.0,
MCO,Monaco,2012,85.045,165444.625782803,3.8,,34711.0,
MCO,Monaco,2011,85.01,179364.009524397,3.9,,33946.0,
MCO,Monaco,2010,84.644,161853.922745228,4.0,,33163.0,
MCO,Monaco,2009,84.187,169150.337647299,4.1,,32364.0,
MCO,Monaco,2008,83.827,204263.893236529,4.2,,31836.0,
MCO,Monaco,2007,83.903,184558.455423983,4.3,,31837.0,
MCO,Monaco,2006,84.194,143083.509443656,4.4,,32057.0,
MCO,Monaco,2005,84.34,130538.711379722,4.5,,32210.0,
MCO,Monaco,2004,84.151,125160.282928751,4.6,,32307.0,
MCO,Monaco,2003,83.613,111110.460463916,4.7,,32374.0,
MCO,Monaco,2002,83.055,90051.4463079416,4.8,,32422.0,
MCO,Monaco,2001,82.485,82402.7746362391,5.0,,32447.0,
MCO,Monaco,2000,82.121,81789.014508777,5.2,,32455.0,
MNG,Mongolia,2023,72.1224390243902,5838.63108083902,13.6,98.6399993896484,3481145.0,
MNG,Mongolia,2022,71.9007317073171,4993.51487463495,13.9,98.7300033569336,3433748.0,0.4
MNG,Mongolia,2021,71.6451219512195,4517.61578018785,14.3,99.2143568969301,3383741.0,
MNG,Mongolia,2020,71.3490243902439,4001.25193077703,14.8,99.1800003051758,3327204.0,
MNG,Mongolia,2019,71.0531707317073,4347.54610314873,15.6,98.4599990844727,3267673.0,
MNG,Mongolia,2018,70.8270731707317,4107.64288528468,16.4,96.9000015258789,3208189.0,1.7
MNG,Mongolia,2017,70.5434146341463,3645.96708669551,17.4,,3148917.0,
MNG,Mongolia,2016,70.2239024390244,3619.90026383792,18.4,,3088856.0,1.9
MNG,Mongolia,2015,70.810243902439,3838.92126989984,19.4,,3026864.0,
MNG,Mongolia,2014,70.5831707317073,4126.23975800524,20.4,,2963113.0,0.8
MNG,Mongolia,2013,70.0980487804878,4340.14310544449,21.5,,2899011.0,
MNG,Mongolia,2012,69.500243902439,4328.89001905655,22.8,,2839705.0,1.1
MNG,Mongolia,2011,69.109268292683,3736.04201455077,24.4,,2786317.0,2.2
MNG,Mongolia,2010,68.5056097560976,2625.21881402433,26.3,98.2600021362305,2738622.0,3.5
MNG,Mongolia,2009,67.9690243902439,1703.32756790019,28.5,,2691115.0,
MNG,Mongolia,2008,67.2460975609756,2127.42678594737,31.0,,2643201.0,
MNG,Mongolia,2007,66.5934146341464,1627.68787743359,33.8,,2601850.0,4.0
MNG,Mongolia,2006,65.9021951219512,1329.89179579053,37.0,,2567168.0,
MNG,Mongolia,2005,65.2807317073171,994.90010913241,40.5,,2536407.0,
MNG,Mongolia,2004,64.630243902439,794.154552001815,44.3,,2508412.0,
MNG,Mongolia,2003,63.5753658536585,643.168068921658,48.5,,2480374.0,
MNG,Mongolia,2002,63.540243902439,570.249213248399,52.9,,2449027.0,18.7
MNG,Mongolia,2001,63.3917073170732,524.453483552485,57.7,,2417751.0,
MNG,Mongolia,2000,63.2104878048781,476.02755082717,62.5,97.7699966430664,2388299.0,
MNE,Montenegro,2023,77.5878048780488,12258.1600477339,2.5,,623529.0,
MNE,Montenegro,2022,76.1878048780488,10038.1849482517,2.6,,623591.0,
MNE,Montenegro,2021,73.8243902439024,9315.86435643142,2.8,,625053.0,2.5
MNE,Montenegro,2020,75.9317073170732,7555.48699036321,2.9,,626590.0,2.2
MNE,Montenegro,2019,76.6829268292683,8749.25629734676,3.1,,626753.0,2.5
MNE,Montenegro,2018,77.8853658536585,8673.59469069858,3.3,98.5299987792969,626438.0,3.9
MNE,Montenegro,2017,76.6853658536585,7674.2856571219,3.6,,625982.0,4.6
MNE,Montenegro,2016,76.5414634146342,6968.01202883651,3.9,,625353.0,3.3
MNE,Montenegro,2015,76.6024390243903,6421.00005731419,4.2,,624651.0,3.6
MNE,Montenegro,2014,76.3390243902439,7342.17147363741,4.6,,623744.0,3.9
MNE,Montenegro,2013,76.490243902439,7102.7776714702,5.0,,622587.0,5.2
MNE,Montenegro,2012,76.3,6552.47970337373,5.5,,621418.0,5.6
MNE,Montenegro,2011,76.0829268292683,7265.51771176628,6.1,98.4400024414062,620345.0,0.4
MNE,Montenegro,2010,75.990243902439,6678.63939560908,6.7,,619428.0,0.0
MNE,Montenegro,2009,75.1439024390244,6726.67589734408,7.4,,618294.0,0.0
MNE,Montenegro,2008,75.1365853658537,7390.01481290503,8.1,,616969.0,0.3
MNE,Montenegro,2007,74.3390243902439,5979.43813180981,8.9,,615875.0,0.4
MNE,Montenegro,2006,73.8390243902439,4422.55172559508,9.7,,615025.0,0.4
MNE,Montenegro,2005,73.9829268292683,3675.98851272723,10.6,,614261.0,0.4
MNE,Montenegro,2004,74.2056097560976,3386.38099417981,11.4,,613353.0,
MNE,Montenegro,2003,74.0557317073171,2789.95435110345,12.2,97.7699966430664,612267.0,
MNE,Montenegro,2002,73.9652195121951,2109.30631947331,13.0,,609828.0,
MNE,Montenegro,2001,73.5801951219512,1909.59870186179,13.7,,607389.0,
MNE,Montenegro,2000,73.3968048780488,1627.06511911987,14.2,,604950.0,
MAR,Morocco,2023,75.313,3813.72607421875,16.3,,37712505.0,
MAR,Morocco,2022,75.161,3463.1376953125,17.0,,37329064.0,
MAR,Morocco,2021,73.385,3785.93627929688,17.6,,36954442.0,
MAR,Morocco,2020,73.133,3268.0302734375,18.3,,36584208.0,
MAR,Morocco,2019,74.245,3508.09765625,19.1,,36210898.0,
MAR,Morocco,2018,73.946,3501.69799804688,19.9,,35839760.0,
MAR,Morocco,2017,73.608,3296.52661132813,20.8,,35446392.0,
MAR,Morocco,2016,73.228,3140.85546875,21.9,,35023457.0,
MAR,Morocco,2015,72.894,3146.24780273438,23.1,,34607588.0,
MAR,Morocco,2014,72.522,3435.40698242188,24.5,64.2600021362305,34204780.0,
MAR,Morocco,2013,72.117,3379.7431640625,26.0,,33787571.0,3.7
MAR,Morocco,2012,71.674,3164.17724609375,27.5,69.1600036621094,33355241.0,
MAR,Morocco,2011,71.263,3301.98876953125,29.2,67.0800018310547,32912588.0,
MAR,Morocco,2010,70.821,3067.9853515625,30.9,,32467016.0,
MAR,Morocco,2009,70.454,3119.58862304688,32.8,56.0800018310547,32030778.0,
MAR,Morocco,2008,70.051,3183.20043945313,34.8,55.1500015258789,31606767.0,
MAR,Morocco,2007,69.62,2755.5859375,36.9,,31186468.0,
MAR,Morocco,2006,69.157,2438.12646484375,39.2,,30771178.0,9.4
MAR,Morocco,2005,68.748,2242.98828125,41.4,,30358144.0,
MAR,Morocco,2004,68.272,2183.55541992188,43.6,52.310001373291,29953018.0,
MAR,Morocco,2003,67.958,1941.87255859375,45.8,,29571415.0,
MAR,Morocco,2002,67.582,1596.02062988281,48.0,,29198142.0,
MAR,Morocco,2001,67.2,1506.24523925781,50.2,,28814643.0,
MAR,Morocco,2000,66.794,1499.107421875,52.4,,28423435.0,16.8
MOZ,Mozambique,2023,63.611,622.191133245967,61.7,,33635160.0,
MOZ,Mozambique,2022,63.011,578.273222184503,63.9,61.6653441678133,32656246.0,81.4
MOZ,Mozambique,2021,60.268,509.907829475551,65.5,,31707800.0,
MOZ,Mozambique,2020,61.39,462.433876479921,67.6,59.7799987792969,30783688.0,
MOZ,Mozambique,2019,61.306,519.09255091362,68.6,,29884380.0,81.6
MOZ,Mozambique,2018,60.79,517.507260258101,70.2,,29018644.0,
MOZ,Mozambique,2017,60.148,470.93856305196,72.0,60.6599998474121,28166393.0,
MOZ,Mozambique,2016,59.455,441.489734819071,73.3,,27337105.0,
MOZ,Mozambique,2015,58.711,610.563774706589,75.8,56.0400009155273,26547572.0,
MOZ,Mozambique,2014,57.965,697.142680444123,79.7,,25788475.0,74.4
MOZ,Mozambique,2013,57.189,686.505672517351,82.9,,25051611.0,
MOZ,Mozambique,2012,56.46,685.685748199513,86.5,,24337846.0,
MOZ,Mozambique,2011,55.733,618.17649286789,91.1,,23649039.0,
MOZ,Mozambique,2010,55.04,496.185839392659,95.6,,22999235.0,
MOZ,Mozambique,2009,54.4,547.697144193651,98.3,50.5800018310547,22391745.0,
MOZ,Mozambique,2008,53.799,592.159111184122,104.4,,21819036.0,81.1
MOZ,Mozambique,2007,53.255,507.874923914304,110.7,,21287635.0,
MOZ,Mozambique,2006,52.748,457.487647833183,118.8,,20787087.0,
MOZ,Mozambique,2005,52.322,436.773856167384,125.7,,20304569.0,
MOZ,Mozambique,2004,51.855,400.056973161545,132.5,,19840313.0,
MOZ,Mozambique,2003,51.383,339.488737800648,139.8,48.1599998474121,19392475.0,
MOZ,Mozambique,2002,50.879,313.886661721198,147.5,,18958338.0,87.6
MOZ,Mozambique,2001,50.259,304.792138621913,155.7,,18537729.0,
MOZ,Mozambique,2000,49.476,327.12623979157,164.6,,18129653.0,
MMR,Myanmar,2023,66.889,1233.19666209269,38.1,,54133798.0,
MMR,Myanmar,2022,66.506,1158.05005034332,39.5,,53756787.0,
MMR,Myanmar,2021,65.553,1242.72134419599,40.8,,53387102.0,
MMR,Myanmar,2020,66.612,1490.21683548367,42.1,93.527395549521,53016522.0,
MMR,Myanmar,2019,66.457,1425.98954211903,43.6,89.0699996948242,52640713.0,
MMR,Myanmar,2018,66.232,1298.21310320785,45.2,95.8142859113662,52272247.0,
MMR,Myanmar,2017,65.909,1272.82241830603,46.8,,51894938.0,10.3
MMR,Myanmar,2016,65.64,1229.19713515893,48.7,84.7799987792969,51495696.0,
MMR,Myanmar,2015,65.288,1166.73305546337,50.5,,51089056.0,18.2
MMR,Myanmar,2014,64.994,1293.00042298688,52.4,90.3600006103516,50681634.0,
MMR,Myanmar,2013,64.617,1199.09561597055,54.6,,50262658.0,
MMR,Myanmar,2012,64.251,1202.6658960055,57.0,,49837446.0,
MMR,Myanmar,2011,63.859,1213.62898703376,59.7,,49419820.0,
MMR,Myanmar,2010,63.479,1010.53417343401,62.4,,49024382.0,
MMR,Myanmar,2009,63.095,758.442935789255,65.1,,48660459.0,
MMR,Myanmar,2008,56.364,658.442487229705,101.7,,48390793.0,
MMR,Myanmar,2007,62.367,419.375780725042,70.8,,48125043.0,
MMR,Myanmar,2006,62.026,303.495087119254,73.6,,47785135.0,
MMR,Myanmar,2005,61.72,252.685193060728,76.3,,47438365.0,
MMR,Myanmar,2004,61.443,224.508811413327,79.1,,47068772.0,
MMR,Myanmar,2003,61.196,224.292688912409,81.6,,46667192.0,
MMR,Myanmar,2002,60.925,146.598390364449,84.1,,46232653.0,
MMR,Myanmar,2001,60.64,141.525660705722,86.5,,45771139.0,
MMR,Myanmar,2000,60.357,196.619580625284,88.9,89.9400024414062,45290841.0,
NAM,Namibia,2023,67.385,4225.99102418102,41.1,87.6399993896484,2963095.0,
NAM,Namibia,2022,64.19,4349.79908493314,41.6,,2889662.0,
NAM,Namibia,2021,60.85,4412.8355693052,43.2,,2810548.0,
NAM,Namibia,2020,64.071,3878.58982993966,44.8,,2728762.0,
NAM,Namibia,2019,63.546,4731.9210318831,46.6,,2650494.0,
NAM,Namibia,2018,62.579,5308.60813408705,48.5,88.2832376600657,2577327.0,
NAM,Namibia,2017,61.661,5143.96072323076,49.8,,2506853.0,
NAM,Namibia,2016,60.81,4395.68776162376,51.4,88.1304979203867,2439213.0,
NAM,Namibia,2015,60.008,4774.10650865775,51.8,,2374300.0,22.9
NAM,Namibia,2014,59.311,5378.32326241205,50.0,,2312139.0,
NAM,Namibia,2013,58.468,5346.62131149967,50.8,,2252508.0,
NAM,Namibia,2012,57.733,5942.64680978673,52.6,,2194654.0,
NAM,Namibia,2011,56.647,5834.7917675794,50.0,88.2699966430664,2146325.0,
NAM,Namibia,2010,56.093,5418.21633365814,50.3,,2109811.0,
NAM,Namibia,2009,55.347,4302.91374148376,53.2,,2077394.0,38.6
NAM,Namibia,2008,54.74,4204.78555422749,57.5,,2047056.0,
NAM,Namibia,2007,54.026,4379.04313682732,62.0,,2018600.0,
NAM,Namibia,2006,53.183,4017.1834716928,66.0,,1991888.0,
NAM,Namibia,2005,52.557,3685.77299991587,71.0,,1966582.0,
NAM,Namibia,2004,52.175,3403.15496192955,74.4,,1942082.0,
NAM,Namibia,2003,51.918,2569.24739317883,75.6,,1917464.0,47.6
NAM,Namibia,2002,51.988,1772.07565537493,76.6,,1889970.0,
NAM,Namibia,2001,51.98,1915.58926594875,77.6,84.9400024414062,1857048.0,
NAM,Namibia,2000,52.946,2156.67590512714,78.2,,1818647.0,
NRU,Naoero,2023,62.109,13602.6372112893,8.7,96.5899963378906,11875.0,
NRU,Naoero,2022,61.93,15309.8345351924,9.3,,11801.0,
NRU,Naoero,2021,61.331,12748.1701249353,10.0,94.6337926033357,11709.0,
NRU,Naoero,2020,61.527,10709.068810538,10.9,,11643.0,
NRU,Naoero,2019,61.393,10801.7705659635,12.0,,11587.0,
NRU,Naoero,2018,61.238,11413.7463016389,13.1,,11477.0,
NRU,Naoero,2017,61.101,9656.97976571484,14.4,,11324.0,
NRU,Naoero,2016,60.996,8748.15632605428,15.9,,11150.0,
NRU,Naoero,2015,60.897,7747.25584993607,17.5,,10954.0,
NRU,Naoero,2014,60.834,9230.05440328927,19.2,,10742.0,
NRU,Naoero,2013,60.701,8974.51886874433,20.9,,10517.0,
NRU,Naoero,2012,60.533,9842.77032731856,22.7,,10267.0,9.7
NRU,Naoero,2011,60.287,6444.03642094634,24.6,,10098.0,
NRU,Naoero,2010,60.074,4735.92000502092,26.4,,10043.0,
NRU,Naoero,2009,59.852,4410.56764668962,28.2,,10016.0,
NRU,Naoero,2008,59.675,3756.84531228766,29.8,,10009.0,
NRU,Naoero,2007,59.49,2272.15291307045,31.4,,10020.0,
NRU,Naoero,2006,59.409,2910.14145794684,32.7,,10034.0,
NRU,Naoero,2005,59.361,2992.40382776926,34.0,,10049.0,
NRU,Naoero,2004,59.346,3040.51349889,35.2,,10060.0,
NRU,Naoero,2003,59.359,2463.28259078079,36.5,,10059.0,
NRU,Naoero,2002,59.427,2084.64824520971,37.9,,10082.0,
NRU,Naoero,2001,59.482,2232.30874026726,39.4,,10130.0,
NRU,Naoero,2000,59.574,2648.60152860938,41.1,,10168.0,
NPL,Nepal,2023,70.354,1382.38300895424,26.1,,29694614.0,
NPL,Nepal,2022,70.087,1385.91066002922,27.1,,29715436.0,2.4
NPL,Nepal,2021,68.385,1252.75076731986,28.3,,29475010.0,
NPL,Nepal,2020,69.106,1154.21517578318,29.6,,28966574.0,
NPL,Nepal,2019,69.299,1203.14294706401,31.0,68.7099990844727,28414064.0,
NPL,Nepal,2018,69.036,1179.19843190389,32.6,,28079689.0,
NPL,Nepal,2017,68.74,1034.28374906846,34.2,66.8653947551556,28011258.0,
NPL,Nepal,2016,68.444,877.256454696737,36.0,65.5,27955462.0,
NPL,Nepal,2015,67.374,875.543635474862,37.8,,27823629.0,
NPL,Nepal,2014,67.812,821.455224911731,39.7,,27672370.0,
NPL,Nepal,2013,67.598,803.269595420477,41.7,,27589996.0,
NPL,Nepal,2012,67.364,788.202937148377,43.7,,27534915.0,
NPL,Nepal,2011,67.123,785.518656222132,45.8,59.6300010681152,27464494.0,
NPL,Nepal,2010,66.772,585.278491984574,47.9,,27341952.0,22.1
NPL,Nepal,2009,66.6,473.078751198621,50.1,,27173035.0,
NPL,Nepal,2008,66.442,464.817391891529,52.4,55.5600725155626,26990037.0,
NPL,Nepal,2007,66.169,385.449767660642,54.7,,26788492.0,
NPL,Nepal,2006,65.891,340.431796437968,57.3,,26565425.0,
NPL,Nepal,2005,65.275,309.024168339372,60.0,,26309458.0,
NPL,Nepal,2004,64.744,279.587750044428,63.1,,26016656.0,
NPL,Nepal,2003,64.229,246.429706587633,66.5,,25688758.0,55.9
NPL,Nepal,2002,63.507,238.89140296106,70.2,,25328981.0,
NPL,Nepal,2001,63.288,240.795114544664,74.3,48.6100006103516,24946748.0,
NPL,Nepal,2000,62.642,223.830289183078,78.7,,24546509.0,
NLD,Netherlands,2023,81.8634146341464,63515.6030780019,3.9,,17877117.0,
NLD,Netherlands,2022,81.6146341463415,59123.318556487,4.0,,17700982.0,
NLD,Netherlands,2021,81.309756097561,60141.9880911492,4.0,,17533044.0,0.1
NLD,Netherlands,2020,81.3585365853659,53467.9277413737,4.0,,17441500.0,0.0
NLD,Netherlands,2019,82.1121951219512,53554.9007491475,4.0,,17344874.0,0.1
NLD,Netherlands,2018,81.8121951219512,53955.0770024266,4.0,,17231624.0,0.1
NLD,Netherlands,2017,81.7609756097561,49513.6817346384,4.0,,17131296.0,0.2
NLD,Netherlands,2016,81.5609756097561,46808.5291492503,4.1,,17030314.0,0.1
NLD,Netherlands,2015,81.509756097561,45793.8135434697,4.1,,16939923.0,0.1
NLD,Netherlands,2014,81.7073170731707,53457.2234864322,4.1,,16865008.0,0.1
NLD,Netherlands,2013,81.3048780487805,52602.2860520766,4.2,,16804432.0,0.1
NLD,Netherlands,2012,81.1048780487805,50473.9442002689,4.2,,16754962.0,0.1
NLD,Netherlands,2011,81.2048780487805,54701.7728030611,4.3,,16693074.0,0.1
NLD,Netherlands,2010,80.7024390243902,51305.7338533973,4.4,,16615394.0,0.0
NLD,Netherlands,2009,80.5487804878049,53172.0261581418,4.6,,16530388.0,0.2
NLD,Netherlands,2008,80.2512195121951,58246.7026905874,4.7,,16445593.0,0.2
NLD,Netherlands,2007,80.0975609756098,52100.7996285947,4.9,,16381696.0,0.0
NLD,Netherlands,2006,79.6975609756098,45123.5432406426,5.1,,16346101.0,0.0
NLD,Netherlands,2005,79.3463414634146,42165.396168388,5.3,,16319868.0,0.1
NLD,Netherlands,2004,79.0951219512195,40611.3414353091,5.5,,16281779.0,0.3
NLD,Netherlands,2003,78.4926829268293,35896.7504630706,5.7,,16225302.0,
NLD,Netherlands,2002,78.2926829268293,29446.5330872868,5.9,,16148929.0,
NLD,Netherlands,2001,78.190243902439,26955.7128032278,6.0,,16046180.0,
NLD,Netherlands,2000,77.9878048780488,26225.1697734149,6.2,,15925513.0,
NCL,New Caledonia,2023,78.766,33701.8923322781,,,289870.0,
NCL,New Caledonia,2022,77.698,33516.363085906,,,287123.0,
NCL,New Caledonia,2021,77.113,35311.5543551452,,,285214.0,
NCL,New Caledonia,2020,77.049,33270.330597637,,,284176.0,
NCL,New Caledonia,2019,77.262,33411.3358835672,,,283606.0,
NCL,New Caledonia,2018,77.557,34902.8968780031,,,283541.0,
NCL,New Caledonia,2017,77.504,32354.7102832901,,,283546.0,
NCL,New Caledonia,2016,77.359,30782.8544433514,,,283423.0,
NCL,New Caledonia,2015,77.206,30858.7237060533,,,283168.0,
NCL,New Caledonia,2014,77.053,37816.9558599295,,,281224.0,
NCL,New Caledonia,2013,76.867,36671.1566752621,,,276822.0,
NCL,New Caledonia,2012,76.615,35559.5672006157,,,271633.0,
NCL,New Caledonia,2011,76.315,38835.9401851385,,,266543.0,
NCL,New Caledonia,2010,75.992,35798.9084757829,,,261582.0,
NCL,New Caledonia,2009,75.676,33836.494080472,,,257250.0,
NCL,New Caledonia,2008,75.398,35723.9033194947,,,253825.0,
NCL,New Caledonia,2007,75.181,35177.6535261448,,,250725.0,
NCL,New Caledonia,2006,75.016,28193.2537573387,,,247547.0,
NCL,New Caledonia,2005,74.867,25528.2918353444,,,244381.0,
NCL,New Caledonia,2004,74.713,24475.6488547037,,,240852.0,
NCL,New Caledonia,2003,74.5,20768.1061488848,,,236678.0,
NCL,New Caledonia,2002,74.278,16104.5520406819,,,232236.0,
NCL,New Caledonia,2001,73.958,14482.3606263602,,,227707.0,
NCL,New Caledonia,2000,73.574,15329.7297200058,,,223098.0,
NZL,New Zealand,2023,81.7585365853659,49302.341876493,4.9,,5200000.0,
NZL,New Zealand,2022,81.9585365853658,49141.6316294227,5.0,,5081700.0,
NZL,New Zealand,2021,82.2073170731707,49902.154346032,5.0,,5084600.0,
NZL,New Zealand,2020,82.2560975609756,42054.6743136586,5.1,,5072400.0,
NZL,New Zealand,2019,82.0560975609756,42872.2681243427,5.2,,4970300.0,
NZL,New Zealand,2018,81.7073170731707,43204.1305124872,5.3,,4900600.0,
NZL,New Zealand,2017,81.8585365853659,42912.1537002148,5.4,,4813600.0,
NZL,New Zealand,2016,81.6585365853659,40088.3205470499,5.5,,4714100.0,
NZL,New Zealand,2015,81.6124390243903,38648.7302562109,5.6,,4609400.0,
NZL,New Zealand,2014,81.4568292682927,44599.8992733675,5.8,,4516500.0,
NZL,New Zealand,2013,81.4048780487805,42984.9571801167,5.9,,4442100.0,
NZL,New Zealand,2012,81.4073170731707,40041.7524816244,6.0,,4408100.0,
NZL,New Zealand,2011,81.1560975609756,38425.829997974,6.1,,4384000.0,
NZL,New Zealand,2010,80.9048780487805,33761.9009639947,6.2,,4350700.0,
NZL,New Zealand,2009,80.7024390243902,28276.7255416225,6.3,,4302600.0,
NZL,New Zealand,2008,80.3512195121951,31324.7397977102,6.4,,4259800.0,
NZL,New Zealand,2007,80.1512195121951,32479.9817381467,6.4,,4223800.0,
NZL,New Zealand,2006,80.0487804878049,26654.5932018985,6.5,,4184600.0,
NZL,New Zealand,2005,79.8512195121951,27751.0654708859,6.6,,4133900.0,
NZL,New Zealand,2004,79.5487804878049,25420.234882944,6.7,,4087500.0,
NZL,New Zealand,2003,79.1463414634146,21913.7081719961,6.9,,4027200.0,
NZL,New Zealand,2002,78.8463414634146,16874.1874918196,7.0,,3948500.0,
NZL,New Zealand,2001,78.6926829268293,13882.8568268586,7.2,,3880500.0,
NZL,New Zealand,2000,78.6365853658537,13641.1027183822,7.4,,3857700.0,
NIC,Nicaragua,2023,74.947,2609.44491147975,13.8,,6823613.0,
NIC,Nicaragua,2022,74.463,2322.89069619459,14.3,,6730654.0,
NIC,Nicaragua,2021,70.478,2138.38573878237,14.2,,6644741.0,
NIC,Nicaragua,2020,70.766,1938.44704754382,14.2,,6565267.0,
NIC,Nicaragua,2019,73.764,1958.62051528095,14.3,,6483657.0,
NIC,Nicaragua,2018,73.879,2035.16549390507,14.6,,6400080.0,
NIC,Nicaragua,2017,73.389,2182.61380995674,15.3,,6316231.0,
NIC,Nicaragua,2016,73.18,2131.68704828322,16.1,,6232666.0,
NIC,Nicaragua,2015,72.899,2074.45620634731,17.2,,6149417.0,
NIC,Nicaragua,2014,72.792,1958.37047579547,18.3,87.327180649097,6066492.0,6.6
NIC,Nicaragua,2013,72.551,1835.43996363715,19.4,,5983845.0,
NIC,Nicaragua,2012,72.435,1784.69836017555,20.6,85.6105708963441,5901287.0,
NIC,Nicaragua,2011,72.033,1679.71192084633,21.9,,5819051.0,
NIC,Nicaragua,2010,71.761,1526.56706951408,23.2,,5737450.0,
NIC,Nicaragua,2009,71.499,1467.08288052845,24.5,,5656601.0,13.9
NIC,Nicaragua,2008,71.404,1523.68437086409,25.8,,5576593.0,
NIC,Nicaragua,2007,71.197,1350.38145753377,27.1,,5497243.0,
NIC,Nicaragua,2006,70.958,1248.17371577788,28.4,,5418855.0,
NIC,Nicaragua,2005,70.374,1183.30214010175,29.7,78.0,5342105.0,16.5
NIC,Nicaragua,2004,69.51,1098.62118662335,31.1,,5272912.0,
NIC,Nicaragua,2003,68.749,1021.35216668794,32.4,,5210963.0,
NIC,Nicaragua,2002,67.95,1014.3339042591,33.8,,5149909.0,
NIC,Nicaragua,2001,67.028,1051.874235891,35.3,76.6800003051758,5087825.0,26.3
NIC,Nicaragua,2000,66.36,1017.3124434882,37.1,,5022633.0,
NER,Niger,2023,61.183,647.930108509567,113.5,,26159867.0,
NER,Niger,2022,60.398,613.614736429298,116.0,35.6100006103516,25311973.0,
NER,Niger,2021,59.542,609.585703670137,118.0,,24502140.0,60.5
NER,Niger,2020,59.89,575.451340306915,119.5,,23717613.0,
NER,Niger,2019,60.031,541.265819870273,120.8,,22947757.0,
NER,Niger,2018,59.765,576.927536415462,121.9,33.0499992370605,22188069.0,59.0
NER,Niger,2017,59.524,529.929418934868,123.1,,21435446.0,
NER,Niger,2016,59.228,499.910520068193,124.3,,20685753.0,
NER,Niger,2015,58.85,485.662574175279,125.4,,19939498.0,
NER,Niger,2014,58.693,565.30989731175,126.8,29.0437067944143,19215909.0,60.3
NER,Niger,2013,58.364,552.103334363117,128.3,,18519898.0,
NER,Niger,2012,57.987,528.510104469655,130.3,30.5599994659424,17836769.0,
NER,Niger,2011,57.6,510.75956176268,132.7,,17176283.0,68.8
NER,Niger,2010,57.08,474.425692340831,136.0,,16548835.0,
NER,Niger,2009,56.487,461.131533961487,140.3,,15943675.0,
NER,Niger,2008,55.852,475.044955398162,146.0,,15361915.0,
NER,Niger,2007,55.063,387.168065883301,153.1,,14803610.0,82.9
NER,Niger,2006,54.223,333.345078419447,161.6,,14268581.0,
NER,Niger,2005,53.32,318.643121918273,171.4,28.6700000762939,13756192.0,83.8
NER,Niger,2004,52.402,283.468281798296,182.4,,13265836.0,
NER,Niger,2003,51.545,265.225363452469,194.1,,12796984.0,
NER,Niger,2002,50.645,225.294391147438,205.9,,12349144.0,
NER,Niger,2001,49.872,205.417936120931,217.4,14.3800001144409,11920647.0,
NER,Niger,2000,49.172,194.771959898935,227.9,,11509630.0,
NGA,Nigeria,2023,54.462,2138.76383718757,116.8,,227882945.0,
NGA,Nigeria,2022,54.079,2899.16047469267,117.5,,223150896.0,41.8
NGA,Nigeria,2021,53.455,2787.48779220991,117.6,63.1599998474121,218529286.0,
NGA,Nigeria,2020,53.072,2797.184580679,117.4,,213996181.0,
NGA,Nigeria,2019,53.009,3189.81286496183,117.4,,209485641.0,
NGA,Nigeria,2018,52.669,2057.87944554011,117.2,,204938755.0,34.2
NGA,Nigeria,2017,52.397,1876.34027111773,117.2,,200254579.0,
NGA,Nigeria,2016,52.189,2070.4127339595,117.4,58.2200012207031,195443700.0,
NGA,Nigeria,2015,51.939,2585.73360671797,117.8,,190671878.0,35.8
NGA,Nigeria,2014,51.94,3088.72131316169,118.7,,185896915.0,
NGA,Nigeria,2013,51.827,2872.79083379398,119.9,,181049443.0,
NGA,Nigeria,2012,51.688,2633.19734671361,121.6,,176200625.0,37.4
NGA,Nigeria,2011,51.49,2418.41316975875,123.8,,171379598.0,
NGA,Nigeria,2010,51.315,2202.25672957344,126.3,,166642886.0,38.5
NGA,Nigeria,2009,51.08,1820.48633854782,129.2,,162049464.0,
NGA,Nigeria,2008,50.748,2154.10543545364,132.5,,157595014.0,
NGA,Nigeria,2007,50.381,1815.52697545827,136.5,,153267261.0,
NGA,Nigeria,2006,49.876,1599.53891556365,140.9,70.1999969482422,149077334.0,
NGA,Nigeria,2005,49.538,1211.37703504386,145.8,,145017253.0,
NGA,Nigeria,2004,49.148,962.48104194733,151.4,,141057045.0,
NGA,Nigeria,2003,48.618,763.388745367223,157.4,54.7700004577637,137202644.0,51.1
NGA,Nigeria,2002,48.02,712.164852077686,163.9,,133471989.0,
NGA,Nigeria,2001,47.549,566.428231812933,170.5,,129862595.0,
NGA,Nigeria,2000,47.143,547.318298903379,177.3,,126382494.0,
MKD,North Macedonia,2023,75.3160975609756,8674.35846327485,3.4,,1827816.0,
MKD,North Macedonia,2022,74.4248780487805,7606.2375253797,4.2,,1831712.0,
MKD,North Macedonia,2021,73.2463414634146,7620.80296977508,5.1,,1837114.0,
MKD,North Macedonia,2020,74.3951219512195,6659.59651070776,6.0,,1856124.0,
MKD,North Macedonia,2019,76.6024390243903,6718.85826635458,7.1,,1876262.0,3.9
MKD,North Macedonia,2018,76.6487804878049,6713.98925398989,8.4,,1889051.0,4.3
MKD,North Macedonia,2017,75.9536585365854,5955.2973863451,9.6,,1898657.0,5.6
MKD,North Macedonia,2016,75.4,5598.48622617967,10.6,,1906313.0,5.7
MKD,North Macedonia,2015,75.4024390243902,5262.68671928674,11.1,,1912430.0,7.0
MKD,North Macedonia,2014,75.4512195121951,5925.38592218015,11.1,,1917557.0,6.4
MKD,North Macedonia,2013,75.4,5626.26115664893,10.7,,1922716.0,7.4
MKD,North Macedonia,2012,74.9024390243903,5049.8265386157,10.4,,1929821.0,9.1
MKD,North Macedonia,2011,75.1,5416.86672931659,10.2,,1937398.0,10.9
MKD,North Macedonia,2010,74.9975609756098,4833.36586759968,10.4,,1946298.0,12.8
MKD,North Macedonia,2009,74.4463414634146,4799.78722768888,10.8,,1958782.0,12.1
MKD,North Macedonia,2008,74.4,5026.4202989873,11.5,,1971493.0,1.4
MKD,North Macedonia,2007,73.8,4204.11328760452,12.3,,1982933.0,
MKD,North Macedonia,2006,73.8951219512195,3440.4411057968,13.1,,1994287.0,4.6
MKD,North Macedonia,2005,73.6975609756098,3120.98401394233,13.7,,2005330.0,3.1
MKD,North Macedonia,2004,73.5975609756098,2818.5814561242,14.0,,2016186.0,1.4
MKD,North Macedonia,2003,73.2414634146342,2445.36286400013,14.2,,2022725.0,2.8
MKD,North Macedonia,2002,73.0390243902439,1989.13537265159,14.5,96.129997253418,2020157.0,3.0
MKD,North Macedonia,2001,73.4365853658537,1823.02267682636,15.1,,2034882.0,
MKD,North Macedonia,2000,72.9463414634147,1861.89899780644,16.0,,2026350.0,11.7
MNP,Northern Mariana Islands,2023,78.808,,,,45143.0,
MNP,Northern Mariana Islands,2022,78.531,23785.754590043,,,46078.0,
MNP,Northern Mariana Islands,2021,78.16,19455.50139424,,,46979.0,
MNP,Northern Mariana Islands,2020,78.03,18220.8382427201,,,47528.0,
MNP,Northern Mariana Islands,2019,77.844,24496.6652122421,,,48129.0,
MNP,Northern Mariana Islands,2018,77.51,26509.3628379893,,,49077.0,
MNP,Northern Mariana Islands,2017,77.47,31225.6049960968,,,49959.0,
MNP,Northern Mariana Islands,2016,77.392,24225.474169342,,,50773.0,
MNP,Northern Mariana Islands,2015,77.36,17665.1007493109,,,51514.0,
MNP,Northern Mariana Islands,2014,77.377,15945.417608954,,,52178.0,
MNP,Northern Mariana Islands,2013,77.452,14632.8518897608,,,52758.0,
MNP,Northern Mariana Islands,2012,77.566,14013.6003306158,,,53234.0,
MNP,Northern Mariana Islands,2011,77.688,13598.7166094613,,,53608.0,
MNP,Northern Mariana Islands,2010,77.8,14771.4037455399,,,54091.0,
MNP,Northern Mariana Islands,2009,77.903,14369.6339810212,,,55325.0,
MNP,Northern Mariana Islands,2008,77.938,16430.4461942257,,,57150.0,
MNP,Northern Mariana Islands,2007,77.863,15914.2193040498,,,58941.0,
MNP,Northern Mariana Islands,2006,77.688,16314.5578590027,,,60682.0,
MNP,Northern Mariana Islands,2005,77.307,17015.7487891715,,,62354.0,
MNP,Northern Mariana Islands,2004,76.789,18924.5831899653,,,63938.0,
MNP,Northern Mariana Islands,2003,76.505,18938.8728389967,,,65421.0,
MNP,Northern Mariana Islands,2002,75.934,19227.8894246608,,,66778.0,
MNP,Northern Mariana Islands,2001,75.419,,,,67984.0,
MNP,Northern Mariana Islands,2000,74.9,,,,68356.0,
NOR,Norway,2023,83.0121951219512,90984.4087141111,2.4,,5519601.0,0.2
NOR,Norway,2022,82.509756097561,113122.130765691,2.4,,5457127.0,0.3
NOR,Norway,2021,83.1634146341463,96442.5552173002,2.4,,5408320.0,0.2
NOR,Norway,2020,83.209756097561,71057.5879471399,2.4,,5379475.0,0.3
NOR,Norway,2019,82.9585365853659,79329.3075190012,2.4,,5347896.0,0.2
NOR,Norway,2018,82.7585365853659,85579.0776455494,2.5,,5311916.0,0.3
NOR,Norway,2017,82.609756097561,78771.2151264554,2.5,,5276968.0,0.3
NOR,Norway,2016,82.4073170731707,73222.4006864905,2.6,,5234519.0,0.3
NOR,Norway,2015,82.3048780487805,77220.9524311414,2.7,,5188607.0,0.2
NOR,Norway,2014,82.1,100410.020200979,2.8,,5137232.0,0.1
NOR,Norway,2013,81.7512195121951,106333.138368566,2.9,,5079623.0,0.2
NOR,Norway,2012,81.4512195121951,104627.93694681,3.0,,5018573.0,0.1
NOR,Norway,2011,81.2951219512195,103545.218988177,3.1,,4953088.0,0.1
NOR,Norway,2010,80.9975609756098,90020.342257973,3.3,,4889252.0,0.2
NOR,Norway,2009,80.7951219512195,81939.726548458,3.4,,4828726.0,0.1
NOR,Norway,2008,80.5926829268293,99001.5300678626,3.6,,4768212.0,0.2
NOR,Norway,2007,80.3951219512195,86600.2387607877,3.7,,4709153.0,0.2
NOR,Norway,2006,80.3439024390244,75047.741700385,3.9,,4660677.0,0.2
NOR,Norway,2005,80.0414634146342,67358.3615969796,4.1,,4623291.0,0.2
NOR,Norway,2004,79.8414634146342,57854.5698169407,4.2,,4591910.0,0.3
NOR,Norway,2003,79.390243902439,50208.0960234078,4.4,,4564855.0,0.2
NOR,Norway,2002,78.9878048780488,43048.288735011,4.6,,4538159.0,
NOR,Norway,2001,78.7853658536585,38458.2530907659,4.7,,4513751.0,
NOR,Norway,2000,78.6341463414634,37991.8907576589,4.9,,4490967.0,0.3
OMN,Oman,2023,80.031,21027.7384572657,10.4,,5049269.0,
OMN,Oman,2022,77.911,23223.5829405935,10.5,97.3399963378906,4730226.0,
OMN,Oman,2021,75.969,19403.4600160211,10.6,,4500424.0,
OMN,Oman,2020,77.763,16784.8630630058,10.7,96.9000015258789,4522497.0,
OMN,Oman,2019,79.946,19180.1864152801,10.8,,4591241.0,
OMN,Oman,2018,79.864,19901.7615642016,10.9,95.6500015258789,4597877.0,
OMN,Oman,2017,79.748,17820.0661809335,11.0,95.5800018310547,4537396.0,
OMN,Oman,2016,79.581,17110.1897460545,11.0,,4390877.0,
OMN,Oman,2015,79.346,18808.3077921839,11.1,93.0400009155273,4184895.0,
OMN,Oman,2014,79.03,23160.6502252547,11.2,,4002439.0,
OMN,Oman,2013,78.633,23458.0233840053,11.3,,3833913.0,
OMN,Oman,2012,78.187,24642.2978768596,11.4,,3547106.0,
OMN,Oman,2011,77.74,25188.0074151885,11.6,,3076763.0,
OMN,Oman,2010,77.184,23570.1798147325,11.7,86.9400024414062,2757446.0,
OMN,Oman,2009,76.631,20655.9180249218,11.9,,2684659.0,
OMN,Oman,2008,76.124,26576.779241509,12.0,86.620002746582,2626529.0,
OMN,Oman,2007,75.596,18792.653772482,12.2,,2570174.0,
OMN,Oman,2006,75.354,16930.8565071853,12.5,,2514795.0,
OMN,Oman,2005,75.07,14434.8577924647,12.9,,2459802.0,
OMN,Oman,2004,74.82,11800.8507411171,13.3,,2404821.0,
OMN,Oman,2003,74.521,10463.5425832141,13.9,66.0999984741211,2363796.0,
OMN,Oman,2002,74.276,9869.13050219438,14.6,,2337140.0,
OMN,Oman,2001,73.979,9611.96360191054,15.5,,2310217.0,
OMN,Oman,2000,73.643,9753.84755185404,16.5,,2282131.0,
PAK,Pakistan,2023,67.649,1360.32417758419,57.8,,247504495.0,
PAK,Pakistan,2022,67.417,1538.3228133171,59.7,,243700667.0,
PAK,Pakistan,2021,65.773,1455.31922370186,61.7,58.8600006103516,239477801.0,
PAK,Pakistan,2020,65.701,1278.39735206896,63.7,,235001746.0,
PAK,Pakistan,2019,66.729,1390.41690981745,65.8,58.0,230800899.0,
PAK,Pakistan,2018,66.481,1569.33814626355,67.9,57.0099983215332,226928892.0,16.5
PAK,Pakistan,2017,66.223,1519.23459514248,70.1,59.1300010681152,223273967.0,
PAK,Pakistan,2016,65.943,1424.69161195897,72.4,,220138869.0,
PAK,Pakistan,2015,65.641,1380.47020838317,74.8,,217290883.0,16.9
PAK,Pakistan,2014,65.374,1266.61340849959,77.2,56.9799995422363,214264647.0,
PAK,Pakistan,2013,65.129,1225.4340119198,79.6,55.5900001525879,211073978.0,21.2
PAK,Pakistan,2012,64.883,1204.36475491585,82.0,56.7599983215332,207667125.0,
PAK,Pakistan,2011,64.659,1131.73513834324,84.3,54.7400016784668,203746065.0,25.9
PAK,Pakistan,2010,64.378,987.304571124485,86.5,55.3800010681152,199239047.0,26.7
PAK,Pakistan,2009,64.206,963.788066395225,88.5,54.8899993896484,194376534.0,
PAK,Pakistan,2008,64.002,1067.04324565284,90.5,55.5299987792969,189499113.0,
PAK,Pakistan,2007,63.807,998.090114197524,92.3,52.1399993896484,184493231.0,34.9
PAK,Pakistan,2006,63.624,900.873564984808,94.2,54.1500015258789,179682690.0,
PAK,Pakistan,2005,62.416,827.619861189926,96.0,49.8699989318848,175453212.0,40.8
PAK,Pakistan,2004,63.097,771.902247348954,98.0,,171286000.0,40.9
PAK,Pakistan,2003,62.834,672.44178669894,100.1,,167110248.0,
PAK,Pakistan,2002,62.556,599.937345723927,102.5,,163222549.0,
PAK,Pakistan,2001,62.241,609.939506905073,105.1,,159270907.0,56.2
PAK,Pakistan,2000,61.903,642.338346499898,107.9,,154879127.0,
PLW,Palau,2023,69.269,15578.3497630733,21.9,,17727.0,
PLW,Palau,2022,68.922,13934.951996171,22.4,,17759.0,
PLW,Palau,2021,68.563,13267.4877340719,22.7,,17783.0,
PLW,Palau,2020,68.689,14556.30954221,22.9,99.8448081264108,17792.0,
PLW,Palau,2019,68.982,15841.8923474548,23.0,,17798.0,
PLW,Palau,2018,68.989,16179.877834849,22.9,,17814.0,
PLW,Palau,2017,69.019,16280.241199753,22.5,,17812.0,
PLW,Palau,2016,69.046,17043.6660673147,21.9,,17797.0,
PLW,Palau,2015,69.07,15938.3652222848,21.3,96.5899963378906,17770.0,
PLW,Palau,2014,69.062,13854.730278013,20.6,,17715.0,
PLW,Palau,2013,68.981,12820.5931621147,20.1,99.5,17648.0,
PLW,Palau,2012,68.863,12098.4124331551,19.7,,17765.0,
PLW,Palau,2011,68.638,10795.639900708,19.5,,18078.0,
PLW,Palau,2010,68.347,10018.065238367,19.5,,18396.0,
PLW,Palau,2009,67.99,9837.49883077663,19.7,,18709.0,
PLW,Palau,2008,67.562,10471.1510008417,20.1,,19009.0,
PLW,Palau,2007,67.113,10155.0470806134,20.6,,19302.0,
PLW,Palau,2006,66.633,9737.01943934058,21.3,,19593.0,
PLW,Palau,2005,66.219,9367.68615343862,22.1,,19819.0,
PLW,Palau,2004,65.816,8393.73029137235,22.9,,19820.0,
PLW,Palau,2003,65.446,7862.39286077623,23.7,,19659.0,
PLW,Palau,2002,65.076,8340.18965031021,24.6,,19503.0,
PLW,Palau,2001,64.8,8239.26386807565,25.5,,19352.0,
PLW,Palau,2000,64.499,7798.07510558974,26.5,,19178.0,
PAN,Panama,2023,79.594,18797.1933894611,15.1,96.0893871402691,4458759.0,3.7
PAN,Panama,2022,79.324,17378.6070083597,15.1,,4400773.0,
PAN,Panama,2021,77.004,15509.8069109784,15.2,96.2119100135584,4345405.0,3.3
PAN,Panama,2020,76.33,13290.5608347594,15.5,,4293261.0,
PAN,Panama,2019,78.514,16477.9066285687,15.9,95.7399978637695,4234700.0,2.9
PAN,Panama,2018,78.266,16151.3273478476,16.3,95.4100036621094,4167860.0,3.7
PAN,Panama,2017,77.901,15694.6297454295,16.7,,4098707.0,4.3
PAN,Panama,2016,77.772,14832.3611608191,17.0,,4029086.0,4.8
PAN,Panama,2015,77.583,14082.6548502728,17.1,,3960035.0,4.8
PAN,Panama,2014,77.365,13213.1989637473,17.3,,3892101.0,6.4
PAN,Panama,2013,77.129,12273.3225037637,17.5,,3825329.0,5.9
PAN,Panama,2012,76.877,11064.8063606203,17.9,,3759256.0,7.4
PAN,Panama,2011,76.659,9662.29592216607,18.3,,3693505.0,6.1
PAN,Panama,2010,76.417,8331.46421351868,18.7,94.0899963378906,3628535.0,7.7
PAN,Panama,2009,76.228,7796.92617035048,19.2,,3564381.0,6.6
PAN,Panama,2008,75.937,7347.59050324397,19.8,,3500648.0,9.0
PAN,Panama,2007,75.675,6317.81730274124,20.5,,3437490.0,13.0
PAN,Panama,2006,75.429,5528.76705469354,21.2,,3375024.0,15.7
PAN,Panama,2005,75.16,5017.7410922824,21.9,,3313026.0,14.5
PAN,Panama,2004,74.845,4644.56582353041,22.6,,3251155.0,15.5
PAN,Panama,2003,74.567,4264.66428846636,23.4,,3189807.0,16.8
PAN,Panama,2002,74.195,4090.58617397129,24.2,,3129344.0,17.2
PAN,Panama,2001,73.82,3991.7767076924,25.0,,3069537.0,20.8
PAN,Panama,2000,73.443,3975.09308659503,25.7,91.9000015258789,3010369.0,16.3
PNG,Papua New Guinea,2023,66.134,2966.06455045333,40.6,,10389635.0,
PNG,Papua New Guinea,2022,65.274,3102.29409730005,41.9,87.0046890533686,10203169.0,
PNG,Papua New Guinea,2021,64.358,2607.97769973161,43.2,,10012896.0,
PNG,Papua New Guinea,2020,65.075,2429.61134585269,44.7,,9815746.0,
PNG,Papua New Guinea,2019,65.331,2575.77274140393,46.1,,9609010.0,
PNG,Papua New Guinea,2018,65.114,2566.36833735041,47.5,,9394513.0,
PNG,Papua New Guinea,2017,64.923,2477.76530986323,48.9,70.0599975585938,9178714.0,
PNG,Papua New Guinea,2016,64.7,2316.39479758492,50.4,,8961718.0,
PNG,Papua New Guinea,2015,64.473,2484.5963398603,57.3,,8743246.0,
PNG,Papua New Guinea,2014,64.198,2723.17529825196,53.3,,8523441.0,
PNG,Papua New Guinea,2013,63.927,2560.77458976327,54.7,,8302698.0,
PNG,Papua New Guinea,2012,63.639,2635.0873631547,56.1,,8081390.0,
PNG,Papua New Guinea,2011,63.382,2288.37591141234,57.5,,7859346.0,
PNG,Papua New Guinea,2010,63.056,1866.86889851208,58.9,68.9689096424639,7633523.0,
PNG,Papua New Guinea,2009,62.772,1568.83193368607,60.3,,7406438.0,52.2
PNG,Papua New Guinea,2008,62.511,1624.79319935188,61.8,,7183002.0,
PNG,Papua New Guinea,2007,62.211,1370.753415829,63.2,,6963345.0,
PNG,Papua New Guinea,2006,62.018,1238.18282926706,64.6,,6747720.0,
PNG,Papua New Guinea,2005,61.868,744.486489977433,65.9,,6535905.0,
PNG,Papua New Guinea,2004,61.795,620.596147680561,67.2,,6328041.0,
PNG,Papua New Guinea,2003,61.741,577.467922387259,68.4,,6123997.0,
PNG,Papua New Guinea,2002,61.643,506.331789534482,69.6,,5924003.0,
PNG,Papua New Guinea,2001,61.647,537.847459634131,70.8,,5728435.0,
PNG,Papua New Guinea,2000,61.609,635.957919047725,72.0,57.3400001525879,5537064.0,
PRY,Paraguay,2023,73.844,6303.26495017292,16.9,,6844146.0,2.4
PRY,Paraguay,2022,72.319,6189.10205375331,17.5,,6760464.0,3.2
PRY,Paraguay,2021,68.108,5974.9057185863,18.0,,6684182.0,1.9
PRY,Paraguay,2020,72.72,5365.47220721191,18.6,94.5400009155273,6603739.0,2.6
PRY,Paraguay,2019,73.668,5821.18199548637,19.2,93.2099990844727,6515058.0,2.4
PRY,Paraguay,2018,73.627,6258.44991640954,19.9,94.0199966430664,6427382.0,3.1
PRY,Paraguay,2017,73.45,6152.26711537703,20.5,,6338660.0,2.4
PRY,Paraguay,2016,73.487,5775.1596339946,21.2,94.6500015258789,6249126.0,4.2
PRY,Paraguay,2015,73.454,5879.33792308671,21.9,95.5500030517578,6159103.0,4.2
PRY,Paraguay,2014,73.415,6652.25478942291,22.7,95.0299987792969,6069811.0,4.3
PRY,Paraguay,2013,73.292,6435.68342733182,23.4,95.0599975585938,5982445.0,4.1
PRY,Paraguay,2012,73.105,5642.1699167298,24.2,94.1999969482422,5897008.0,6.4
PRY,Paraguay,2011,72.787,5805.40154543044,24.9,,5814626.0,8.9
PRY,Paraguay,2010,72.551,4750.96273669322,25.7,93.870002746582,5737971.0,9.4
PRY,Paraguay,2009,72.282,3941.84815479271,26.5,93.75,5671236.0,9.1
PRY,Paraguay,2008,72.047,4384.9546943793,27.3,93.2900009155273,5613574.0,7.9
PRY,Paraguay,2007,71.817,3211.93621659546,28.2,94.5599975585938,5559386.0,12.6
PRY,Paraguay,2006,71.584,2439.43124694576,28.9,,5505148.0,14.1
PRY,Paraguay,2005,71.317,1970.87169852378,29.7,,5448097.0,10.1
PRY,Paraguay,2004,71.054,1786.21533938543,30.5,,5388175.0,10.7
PRY,Paraguay,2003,70.795,1443.99885236205,31.3,,5326436.0,13.8
PRY,Paraguay,2002,70.539,1367.76506935997,32.0,,5261328.0,19.6
PRY,Paraguay,2001,70.281,1637.68615122932,32.8,,5187689.0,13.5
PRY,Paraguay,2000,70.026,1736.11729210765,33.6,,5100868.0,
PER,Peru,2023,77.74,7919.04634828547,13.3,,33845617.0,5.9
PER,Peru,2022,76.834,7353.74598721667,13.7,,33475438.0,4.8
PER,Peru,2021,71.596,6828.53422535638,14.1,,33155882.0,5.2
PER,Peru,2020,73.832,6133.32552410183,14.5,94.5,32838579.0,10.3
PER,Peru,2019,76.275,7037.00803692604,14.9,,32449303.0,5.4
PER,Peru,2018,76.018,6978.49121548627,15.3,94.4100036621094,31897584.0,6.1
PER,Peru,2017,75.958,6736.16693725487,15.7,94.1500015258789,31324637.0,7.3
PER,Peru,2016,75.951,6217.03599995447,16.1,94.1699981689453,30866494.0,7.5
PER,Peru,2015,75.732,6231.71150338894,16.6,94.1600036621094,30457600.0,8.0
PER,Peru,2014,75.26,6667.13410360861,17.2,93.7099990844727,30115826.0,8.0
PER,Peru,2013,74.591,6746.80025696601,17.8,,29817919.0,8.6
PER,Peru,2012,73.979,6519.37852981527,18.5,93.8399963378906,29550366.0,9.5
PER,Peru,2011,73.327,5861.35793645245,19.3,,29304086.0,10.3
PER,Peru,2010,72.886,5072.11494019615,20.2,,29086019.0,11.2
PER,Peru,2009,72.631,4181.18755462253,21.2,,28896811.0,13.7
PER,Peru,2008,72.743,4197.58444634142,22.3,,28719041.0,15.8
PER,Peru,2007,72.746,3581.0893081917,23.6,89.5899963378906,28530699.0,18.9
PER,Peru,2006,72.337,3129.55996496982,25.0,88.6999969482422,28324491.0,21.8
PER,Peru,2005,71.988,2706.66947297608,26.6,87.9100036621094,28101180.0,25.4
PER,Peru,2004,71.447,2397.25147277714,28.4,87.6699981689453,27852190.0,23.5
PER,Peru,2003,71.278,2129.44114197634,30.4,,27580490.0,22.5
PER,Peru,2002,70.815,2007.37019626753,32.7,,27288217.0,24.4
PER,Peru,2001,70.315,1929.57273038846,35.3,,26964601.0,27.4
PER,Peru,2000,69.821,1945.41338451698,38.3,,26598331.0,25.5
PHL,Philippines,2023,69.833,3804.08274131718,27.0,,114891199.0,5.3
PHL,Philippines,2022,69.472,3548.06930572116,27.5,,113964338.0,
PHL,Philippines,2021,66.675,3484.38593882819,27.9,,113100950.0,8.1
PHL,Philippines,2020,70.097,3227.57910235199,28.0,98.4700012207031,112081264.0,
PHL,Philippines,2019,69.68,3400.78949767074,28.0,96.2799987792969,110804683.0,
PHL,Philippines,2018,69.761,3168.51036609727,27.9,,109465287.0,8.3
PHL,Philippines,2017,69.966,3038.12124959289,27.8,,108119693.0,
PHL,Philippines,2016,69.49,2985.19564024046,27.8,,106735719.0,
PHL,Philippines,2015,69.45,2909.85818010301,27.9,98.1800003051758,105312992.0,14.6
PHL,Philippines,2014,69.311,2866.83803761407,28.0,,103767130.0,
PHL,Philippines,2013,69.283,2781.27957677397,28.3,96.4000015258789,102076336.0,
PHL,Philippines,2012,69.237,2614.61644401308,28.6,,100175512.0,21.3
PHL,Philippines,2011,69.096,2383.91892522087,29.0,,98248614.0,
PHL,Philippines,2010,68.883,2162.91375885614,29.5,97.0899963378906,96337125.0,
PHL,Philippines,2009,68.631,1864.45043406471,30.1,,94384250.0,22.0
PHL,Philippines,2008,68.643,1959.29233534978,30.7,95.4199981689453,92699095.0,
PHL,Philippines,2007,68.549,1712.65543282793,31.3,,91075184.0,
PHL,Philippines,2006,68.172,1426.14649179546,32.0,,89508986.0,26.1
PHL,Philippines,2005,68.423,1220.46018559867,32.8,,88015962.0,
PHL,Philippines,2004,68.301,1099.63013023758,33.6,,86394504.0,
PHL,Philippines,2003,68.049,1027.2301192843,34.4,92.5899963378906,84731835.0,24.3
PHL,Philippines,2002,67.886,1014.90879320106,35.2,,83068889.0,
PHL,Philippines,2001,67.829,969.530611744453,36.0,,81401488.0,
PHL,Philippines,2000,67.789,1050.79273107952,36.8,92.5999984741211,79625397.0,25.9
POL,Poland,2023,78.2585365853659,22145.2660647429,4.3,,36687353.0,0.2
POL,Poland,2022,77.1560975609756,18891.2121169279,4.3,,36821749.0,0.3
POL,Poland,2021,75.3512195121951,18635.5104895754,4.4,,36981559.0,0.1
POL,Poland,2020,76.4,16150.9304813473,4.4,,37515748.0,0.2
POL,Poland,2019,77.9048780487805,15874.5220531254,4.5,,37965475.0,0.1
POL,Poland,2018,77.6024390243903,15658.210586693,4.5,,37974750.0,0.3
POL,Poland,2017,77.7536585365854,13913.3415190124,4.6,,37974826.0,0.4
POL,Poland,2016,77.8512195121951,12464.0121044827,4.8,,37970087.0,0.4
POL,Poland,2015,77.4512195121951,12637.5220324406,4.9,,37986412.0,0.5
POL,Poland,2014,77.6024390243903,14262.2841914116,5.0,,38011735.0,0.6
POL,Poland,2013,77.0,13621.9023794031,5.2,,38040196.0,0.6
POL,Poland,2012,76.7463414634146,13087.420943321,5.4,,38063164.0,0.4
POL,Poland,2011,76.6951219512195,13867.6669408192,5.7,,38063255.0,0.6
POL,Poland,2010,76.2463414634146,12567.7317676382,6.0,,38042794.0,0.6
POL,Poland,2009,75.6951219512195,11556.3026866026,6.3,,38151603.0,0.6
POL,Poland,2008,75.5439024390244,14048.5604672654,6.7,,38125759.0,0.3
POL,Poland,2007,75.2439024390244,11272.5293683383,7.0,,38120560.0,0.6
POL,Poland,2006,75.1439024390244,9068.85528307627,7.3,,38141267.0,0.9
POL,Poland,2005,74.9951219512195,8043.92332253757,7.6,,38165445.0,1.4
POL,Poland,2004,74.8463414634146,6711.72715262967,7.8,,38182222.0,2.8
POL,Poland,2003,74.5975609756098,5720.81366178104,8.1,,38204570.0,0.2
POL,Poland,2002,74.4975609756098,5223.45178967082,8.4,,38230364.0,0.3
POL,Poland,2001,74.2,5015.23790036613,8.8,,38248076.0,0.4
POL,Poland,2000,73.7487804878049,4520.64100449111,9.3,,38258629.0,0.3
PRT,Portugal,2023,82.3292682926829,27634.6183139773,3.2,,10578174.0,0.4
PRT,Portugal,2022,81.6317073170732,24620.5197587181,3.3,,10434332.0,0.2
PRT,Portugal,2021,81.3780487804878,24711.4510062111,3.3,,10361831.0,0.3
PRT,Portugal,2020,81.3292682926829,22299.4044062173,3.4,,10297081.0,0.6
PRT,Portugal,2019,81.6756097560976,23343.3628970034,3.5,,10286263.0,0.2
PRT,Portugal,2018,81.3243902439024,23541.1401075289,3.5,,10283822.0,0.4
PRT,Portugal,2017,81.4243902439025,21442.3842768879,3.6,,10300300.0,0.4
PRT,Portugal,2016,81.1243902439025,19980.2808866516,3.6,,10325452.0,0.4
PRT,Portugal,2015,81.1243902439025,19215.7813014347,3.6,,10358076.0,0.7
PRT,Portugal,2014,81.1219512195122,22120.6850127107,3.6,,10401062.0,0.8
PRT,Portugal,2013,80.7219512195122,21676.4859642714,3.6,,10457295.0,1.0
PRT,Portugal,2012,80.3731707317073,20593.4274224109,3.7,,10514844.0,0.9
PRT,Portugal,2011,80.4707317073171,23246.5425416481,3.7,94.4800033569336,10557560.0,0.6
PRT,Portugal,2010,79.0268292682927,22551.935098809,3.8,,10573100.0,0.2
PRT,Portugal,2009,78.7268292682927,23151.2154130712,3.9,,10568247.0,0.2
PRT,Portugal,2008,78.5243902439025,24949.0413566739,4.0,,10558177.0,0.3
PRT,Portugal,2007,78.3219512195122,22811.0564844365,4.2,,10542964.0,0.6
PRT,Portugal,2006,78.419512195122,19839.4540499032,4.4,,10522288.0,0.2
PRT,Portugal,2005,78.0707317073171,18780.12751241,4.7,,10503330.0,0.7
PRT,Portugal,2004,77.6707317073171,18064.1580932987,5.0,,10483861.0,0.7
PRT,Portugal,2003,77.219512195122,15797.7821340276,5.5,,10458821.0,1.1
PRT,Portugal,2002,77.0658536585366,12936.6928204482,6.0,,10419631.0,
PRT,Portugal,2001,76.8146341463415,11734.7649743954,6.6,,10362722.0,
PRT,Portugal,2000,76.3146341463415,11526.3720667968,7.2,,10289898.0,
PRI,Puerto Rico (US),2023,81.69,36980.7653928068,,,3203794.0,
PRI,Puerto Rico (US),2022,79.427,35353.5613891039,,,3220148.0,
PRI,Puerto Rico (US),2021,79.77,32618.8705106244,,,3262731.0,
PRI,Puerto Rico (US),2020,80.009,31427.1034994916,,,3281591.0,
PRI,Puerto Rico (US),2019,81.438,31830.5284993358,,,3302691.0,
PRI,Puerto Rico (US),2018,81.086,30679.9181934488,,,3290690.0,
PRI,Puerto Rico (US),2017,79.07,30328.479490518,,92.3899993896484,3410837.0,
PRI,Puerto Rico (US),2016,80.355,29978.0889268918,,,3480432.0,
PRI,Puerto Rico (US),2015,80.677,29242.041465085,,,3535167.0,
PRI,Puerto Rico (US),2014,80.039,28576.0988023209,,,3585017.0,
PRI,Puerto Rico (US),2013,80.318,28212.0499737431,,,3631427.0,
PRI,Puerto Rico (US),2012,79.258,27742.024476618,,,3661045.0,
PRI,Puerto Rico (US),2011,78.766,27170.0766543278,,,3693464.0,
PRI,Puerto Rico (US),2010,78.717,26414.8810634548,,91.9700012207031,3724465.0,
PRI,Puerto Rico (US),2009,78.377,25768.7258883384,,,3740410.0,
PRI,Puerto Rico (US),2008,78.111,24898.3345857045,,,3760866.0,
PRI,Puerto Rico (US),2007,77.659,23664.8823485096,,,3782995.0,
PRI,Puerto Rico (US),2006,77.561,22935.9411586313,,,3805214.0,
PRI,Puerto Rico (US),2005,76.703,21959.322696986,,,3821362.0,
PRI,Puerto Rico (US),2004,76.913,20988.9923326534,,,3826878.0,
PRI,Puerto Rico (US),2003,76.941,19557.1202492358,,,3826095.0,
PRI,Puerto Rico (US),2002,76.819,18731.4593897378,,,3823701.0,
PRI,Puerto Rico (US),2001,75.972,18123.1987019918,,,3818774.0,
PRI,Puerto Rico (US),2000,75.514,16192.1269719638,,,3810605.0,
QAT,Qatar,2023,82.368,80195.8746508549,6.0,,2656032.0,
QAT,Qatar,2022,81.857,88701.463352273,6.1,,2657333.0,
QAT,Qatar,2021,81.083,71751.8831257169,6.2,,2504910.0,
QAT,Qatar,2020,80.409,51683.5054376677,6.3,,2794148.0,
QAT,Qatar,2019,82.945,66841.3013484919,6.6,,2638657.0,
QAT,Qatar,2018,82.714,71039.8490579352,6.8,,2580734.0,
QAT,Qatar,2017,82.458,63279.8556949332,7.1,,2545820.0,0.0
QAT,Qatar,2016,82.147,61253.6375482797,7.5,,2477113.0,
QAT,Qatar,2015,81.785,68985.2946961507,7.8,,2344557.0,
QAT,Qatar,2014,81.395,95840.6310094498,8.1,97.75,2151745.0,
QAT,Qatar,2013,80.974,103697.008372373,8.4,97.4800033569336,1916426.0,
QAT,Qatar,2012,80.499,108470.378825036,8.7,96.6800003051758,1722438.0,
QAT,Qatar,2011,79.994,103261.510293068,8.9,96.4100036621094,1624761.0,
QAT,Qatar,2010,79.444,77387.2936379616,9.1,96.2799987792969,1616832.0,
QAT,Qatar,2009,78.837,60785.7351551657,9.3,94.7200012207031,1608903.0,
QAT,Qatar,2008,78.262,80781.2113909506,9.6,93.9899978637695,1426938.0,
QAT,Qatar,2007,77.741,65954.1146428814,9.8,93.0800018310547,1208595.0,
QAT,Qatar,2006,77.323,62582.4453138755,10.1,,972831.0,
QAT,Qatar,2005,76.909,53949.6764091147,10.4,,825408.0,
QAT,Qatar,2004,76.484,41035.5008380177,10.8,88.9599990844727,773332.0,
QAT,Qatar,2003,76.097,31602.470865136,11.2,,744682.0,
QAT,Qatar,2002,75.766,27226.6593510117,11.6,,711205.0,
QAT,Qatar,2001,75.486,25870.7991864314,12.0,,677925.0,
QAT,Qatar,2000,75.25,27535.182940934,12.5,,644989.0,
ROU,Romania,2023,76.4048780487805,18244.4186876321,6.9,,19061062.0,0.7
ROU,Romania,2022,75.1536585365854,15503.4691366242,6.6,,19048502.0,1.5
ROU,Romania,2021,72.809756097561,14908.0412813921,6.4,99.1600036621094,19122059.0,2.0
ROU,Romania,2020,74.2536585365854,13009.1525348396,6.5,,19265250.0,2.4
ROU,Romania,2019,75.6073170731707,12909.6104013244,6.8,,19371648.0,3.1
ROU,Romania,2018,75.3585365853659,12416.134317959,7.3,,19473970.0,3.7
ROU,Romania,2017,75.209756097561,10727.9822007426,7.9,,19588715.0,4.9
ROU,Romania,2016,75.209756097561,9404.54005870715,8.5,,19702267.0,5.2
ROU,Romania,2015,74.9121951219512,8977.01748158196,9.2,,19815616.0,7.6
ROU,Romania,2014,74.909756097561,10031.7710755404,9.9,,19908979.0,8.9
ROU,Romania,2013,75.0634146341463,9497.67411615237,10.6,,19983693.0,8.7
ROU,Romania,2012,74.4121951219512,8929.95366231474,11.2,,20058035.0,8.4
ROU,Romania,2011,74.409756097561,9560.6755277458,11.8,98.5999984741211,20147528.0,7.1
ROU,Romania,2010,73.4585365853659,8399.5374234284,12.4,,20246871.0,6.3
ROU,Romania,2009,73.309756097561,8548.4543409242,13.0,,20367487.0,5.3
ROU,Romania,2008,72.5658536585366,10435.1561230787,13.9,,20537875.0,6.0
ROU,Romania,2007,72.5658536585366,8360.33775916596,15.2,,20882982.0,8.1
ROU,Romania,2006,72.1634146341463,5757.53127301178,16.7,,21193760.0,11.1
ROU,Romania,2005,71.9121951219512,4618.00350802913,18.2,,21319685.0,4.2
ROU,Romania,2004,71.5609756097561,3494.99056448955,19.3,,21451748.0,5.3
ROU,Romania,2003,71.309756097561,2679.40626016154,19.9,,21574326.0,7.0
ROU,Romania,2002,71.009756097561,2119.85509684554,20.2,97.3000030517578,21730496.0,9.1
ROU,Romania,2001,71.1609756097561,1825.19299373184,20.6,,22131970.0,9.5
ROU,Romania,2000,71.1634146341463,1659.92904910528,21.4,,22442971.0,11.9
RUS,Russian Federation,2023,73.2546341463415,13986.9951171875,5.3,,143826130.0,0.1
RUS,Russian Federation,2022,72.5456097560976,15625.6328125,5.4,,144236933.0,0.1
RUS,Russian Federation,2021,69.900243902439,12425.029296875,5.5,99.9300003051758,144746762.0,0.2
RUS,Russian Federation,2020,71.3387804878049,10108.3271484375,5.7,,145245148.0,0.1
RUS,Russian Federation,2019,73.0839024390244,11447.701171875,6.0,,145453291.0,0.3
RUS,Russian Federation,2018,72.6621951219512,11211.8876953125,6.4,,145398106.0,0.2
RUS,Russian Federation,2017,72.4514634146342,10658.9130859375,6.9,,145293260.0,0.4
RUS,Russian Federation,2016,71.6512195121951,8663.158203125,7.5,,145015460.0,0.4
RUS,Russian Federation,2015,71.1834146341463,9277.7138671875,8.2,,144640716.0,0.4
RUS,Russian Federation,2014,70.7436585365854,14055.47265625,8.9,,144237223.0,0.4
RUS,Russian Federation,2013,70.5787804878049,15941.4482421875,9.5,,143805638.0,0.1
RUS,Russian Federation,2012,70.0721951219512,15401.8515625,9.9,,143378447.0,0.1
RUS,Russian Federation,2011,69.6839024390244,14305.33203125,10.2,,143018195.0,0.1
RUS,Russian Federation,2010,68.8412195121951,10674.990234375,10.4,99.6800003051758,142849468.0,0.2
RUS,Russian Federation,2009,68.6846341463415,8562.82421875,10.7,,142785348.0,0.2
RUS,Russian Federation,2008,67.9492682926829,11635.2841796875,11.3,,142742366.0,0.2
RUS,Russian Federation,2007,67.5868292682927,9101.2392578125,12.0,,142805114.0,0.4
RUS,Russian Federation,2006,66.7275609756098,6920.19970703125,12.8,,143049637.0,0.9
RUS,Russian Federation,2005,65.529756097561,5323.455078125,13.9,,143518814.0,1.4
RUS,Russian Federation,2004,65.4709756097561,4102.36474609375,15.0,,144067316.0,1.8
RUS,Russian Federation,2003,65.0275609756098,2975.123046875,16.1,,144648618.0,2.1
RUS,Russian Federation,2002,65.1287804878049,2377.52954101563,17.3,99.4400024414062,145306497.0,2.0
RUS,Russian Federation,2001,65.3834146341463,2100.3525390625,18.4,,145976482.0,3.2
RUS,Russian Federation,2000,65.4836585365854,1771.59411621094,19.4,,146596869.0,5.1
RWA,Rwanda,2023,67.785,1061.05788154076,38.8,,13954471.0,38.6
RWA,Rwanda,2022,67.528,1007.05989322914,39.7,78.7600021362305,13651030.0,
RWA,Rwanda,2021,66.85,842.581492947672,40.6,,13355260.0,
RWA,Rwanda,2020,66.953,802.638686936204,41.6,80.0500030517578,13065837.0,
RWA,Rwanda,2019,66.691,823.355304065304,42.7,,12776103.0,
RWA,Rwanda,2018,66.354,772.754982959354,43.7,73.2200012207031,12487996.0,
RWA,Rwanda,2017,66.14,751.049039527547,44.7,,12202060.0,
RWA,Rwanda,2016,65.733,721.258515833094,45.8,,11919183.0,63.8
RWA,Rwanda,2015,65.419,725.691418696952,47.3,,11640022.0,
RWA,Rwanda,2014,65.088,715.36808783393,49.2,70.8000030517578,11364757.0,
RWA,Rwanda,2013,64.651,695.397140963607,51.4,,11093340.0,65.2
RWA,Rwanda,2012,64.189,697.760143509565,54.2,68.3300018310547,10829901.0,
RWA,Rwanda,2011,63.476,643.356138618166,58.1,,10573733.0,
RWA,Rwanda,2010,62.804,586.599950359877,63.3,,10317553.0,70.2
RWA,Rwanda,2009,61.813,556.97399621739,69.1,,10060432.0,
RWA,Rwanda,2008,60.641,522.288339420679,76.0,,9804269.0,
RWA,Rwanda,2007,59.504,420.733580702508,84.1,,9549933.0,
RWA,Rwanda,2006,58.342,352.093916578347,93.4,,9299246.0,
RWA,Rwanda,2005,56.968,324.016863847189,104.5,,9054528.0,74.2
RWA,Rwanda,2004,55.52,269.540446333402,117.5,,8816844.0,
RWA,Rwanda,2003,53.529,249.012274982252,132.7,,8586875.0,
RWA,Rwanda,2002,51.262,234.043016755733,149.1,,8400180.0,
RWA,Rwanda,2001,49.49,237.308846200901,166.5,,8287094.0,
RWA,Rwanda,2000,47.798,251.86926386091,184.2,64.8899993896484,8213931.0,82.3
WSM,Samoa,2023,71.698,4822.74084650019,15.3,,216663.0,
WSM,Samoa,2022,71.55,4132.44717734444,15.8,,215261.0,
WSM,Samoa,2021,71.096,4021.55934894283,16.2,,213779.0,
WSM,Samoa,2020,70.727,4099.59660548583,16.7,,211944.0,
WSM,Samoa,2019,70.269,4351.94234943706,20.0,97.9899978637695,209780.0,
WSM,Samoa,2018,71.052,4231.81409469194,17.5,,207582.0,
WSM,Samoa,2017,70.991,4307.59381964907,17.8,99.7071903264793,205415.0,
WSM,Samoa,2016,71.003,4147.07097674888,18.1,99.4000015258789,203499.0,
WSM,Samoa,2015,71.06,4084.36083819933,18.3,,201782.0,
WSM,Samoa,2014,71.142,3982.68080202084,18.5,,200037.0,
WSM,Samoa,2013,71.229,4023.5254013825,18.7,,198268.0,4.5
WSM,Samoa,2012,71.159,3934.60320799981,18.8,,196498.0,
WSM,Samoa,2011,71.393,3821.50678264479,19.0,98.9700012207031,194713.0,
WSM,Samoa,2010,71.451,3524.2479246203,19.1,,193023.0,
WSM,Samoa,2009,69.486,3279.18269477295,25.3,,191513.0,
WSM,Samoa,2008,71.531,3373.60639884263,19.0,,190107.0,3.7
WSM,Samoa,2007,71.605,3038.61904093377,19.0,,188753.0,
WSM,Samoa,2006,71.62,2663.29135939532,19.0,,187709.0,
WSM,Samoa,2005,71.487,2550.04221437511,19.0,,186978.0,
WSM,Samoa,2004,71.508,2189.26042607992,19.1,,186249.0,
WSM,Samoa,2003,71.441,1798.12429714048,19.4,,185430.0,
WSM,Samoa,2002,71.233,1527.55790455937,19.8,,184471.0,5.9
WSM,Samoa,2001,71.028,1453.87021324606,20.3,,183166.0,
WSM,Samoa,2000,70.791,1424.75240002471,21.0,,181685.0,
SMR,San Marino,2023,85.706,59871.3288101478,1.3,,33860.0,
SMR,San Marino,2022,85.708,54264.5837022908,1.4,99.9100036621094,33755.0,
SMR,San Marino,2021,83.539,54168.9744311193,1.4,,34252.0,
SMR,San Marino,2020,82.65,44426.6259613672,1.5,,34770.0,
SMR,San Marino,2019,85.257,46626.9998571568,1.5,,34663.0,
SMR,San Marino,2018,85.095,47950.7076296808,1.6,,34522.0,
SMR,San Marino,2017,84.933,45192.0530047599,1.7,,33825.0,
SMR,San Marino,2016,84.775,44359.4574206971,1.8,,33101.0,
SMR,San Marino,2015,84.596,43146.8035302005,1.9,,32897.0,
SMR,San Marino,2014,84.394,51260.4804236805,2.0,,32655.0,
SMR,San Marino,2013,84.175,50807.8206340193,2.1,,33041.0,
SMR,San Marino,2012,83.943,47945.8917557105,2.3,,33469.0,
SMR,San Marino,2011,83.713,55601.4008139955,2.4,,32620.0,
SMR,San Marino,2010,83.464,56543.190562068,2.6,,33270.0,
SMR,San Marino,2009,83.224,62429.0202738462,2.7,,33066.0,
SMR,San Marino,2008,82.894,75902.1677701187,2.9,,31662.0,
SMR,San Marino,2007,82.605,70124.4249984768,3.1,,31211.0,
SMR,San Marino,2006,82.258,63270.7994496499,3.3,,30184.0,
SMR,San Marino,2005,81.926,59877.7862692185,3.6,,29836.0,
SMR,San Marino,2004,81.592,58232.0431338765,3.8,,29457.0,
SMR,San Marino,2003,81.33,52529.9136967576,4.1,,27843.0,
SMR,San Marino,2002,81.061,41790.8434204136,4.5,,27491.0,
SMR,San Marino,2001,80.803,39035.1004348216,4.8,,27143.0,
SMR,San Marino,2000,80.504,37600.7049136309,5.2,,26799.0,
STP,Sao Tome and Principe,2023,69.718,2990.6606143535,14.1,,230871.0,
STP,Sao Tome and Principe,2022,69.237,2389.73729784737,14.7,,226305.0,
STP,Sao Tome and Principe,2021,68.026,2362.58827248102,15.3,,221961.0,
STP,Sao Tome and Principe,2020,67.979,2167.22001796925,16.1,,217435.0,
STP,Sao Tome and Principe,2019,68.043,1935.2931816596,17.1,87.4400024414062,213392.0,
STP,Sao Tome and Principe,2018,67.602,1825.59971753966,18.2,,210187.0,
STP,Sao Tome and Principe,2017,67.074,1555.79477812888,19.6,,206970.0,13.0
STP,Sao Tome and Principe,2016,66.563,1434.87018050521,21.3,,203689.0,
STP,Sao Tome and Principe,2015,66.023,1298.10946596396,23.3,,200291.0,
STP,Sao Tome and Principe,2014,65.478,1489.67633417608,25.5,,196767.0,
STP,Sao Tome and Principe,2013,64.93,1382.5757842916,27.9,,193148.0,
STP,Sao Tome and Principe,2012,64.505,1210.7926479817,30.4,90.1399993896484,189439.0,
STP,Sao Tome and Principe,2011,64.122,1219.80189089671,33.2,,185649.0,
STP,Sao Tome and Principe,2010,63.867,1045.20958234528,36.2,,181802.0,18.9
STP,Sao Tome and Principe,2009,63.669,1128.28046213305,39.5,,177853.0,
STP,Sao Tome and Principe,2008,63.448,1081.8684584729,43.1,,173793.0,
STP,Sao Tome and Principe,2007,63.336,878.885791918745,46.9,,169700.0,
STP,Sao Tome and Principe,2006,63.041,861.970707697664,51.1,,165638.0,
STP,Sao Tome and Principe,2005,62.434,844.169181884274,55.7,,161639.0,
STP,Sao Tome and Principe,2004,62.56,726.560882130444,60.5,,157705.0,
STP,Sao Tome and Principe,2003,62.158,663.696211810494,65.7,,153814.0,
STP,Sao Tome and Principe,2002,61.826,568.10257252271,71.1,,149922.0,
STP,Sao Tome and Principe,2001,61.5,518.88050130005,76.7,84.9100036621094,146375.0,
STP,Sao Tome and Principe,2000,61.207,529.089383412262,82.2,,144018.0,17.3
SAU,Saudi Arabia,2023,78.732,36156.8562500172,6.2,,33702731.0,
SAU,Saudi Arabia,2022,77.31,38510.2276211037,6.4,,32175224.0,
SAU,Saudi Arabia,2021,77.089,31920.7653655643,6.7,,30784383.0,
SAU,Saudi Arabia,2020,77.596,24338.8307301067,6.9,97.5899963378906,31552510.0,
SAU,Saudi Arabia,2019,78.313,29566.7933827436,7.2,,30063799.0,
SAU,Saudi Arabia,2018,78.75,29360.0658968566,7.6,,30196281.0,
SAU,Saudi Arabia,2017,78.721,23929.2907135982,8.0,95.3300018310547,30977355.0,
SAU,Saudi Arabia,2016,78.354,22267.7217050387,8.5,,30954198.0,
SAU,Saudi Arabia,2015,77.776,23256.1549553531,9.0,,29816382.0,
SAU,Saudi Arabia,2014,77.116,27805.4850319422,9.6,,28309273.0,
SAU,Saudi Arabia,2013,76.517,27865.465604962,10.1,94.4300003051758,27624004.0,
SAU,Saudi Arabia,2012,76.09,28733.4375513452,10.8,,26168861.0,
SAU,Saudi Arabia,2011,75.808,27126.7498747702,11.4,,25091867.0,
SAU,Saudi Arabia,2010,75.616,22028.3901426586,12.1,,23978487.0,
SAU,Saudi Arabia,2009,75.447,17718.3911648365,12.9,,24217654.0,
SAU,Saudi Arabia,2008,75.301,22320.4888964331,13.7,,23287877.0,
SAU,Saudi Arabia,2007,75.066,18596.1502627898,14.5,,22368313.0,
SAU,Saudi Arabia,2006,74.762,17563.6145370639,15.4,,21459144.0,
SAU,Saudi Arabia,2005,74.4,15975.7473782258,16.3,,20559890.0,
SAU,Saudi Arabia,2004,74.027,13154.4978989446,17.3,82.8600006103516,19669480.0,
SAU,Saudi Arabia,2003,73.657,11487.220410693,18.4,,18786767.0,
SAU,Saudi Arabia,2002,73.296,10586.0543471363,19.4,,17910910.0,
SAU,Saudi Arabia,2001,72.951,10805.311325122,20.6,,17041397.0,
SAU,Saudi Arabia,2000,72.607,11714.5623675159,21.9,79.3499984741211,16177722.0,
SEN,Senegal,2023,68.683,1698.03387300843,38.2,50.3600006103516,18077573.0,
SEN,Senegal,2022,67.788,1574.0281059306,40.1,,17651103.0,
SEN,Senegal,2021,66.868,1598.10676952274,42.2,,17220867.0,17.9
SEN,Senegal,2020,67.496,1461.08720350553,44.2,,16789219.0,
SEN,Senegal,2019,67.668,1431.18128932159,46.2,46.8300018310547,16352922.0,
SEN,Senegal,2018,67.379,1452.55612562445,47.9,46.6100006103516,15914498.0,19.1
SEN,Senegal,2017,67.059,1354.77007193387,49.4,51.9000015258789,15475002.0,
SEN,Senegal,2016,66.724,1266.43957151587,50.8,46.0999984741211,15034521.0,
SEN,Senegal,2015,66.451,1218.00613555438,52.2,43.5900001525879,14593331.0,
SEN,Senegal,2014,66.001,1398.89137601382,53.7,,14152102.0,
SEN,Senegal,2013,65.638,1379.83196553924,55.5,43.5299987792969,13710849.0,
SEN,Senegal,2012,65.229,1326.83798848379,57.6,,13310495.0,
SEN,Senegal,2011,64.799,1374.67591873844,60.0,51.810001373291,12958897.0,53.3
SEN,Senegal,2010,64.221,1275.88357492357,62.8,,12635413.0,
SEN,Senegal,2009,63.751,1308.69404336205,66.1,48.0400009155273,12337389.0,
SEN,Senegal,2008,63.201,1398.79218010021,70.1,,12048959.0,
SEN,Senegal,2007,62.653,1188.93877808175,75.0,,11770344.0,
SEN,Senegal,2006,61.801,1017.20196747987,80.8,41.8899993896484,11500094.0,
SEN,Senegal,2005,60.98,979.846101520171,87.6,,11235472.0,53.6
SEN,Senegal,2004,60.308,918.102079522155,95.5,,10975704.0,
SEN,Senegal,2003,59.474,817.888034221442,104.2,,10721176.0,
SEN,Senegal,2002,58.912,669.430447319209,113.2,39.2799987792969,10466214.0,
SEN,Senegal,2001,58.158,637.213530563724,121.7,,10212942.0,63.9
SEN,Senegal,2000,57.615,603.233162455158,128.9,,9968260.0,
SRB,Serbia,2023,76.1414634146341,12281.707946167,5.4,,6623183.0,1.1
SRB,Serbia,2022,75.2365853658537,10024.8191112596,5.4,99.3399963378906,6664449.0,2.0
SRB,Serbia,2021,72.780487804878,9680.52798074468,5.4,,6834326.0,1.7
SRB,Serbia,2020,74.4780487804878,8098.70955668849,5.5,,6899126.0,2.0
SRB,Serbia,2019,75.9365853658537,7755.632986437,5.6,99.4800033569336,6945235.0,2.7
SRB,Serbia,2018,75.890243902439,7559.86165747394,5.8,,6982604.0,4.2
SRB,Serbia,2017,75.5390243902439,6548.03653824187,5.9,,7020858.0,6.6
SRB,Serbia,2016,75.6878048780488,5982.37030126471,6.1,98.8399963378906,7058322.0,8.1
SRB,Serbia,2015,75.2878048780488,5820.3215576888,6.3,,7095383.0,8.4
SRB,Serbia,2014,75.3365853658537,6886.67809068704,6.6,,7131787.0,8.9
SRB,Serbia,2013,75.1853658536585,7040.41812068781,6.8,,7166553.0,7.8
SRB,Serbia,2012,74.8365853658537,6263.04086072815,7.1,,7201497.0,7.1
SRB,Serbia,2011,74.5365853658537,7082.2861666075,7.4,97.9599990844727,7236519.0,
SRB,Serbia,2010,74.3365853658537,5970.92660940072,7.6,,7291436.0,0.3
SRB,Serbia,2009,73.9853658536585,6414.0448463847,7.8,,7320807.0,0.6
SRB,Serbia,2008,73.8853658536585,7376.73517910716,7.9,,7350222.0,0.3
SRB,Serbia,2007,73.6317073170732,6081.08765700202,8.1,,7381579.0,0.6
SRB,Serbia,2006,73.3853658536585,4492.7136699046,8.5,,7411569.0,0.9
SRB,Serbia,2005,72.8341463414634,3807.97417321786,9.0,,7440769.0,1.6
SRB,Serbia,2004,72.6829268292683,3597.08798057009,9.7,,7463157.0,1.2
SRB,Serbia,2003,72.4365853658537,3153.9011312754,10.6,96.4000015258789,7480591.0,0.9
SRB,Serbia,2002,72.2853658536585,2390.73459447107,11.4,,7500031.0,0.4
SRB,Serbia,2001,72.2341463414634,1812.42088281393,12.1,,7503433.0,
SRB,Serbia,2000,71.5829268292683,974.725469278615,12.7,,7516346.0,
SYC,Seychelles,2023,75.419512195122,18130.5297135548,14.3,,119773.0,
SYC,Seychelles,2022,74.509756097561,16682.6990711785,14.5,,119878.0,
SYC,Seychelles,2021,73.3975609756097,14982.9111487767,14.7,,99258.0,
SYC,Seychelles,2020,77.2365853658537,14041.4754074575,14.8,,98462.0,
SYC,Seychelles,2019,74.0463414634146,19141.5118743615,14.8,,97625.0,
SYC,Seychelles,2018,72.8414634146341,18440.2340460932,14.8,,96762.0,0.7
SYC,Seychelles,2017,74.3,17480.3651911372,14.7,,95843.0,
SYC,Seychelles,2016,74.309756097561,16566.9946042294,14.7,,94677.0,
SYC,Seychelles,2015,74.2951219512195,15333.1051727105,14.6,,93419.0,
SYC,Seychelles,2014,73.2292682926829,15188.1902175113,14.5,,91359.0,
SYC,Seychelles,2013,73.119512195122,14821.2921476077,14.4,,89949.0,1.6
SYC,Seychelles,2012,74.2756097560976,12337.1554669388,14.3,,88303.0,
SYC,Seychelles,2011,72.7243902439024,12110.0937461973,14.2,,87441.0,
SYC,Seychelles,2010,73.1975609756098,10934.79494629,14.1,93.9499969482422,89770.0,
SYC,Seychelles,2009,73.0829268292683,9747.09180546291,14.0,,87298.0,
SYC,Seychelles,2008,73.1634146341463,11265.4376270005,13.9,,86956.0,
SYC,Seychelles,2007,73.1439024390244,12669.3026687222,13.9,,85033.0,
SYC,Seychelles,2006,72.2170731707317,12782.9938926475,13.8,,84600.0,0.6
SYC,Seychelles,2005,72.1317073170732,11802.1118276833,13.8,,82858.0,
SYC,Seychelles,2004,72.6609756097561,10827.671636033,13.8,,82475.0,
SYC,Seychelles,2003,71.0292682926829,9070.28460757013,13.8,,82781.0,
SYC,Seychelles,2002,71.0878048780488,8864.16919495467,13.7,91.8399963378906,83723.0,
SYC,Seychelles,2001,73.2536585365854,8153.2986369879,13.8,,81202.0,
SYC,Seychelles,2000,72.7780487804878,8063.65500575169,13.8,,81131.0,
SLE,Sierra Leone,2023,61.786,758.329137301888,93.8,,8460512.0,
SLE,Sierra Leone,2022,61.275,860.371067874555,97.1,,8276807.0,
SLE,Sierra Leone,2021,60.26,885.396401613729,100.6,,8094602.0,
SLE,Sierra Leone,2020,59.694,845.277558236182,104.4,,7912558.0,
SLE,Sierra Leone,2019,59.593,843.71251730417,108.3,43.5800018310547,7731991.0,
SLE,Sierra Leone,2018,59.059,845.914540460932,112.4,48.8143667728528,7554563.0,41.5
SLE,Sierra Leone,2017,57.761,779.186007841728,117.0,44.8300018310547,7379299.0,
SLE,Sierra Leone,2016,56.937,844.416411175476,121.8,,7205328.0,
SLE,Sierra Leone,2015,55.454,964.575980888989,136.8,49.4000015258789,7037655.0,
SLE,Sierra Leone,2014,54.281,1117.7586465721,135.9,44.3698913332904,6876385.0,
SLE,Sierra Leone,2013,54.051,1117.47183075115,137.9,,6714051.0,
SLE,Sierra Leone,2012,53.159,937.504428180231,144.1,,6551080.0,
SLE,Sierra Leone,2011,52.594,761.146365577281,150.8,,6387251.0,53.7
SLE,Sierra Leone,2010,51.927,685.039673490948,157.9,,6222714.0,
SLE,Sierra Leone,2009,51.312,652.845806767943,165.2,,6055646.0,
SLE,Sierra Leone,2008,50.693,705.359014080005,172.4,,5894722.0,
SLE,Sierra Leone,2007,50.024,631.889926264998,179.6,,5749352.0,
SLE,Sierra Leone,2006,49.547,580.26796974773,186.5,,5624466.0,
SLE,Sierra Leone,2005,48.306,462.633324427945,193.2,,5501712.0,
SLE,Sierra Leone,2004,47.485,417.749983329227,199.6,34.8300018310547,5355717.0,
SLE,Sierra Leone,2003,46.784,413.817607346927,205.7,,5177687.0,72.4
SLE,Sierra Leone,2002,46.174,388.995111216836,211.6,,4971435.0,
SLE,Sierra Leone,2001,45.448,358.315716051546,217.3,,4692716.0,
SLE,Sierra Leone,2000,44.834,143.743743239644,222.8,,4423611.0,
SGP,Singapore,2023,83.0975609756098,86382.5900499252,2.6,,5917648.0,
SGP,Singapore,2022,82.8951219512195,91227.6970426492,2.5,,5637022.0,
SGP,Singapore,2021,83.0926829268293,80884.8565369236,2.4,97.6500015258789,5453566.0,
SGP,Singapore,2020,83.5439024390244,61772.5036492256,2.4,97.129997253418,5685807.0,
SGP,Singapore,2019,83.5951219512195,66068.7003106378,2.5,97.4800033569336,5703569.0,
SGP,Singapore,2018,83.2975609756098,67032.8225769734,2.5,97.3399963378906,5638676.0,
SGP,Singapore,2017,83.0951219512195,61436.1325502558,2.6,97.1999969482422,5612253.0,
SGP,Singapore,2016,82.8463414634146,57204.0340105222,2.6,97.0500030517578,5607283.0,
SGP,Singapore,2015,82.7439024390244,55645.6068614606,2.7,96.8300018310547,5535002.0,
SGP,Singapore,2014,82.4951219512195,57564.8023114977,2.7,96.7200012207031,5469724.0,
SGP,Singapore,2013,82.2463414634147,56967.4257940383,2.8,96.5500030517578,5399162.0,
SGP,Singapore,2012,81.9951219512195,55547.5553077786,2.8,96.370002746582,5312437.0,
SGP,Singapore,2011,81.7439024390244,53891.4570264372,2.8,96.1900024414062,5183688.0,
SGP,Singapore,2010,81.5414634146342,47236.683084953,2.8,95.8600006103516,5076732.0,
SGP,Singapore,2009,81.2414634146342,38926.8054365453,2.8,,4987573.0,
SGP,Singapore,2008,80.790243902439,40008.5720489092,2.8,,4839396.0,
SGP,Singapore,2007,80.4414634146342,39432.8860198877,2.9,,4588599.0,
SGP,Singapore,2006,80.1414634146341,33768.4528234651,2.9,,4401365.0,
SGP,Singapore,2005,79.990243902439,29961.3172812732,3.0,,4265762.0,
SGP,Singapore,2004,79.490243902439,27608.080013423,3.1,,4166664.0,
SGP,Singapore,2003,79.0390243902439,23730.3840054566,3.2,,4114826.0,
SGP,Singapore,2002,78.5512195121951,22159.8373710639,3.4,,4175950.0,
SGP,Singapore,2001,78.2512195121951,21699.7414868907,3.6,,4138012.0,
SGP,Singapore,2000,77.9512195121951,23852.8389514753,3.9,92.5500030517578,4027887.0,
SXM,Sint Maarten (Dutch part),2023,76.371,39451.822911732,,,42749.0,
SXM,Sint Maarten (Dutch part),2022,76.18,37793.1283815826,,,42139.0,
SXM,Sint Maarten (Dutch part),2021,74.505,32548.4366854902,,,41571.0,
SXM,Sint Maarten (Dutch part),2020,75.002,30150.8998380477,,,41008.0,
SXM,Sint Maarten (Dutch part),2019,75.68,34861.469528968,,,40385.0,
SXM,Sint Maarten (Dutch part),2018,75.693,31708.3110124742,,,39712.0,
SXM,Sint Maarten (Dutch part),2017,75.455,34701.3058494468,,,38996.0,
SXM,Sint Maarten (Dutch part),2016,75.952,37308.6147795736,,,38249.0,
SXM,Sint Maarten (Dutch part),2015,75.899,37839.6283815163,,,37471.0,
SXM,Sint Maarten (Dutch part),2014,75.735,37134.912423099,,,36672.0,
SXM,Sint Maarten (Dutch part),2013,75.391,28529.7324687053,,,35854.0,
SXM,Sint Maarten (Dutch part),2012,75.125,28149.0997855041,,,35023.0,
SXM,Sint Maarten (Dutch part),2011,74.868,27317.5178881974,,,34267.0,
SXM,Sint Maarten (Dutch part),2010,74.821,26403.8143692163,,,33794.0,
SXM,Sint Maarten (Dutch part),2009,74.796,25528.412619483,,,33491.0,
SXM,Sint Maarten (Dutch part),2008,74.852,,,,33145.0,
SXM,Sint Maarten (Dutch part),2007,74.812,,,,32791.0,
SXM,Sint Maarten (Dutch part),2006,74.779,,,,32428.0,
SXM,Sint Maarten (Dutch part),2005,74.681,,,,32057.0,
SXM,Sint Maarten (Dutch part),2004,74.618,,,,31690.0,
SXM,Sint Maarten (Dutch part),2003,74.588,,,,31327.0,
SXM,Sint Maarten (Dutch part),2002,74.585,,,,30960.0,
SXM,Sint Maarten (Dutch part),2001,74.525,,,,30726.0,
SXM,Sint Maarten (Dutch part),2000,74.409,,,,30773.0,
SVK,Slovak Republic,2023,78.119512195122,24614.8734642794,6.2,,5426740.0,0.5
SVK,Slovak Republic,2022,76.9658536585366,21317.7943982363,6.1,,5431752.0,0.7
SVK,Slovak Republic,2021,74.6146341463415,22123.3342114545,6.0,,5447247.0,0.3
SVK,Slovak Republic,2020,76.8658536585366,19735.4858280801,5.9,,5458827.0,0.3
SVK,Slovak Republic,2019,77.6658536585366,19406.0589683582,5.9,,5454147.0,0.2
SVK,Slovak Republic,2018,77.2658536585366,19573.3717031314,5.9,,5446771.0,0.5
SVK,Slovak Republic,2017,77.1658536585366,17645.5298716761,6.0,,5439232.0,0.6
SVK,Slovak Republic,2016,77.1658536585366,16636.0769133073,6.1,,5430798.0,1.5
SVK,Slovak Republic,2015,76.5634146341463,16442.0760860018,6.2,,5423801.0,0.8
SVK,Slovak Republic,2014,76.8121951219512,18770.9289896545,6.3,,5418649.0,0.9
SVK,Slovak Republic,2013,76.4121951219512,18312.7805149823,6.4,,5413393.0,0.4
SVK,Slovak Republic,2012,76.109756097561,17516.9691054078,6.6,,5407579.0,0.5
SVK,Slovak Republic,2011,75.9585365853659,18469.4354316836,6.7,,5398384.0,0.6
SVK,Slovak Republic,2010,75.1121951219512,16899.448680529,6.9,,5391428.0,0.6
SVK,Slovak Republic,2009,74.909756097561,16586.7527805228,7.1,,5386406.0,0.6
SVK,Slovak Republic,2008,74.7048780487805,17973.8436435514,7.4,,5379233.0,0.5
SVK,Slovak Republic,2007,74.2073170731707,14330.2064943926,7.7,,5374622.0,0.6
SVK,Slovak Republic,2006,74.2048780487805,10629.1782325838,8.0,,5373054.0,0.3
SVK,Slovak Republic,2005,73.9048780487805,9087.20357002472,8.3,,5372807.0,0.3
SVK,Slovak Republic,2004,73.9585365853659,7996.74076556872,8.6,,5372280.0,0.2
SVK,Slovak Republic,2003,73.6048780487805,6283.15169311309,8.8,,5373374.0,
SVK,Slovak Republic,2002,73.6048780487805,4606.38793538107,9.1,,5376912.0,
SVK,Slovak Republic,2001,73.4024390243903,3974.36802854653,9.3,,5378867.0,
SVK,Slovak Republic,2000,73.0512195121951,3827.72506501314,9.6,,5388720.0,
SVN,Slovenia,2023,81.9292682926829,32660.4753581346,2.3,,2120461.0,0.0
SVN,Slovenia,2022,81.2829268292683,28360.3041467268,2.3,,2112076.0,0.0
SVN,Slovenia,2021,80.6756097560976,29192.8401933019,2.3,,2108079.0,0.0
SVN,Slovenia,2020,80.5317073170732,25392.0651093612,2.4,,2102419.0,0.0
SVN,Slovenia,2019,81.5292682926829,25814.1687167572,2.4,,2088385.0,0.0
SVN,Slovenia,2018,81.3780487804878,25888.0481065655,2.4,,2073894.0,0.0
SVN,Slovenia,2017,81.0292682926829,23303.077705959,2.5,,2066388.0,0.0
SVN,Slovenia,2016,81.1756097560976,21447.8377796036,2.5,,2065042.0,0.0
SVN,Slovenia,2015,80.7756097560976,20697.2748530619,2.6,,2063531.0,0.0
SVN,Slovenia,2014,81.0780487804878,24013.0682060959,2.7,,2061980.0,0.0
SVN,Slovenia,2013,80.3219512195122,23236.9655321695,2.8,,2059953.0,0.0
SVN,Slovenia,2012,80.1243902439024,22442.1417859955,2.9,,2057159.0,0.0
SVN,Slovenia,2011,79.9707317073171,24940.6284841605,3.1,,2052843.0,0.0
SVN,Slovenia,2010,79.4219512195122,23329.8417691156,3.2,,2048583.0,0.0
SVN,Slovenia,2009,78.9707317073171,24501.7897290425,3.4,,2039669.0,0.0
SVN,Slovenia,2008,78.7658536585366,27461.9764165315,3.6,,2021316.0,0.0
SVN,Slovenia,2007,78.5609756097561,23725.1596001515,3.8,,2018122.0,0.0
SVN,Slovenia,2006,78.0865853658537,19563.005059144,4.0,,2006868.0,0.1
SVN,Slovenia,2005,77.6121951219512,17969.7095907161,4.2,,2000474.0,0.1
SVN,Slovenia,2004,77.2073170731707,17103.8297783905,4.4,,1997012.0,0.1
SVN,Slovenia,2003,76.8585365853659,14711.674874253,4.7,,1995733.0,0.0
SVN,Slovenia,2002,76.0073170731707,11639.1297780477,4.9,,1994530.0,0.1
SVN,Slovenia,2001,75.7585365853659,10375.6255869861,5.2,,1992060.0,
SVN,Slovenia,2000,75.4121951219512,10135.7219109212,5.4,,1988925.0,
SLB,Solomon Islands,2023,70.528,1882.64394148042,20.6,,800005.0,
SLB,Solomon Islands,2022,70.409,1877.78104490956,21.3,,781066.0,
SLB,Solomon Islands,2021,68.89,2043.44413170658,21.9,,762591.0,
SLB,Solomon Islands,2020,69.258,2063.32780991967,22.5,,744498.0,
SLB,Solomon Islands,2019,69.981,2223.65890942466,23.1,,728147.0,
SLB,Solomon Islands,2018,69.806,2278.19908624102,23.6,,709101.0,
SLB,Solomon Islands,2017,69.652,2143.57670489272,24.1,,685672.0,
SLB,Solomon Islands,2016,69.501,2082.62383124213,24.6,,662379.0,
SLB,Solomon Islands,2015,69.323,2045.47721526649,25.0,,639415.0,
SLB,Solomon Islands,2014,68.984,2164.95289873002,25.4,,616908.0,
SLB,Solomon Islands,2013,69.007,2161.38627543917,25.8,,594945.0,
SLB,Solomon Islands,2012,68.961,2066.25738638356,26.2,,573606.0,40.3
SLB,Solomon Islands,2011,68.824,1924.05795643133,26.7,,552945.0,
SLB,Solomon Islands,2010,68.669,1685.14535823757,27.2,,532968.0,
SLB,Solomon Islands,2009,68.397,1554.70671006386,27.6,,518141.0,
SLB,Solomon Islands,2008,68.336,1525.84666261203,28.0,,508790.0,
SLB,Solomon Islands,2007,67.845,1390.14870956707,28.4,,500156.0,
SLB,Solomon Islands,2006,67.968,1255.62447417684,28.8,,491594.0,
SLB,Solomon Islands,2005,67.79,1144.49233397681,29.1,,483080.0,62.2
SLB,Solomon Islands,2004,67.628,986.070953503889,29.3,,474611.0,
SLB,Solomon Islands,2003,67.479,895.984242546501,29.6,,466154.0,
SLB,Solomon Islands,2002,67.35,756.890296490792,29.8,,457671.0,
SLB,Solomon Islands,2001,67.237,911.791935385411,30.2,,449125.0,
SLB,Solomon Islands,2000,67.116,953.17190137706,30.5,,440469.0,
SOM,"Somalia, Fed. Rep.",2023,58.816,596.885985135589,104.3,,18358615.0,
SOM,"Somalia, Fed. Rep.",2022,53.931,573.141165798229,143.1,54.1199989318848,17801897.0,
SOM,"Somalia, Fed. Rep.",2021,55.703,549.056994756254,111.0,,17271431.0,
SOM,"Somalia, Fed. Rep.",2020,57.095,518.16113333875,114.7,,16651191.0,
SOM,"Somalia, Fed. Rep.",2019,57.249,539.954816211694,118.4,63.6579378279423,16030971.0,
SOM,"Somalia, Fed. Rep.",2018,54.767,509.497273804534,136.4,,15452487.0,
SOM,"Somalia, Fed. Rep.",2017,52.19,510.939952317726,156.4,,14916629.0,
SOM,"Somalia, Fed. Rep.",2016,55.283,460.928490585175,130.2,,14348740.0,
SOM,"Somalia, Fed. Rep.",2015,55.056,445.583080073396,134.3,,13806963.0,
SOM,"Somalia, Fed. Rep.",2014,54.442,429.431656725102,138.6,,13339491.0,
SOM,"Somalia, Fed. Rep.",2013,54.016,393.398703952979,143.2,,12869594.0,
SOM,"Somalia, Fed. Rep.",2012,49.138,350.261946720512,185.4,,12461160.0,
SOM,"Somalia, Fed. Rep.",2011,32.453,235.325945610434,363.1,,12348830.0,
SOM,"Somalia, Fed. Rep.",2010,48.9,219.202453852397,186.7,,12261756.0,
SOM,"Somalia, Fed. Rep.",2009,52.101,246.513251675105,162.4,,11961201.0,
SOM,"Somalia, Fed. Rep.",2008,51.456,507.03744334738,166.7,,11663084.0,
SOM,"Somalia, Fed. Rep.",2007,50.885,479.635628065289,170.5,,11322582.0,
SOM,"Somalia, Fed. Rep.",2006,50.915,457.996662206659,172.6,,10975502.0,
SOM,"Somalia, Fed. Rep.",2005,50.894,439.979907805478,173.2,,10644228.0,
SOM,"Somalia, Fed. Rep.",2004,50.685,375.410326225387,173.2,,10280998.0,
SOM,"Somalia, Fed. Rep.",2003,50.721,286.273025198975,173.2,,9909157.0,
SOM,"Somalia, Fed. Rep.",2002,50.82,229.598918310039,173.2,,9550063.0,
SOM,"Somalia, Fed. Rep.",2001,50.829,244.914842538455,173.2,,9198493.0,
SOM,"Somalia, Fed. Rep.",2000,50.747,386.119274401275,173.2,,8838713.0,
ZAF,South Africa,2023,66.139,6034.27208964673,34.8,,63212384.0,
ZAF,South Africa,2022,65.454,6534.24867783397,34.3,,62378410.0,17.4
ZAF,South Africa,2021,62.01,6828.75624590017,34.0,90.0,61502603.0,
ZAF,South Africa,2020,65.15,5580.60383075189,33.9,,60562381.0,
ZAF,South Africa,2019,66.071,6533.71121032856,34.3,95.0199966430664,59587885.0,
ZAF,South Africa,2018,65.726,6914.1780318076,34.9,,58613001.0,
ZAF,South Africa,2017,65.422,6618.33508255701,35.7,,57635162.0,
ZAF,South Africa,2016,64.749,5651.20585165749,36.8,91.7399978637695,57259551.0,
ZAF,South Africa,2015,64.053,6112.27382485974,38.2,94.370002746582,56723537.0,
ZAF,South Africa,2014,63.184,6856.73137092522,39.7,94.1399993896484,55594838.0,27.9
ZAF,South Africa,2013,62.388,7331.65467384919,41.4,,54678791.0,
ZAF,South Africa,2012,61.737,8076.97678479741,43.1,93.7300033569336,53782567.0,
ZAF,South Africa,2011,60.602,8646.05571071635,45.6,93.0999984741211,52995205.0,
ZAF,South Africa,2010,58.886,7973.47195771517,50.3,92.879997253418,52344051.0,27.8
ZAF,South Africa,2009,57.413,6374.70560042992,56.9,92.8899993896484,51728516.0,
ZAF,South Africa,2008,55.982,6184.75474328399,63.7,,51114599.0,37.0
ZAF,South Africa,2007,54.948,6591.85535960564,71.2,88.7200012207031,50528584.0,
ZAF,South Africa,2006,54.22,6077.38293388876,76.9,,49998277.0,
ZAF,South Africa,2005,53.914,5836.87663325127,79.8,,49490033.0,40.7
ZAF,South Africa,2004,53.963,5221.46333731721,80.7,,48991421.0,
ZAF,South Africa,2003,54.245,4062.21755993786,79.2,,48500348.0,
ZAF,South Africa,2002,55.58,2688.23676032806,77.0,,48019415.0,
ZAF,South Africa,2001,57.161,2847.15191945908,74.5,,47566800.0,
ZAF,South Africa,2000,58.368,3217.84693448467,71.4,,47159719.0,47.9
SSD,South Sudan,2023,57.617,,96.7,,11483374.0,
SSD,South Sudan,2022,57.203,,96.7,,11021177.0,
SSD,South Sudan,2021,57.047,,96.7,,10865780.0,
SSD,South Sudan,2020,57.648,,96.7,,10698467.0,
SSD,South Sudan,2019,58.129,,96.7,,10423384.0,
SSD,South Sudan,2018,51.905,,133.7,,10122977.0,
SSD,South Sudan,2017,35.351,,292.0,,10259154.0,
SSD,South Sudan,2016,36.72,,272.9,,10830102.0,76.5
SSD,South Sudan,2015,39.757,1080.14718624765,240.8,,11107561.0,
SSD,South Sudan,2014,45.625,1242.73450181032,182.6,,11235073.0,
SSD,South Sudan,2013,58.285,1650.18943353528,97.2,,11166275.0,
SSD,South Sudan,2012,58.241,1109.26050083408,98.9,,10756240.0,
SSD,South Sudan,2011,57.674,1448.98435006408,102.3,,10288109.0,
SSD,South Sudan,2010,57.485,1498.27034985194,107.2,,9745953.0,
SSD,South Sudan,2009,56.848,1323.22068747862,112.7,,9243556.0,44.9
SSD,South Sudan,2008,56.28,1654.21153546555,118.7,26.8299999237061,8817647.0,
SSD,South Sudan,2007,55.425,,124.9,,8388788.0,
SSD,South Sudan,2006,54.653,,131.5,,7976526.0,
SSD,South Sudan,2005,53.965,,138.4,,7590143.0,
SSD,South Sudan,2004,53.052,,145.8,,7233041.0,
SSD,South Sudan,2003,52.324,,153.7,,6903127.0,
SSD,South Sudan,2002,49.394,,162.2,,6596806.0,
SSD,South Sudan,2001,48.55,,171.1,,6308391.0,
SSD,South Sudan,2000,47.591,,180.1,,6032267.0,
ESP,Spain,2023,83.9341463414634,33493.2225409111,3.2,,48352528.0,0.8
ESP,Spain,2022,83.1341463414634,30319.4987196616,3.2,,47786102.0,0.8
ESP,Spain,2021,83.1780487804878,30799.4775937775,3.2,99.6999969482422,47443821.0,0.7
ESP,Spain,2020,82.2317073170732,27233.9426461608,3.2,98.5899963378906,47359424.0,1.1
ESP,Spain,2019,83.8317073170732,29786.5245689007,3.2,,47118501.0,0.9
ESP,Spain,2018,83.4317073170732,30602.4212881113,3.2,98.4400024414062,46782011.0,1.0
ESP,Spain,2017,83.2829268292683,28381.3425596906,3.2,,46571232.0,0.8
ESP,Spain,2016,83.3292682926829,26755.6061149398,3.3,98.25,46458139.0,1.3
ESP,Spain,2015,82.8317073170732,25982.4416197775,3.3,98.1399993896484,46422303.0,1.1
ESP,Spain,2014,83.2292682926829,29707.765509467,3.4,98.0899963378906,46460733.0,0.9
ESP,Spain,2013,83.0780487804878,29228.846559842,3.5,98.0800018310547,46604197.0,1.3
ESP,Spain,2012,82.4268292682927,28456.4438151477,3.6,97.8899993896484,46773055.0,1.0
ESP,Spain,2011,82.4756097560976,31824.6219134777,3.7,97.7799987792969,46742697.0,1.3
ESP,Spain,2010,81.6268292682927,30658.7422282912,3.8,97.75,46576897.0,0.7
ESP,Spain,2009,81.4756097560976,32279.8208476151,4.0,97.6800003051758,46362946.0,0.9
ESP,Spain,2008,81.1756097560976,35603.248328071,4.2,97.629997253418,45954106.0,0.6
ESP,Spain,2007,80.8731707317073,32652.015594702,4.4,97.9400024414062,45226803.0,0.6
ESP,Spain,2006,80.8219512195122,28421.686527407,4.5,97.75,44397319.0,0.9
ESP,Spain,2005,80.1707317073171,26450.9530130382,4.7,97.75,43653155.0,0.9
ESP,Spain,2004,79.8707317073171,24925.0267844576,4.9,97.1699981689453,42921895.0,1.0
ESP,Spain,2003,79.619512195122,21522.0170990262,5.0,,42187645.0,0.9
ESP,Spain,2002,79.5682926829268,17111.0685058941,5.1,,41431558.0,
ESP,Spain,2001,79.3682926829268,15368.2337984435,5.3,,40850412.0,
ESP,Spain,2000,78.9658536585366,14743.2671031455,5.4,,40567864.0,0.9
LKA,Sri Lanka,2023,77.483,3815.41531767474,6.1,92.6600036621094,22037000.0,
LKA,Sri Lanka,2022,77.3,3342.63650438046,6.3,92.4899978637695,22181000.0,
LKA,Sri Lanka,2021,76.278,3996.96240531688,6.6,92.4300003051758,22156000.0,
LKA,Sri Lanka,2020,76.928,3847.60136741182,6.9,92.379997253418,21919000.0,
LKA,Sri Lanka,2019,76.698,4081.94772178134,7.2,92.25,21803000.0,2.7
LKA,Sri Lanka,2018,76.485,4358.56095905888,7.6,91.7099990844727,21670000.0,
LKA,Sri Lanka,2017,76.239,4398.88828786059,7.9,91.9000015258789,21453000.0,
LKA,Sri Lanka,2016,76.136,4149.19189391879,8.3,92.3899993896484,21209000.0,3.8
LKA,Sri Lanka,2015,75.99,4057.71582716521,8.7,92.5537849020454,20970000.0,
LKA,Sri Lanka,2014,75.757,3972.04377042271,9.2,92.5346618196112,20778000.0,
LKA,Sri Lanka,2013,75.546,3739.43182292825,9.8,,20585000.0,
LKA,Sri Lanka,2012,75.187,3327.77612404326,10.3,,21169458.0,6.4
LKA,Sri Lanka,2011,74.74,3224.95745082305,10.8,,21009048.0,
LKA,Sri Lanka,2010,74.463,2808.36245207687,11.2,91.1800003051758,20879089.0,
LKA,Sri Lanka,2009,70.298,2026.65939950702,21.5,,20756435.0,7.8
LKA,Sri Lanka,2008,72.556,1973.58476901287,12.0,90.5599975585938,20629378.0,
LKA,Sri Lanka,2007,72.983,1578.63451125392,12.6,,20492545.0,
LKA,Sri Lanka,2006,72.825,1388.89739119932,13.3,90.8099975585938,20352411.0,12.2
LKA,Sri Lanka,2005,73.073,1207.21994764165,14.0,,20216524.0,
LKA,Sri Lanka,2004,68.022,1028.62068132555,29.0,,20087605.0,
LKA,Sri Lanka,2003,72.442,946.382255128072,15.2,,19951521.0,
LKA,Sri Lanka,2002,72.271,834.936014905338,15.5,,19805752.0,20.7
LKA,Sri Lanka,2001,71.804,803.544026627385,15.8,90.6800003051758,19600362.0,
LKA,Sri Lanka,2000,71.179,860.199884304769,16.3,,19293054.0,
KNA,St. Kitts and Nevis,2023,72.145,22576.9248439166,16.4,,46758.0,
KNA,St. Kitts and Nevis,2022,70.313,21011.5744209816,16.8,,46709.0,
KNA,St. Kitts and Nevis,2021,69.271,18361.1449697886,17.3,,46763.0,
KNA,St. Kitts and Nevis,2020,71.181,18859.0190361046,17.8,,46870.0,
KNA,St. Kitts and Nevis,2019,71.54,23595.4923231291,18.2,,46952.0,
KNA,St. Kitts and Nevis,2018,71.336,22901.3816403197,18.6,,47008.0,
KNA,St. Kitts and Nevis,2017,71.284,22464.9899633959,19.0,,47050.0,
KNA,St. Kitts and Nevis,2016,71.227,21387.5415511103,19.3,,47075.0,
KNA,St. Kitts and Nevis,2015,71.211,20328.8003530109,19.4,,47087.0,
KNA,St. Kitts and Nevis,2014,71.228,20219.3954237956,19.4,,47089.0,
KNA,St. Kitts and Nevis,2013,71.29,18580.1301949935,19.3,,47069.0,
KNA,St. Kitts and Nevis,2012,71.362,17532.0559008608,19.1,,47033.0,
KNA,St. Kitts and Nevis,2011,71.4,17832.4572919975,18.9,,46886.0,
KNA,St. Kitts and Nevis,2010,71.452,16622.9457908577,18.8,,46846.0,
KNA,St. Kitts and Nevis,2009,71.488,16503.4119292794,18.7,,46916.0,
KNA,St. Kitts and Nevis,2008,71.479,16604.9448615905,18.8,,46835.0,
KNA,St. Kitts and Nevis,2007,71.437,14757.9579751035,18.9,,46706.0,
KNA,St. Kitts and Nevis,2006,71.356,13837.8495311219,19.2,,46569.0,
KNA,St. Kitts and Nevis,2005,71.151,11783.7867154145,19.7,,46437.0,
KNA,St. Kitts and Nevis,2004,70.92,10944.6183741768,20.3,,46315.0,
KNA,St. Kitts and Nevis,2003,70.614,10175.6295449989,21.1,,46176.0,
KNA,St. Kitts and Nevis,2002,70.194,10453.6587064313,22.0,,46020.0,
KNA,St. Kitts and Nevis,2001,69.767,10022.5919235637,22.9,,45761.0,
KNA,St. Kitts and Nevis,2000,69.249,9319.65545093525,23.9,,45248.0,
LCA,St. Lucia,2023,72.697,13616.6397593734,17.5,,179285.0,
LCA,St. Lucia,2022,72.67,12976.1489693474,17.7,,178781.0,
LCA,St. Lucia,2021,69.119,10481.1233971786,17.9,,178522.0,
LCA,St. Lucia,2020,72.308,8537.11495506727,18.1,,178250.0,
LCA,St. Lucia,2019,72.249,11764.3944032403,18.2,,177661.0,
LCA,St. Lucia,2018,72.655,11642.6984727769,18.4,,177017.0,
LCA,St. Lucia,2017,72.522,11333.1123822102,18.5,,176342.0,
LCA,St. Lucia,2016,72.552,10638.1269396653,18.6,,175646.0,
LCA,St. Lucia,2015,72.932,10334.9860823918,18.7,,174905.0,0.1
LCA,St. Lucia,2014,72.676,10044.8218377677,18.8,,174138.0,
LCA,St. Lucia,2013,72.687,9577.21733754358,18.8,,173369.0,
LCA,St. Lucia,2012,72.86,9260.30006551714,18.8,,172587.0,
LCA,St. Lucia,2011,72.962,9128.99442011613,18.8,,171801.0,
LCA,St. Lucia,2010,72.768,8673.68720340529,18.8,,170906.0,
LCA,St. Lucia,2009,72.946,8250.52180732734,18.8,,169869.0,
LCA,St. Lucia,2008,72.963,8516.96075488787,18.7,,168808.0,
LCA,St. Lucia,2007,72.86,7964.38211480117,18.6,,167758.0,
LCA,St. Lucia,2006,72.794,7611.17856675319,18.6,,166639.0,
LCA,St. Lucia,2005,72.544,6863.43641919345,18.5,,165450.0,
LCA,St. Lucia,2004,72.453,6494.60034867886,18.5,,164239.0,
LCA,St. Lucia,2003,72.188,6058.60622059326,18.4,,162976.0,
LCA,St. Lucia,2002,71.707,5567.89428424719,18.4,,161641.0,
LCA,St. Lucia,2001,71.367,5570.45247098106,18.4,,160237.0,
LCA,St. Lucia,2000,70.779,5879.56191426207,18.5,,158616.0,
MAF,St. Martin (French part),2023,80.224,,,,27515.0,
MAF,St. Martin (French part),2022,80.236,,,,28870.0,
MAF,St. Martin (French part),2021,80.206,21668.3776525323,,,29961.0,
MAF,St. Martin (French part),2020,80.085,,,,31786.0,
MAF,St. Martin (French part),2019,80.078,19033.0649634889,,,34267.0,
MAF,St. Martin (French part),2018,80.029,,,,36012.0,
MAF,St. Martin (French part),2017,78.762,,,,36837.0,
MAF,St. Martin (French part),2016,79.885,,,,37175.0,
MAF,St. Martin (French part),2015,79.829,,,,37369.0,
MAF,St. Martin (French part),2014,79.727,20638.7705882379,,,37450.0,
MAF,St. Martin (French part),2013,79.528,,,,37419.0,
MAF,St. Martin (French part),2012,79.302,,,,37276.0,
MAF,St. Martin (French part),2011,79.016,20930.5821177758,,,37069.0,
MAF,St. Martin (French part),2010,78.752,,,,36856.0,
MAF,St. Martin (French part),2009,78.513,,,,36502.0,
MAF,St. Martin (French part),2008,78.326,,,,35958.0,
MAF,St. Martin (French part),2007,78.16,,,,35337.0,
MAF,St. Martin (French part),2006,77.989,,,,34658.0,
MAF,St. Martin (French part),2005,77.802,,,,33928.0,
MAF,St. Martin (French part),2004,77.612,,,,33171.0,
MAF,St. Martin (French part),2003,77.419,,,,32395.0,
MAF,St. Martin (French part),2002,77.219,,,,31604.0,
MAF,St. Martin (French part),2001,77.009,,,,30803.0,
MAF,St. Martin (French part),2000,76.793,,,,29996.0,
VCT,St. Vincent and the Grenadines,2023,71.23,10582.3656725229,11.8,,101323.0,
VCT,St. Vincent and the Grenadines,2022,71.191,9693.55867833025,12.3,,102046.0,
VCT,St. Vincent and the Grenadines,2021,69.132,8641.27904024443,12.9,,102841.0,
VCT,St. Vincent and the Grenadines,2020,69.605,8351.20324040982,13.6,,103526.0,
VCT,St. Vincent and the Grenadines,2019,70.994,8740.59425232061,14.3,,104167.0,
VCT,St. Vincent and the Grenadines,2018,71.017,8428.12677153069,15.0,,104926.0,
VCT,St. Vincent and the Grenadines,2017,71.013,7988.04445019298,15.8,,105663.0,
VCT,St. Vincent and the Grenadines,2016,70.7,7656.90042881178,16.6,,106349.0,
VCT,St. Vincent and the Grenadines,2015,70.463,7353.73556054184,17.4,,106960.0,
VCT,St. Vincent and the Grenadines,2014,70.355,7168.82875342911,18.2,,107535.0,
VCT,St. Vincent and the Grenadines,2013,70.091,7072.46737188939,19.1,,108135.0,
VCT,St. Vincent and the Grenadines,2012,70.539,6713.80768643865,19.9,,108736.0,
VCT,St. Vincent and the Grenadines,2011,70.609,6527.68996854448,20.7,,109349.0,
VCT,St. Vincent and the Grenadines,2010,70.66,6551.96835992405,21.4,,109959.0,
VCT,St. Vincent and the Grenadines,2009,70.712,6463.78777336717,22.0,,110508.0,
VCT,St. Vincent and the Grenadines,2008,70.611,6598.90531450859,22.4,,111028.0,
VCT,St. Vincent and the Grenadines,2007,70.446,6398.19123532172,22.7,,111531.0,
VCT,St. Vincent and the Grenadines,2006,70.434,5744.8278621257,22.8,,112014.0,
VCT,St. Vincent and the Grenadines,2005,70.454,5157.39373878102,22.8,,112450.0,
VCT,St. Vincent and the Grenadines,2004,70.445,4873.48947742443,22.7,,112835.0,
VCT,St. Vincent and the Grenadines,2003,70.43,4499.61454193342,22.6,,113141.0,
VCT,St. Vincent and the Grenadines,2002,70.658,4303.27976789727,22.6,,113347.0,
VCT,St. Vincent and the Grenadines,2001,70.382,4071.08601098962,22.6,,113501.0,
VCT,St. Vincent and the Grenadines,2000,70.35,3768.95536604022,22.6,,113545.0,
SDN,Sudan,2023,66.331,797.283447265625,63.1,,50042791.0,
SDN,Sudan,2022,65.695,1046.24084472656,51.0,,49383346.0,
SDN,Sudan,2021,64.46,712.122009277344,52.7,,48066924.0,
SDN,Sudan,2020,65.124,577.795227050781,54.3,,46789231.0,
SDN,Sudan,2019,65.803,709.975280761719,56.1,,45548175.0,
SDN,Sudan,2018,65.501,731.027465820313,57.8,,44230596.0,
SDN,Sudan,2017,65.146,966.505676269531,59.7,,42714306.0,
SDN,Sudan,2016,64.677,1033.21594238281,61.6,,41259892.0,
SDN,Sudan,2015,64.375,1292.37963867188,63.5,,40024431.0,
SDN,Sudan,2014,63.99,1275.43835449219,65.4,,38823318.0,10.1
SDN,Sudan,2013,63.443,1138.62780761719,67.3,,37785849.0,
SDN,Sudan,2012,63.427,1019.22210693359,69.3,,36923178.0,
SDN,Sudan,2011,63.181,1332.6572265625,71.3,,36140806.0,
SDN,Sudan,2010,62.979,1305.63598632813,73.4,,35414399.0,
SDN,Sudan,2009,62.676,1178.22180175781,75.5,,34569113.0,13.1
SDN,Sudan,2008,61.261,1527.58239746094,77.9,53.5200004577637,33623980.0,
SDN,Sudan,2007,61.442,1444.37219238281,80.4,,32764135.0,
SDN,Sudan,2006,60.4,1132.474609375,83.0,,31992435.0,
SDN,Sudan,2005,57.226,905.543640136719,98.8,,31262444.0,
SDN,Sudan,2004,56.773,705.113342285156,101.1,,30556637.0,
SDN,Sudan,2003,58.319,580.320251464844,91.9,,29896035.0,
SDN,Sudan,2002,59.308,506.262634277344,95.2,,29228727.0,
SDN,Sudan,2001,59.264,451.293304443359,98.6,,28516770.0,
SDN,Sudan,2000,58.946,362.116882324219,102.0,61.3499984741211,27816745.0,
SUR,Suriname,2023,73.631,5521.97602122638,16.3,,628886.0,
SUR,Suriname,2022,73.254,6084.43876736445,16.8,,623164.0,2.2
SUR,Suriname,2021,68.943,5029.84838543953,17.4,,617896.0,
SUR,Suriname,2020,72.321,4755.39221710693,17.9,,612317.0,
SUR,Suriname,2019,71.773,6629.66775248603,18.4,,605768.0,
SUR,Suriname,2018,71.468,6665.74180472239,18.9,,599513.0,
SUR,Suriname,2017,71.247,6049.52128553675,19.5,,593713.0,
SUR,Suriname,2016,70.979,5644.2061057532,20.1,,587757.0,
SUR,Suriname,2015,70.567,8813.61705392067,20.6,,581627.0,
SUR,Suriname,2014,70.33,9108.18905406764,21.1,,575373.0,
SUR,Suriname,2013,70.11,9043.19281529222,21.6,,569020.0,
SUR,Suriname,2012,69.957,8851.24050668908,22.2,92.870002746582,562633.0,
SUR,Suriname,2011,69.82,7949.88867218383,22.7,,556269.0,
SUR,Suriname,2010,69.626,7943.60482816915,23.2,94.6800003051758,549923.0,
SUR,Suriname,2009,69.323,7129.5768626291,23.8,,543568.0,
SUR,Suriname,2008,68.873,6576.08546307249,24.4,94.620002746582,537245.0,
SUR,Suriname,2007,68.307,5530.17615638309,25.1,,531016.0,
SUR,Suriname,2006,67.643,5002.65798695759,25.7,,524997.0,
SUR,Suriname,2005,66.997,3453.42865937765,26.5,,519313.0,
SUR,Suriname,2004,66.362,2887.7721728844,27.2,89.5999984741211,513923.0,
SUR,Suriname,2003,65.778,2516.10404020956,28.1,,506414.0,
SUR,Suriname,2002,65.274,2202.340682196,29.0,,496551.0,
SUR,Suriname,2001,64.82,1714.64846637242,30.0,,486560.0,
SUR,Suriname,2000,64.409,1988.22172925433,31.0,,476643.0,
SWE,Sweden,2023,83.309756097561,54950.2834725622,2.4,,10536632.0,0.8
SWE,Sweden,2022,83.0585365853659,54836.8907235124,2.5,,10486941.0,1.3
SWE,Sweden,2021,83.0560975609756,60647.5416365347,2.5,,10415811.0,0.6
SWE,Sweden,2020,82.3560975609756,52568.5726980146,2.6,,10353442.0,0.5
SWE,Sweden,2019,83.109756097561,51648.9892820514,2.6,,10278887.0,0.4
SWE,Sweden,2018,82.5585365853659,54018.4554391861,2.7,,10175214.0,0.9
SWE,Sweden,2017,82.409756097561,53210.2233318965,2.8,,10057698.0,0.3
SWE,Sweden,2016,82.3073170731707,51703.5088332851,2.8,,9923085.0,0.4
SWE,Sweden,2015,82.2048780487805,51188.1652120493,2.9,,9799186.0,0.6
SWE,Sweden,2014,82.2536585365854,59583.4584491714,2.9,,9696110.0,0.5
SWE,Sweden,2013,81.9560975609756,60843.9888799369,2.9,,9600379.0,0.7
SWE,Sweden,2012,81.7048780487805,57749.5615420853,3.0,,9519374.0,0.5
SWE,Sweden,2011,81.8024390243903,60379.4814599322,3.0,,9449213.0,0.7
SWE,Sweden,2010,81.4512195121951,52542.5759090299,3.1,,9378126.0,0.6
SWE,Sweden,2009,81.3512195121951,46707.6425044751,3.1,,9298515.0,0.5
SWE,Sweden,2008,81.1,55817.1759726485,3.2,,9219637.0,0.7
SWE,Sweden,2007,80.9,53568.3057787832,3.3,,9148092.0,0.5
SWE,Sweden,2006,80.7487804878049,46531.3762240485,3.5,,9080505.0,0.4
SWE,Sweden,2005,80.5463414634146,43378.4077394363,3.6,,9029572.0,1.1
SWE,Sweden,2004,80.4975609756098,42758.0048564929,3.7,,8993531.0,0.5
SWE,Sweden,2003,80.0951219512195,37292.2419727801,3.9,,8958229.0,0.4
SWE,Sweden,2002,79.8463414634146,29957.7776664916,4.0,,8924958.0,0.1
SWE,Sweden,2001,79.7951219512195,27259.3174300217,4.0,,8895960.0,0.2
SWE,Sweden,2000,79.6439024390244,29632.5890811623,4.1,,8872109.0,0.1
CHE,Switzerland,2023,84.1560975609756,104449.75451772,3.9,,8888822.0,
CHE,Switzerland,2022,83.6048780487805,97809.095567203,3.9,,8777088.0,0.2
CHE,Switzerland,2021,83.7512195121951,96582.8687080693,4.0,,8704546.0,0.0
CHE,Switzerland,2020,83.0,87529.7016394892,4.0,,8638167.0,0.1
CHE,Switzerland,2019,83.9048780487805,85872.9702303454,4.0,,8575280.0,0.0
CHE,Switzerland,2018,83.7536585365854,87002.3382293532,4.1,,8514329.0,0.0
CHE,Switzerland,2017,83.5512195121951,83610.248611484,4.1,,8451840.0,0.0
CHE,Switzerland,2016,83.6024390243903,83432.4111596314,4.2,,8373338.0,0.0
CHE,Switzerland,2015,82.8975609756098,85265.06205193,4.3,,8282396.0,0.0
CHE,Switzerland,2014,83.1975609756098,90511.6484558843,4.3,,8188649.0,0.0
CHE,Switzerland,2013,82.7975609756098,88851.2374497983,4.4,,8089346.0,0.0
CHE,Switzerland,2012,82.6975609756098,87269.5594780124,4.4,,7996861.0,0.0
CHE,Switzerland,2011,82.6951219512195,91910.3964565203,4.5,,7912398.0,0.0
CHE,Switzerland,2010,82.2463414634147,77956.1262043942,4.6,,7824909.0,0.1
CHE,Switzerland,2009,82.0439024390244,72788.2049524379,4.6,,7743831.0,0.0
CHE,Switzerland,2008,81.9926829268293,75147.5376709155,4.7,,7647675.0,0.1
CHE,Switzerland,2007,81.7414634146342,66082.1233977532,4.8,,7551117.0,0.1
CHE,Switzerland,2006,81.490243902439,59910.293405504,4.9,,7483934.0,0.1
CHE,Switzerland,2005,81.2365853658537,57080.0704338193,5.1,,7437115.0,
CHE,Switzerland,2004,81.0878048780488,55349.6164595028,5.2,,7389625.0,0.1
CHE,Switzerland,2003,80.5365853658537,49947.3910175152,5.3,,7339001.0,
CHE,Switzerland,2002,80.3853658536585,43094.2492848494,5.4,,7284753.0,0.0
CHE,Switzerland,2001,80.1804878048781,40133.6101965261,5.5,,7229854.0,
CHE,Switzerland,2000,79.6804878048781,39298.0968042444,5.6,,7184250.0,0.1
SYR,Syrian Arab Republic,2023,72.12,,20.1,,23594623.0,
SYR,Syrian Arab Republic,2022,72.79,1056.78264718197,20.7,,22462173.0,18.0
SYR,Syrian Arab Republic,2021,72.418,688.566109726934,20.5,94.4199981689453,21628839.0,
SYR,Syrian Arab Republic,2020,71.944,593.911771822527,21.9,,21049429.0,
SYR,Syrian Arab Republic,2019,70.97,1109.53933821464,24.6,,20353534.0,
SYR,Syrian Arab Republic,2018,67.371,1098.06667935023,32.5,,19577845.0,
SYR,Syrian Arab Republic,2017,65.651,851.501972646386,32.9,,19224668.0,
SYR,Syrian Arab Republic,2016,65.19,656.349017520952,32.2,,19193834.0,
SYR,Syrian Arab Republic,2015,63.265,847.731545352582,37.1,,19424618.0,
SYR,Syrian Arab Republic,2014,65.492,1060.59105887433,35.5,,20273659.0,
SYR,Syrian Arab Republic,2013,65.146,985.892669221634,36.9,,21666917.0,
SYR,Syrian Arab Republic,2012,66.206,1897.66115018696,34.2,,22759763.0,
SYR,Syrian Arab Republic,2011,72.259,2952.14372909443,21.6,,22878098.0,
SYR,Syrian Arab Republic,2010,73.542,2730.61487784917,18.8,,22482421.0,
SYR,Syrian Arab Republic,2009,73.496,2462.20127278738,18.8,,21976969.0,0.0
SYR,Syrian Arab Republic,2008,73.368,2429.1247629459,18.9,,21636564.0,
SYR,Syrian Arab Republic,2007,73.256,1937.61199094087,19.1,,20884125.0,
SYR,Syrian Arab Republic,2006,73.04,1718.78469956591,19.4,,19637022.0,0.0
SYR,Syrian Arab Republic,2005,72.797,1533.90017615946,19.8,,18814091.0,
SYR,Syrian Arab Republic,2004,72.494,1368.11263904001,20.2,80.8399963378906,18336875.0,
SYR,Syrian Arab Republic,2003,72.188,1220.179077256,20.8,,17889296.0,0.5
SYR,Syrian Arab Republic,2002,71.742,1189.98119453595,21.4,82.8899993896484,17468332.0,
SYR,Syrian Arab Republic,2001,71.296,1177.53806921268,22.2,,17051338.0,
SYR,Syrian Arab Republic,2000,70.856,1138.18722723683,23.1,,16637888.0,
TJK,Tajikistan,2023,71.79,1178.47990060249,28.8,,10389799.0,7.3
TJK,Tajikistan,2022,71.562,1052.17949484894,29.4,,10182222.0,8.9
TJK,Tajikistan,2021,69.594,896.748053372182,29.8,,9966908.0,9.1
TJK,Tajikistan,2020,68.605,834.311715460625,30.1,,9749310.0,
TJK,Tajikistan,2019,70.962,871.022372934846,30.4,,9529966.0,
TJK,Tajikistan,2018,70.737,834.288404578801,30.7,,9307333.0,
TJK,Tajikistan,2017,70.524,829.45714764957,31.0,,9085946.0,
TJK,Tajikistan,2016,69.982,788.710481734485,31.5,,8865631.0,
TJK,Tajikistan,2015,69.665,956.916310930656,32.2,,8643840.0,13.3
TJK,Tajikistan,2014,69.697,1081.54402932039,33.0,,8425552.0,
TJK,Tajikistan,2013,69.579,1028.19704279396,34.0,,8216724.0,
TJK,Tajikistan,2012,69.13,952.452819695469,35.0,,8014084.0,
TJK,Tajikistan,2011,68.698,833.601978202852,36.2,,7824785.0,
TJK,Tajikistan,2010,68.37,737.338883219356,37.6,,7652141.0,
TJK,Tajikistan,2009,68.248,664.795655734657,39.3,99.7298704511844,7490230.0,15.7
TJK,Tajikistan,2008,67.924,703.327375898643,41.2,,7338403.0,
TJK,Tajikistan,2007,67.405,516.997210618914,43.6,98.0293057466938,7194477.0,24.2
TJK,Tajikistan,2006,66.997,401.018403316427,46.6,,7057566.0,
TJK,Tajikistan,2005,66.531,333.927150941684,50.3,,6924720.0,
TJK,Tajikistan,2004,66.604,305.745158587502,54.6,,6790547.0,37.2
TJK,Tajikistan,2003,65.874,233.58124845289,59.8,97.3502368564513,6658575.0,56.0
TJK,Tajikistan,2002,64.898,186.951638285222,65.6,,6531669.0,
TJK,Tajikistan,2001,64.197,168.676285365186,71.8,,6407377.0,
TJK,Tajikistan,2000,63.542,136.925716400723,78.4,99.4499969482422,6284735.0,
TZA,Tanzania,2023,66.995,1224.00219726563,38.5,,66617606.0,
TZA,Tanzania,2022,66.879,1207.52062988281,40.1,78.2099990844727,64711821.0,
TZA,Tanzania,2021,66.131,1159.85656738281,41.7,,62830412.0,
TZA,Tanzania,2020,66.771,1117.41528320313,43.8,82.2361019196766,60972798.0,
TZA,Tanzania,2019,66.007,1063.32250976563,45.6,,59174891.0,
TZA,Tanzania,2018,65.488,1023.10626220703,47.6,,57437145.0,51.3
TZA,Tanzania,2017,64.963,986.674011230469,49.8,,55652890.0,
TZA,Tanzania,2016,64.404,953.0107421875,52.0,,53824013.0,
TZA,Tanzania,2015,63.928,939.127319335938,54.3,77.8899993896484,52020962.0,
TZA,Tanzania,2014,63.364,1022.74841308594,56.3,79.8949432291161,50351512.0,
TZA,Tanzania,2013,62.788,963.05712890625,59.0,,48824128.0,
TZA,Tanzania,2012,62.286,861.969909667969,61.7,78.0999984741211,47374260.0,
TZA,Tanzania,2011,61.618,775.392761230469,64.6,,46029367.0,51.5
TZA,Tanzania,2010,61.127,736.530151367188,68.2,,44758488.0,
TZA,Tanzania,2009,60.494,693.823547363281,72.0,,43633982.0,
TZA,Tanzania,2008,59.896,675.977233886719,76.6,,42570728.0,
TZA,Tanzania,2007,59.26,543.198303222656,81.3,,41435512.0,61.9
TZA,Tanzania,2006,58.512,475.746734619141,86.7,,40294902.0,
TZA,Tanzania,2005,57.675,483.334869384766,92.2,,39182076.0,
TZA,Tanzania,2004,56.836,450.385284423828,98.3,,38109668.0,
TZA,Tanzania,2003,55.929,422.18359375,105.0,,37089555.0,
TZA,Tanzania,2002,54.94,402.649047851563,112.4,69.4300003051758,36121304.0,
TZA,Tanzania,2001,54.124,396.638732910156,120.3,,35198299.0,
TZA,Tanzania,2000,53.244,401.698150634766,128.0,,34260139.0,86.9
THA,Thailand,2023,76.412,7210.54130832685,9.2,,71702435.0,0.0
THA,Thailand,2022,75.291,6910.00995211206,9.5,91.0999984741211,71735329.0,0.0
THA,Thailand,2021,77.606,7055.18760721422,9.8,,71727332.0,0.0
THA,Thailand,2020,77.331,6983.03412836245,10.1,,71641484.0,0.1
THA,Thailand,2019,77.197,7605.69657797759,10.4,91.2699966430664,71522271.0,0.1
THA,Thailand,2018,77.19,7099.77650081458,10.8,93.7699966430664,71376079.0,0.1
THA,Thailand,2017,76.989,6413.09182530343,11.1,,71160187.0,0.1
THA,Thailand,2016,76.769,5833.57715617098,11.5,91.9800033569336,70859841.0,0.1
THA,Thailand,2015,76.563,5688.85335397884,11.9,92.870002746582,70540795.0,0.1
THA,Thailand,2014,76.279,5801.1978916205,12.3,,70216367.0,0.2
THA,Thailand,2013,75.96,6018.08244729255,12.7,93.6999969482422,69845114.0,0.2
THA,Thailand,2012,75.59,5725.52802835463,13.1,,69436098.0,0.4
THA,Thailand,2011,75.302,5373.6232832898,13.6,,69007208.0,0.3
THA,Thailand,2010,75.012,4973.86288823778,14.1,96.4300003051758,68579447.0,0.7
THA,Thailand,2009,74.669,4135.43986952819,14.7,,68121080.0,0.8
THA,Thailand,2008,74.221,4309.13509292986,15.2,,67619830.0,1.0
THA,Thailand,2007,73.779,3918.52817434581,15.9,,67102394.0,1.3
THA,Thailand,2006,73.341,3331.32043511773,16.5,,66567687.0,2.2
THA,Thailand,2005,72.894,2867.70383436062,17.2,93.5100021362305,66017420.0,
THA,Thailand,2004,72.1,2641.56268717857,18.0,,65452047.0,3.1
THA,Thailand,2003,72.101,2347.54001286066,18.9,,64868166.0,
THA,Thailand,2002,71.775,2089.75183111554,19.7,,64266437.0,4.7
THA,Thailand,2001,71.52,1889.93432467144,20.7,,63651141.0,
THA,Thailand,2000,71.205,2005.97694514234,21.7,92.6500015258789,63007815.0,8.4
TLS,Timor-Leste,2023,67.689,1502.4114958903,49.2,,1384286.0,
TLS,Timor-Leste,2022,67.368,2343.24955542816,50.7,69.4000015258789,1369295.0,
TLS,Timor-Leste,2021,66.199,2684.92673717299,52.0,,1350139.0,
TLS,Timor-Leste,2020,66.919,1630.86935439232,53.4,,1326053.0,
TLS,Timor-Leste,2019,66.496,1562.36458881813,54.8,,1300945.0,
TLS,Timor-Leste,2018,66.204,1219.46598597604,56.0,,1275959.0,
TLS,Timor-Leste,2017,65.898,1266.17767952941,57.3,,1251703.0,
TLS,Timor-Leste,2016,65.61,1335.54390089814,58.7,65.7799987792969,1228312.0,
TLS,Timor-Leste,2015,65.326,1319.59297370991,60.2,64.4499969482422,1205131.0,
TLS,Timor-Leste,2014,65.027,1224.74957758801,61.9,,1181903.0,44.0
TLS,Timor-Leste,2013,64.719,1204.56841532931,63.9,,1158695.0,
TLS,Timor-Leste,2012,64.384,1022.61903188429,65.9,,1134885.0,
TLS,Timor-Leste,2011,64.022,939.045241112693,68.4,,1110207.0,
TLS,Timor-Leste,2010,63.66,813.060177250597,71.0,58.310001373291,1084679.0,
TLS,Timor-Leste,2009,63.265,686.579295832381,73.9,,1058782.0,
TLS,Timor-Leste,2008,62.858,628.153219252849,76.9,,1032429.0,
TLS,Timor-Leste,2007,62.396,540.154584237662,80.4,50.5999984741211,1004889.0,60.1
TLS,Timor-Leste,2006,61.881,464.667001844159,84.0,,976597.0,
TLS,Timor-Leste,2005,61.272,487.464555404292,88.0,,948311.0,
TLS,Timor-Leste,2004,60.743,474.420767344689,92.3,,929074.0,
TLS,Timor-Leste,2003,60.13,534.901153697657,96.8,,916878.0,
TLS,Timor-Leste,2002,59.477,533.982476434866,101.5,,879159.0,
TLS,Timor-Leste,2001,58.772,587.700692767858,106.4,37.5999984741211,812249.0,55.7
TLS,Timor-Leste,2000,58.097,492.457669429651,111.5,,745088.0,
TGO,Togo,2023,62.74,1182.32951436696,58.1,,8223850.0,
TGO,Togo,2022,62.292,1071.61539220759,60.0,72.5999984741211,8068616.0,
TGO,Togo,2021,61.337,1076.29520076949,62.0,,7936176.0,34.7
TGO,Togo,2020,61.14,961.219781201934,63.9,,7788054.0,
TGO,Togo,2019,61.061,917.718016777619,66.0,66.5400009155273,7619925.0,
TGO,Togo,2018,60.608,942.480774393154,68.1,,7458206.0,35.3
TGO,Togo,2017,60.145,872.076408845752,70.4,60.9537021917226,7324386.0,
TGO,Togo,2016,59.677,843.114204338675,72.8,,7200884.0,
TGO,Togo,2015,59.23,813.894676975085,75.2,63.75,7071502.0,61.7
TGO,Togo,2014,58.776,921.539748631461,77.7,,6937644.0,
TGO,Togo,2013,58.356,885.698522723929,80.2,,6798848.0,
TGO,Togo,2012,57.953,813.611525037432,82.9,,6653718.0,
TGO,Togo,2011,57.624,834.14671980279,85.6,60.4099998474121,6500582.0,65.5
TGO,Togo,2010,57.24,750.323421086121,88.3,57.2000007629395,6325788.0,
TGO,Togo,2009,56.94,770.172869777254,90.9,57.0900001525879,6130946.0,
TGO,Togo,2008,56.663,771.351190404751,93.7,,5936138.0,
TGO,Togo,2007,56.395,654.083697666439,96.5,,5748443.0,
TGO,Togo,2006,56.154,596.249203137762,99.3,56.8899993896484,5569664.0,67.6
TGO,Togo,2005,55.931,595.200212014134,102.4,,5413154.0,
TGO,Togo,2004,55.608,604.311329116751,105.5,,5281320.0,
TGO,Togo,2003,55.312,579.728195854724,108.8,,5154112.0,
TGO,Togo,2002,55.044,479.438373869587,112.2,,5027130.0,
TGO,Togo,2001,54.757,426.883605884489,115.7,,4904144.0,
TGO,Togo,2000,54.587,440.420399069497,119.2,53.1800003051758,4783722.0,
TON,Tonga,2023,72.895,5651.59357939286,9.8,99.4800033569336,104597.0,
TON,Tonga,2022,72.635,5298.01942454298,10.1,,105042.0,
TON,Tonga,2021,72.13,4922.8015864044,10.4,,105490.0,0.4
TON,Tonga,2020,72.379,4792.35872413906,10.6,,105704.0,
TON,Tonga,2019,72.292,4788.83350468584,10.9,91.0500030517578,105669.0,
TON,Tonga,2018,72.169,4675.04776047973,11.1,,105567.0,
TON,Tonga,2017,72.066,4365.92929788648,11.4,,105356.0,
TON,Tonga,2016,71.951,3987.98618837043,11.6,97.1500015258789,105524.0,
TON,Tonga,2015,71.851,4123.90347238813,11.9,,106095.0,4.0
TON,Tonga,2014,71.721,4136.59010898445,12.1,,106609.0,
TON,Tonga,2013,71.65,4219.24670113014,12.3,,107078.0,
TON,Tonga,2012,71.546,4384.17058724217,12.6,,107460.0,
TON,Tonga,2011,71.437,3849.99375750134,12.8,99.3899993896484,107570.0,
TON,Tonga,2010,71.319,3416.08356601207,13.1,,107400.0,
TON,Tonga,2009,70.949,2914.23774004564,13.4,,107203.0,3.6
TON,Tonga,2008,71.041,3218.45303993196,13.7,,107020.0,
TON,Tonga,2007,70.887,2797.06560109144,14.0,,106726.0,
TON,Tonga,2006,70.71,2750.34778600857,14.4,99.0199966430664,106253.0,
TON,Tonga,2005,70.56,2477.72620144825,14.8,,105671.0,
TON,Tonga,2004,70.433,2195.44890047673,15.2,,105071.0,
TON,Tonga,2003,70.228,1936.04104012389,15.6,,104464.0,
TON,Tonga,2002,70.03,1759.4805324576,16.0,,103874.0,
TON,Tonga,2001,69.8,1753.51667576626,16.5,,103288.0,
TON,Tonga,2000,69.635,1995.07667546271,16.9,,102677.0,4.6
TTO,Trinidad and Tobago,2023,73.49,18308.4536298575,19.3,,1367510.0,
TTO,Trinidad and Tobago,2022,73.331,20750.5202434652,19.9,,1365805.0,
TTO,Trinidad and Tobago,2021,71.111,17712.5674104655,20.4,,1367558.0,
TTO,Trinidad and Tobago,2020,72.645,15283.6270531554,20.8,,1366725.0,
TTO,Trinidad and Tobago,2019,72.836,17212.6128892163,21.2,,1363985.0,
TTO,Trinidad and Tobago,2018,72.658,17571.498737278,21.6,,1359193.0,
TTO,Trinidad and Tobago,2017,72.984,17566.0999700656,22.0,,1356633.0,
TTO,Trinidad and Tobago,2016,72.935,17449.1538801956,22.3,,1353895.0,
TTO,Trinidad and Tobago,2015,72.882,19887.2327716498,22.7,,1349667.0,
TTO,Trinidad and Tobago,2014,72.898,21908.3014555644,23.1,,1345343.0,
TTO,Trinidad and Tobago,2013,72.785,21304.9777496628,23.5,,1340557.0,
TTO,Trinidad and Tobago,2012,72.513,20332.1389531925,23.9,,1335194.0,
TTO,Trinidad and Tobago,2011,72.232,19151.0870229722,24.4,,1328019.0,
TTO,Trinidad and Tobago,2010,71.809,16815.424737361,24.8,,1317714.0,
TTO,Trinidad and Tobago,2009,71.404,14634.0565003912,25.3,,1310106.0,
TTO,Trinidad and Tobago,2008,71.117,21298.9945258063,25.7,,1308587.0,
TTO,Trinidad and Tobago,2007,70.797,16606.675360681,26.1,,1303188.0,
TTO,Trinidad and Tobago,2006,70.437,14152.6607422113,26.5,,1297944.0,
TTO,Trinidad and Tobago,2005,70.185,12346.4373094075,26.9,,1294494.0,
TTO,Trinidad and Tobago,2004,69.879,9871.03419820086,27.3,,1345380.0,
TTO,Trinidad and Tobago,2003,69.454,8445.04653518298,27.7,,1338709.0,
TTO,Trinidad and Tobago,2002,69.232,6762.93080808096,28.1,,1332011.0,
TTO,Trinidad and Tobago,2001,68.874,6657.41466937221,28.5,,1325567.0,
TTO,Trinidad and Tobago,2000,68.629,6178.58975559687,28.8,,1319774.0,
TUN,Tunisia,2023,76.508,3951.11683376921,12.9,86.25,12200431.0,
TUN,Tunisia,2022,76.05,3707.29283414381,13.9,,12119334.0,
TUN,Tunisia,2021,72.893,3906.93926319391,15.0,83.6800003051758,12048622.0,0.7
TUN,Tunisia,2020,75.004,3548.65363663803,16.0,,11974057.0,
TUN,Tunisia,2019,75.599,3528.87213306798,16.9,80.5500030517578,11875081.0,
TUN,Tunisia,2018,75.37,3628.10366464236,17.5,79.4800033569336,11765514.0,
TUN,Tunisia,2017,75.177,3619.03247319953,17.9,,11650498.0,
TUN,Tunisia,2016,75.007,3847.80354448809,18.1,,11528674.0,
TUN,Tunisia,2015,74.875,4014.94773686432,18.2,,11402264.0,0.7
TUN,Tunisia,2014,74.784,4458.97895464547,18.3,79.0400009155273,11274288.0,
TUN,Tunisia,2013,74.674,4369.79345826358,18.3,,11141361.0,
TUN,Tunisia,2012,74.599,4297.26782454273,18.4,80.2200012207031,11009647.0,
TUN,Tunisia,2011,74.471,4420.64772206537,18.5,79.6500015258789,10886035.0,
TUN,Tunisia,2010,74.438,4291.86120891575,18.7,79.129997253418,10765980.0,3.1
TUN,Tunisia,2009,74.32,4080.09032448781,19.0,,10650681.0,
TUN,Tunisia,2008,74.192,4255.05008019523,19.4,77.7099990844727,10542635.0,
TUN,Tunisia,2007,74.039,3726.91672935667,20.0,77.1900024414062,10441702.0,
TUN,Tunisia,2006,73.888,3322.56933570096,20.7,,10346410.0,
TUN,Tunisia,2005,73.712,3146.8260743927,21.6,,10255472.0,5.9
TUN,Tunisia,2004,73.519,3067.41936376975,22.7,74.3000030517578,10166163.0,
TUN,Tunisia,2003,73.304,2725.8643148859,24.0,,10071632.0,
TUN,Tunisia,2002,73.07,2320.7723805785,25.5,,9971515.0,
TUN,Tunisia,2001,72.822,2235.71981624751,27.2,,9869677.0,
TUN,Tunisia,2000,72.604,2199.04465936314,29.2,,9764935.0,10.5
TUR,Turkiye,2023,77.156,13375.0947282864,13.8,,85325965.0,0.2
TUR,Turkiye,2022,77.591,10897.8397861365,10.2,,84979913.0,0.5
TUR,Turkiye,2021,75.722,9981.76398411336,10.6,97.2600021362305,84147318.0,0.9
TUR,Turkiye,2020,76.525,8798.11791709313,10.9,,83384680.0,1.1
TUR,Turkiye,2019,77.737,9395.23378001368,11.3,96.7399978637695,82579440.0,1.3
TUR,Turkiye,2018,77.454,9684.11819884721,11.7,,81407204.0,1.0
TUR,Turkiye,2017,77.037,10756.3877677883,12.2,96.1500015258789,80312698.0,1.1
TUR,Turkiye,2016,76.595,10984.3643169061,12.7,95.8600006103516,79277962.0,0.9
TUR,Turkiye,2015,76.539,11064.6494504662,13.3,95.5999984741211,78218479.0,1.3
TUR,Turkiye,2014,76.452,12209.3862327674,14.0,95.4400024414062,77181884.0,1.0
TUR,Turkiye,2013,76.171,12635.5570016068,14.7,95.2600021362305,76147624.0,1.5
TUR,Turkiye,2012,75.552,11776.7593362033,15.6,94.9199981689453,75175827.0,1.7
TUR,Turkiye,2011,74.823,11373.6355760885,16.6,94.1100006103516,74223629.0,2.0
TUR,Turkiye,2010,74.964,10698.9699409757,17.6,92.6600036621094,73142150.0,2.8
TUR,Turkiye,2009,74.679,9076.92472236977,18.9,90.8199996948242,72039206.0,3.0
TUR,Turkiye,2008,74.38,10913.4079047769,20.3,,71051678.0,3.3
TUR,Turkiye,2007,74.129,9766.91734545294,21.8,88.6600036621094,70158112.0,4.0
TUR,Turkiye,2006,73.804,7990.08251407245,23.5,88.120002746582,70045349.0,4.8
TUR,Turkiye,2005,73.51,7331.85429430255,25.3,88.2300033569336,69329557.0,6.5
TUR,Turkiye,2004,73.223,5979.6054216148,27.4,87.370002746582,68592617.0,6.6
TUR,Turkiye,2003,72.906,4649.63668068586,29.6,,67831730.0,10.0
TUR,Turkiye,2002,72.605,3591.08628982587,32.0,,67048795.0,7.6
TUR,Turkiye,2001,72.271,3052.2256706793,34.5,,66245128.0,
TUR,Turkiye,2000,71.931,4199.3798635759,37.2,,65425961.0,
TKM,Turkmenistan,2023,70.073,5298.46421949276,40.2,,7364438.0,
TKM,Turkmenistan,2022,69.913,5198.18947409551,41.1,99.9000015258789,7230193.0,
TKM,Turkmenistan,2021,69.353,3713.20113171765,42.1,,7092043.0,
TKM,Turkmenistan,2020,68.846,3935.37749365223,42.9,,6949912.0,
TKM,Turkmenistan,2019,69.405,4365.1152919542,43.5,,6803944.0,
TKM,Turkmenistan,2018,69.272,3911.98557297865,43.8,,6655524.0,
TKM,Turkmenistan,2017,69.19,5125.54920055808,43.8,,6507061.0,
TKM,Turkmenistan,2016,69.142,5238.00827202546,43.5,,6360041.0,
TKM,Turkmenistan,2015,69.061,5759.497903834,43.2,,6215770.0,
TKM,Turkmenistan,2014,69.001,7164.14536184006,42.9,,6075283.0,
TKM,Turkmenistan,2013,68.968,6599.64529055481,42.8,,5939341.0,
TKM,Turkmenistan,2012,68.961,6053.8748468749,42.9,,5808546.0,
TKM,Turkmenistan,2011,68.87,5143.61929334647,43.4,,5683417.0,
TKM,Turkmenistan,2010,68.608,4058.53937000739,44.0,,5564356.0,
TKM,Turkmenistan,2009,68.155,3707.97850699617,45.0,,5451592.0,
TKM,Turkmenistan,2008,67.584,3605.50395120549,46.4,,5345029.0,
TKM,Turkmenistan,2007,67.02,2414.96071986964,48.1,,5244046.0,
TKM,Turkmenistan,2006,66.574,1996.59310717308,50.1,,5147105.0,
TKM,Turkmenistan,2005,66.275,1604.01618452312,52.6,,5052257.0,
TKM,Turkmenistan,2004,66.055,1379.23009682692,55.4,,4958093.0,
TKM,Turkmenistan,2003,65.854,1228.94870289404,58.6,,4863865.0,
TKM,Turkmenistan,2002,65.593,935.540801478466,61.9,,4769465.0,
TKM,Turkmenistan,2001,65.325,756.034976276398,65.4,,4675409.0,
TKM,Turkmenistan,2000,64.931,633.835487638011,68.7,,4582677.0,
TCA,Turks and Caicos Islands,2023,78.008,35470.2151608295,4.8,,46198.0,
TCA,Turks and Caicos Islands,2022,77.918,31280.5418020808,5.0,,45847.0,
TCA,Turks and Caicos Islands,2021,77.234,27329.2885087196,5.1,,45243.0,
TCA,Turks and Caicos Islands,2020,77.499,20690.9160546118,5.3,,44386.0,
TCA,Turks and Caicos Islands,2019,77.691,31780.5217068989,5.5,,43166.0,
TCA,Turks and Caicos Islands,2018,77.596,31625.616593277,5.6,,41559.0,
TCA,Turks and Caicos Islands,2017,77.505,30014.2309523213,5.8,,39913.0,
TCA,Turks and Caicos Islands,2016,77.437,31373.5612684327,6.0,,38315.0,
TCA,Turks and Caicos Islands,2015,77.321,29457.0140691162,6.2,,36605.0,
TCA,Turks and Caicos Islands,2014,77.212,27292.5820256776,6.4,,35050.0,
TCA,Turks and Caicos Islands,2013,77.1,25653.819867471,6.6,,33653.0,
TCA,Turks and Caicos Islands,2012,76.969,25923.6156503875,6.8,,32127.0,
TCA,Turks and Caicos Islands,2011,76.87,27327.4006354146,7.0,,30846.0,
TCA,Turks and Caicos Islands,2010,76.784,23093.8498268267,7.3,,29739.0,
TCA,Turks and Caicos Islands,2009,76.672,24596.8938015951,7.5,,28588.0,
TCA,Turks and Caicos Islands,2008,76.084,31453.8228752689,7.8,,27427.0,
TCA,Turks and Caicos Islands,2007,76.427,29443.8523030072,8.1,,26270.0,
TCA,Turks and Caicos Islands,2006,76.197,28734.2873064523,8.5,,25123.0,
TCA,Turks and Caicos Islands,2005,75.954,24122.3028180757,8.9,,23988.0,
TCA,Turks and Caicos Islands,2004,75.63,21246.00980049,9.4,,22856.0,
TCA,Turks and Caicos Islands,2003,75.262,18859.1890274773,9.9,,21727.0,
TCA,Turks and Caicos Islands,2002,74.843,17803.9471767733,10.5,,20597.0,
TCA,Turks and Caicos Islands,2001,74.409,18325.7458111974,11.1,,19576.0,
TCA,Turks and Caicos Islands,2000,73.972,,11.7,,18730.0,
TUV,Tuvalu,2023,67.105,5143.8397437226,19.8,,9816.0,
TUV,Tuvalu,2022,66.852,5414.74642912412,20.5,100.0,9992.0,
TUV,Tuvalu,2021,65.824,6042.51983141155,21.2,,10194.0,
TUV,Tuvalu,2020,66.357,5029.57159284173,21.9,,10399.0,
TUV,Tuvalu,2019,66.109,5058.85266607659,22.7,,10581.0,
TUV,Tuvalu,2018,65.871,4467.21144027065,23.5,,10751.0,
TUV,Tuvalu,2017,65.683,4166.79162422818,24.3,,10869.0,
TUV,Tuvalu,2016,65.51,3779.15293916285,25.2,,10930.0,
TUV,Tuvalu,2015,65.365,3352.66722400181,26.0,,10963.0,
TUV,Tuvalu,2014,65.278,3518.13249227107,26.9,,10984.0,
TUV,Tuvalu,2013,65.171,3524.00277634143,28.0,,11001.0,
TUV,Tuvalu,2012,65.079,3558.89749224226,29.0,,10934.0,
TUV,Tuvalu,2011,64.96,3679.5325726267,30.2,,10780.0,
TUV,Tuvalu,2010,64.834,3054.96154183353,31.4,,10614.0,9.0
TUV,Tuvalu,2009,64.693,2662.42865634448,32.8,,10461.0,
TUV,Tuvalu,2008,64.516,3062.00125965971,34.2,,10321.0,
TUV,Tuvalu,2007,64.402,2803.75365477849,35.6,,10182.0,
TUV,Tuvalu,2006,64.247,2413.97836453913,36.9,,10056.0,
TUV,Tuvalu,2005,64.096,2298.44257265761,38.1,,9940.0,
TUV,Tuvalu,2004,63.989,2330.77403351989,39.1,,9816.0,
TUV,Tuvalu,2003,63.897,2020.10103886055,40.0,,9695.0,
TUV,Tuvalu,2002,63.825,1729.16968588975,40.8,,9623.0,
TUV,Tuvalu,2001,63.709,1475.03705936258,41.8,,9586.0,
TUV,Tuvalu,2000,63.536,1559.22072281826,42.8,,9544.0,
UGA,Uganda,2023,68.252,1002.30913917142,49.4,80.5100021362305,48656601.0,
UGA,Uganda,2022,67.675,963.067314117178,50.0,,47312719.0,
UGA,Uganda,2021,66.45,882.791717542504,50.2,79.0476540680567,45910930.0,
UGA,Uganda,2020,66.41,845.766463890124,50.9,,44457152.0,
UGA,Uganda,2019,66.354,822.171150036357,51.6,,42999637.0,59.8
UGA,Uganda,2018,65.775,792.16570022814,52.7,,41565831.0,
UGA,Uganda,2017,65.174,765.218332297361,54.0,,40177388.0,
UGA,Uganda,2016,64.494,752.696571725656,55.6,69.0999984741211,38799152.0,60.1
UGA,Uganda,2015,63.831,862.934610355811,57.9,,37531446.0,
UGA,Uganda,2014,63.057,896.054795546394,60.2,68.5100021362305,36395539.0,
UGA,Uganda,2013,62.353,818.285427416713,62.8,,35337042.0,
UGA,Uganda,2012,61.579,795.222867553127,66.5,70.1999969482422,34337438.0,56.2
UGA,Uganda,2011,60.791,835.620060555838,70.9,,33354543.0,
UGA,Uganda,2010,59.959,823.488144282,76.0,73.2099990844727,32390802.0,
UGA,Uganda,2009,59.157,798.947089938247,81.2,,31451151.0,63.5
UGA,Uganda,2008,58.253,472.842681495852,86.4,,30539553.0,
UGA,Uganda,2007,57.248,401.389130865581,92.5,,29653430.0,
UGA,Uganda,2006,56.118,346.518255310647,99.2,71.370002746582,28794003.0,
UGA,Uganda,2005,54.926,330.405402707025,106.5,,27963289.0,72.4
UGA,Uganda,2004,53.699,292.38185796262,114.2,,27154515.0,
UGA,Uganda,2003,52.414,250.71543664681,122.1,,26352124.0,
UGA,Uganda,2002,51.443,241.984688408335,129.9,68.1399993896484,25532870.0,78.6
UGA,Uganda,2001,50.576,236.021188853993,137.2,,24745676.0,
UGA,Uganda,2000,49.64,258.050338731086,143.9,,24000150.0,
UKR,Ukraine,2023,73.422,5139.59814453125,8.0,,37732836.0,
UKR,Ukraine,2022,72.658,4199.6708984375,8.5,,41048766.0,
UKR,Ukraine,2021,71.631,4775.94580078125,8.2,,44298640.0,
UKR,Ukraine,2020,73.283,3709.76928710938,8.4,,44680014.0,0.0
UKR,Ukraine,2019,73.92,3619.86157226563,8.5,,44957458.0,0.2
UKR,Ukraine,2018,73.569,3059.0517578125,8.7,,45208907.0,0.2
UKR,Ukraine,2017,73.993,2604.28759765625,8.9,,45436041.0,0.1
UKR,Ukraine,2016,73.389,2158.46118164063,9.1,,45616832.0,0.2
UKR,Ukraine,2015,72.686,2094.47387695313,9.5,,45784896.0,0.3
UKR,Ukraine,2014,71.803,3054.908203125,9.8,,45972380.0,0.0
UKR,Ukraine,2013,71.474,4129.89697265625,10.2,,46126770.0,0.1
UKR,Ukraine,2012,71.09,3951.34228515625,10.7,,46210056.0,0.1
UKR,Ukraine,2011,70.711,3656.69799804688,11.2,,46307853.0,0.1
UKR,Ukraine,2010,70.188,3039.63232421875,11.7,,46456003.0,0.1
UKR,Ukraine,2009,69.159,2607.08764648438,12.3,,46623731.0,0.3
UKR,Ukraine,2008,68.262,4017.806640625,12.9,,46819175.0,0.1
UKR,Ukraine,2007,67.715,3160.32763671875,13.4,,47062798.0,0.5
UKR,Ukraine,2006,67.49,2366.494140625,14.0,,47278694.0,0.7
UKR,Ukraine,2005,67.517,1875.33508300781,14.5,,47585556.0,1.1
UKR,Ukraine,2004,67.472,1401.01806640625,15.1,,47979507.0,2.8
UKR,Ukraine,2003,67.638,1076.48156738281,15.8,,48315136.0,3.2
UKR,Ukraine,2002,67.699,903.011901855469,16.6,,48677281.0,6.3
UKR,Ukraine,2001,67.675,800.49072265625,17.4,99.4300003051758,49106855.0,
UKR,Ukraine,2000,67.786,653.294311523438,18.2,,49556660.0,
ARE,United Arab Emirates,2023,82.909,49850.6945082084,5.0,98.0599975585938,10483751.0,
ARE,United Arab Emirates,2022,80.487,50759.7590190204,5.3,98.2900009155273,10074977.0,
ARE,United Arab Emirates,2021,79.083,44118.4936214315,5.6,98.129997253418,9575152.0,
ARE,United Arab Emirates,2020,81.936,37991.738387966,5.9,,9401038.0,
ARE,United Arab Emirates,2019,82.596,45938.6084572227,6.3,97.7799987792969,9445785.0,
ARE,United Arab Emirates,2018,82.449,47135.3478795605,6.7,,9346701.0,0.0
ARE,United Arab Emirates,2017,82.388,43733.6242018215,7.0,,9223225.0,
ARE,United Arab Emirates,2016,82.195,42721.1136110991,7.3,,8935095.0,
ARE,United Arab Emirates,2015,82.076,44910.3458860776,7.6,,8505237.0,
ARE,United Arab Emirates,2014,81.99,52725.2307981936,7.9,,8059440.0,
ARE,United Arab Emirates,2013,81.95,53247.2278745159,8.2,,7693031.0,0.0
ARE,United Arab Emirates,2012,81.913,53141.6251661086,8.4,,7391448.0,
ARE,United Arab Emirates,2011,81.898,51921.8890746408,8.6,,7104538.0,
ARE,United Arab Emirates,2010,81.886,44795.2846234991,8.8,,6869838.0,
ARE,United Arab Emirates,2009,81.679,37803.0663737818,9.0,,6707058.0,
ARE,United Arab Emirates,2008,81.591,50054.1700685968,9.2,,6302664.0,
ARE,United Arab Emirates,2007,81.438,45854.7352436978,9.4,,5624635.0,
ARE,United Arab Emirates,2006,81.155,44342.603055045,9.6,,5009100.0,
ARE,United Arab Emirates,2005,80.779,38719.3138285388,9.8,90.0299987792969,4664790.0,
ARE,United Arab Emirates,2004,80.272,33376.6880534412,10.0,,4428967.0,
ARE,United Arab Emirates,2003,79.6,29659.5710296993,10.2,,4192457.0,
ARE,United Arab Emirates,2002,78.721,27753.5810466782,10.3,,3956826.0,
ARE,United Arab Emirates,2001,77.621,27745.1684523079,10.5,,3723590.0,
ARE,United Arab Emirates,2000,76.347,29865.5285002232,10.7,,3493575.0,
GBR,United Kingdom,2023,81.2380975609756,49919.6896621586,4.6,,68526000.0,
GBR,United Kingdom,2022,81.0112195121951,47034.7795621476,4.5,,67636000.0,
GBR,United Kingdom,2021,80.6473170731707,47695.6491523474,4.4,,66978000.0,0.4
GBR,United Kingdom,2020,80.331756097561,40815.1255364787,4.4,,66740000.0,0.5
GBR,United Kingdom,2019,81.3691219512195,43160.6843971799,4.4,,66628000.0,0.4
GBR,United Kingdom,2018,81.2560975609756,43704.3162296687,4.4,,66287000.0,0.4
GBR,United Kingdom,2017,81.2560975609756,40918.0520870944,4.4,,65964000.0,0.4
GBR,United Kingdom,2016,81.1560975609756,41258.5374285695,4.4,,65606000.0,0.4
GBR,United Kingdom,2015,80.9560975609756,45256.040227057,4.5,,65087000.0,0.3
GBR,United Kingdom,2014,81.3048780487805,47746.9810645521,4.5,,64619000.0,0.4
GBR,United Kingdom,2013,81.0048780487805,43607.6636827371,4.6,,64138000.0,0.2
GBR,United Kingdom,2012,80.9048780487805,42688.3263728372,4.8,,63711000.0,0.4
GBR,United Kingdom,2011,80.9512195121951,42295.9273835322,5.0,,63258810.0,0.3
GBR,United Kingdom,2010,80.4024390243902,39778.3220528565,5.2,,62766365.0,0.3
GBR,United Kingdom,2009,80.0512195121951,39009.3715547821,5.4,,62276270.0,0.4
GBR,United Kingdom,2008,79.6,47652.4030691881,5.6,,61806995.0,0.4
GBR,United Kingdom,2007,79.4487804878049,50629.0799172887,5.8,,61322463.0,0.3
GBR,United Kingdom,2006,79.2487804878049,44695.161023424,5.9,,60846820.0,0.3
GBR,United Kingdom,2005,79.0487804878049,42240.2462987547,6.0,,60401206.0,0.3
GBR,United Kingdom,2004,78.7463414634146,40504.4118103928,6.1,,59987905.0,0.3
GBR,United Kingdom,2003,78.4463414634146,34556.7726095905,6.2,,59647577.0,0.3
GBR,United Kingdom,2002,78.1439024390244,30158.7017807858,6.3,,59370479.0,0.3
GBR,United Kingdom,2001,77.9926829268293,28013.8729635508,6.4,,59119673.0,0.3
GBR,United Kingdom,2000,77.7414634146342,28383.8761094996,6.5,,58892514.0,0.3
USA,United States,2023,78.3853658536585,82586.7847707894,6.5,,336755052.0,1.2
USA,United States,2022,77.4341463414634,78008.6895811877,6.5,,333996304.0,1.4
USA,United States,2021,76.3292682926829,71441.2319805947,6.5,,332100166.0,0.3
USA,United States,2020,76.9804878048781,64465.2971415748,6.5,,331578104.0,0.4
USA,United States,2019,78.7878048780488,65227.9565911038,6.5,,330226227.0,1.0
USA,United States,2018,78.6390243902439,62875.6661382728,6.5,,328529577.0,1.1
USA,United States,2017,78.5390243902439,60047.7190728307,6.6,,326608609.0,1.3
USA,United States,2016,78.5390243902439,57976.628204291,6.7,,324353340.0,1.2
USA,United States,2015,78.690243902439,56849.4697923159,6.8,,321815121.0,1.2
USA,United States,2014,78.8414634146341,55153.3940182967,6.8,,319257560.0,1.3
USA,United States,2013,78.7414634146342,53297.3862901595,6.9,,316726282.0,1.1
USA,United States,2012,78.7414634146342,51708.3940614082,7.0,,314339099.0,1.1
USA,United States,2011,78.6414634146341,50024.8812320773,7.2,,311839461.0,1.1
USA,United States,2010,78.5414634146342,48642.6312088213,7.3,,309378227.0,1.1
USA,United States,2009,78.390243902439,47194.9500893872,7.5,,306771529.0,1.0
USA,United States,2008,78.0390243902439,48570.0594269601,7.6,,304093966.0,1.1
USA,United States,2007,77.9878048780488,48050.227412195,7.7,,301231207.0,1.0
USA,United States,2006,77.6878048780488,46301.9876485519,7.9,,298379912.0,1.1
USA,United States,2005,77.4878048780488,44123.3996470026,8.0,,295516599.0,1.0
USA,United States,2004,77.4878048780488,41724.6411982614,8.1,,292805298.0,1.1
USA,United States,2003,77.0365853658537,39490.3023903176,8.1,,290107933.0,1.0
USA,United States,2002,76.9365853658537,37997.7424300242,8.2,,287625193.0,0.9
USA,United States,2001,76.8365853658537,37133.6203973517,8.3,,284968955.0,0.9
USA,United States,2000,76.6365853658537,36329.9702595751,8.4,,282162411.0,0.8
URY,Uruguay,2023,78.138,23378.6399733516,7.4,98.8254937778285,3388081.0,0.2
URY,Uruguay,2022,76.468,21009.2883798725,7.3,98.8499984741211,3390913.0,0.2
URY,Uruguay,2021,75.434,17881.8119616753,7.3,,3396695.0,0.2
URY,Uruguay,2020,78.381,15757.5341990356,7.3,98.9596198051761,3398968.0,0.3
URY,Uruguay,2019,77.503,18315.7350377437,7.5,98.7699966430664,3397206.0,0.1
URY,Uruguay,2018,77.527,19249.9404677501,7.7,98.6999969482422,3394534.0,0.1
URY,Uruguay,2017,77.618,19184.6626114272,8.0,98.620002746582,3388438.0,0.1
URY,Uruguay,2016,77.351,17009.7584207276,8.4,98.5599975585938,3379283.0,0.1
URY,Uruguay,2015,77.285,17125.9016800298,8.9,98.5199966430664,3368017.0,0.2
URY,Uruguay,2014,77.194,18322.4276767157,9.3,98.4400024414062,3356334.0,0.2
URY,Uruguay,2013,76.953,18335.2594772322,9.7,98.3600006103516,3345337.0,0.3
URY,Uruguay,2012,76.691,16259.5940814256,10.0,98.4000015258789,3335401.0,0.3
URY,Uruguay,2011,76.614,15132.2675725587,10.4,98.3399963378906,3326825.0,0.2
URY,Uruguay,2010,76.691,12641.0576849008,10.8,98.0699996948242,3318580.0,0.3
URY,Uruguay,2009,76.67,9881.39573127081,11.3,98.2600021362305,3310091.0,0.4
URY,Uruguay,2008,76.275,9423.96562595893,11.9,98.1600036621094,3302177.0,0.4
URY,Uruguay,2007,76.15,7222.05403645877,12.7,97.8600006103516,3295153.0,0.7
URY,Uruguay,2006,75.888,6001.33294783172,13.6,97.7900009155273,3289506.0,1.0
URY,Uruguay,2005,75.829,5284.25677987129,14.4,,3285771.0,1.5
URY,Uruguay,2004,75.319,4168.66065438387,15.2,,3283148.0,1.7
URY,Uruguay,2003,75.086,3671.12329256883,15.7,,3281186.0,1.5
URY,Uruguay,2002,74.979,4149.76140312687,16.2,,3278867.0,1.1
URY,Uruguay,2001,74.987,6382.76104740859,16.6,,3274251.0,0.7
URY,Uruguay,2000,74.693,6987.70098766257,17.0,,3266206.0,0.8
UZB,Uzbekistan,2023,72.388,3015.97705069457,13.7,,35652307.0,4.1
UZB,Uzbekistan,2022,72.147,2698.60262953369,14.1,100.0,34938955.0,4.4
UZB,Uzbekistan,2021,71.681,2370.36480555669,14.6,100.0,34243696.0,4.4
UZB,Uzbekistan,2020,71.461,2087.96374711792,15.1,,33586372.0,
UZB,Uzbekistan,2019,72.093,2128.66067138334,15.7,100.0,32964701.0,
UZB,Uzbekistan,2018,71.999,1894.09088741408,16.4,99.9899978637695,32373490.0,
UZB,Uzbekistan,2017,71.737,2271.4730109511,17.3,,31819178.0,
UZB,Uzbekistan,2016,71.58,3128.42307170099,18.4,99.9899978637695,31284568.0,
UZB,Uzbekistan,2015,71.33,3172.89899391083,19.7,99.9800033569336,30749346.0,
UZB,Uzbekistan,2014,70.973,3021.00331668049,21.3,99.9800033569336,30222994.0,
UZB,Uzbekistan,2013,70.692,2781.38869470315,23.0,99.9899978637695,29724065.0,
UZB,Uzbekistan,2012,70.411,2573.95586785056,25.0,,29261903.0,
UZB,Uzbekistan,2011,70.143,2338.55462817306,27.3,,28823196.0,
UZB,Uzbekistan,2010,69.836,1956.78127255673,29.8,,28385506.0,
UZB,Uzbekistan,2009,69.517,1205.7993547038,32.6,,27939328.0,
UZB,Uzbekistan,2008,69.035,1074.72928796701,35.5,,27494774.0,
UZB,Uzbekistan,2007,68.483,824.028192334768,38.6,,27076008.0,
UZB,Uzbekistan,2006,67.905,649.118167003925,41.9,,26699043.0,
UZB,Uzbekistan,2005,67.481,542.835808692209,45.2,,26356975.0,
UZB,Uzbekistan,2004,67.203,462.171492867885,48.6,,26029350.0,
UZB,Uzbekistan,2003,66.852,394.164028897235,51.9,,25711259.0,93.3
UZB,Uzbekistan,2002,66.376,381.409296889283,55.0,,25399980.0,93.1
UZB,Uzbekistan,2001,65.853,454.415812256778,58.0,,25090283.0,
UZB,Uzbekistan,2000,65.456,555.149231099186,60.7,98.6399993896484,24787054.0,93.8
VUT,Vanuatu,2023,71.477,3708.18942411253,17.5,87.9599990844727,320409.0,
VUT,Vanuatu,2022,71.302,3679.53524327491,17.8,,313046.0,
VUT,Vanuatu,2021,69.952,3576.13770954363,18.0,,305868.0,
VUT,Vanuatu,2020,70.385,3404.30359167624,18.1,89.7930993872856,298858.0,
VUT,Vanuatu,2019,70.783,3635.62344878185,18.1,92.4744486976738,291985.0,19.5
VUT,Vanuatu,2018,70.626,3626.18862522473,18.2,,285259.0,
VUT,Vanuatu,2017,70.5,3585.31798081216,18.3,,278507.0,
VUT,Vanuatu,2016,70.397,3339.83436471043,18.4,,272087.0,
VUT,Vanuatu,2015,70.163,3214.41948587141,18.6,,266101.0,
VUT,Vanuatu,2014,70.043,3378.36411965135,18.8,,260240.0,
VUT,Vanuatu,2013,69.986,3392.56675091682,19.2,,254482.0,
VUT,Vanuatu,2012,69.898,3004.78416664293,19.7,,248883.0,
VUT,Vanuatu,2011,69.729,3163.1861645138,20.3,,243474.0,
VUT,Vanuatu,2010,69.57,2815.18828985779,21.1,,238248.0,25.7
VUT,Vanuatu,2009,69.422,2546.38324565986,21.9,,232731.0,
VUT,Vanuatu,2008,69.302,2603.60883136724,22.7,,226896.0,
VUT,Vanuatu,2007,69.144,2333.70506748914,23.5,,221276.0,
VUT,Vanuatu,2006,69.126,2034.79289624351,24.1,,215923.0,
VUT,Vanuatu,2005,69.166,1873.99142640619,24.5,,210760.0,
VUT,Vanuatu,2004,68.985,1774.31867585894,25.0,,205711.0,
VUT,Vanuatu,2003,68.933,1566.51396790858,25.3,,200746.0,
VUT,Vanuatu,2002,68.836,1340.71537528287,25.7,,195863.0,
VUT,Vanuatu,2001,68.722,1350.18338238522,26.1,,191031.0,
VUT,Vanuatu,2000,68.586,1460.23817692229,26.6,,186281.0,
VEN,"Venezuela, RB",2023,72.514,3617.47038396528,24.2,,28300854.0,
VEN,"Venezuela, RB",2022,72.566,3155.04190923584,24.2,,28213017.0,
VEN,"Venezuela, RB",2021,71.536,2004.93572921136,24.2,,28237826.0,
VEN,"Venezuela, RB",2020,72.369,1506.04169391285,24.2,,28444077.0,
VEN,"Venezuela, RB",2019,72.766,2523.11527549578,24.2,,28938098.0,
VEN,"Venezuela, RB",2018,72.641,3421.51341607593,24.2,,29807592.0,
VEN,"Venezuela, RB",2017,71.903,3791.63262049576,24.2,97.1837183128414,30565323.0,
VEN,"Venezuela, RB",2016,72.002,3671.23004093383,24.2,97.129997253418,30765720.0,
VEN,"Venezuela, RB",2015,73.004,4096.61989137473,19.1,96.6100006103516,30573972.0,
VEN,"Venezuela, RB",2014,72.837,7101.15006382986,18.3,,30254079.0,
VEN,"Venezuela, RB",2013,73.076,8642.37380007027,17.9,,29912198.0,
VEN,"Venezuela, RB",2012,73.086,12582.0125686037,17.6,95.9871889937429,29553826.0,
VEN,"Venezuela, RB",2011,73.09,10843.9229703167,17.4,94.7699966430664,29185212.0,
VEN,"Venezuela, RB",2010,73.092,13646.3046622664,17.2,95.3924213233743,28813101.0,
VEN,"Venezuela, RB",2009,72.785,11596.6021921731,17.1,95.5100021362305,28438298.0,
VEN,"Venezuela, RB",2008,72.578,11262.4514256759,17.2,95.3116995541662,28053696.0,
VEN,"Venezuela, RB",2007,73.348,8331.62096991844,17.4,95.1500015258789,27649363.0,
VEN,"Venezuela, RB",2006,72.972,6739.38065342218,17.9,94.6620701964151,27224686.0,9.7
VEN,"Venezuela, RB",2005,73.075,5432.4854184654,18.5,94.3707013803128,26785804.0,18.1
VEN,"Venezuela, RB",2004,72.752,4269.08970872392,19.2,,26340838.0,22.8
VEN,"Venezuela, RB",2003,72.056,3229.50557082079,19.8,,25892703.0,27.1
VEN,"Venezuela, RB",2002,72.823,3652.09896501865,20.3,,25435671.0,22.1
VEN,"Venezuela, RB",2001,71.019,4920.39313600453,20.9,92.9800033569336,24979922.0,14.7
VEN,"Venezuela, RB",2000,72.388,4776.2816763938,21.5,,24526708.0,
VNM,Viet Nam,2023,74.588,4322.82572261566,17.8,,100352192.0,
VNM,Viet Nam,2022,74.502,4147.69777213621,18.4,96.129997253418,99680655.0,1.6
VNM,Viet Nam,2021,74.145,3704.1935590038,18.9,,98935098.0,
VNM,Viet Nam,2020,75.383,3534.03953482647,19.5,,98079191.0,1.3
VNM,Viet Nam,2019,74.211,3440.90025375434,20.0,95.75,97173776.0,
VNM,Viet Nam,2018,74.1,3222.31003125366,20.5,,96237319.0,2.2
VNM,Viet Nam,2017,74.026,2956.10992127753,20.9,,95176977.0,
VNM,Viet Nam,2016,73.984,2735.0604380416,21.3,,94000117.0,2.5
VNM,Viet Nam,2015,73.955,2577.56885340113,21.6,,92823254.0,
VNM,Viet Nam,2014,73.886,2546.38464459903,22.0,,91679578.0,3.4
VNM,Viet Nam,2013,73.821,2359.51736472828,22.3,,90573104.0,
VNM,Viet Nam,2012,73.762,2185.11767654291,22.5,,89510356.0,3.7
VNM,Viet Nam,2011,73.713,1950.92504174913,22.8,,88468314.0,
VNM,Viet Nam,2010,73.611,1683.16182443979,23.1,,87455152.0,5.2
VNM,Viet Nam,2009,73.525,1226.16976051536,23.4,93.5199966430664,86460018.0,
VNM,Viet Nam,2008,73.455,1163.83195772873,23.8,,85175788.0,17.6
VNM,Viet Nam,2007,73.385,925.640338348717,24.3,,83633375.0,
VNM,Viet Nam,2006,73.293,807.756645117054,24.8,,82167897.0,23.7
VNM,Viet Nam,2005,73.198,710.746759994861,25.4,,81088313.0,
VNM,Viet Nam,2004,73.062,565.452284586212,26.1,,80338971.0,30.9
VNM,Viet Nam,2003,73.236,497.117089249256,26.9,,79563777.0,
VNM,Viet Nam,2002,73.138,445.132861817313,27.9,,78772224.0,43.3
VNM,Viet Nam,2001,72.984,419.205677580901,29.0,,77969361.0,
VNM,Viet Nam,2000,72.746,404.029784055118,30.3,90.1600036621094,77154011.0,
VIR,Virgin Islands (U.S.),2023,80.519512195122,,,,104917.0,
VIR,Virgin Islands (U.S.),2022,80.319512195122,44320.909185774,,,105413.0,
VIR,Virgin Islands (U.S.),2021,80.0682926829268,42571.0777368471,,,105870.0,
VIR,Virgin Islands (U.S.),2020,79.819512195122,39787.3741650202,,,106290.0,
VIR,Virgin Islands (U.S.),2019,79.6682926829268,38633.5298915336,,,106669.0,
VIR,Virgin Islands (U.S.),2018,79.5195121951219,36663.2087550584,,,107001.0,
VIR,Virgin Islands (U.S.),2017,79.3682926829268,35365.0693039774,,,107281.0,
VIR,Virgin Islands (U.S.),2016,79.1682926829268,35324.9748874586,,,107516.0,
VIR,Virgin Islands (U.S.),2015,79.0170731707317,34007.3529411765,,,107712.0,
VIR,Virgin Islands (U.S.),2014,78.8682926829268,33045.3643795999,,,107882.0,
VIR,Virgin Islands (U.S.),2013,78.7170731707317,34597.9766940328,,,108041.0,
VIR,Virgin Islands (U.S.),2012,78.5170731707317,37795.3192590675,,,108188.0,
VIR,Virgin Islands (U.S.),2011,78.3170731707317,38997.1373164651,,,108290.0,
VIR,Virgin Islands (U.S.),2010,77.8658536585366,39905.1284180994,,,108357.0,
VIR,Virgin Islands (U.S.),2009,77.5146341463415,38753.1825393897,,,108404.0,
VIR,Virgin Islands (U.S.),2008,77.1634146341463,39152.3750657306,,,108397.0,
VIR,Virgin Islands (U.S.),2007,76.8634146341463,44158.5054044325,,,108337.0,
VIR,Virgin Islands (U.S.),2006,78.3243902439024,41377.1466009652,,,108369.0,
VIR,Virgin Islands (U.S.),2005,77.4219512195122,40828.7460927775,,,108453.0,
VIR,Virgin Islands (U.S.),2004,77.7731707317073,35006.3614404514,,,108466.0,
VIR,Virgin Islands (U.S.),2003,77.5219512195122,31731.2566241187,,,108505.0,
VIR,Virgin Islands (U.S.),2002,77.5219512195122,30062.0225050457,,,108509.0,
VIR,Virgin Islands (U.S.),2001,77.6219512195122,,,,108549.0,
VIR,Virgin Islands (U.S.),2000,76.619512195122,,,,108642.0,
PSE,West Bank and Gaza,2023,65.17,3607.41611858821,41.9,,5165775.0,2.1
PSE,West Bank and Gaza,2022,76.662,3799.95527015163,14.1,97.8399963378906,5043612.0,
PSE,West Bank and Gaza,2021,73.89,3678.63565662194,14.6,97.6840000894857,4922749.0,
PSE,West Bank and Gaza,2020,74.998,3233.56863835858,15.2,97.5100021362305,4803269.0,
PSE,West Bank and Gaza,2019,75.811,3656.85827137011,15.7,97.379997253418,4685306.0,
PSE,West Bank and Gaza,2018,75.38,3562.33094270256,16.3,97.2200012207031,4569087.0,
PSE,West Bank and Gaza,2017,75.216,3620.36048715937,16.9,96.9199981689453,4454805.0,
PSE,West Bank and Gaza,2016,74.917,3527.61382413178,17.5,96.7200012207031,4367088.0,1.4
PSE,West Bank and Gaza,2015,74.577,3272.15432360708,18.2,96.4800033569336,4270092.0,
PSE,West Bank and Gaza,2014,72.781,3352.11259506043,21.9,96.2099990844727,4173398.0,
PSE,West Bank and Gaza,2013,74.14,3315.29753909282,19.6,96.0500030517578,4076708.0,
PSE,West Bank and Gaza,2012,73.722,3067.43872735614,20.3,95.6699981689453,3979998.0,
PSE,West Bank and Gaza,2011,73.557,2880.79843707909,21.1,95.0299987792969,3882986.0,0.4
PSE,West Bank and Gaza,2010,73.302,2557.07562356699,21.9,94.7200012207031,3786161.0,0.6
PSE,West Bank and Gaza,2009,72.306,2191.78178736868,22.7,94.4300003051758,3689099.0,0.6
PSE,West Bank and Gaza,2008,72.204,2035.20234121766,23.5,94.0100021362305,3591977.0,
PSE,West Bank and Gaza,2007,72.064,1664.24571669276,24.3,93.7600021362305,3494496.0,2.9
PSE,West Bank and Gaza,2006,71.831,1570.10439962728,25.1,93.4499969482422,3406334.0,0.5
PSE,West Bank and Gaza,2005,72.004,1543.70141392774,26.0,,3320396.0,1.3
PSE,West Bank and Gaza,2004,71.094,1422.19088643544,26.8,92.4800033569336,3236626.0,1.8
PSE,West Bank and Gaza,2003,70.967,1257.69857009689,27.7,,3154969.0,
PSE,West Bank and Gaza,2002,70.88,1156.21747345769,28.5,,3075373.0,
PSE,West Bank and Gaza,2001,69.75,1335.55319529359,29.4,,2997784.0,
PSE,West Bank and Gaza,2000,70.298,1476.17185000238,30.3,,2922153.0,
YEM,"Yemen, Rep.",2023,69.295,,39.5,,39390799.0,
YEM,"Yemen, Rep.",2022,67.952,,41.1,,38222876.0,
YEM,"Yemen, Rep.",2021,66.019,,42.6,,37140230.0,
YEM,"Yemen, Rep.",2020,66.435,,43.4,,36134863.0,
YEM,"Yemen, Rep.",2019,66.567,,46.1,,35111408.0,
YEM,"Yemen, Rep.",2018,65.915,633.887202451545,47.3,,34085182.0,
YEM,"Yemen, Rep.",2017,67.12,811.165970405745,47.5,,33090921.0,
YEM,"Yemen, Rep.",2016,67.105,975.359417003225,47.9,,32109010.0,
YEM,"Yemen, Rep.",2015,66.761,1362.1738120601,49.3,,31159379.0,
YEM,"Yemen, Rep.",2014,68.003,1430.16420964026,48.7,,30226309.0,33.3
YEM,"Yemen, Rep.",2013,67.961,1378.75002954928,49.6,,29312952.0,
YEM,"Yemen, Rep.",2012,67.569,1245.05068272078,51.6,,28433647.0,
YEM,"Yemen, Rep.",2011,67.412,1186.47500581215,53.1,,27582897.0,
YEM,"Yemen, Rep.",2010,67.223,1155.20305261418,55.0,,26754387.0,
YEM,"Yemen, Rep.",2009,66.905,969.243509864478,57.5,,25927724.0,
YEM,"Yemen, Rep.",2008,66.609,1071.63583282105,60.2,,25111941.0,
YEM,"Yemen, Rep.",2007,66.23,890.305768114988,63.4,,24318082.0,
YEM,"Yemen, Rep.",2006,65.8,809.713127624703,66.9,,23543083.0,
YEM,"Yemen, Rep.",2005,65.356,734.159908450927,70.6,,22790085.0,22.5
YEM,"Yemen, Rep.",2004,64.881,627.632023395762,74.7,,22095167.0,
YEM,"Yemen, Rep.",2003,64.407,548.905883049973,79.0,,21456379.0,
YEM,"Yemen, Rep.",2002,63.807,513.241486570603,83.5,,20835086.0,
YEM,"Yemen, Rep.",2001,63.286,487.141257946318,88.2,,20226147.0,
YEM,"Yemen, Rep.",2000,62.761,493.235182634814,92.9,,19624141.0,
ZMB,Zambia,2023,66.349,1330.72780576709,49.1,,20723965.0,
ZMB,Zambia,2022,65.279,1447.12310138035,49.5,79.9841479741156,20152938.0,71.7
ZMB,Zambia,2021,62.363,1127.16077872857,50.4,79.9494621864846,19603607.0,
ZMB,Zambia,2020,63.361,951.644316655957,52.5,81.7530087399265,19059395.0,
ZMB,Zambia,2019,62.914,1258.98619844462,53.5,,18513839.0,
ZMB,Zambia,2018,62.138,1463.89997855593,54.7,71.129997253418,17973569.0,
ZMB,Zambia,2017,61.564,1483.46577328065,55.2,,17441320.0,
ZMB,Zambia,2016,61.129,1239.08527877713,57.1,,16914423.0,
ZMB,Zambia,2015,60.728,1295.87788680068,60.2,,16399089.0,67.9
ZMB,Zambia,2014,60.109,1707.48573136694,62.6,,15895315.0,
ZMB,Zambia,2013,59.445,1820.71854827391,66.0,,15398997.0,
ZMB,Zambia,2012,58.704,1710.05061343728,69.2,,14913629.0,
ZMB,Zambia,2011,57.843,1624.86817763443,71.8,,14437796.0,
ZMB,Zambia,2010,56.896,1451.10616017155,74.3,83.1399993896484,13965594.0,71.4
ZMB,Zambia,2009,55.886,1136.24168316848,78.4,,13490389.0,
ZMB,Zambia,2008,54.835,1375.50211006997,84.2,,13021324.0,
ZMB,Zambia,2007,53.73,1118.73162626953,89.1,,12565085.0,
ZMB,Zambia,2006,52.693,1051.71714895686,94.8,,12129553.0,72.0
ZMB,Zambia,2005,51.615,710.982068171696,102.7,,11718819.0,
ZMB,Zambia,2004,50.54,548.685974566277,111.7,,11338198.0,68.9
ZMB,Zambia,2003,49.616,446.290104839041,122.1,,10983595.0,
ZMB,Zambia,2002,48.461,393.864625518616,132.9,69.1500015258789,10647949.0,68.0
ZMB,Zambia,2001,47.408,396.548952993504,143.2,,10325185.0,
ZMB,Zambia,2000,46.577,359.429500988221,151.8,,10017631.0,
ZWE,Zimbabwe,2023,62.775,2195.22502010174,64.2,,16340822.0,
ZWE,Zimbabwe,2022,62.36,2536.40197087505,64.0,,16069056.0,
ZWE,Zimbabwe,2021,60.135,2613.6167414057,62.4,,15797210.0,
ZWE,Zimbabwe,2020,61.53,2059.63704025274,61.7,,15526888.0,
ZWE,Zimbabwe,2019,61.06,2184.52155388801,58.6,93.2300033569336,15271368.0,49.2
ZWE,Zimbabwe,2018,60.906,2270.89531874302,56.3,,15034452.0,
ZWE,Zimbabwe,2017,60.263,3445.44941020134,56.7,,14812482.0,44.7
ZWE,Zimbabwe,2016,59.76,1408.13945253431,57.5,,14600294.0,
ZWE,Zimbabwe,2015,58.989,1387.12632595026,59.2,,14399013.0,
ZWE,Zimbabwe,2014,58.106,1372.91526173161,59.8,,14207359.0,
ZWE,Zimbabwe,2013,56.842,1362.99498323368,62.6,,14013808.0,
ZWE,Zimbabwe,2012,55.386,1239.22709745709,68.0,,13817887.0,
ZWE,Zimbabwe,2011,53.911,1037.77565157218,77.2,,13595424.0,35.7
ZWE,Zimbabwe,2010,51.925,902.010759067388,85.2,,13356548.0,
ZWE,Zimbabwe,2009,49.75,735.821693871697,89.8,,13142790.0,
ZWE,Zimbabwe,2008,48.456,340.917447588572,91.1,,12959149.0,
ZWE,Zimbabwe,2007,47.576,413.521244592925,90.6,,12804058.0,
ZWE,Zimbabwe,2006,47.056,431.034994414964,87.6,,12636445.0,
ZWE,Zimbabwe,2005,46.57,461.271387547912,91.6,,12483432.0,
ZWE,Zimbabwe,2004,46.043,469.719298949304,91.2,,12365896.0,
ZWE,Zimbabwe,2003,45.373,468.471932927213,91.9,,12232323.0,
ZWE,Zimbabwe,2002,45.938,524.936478570323,93.8,,12087653.0,
ZWE,Zimbabwe,2001,44.525,566.388746448872,96.3,,11971901.0,
ZWE,Zimbabwe,2000,46.034,562.833757496076,99.4,,11892055.0,
